2.0 2553.0
2922.0 4180.0
4.0 793.0
1535.0 1819.0
2766.0 140.0
2913.0 4360.0
1060.0 1217.0
724.0 1082.0
128.0 3043.0
3733.0 3870.0
4121.0 3866.0
3969.0 3552.0
2359.0 167.0
3253.0 4285.0
362.0 357.0
3269.0 4409.0
4008.0 3171.0
3958.0 3579.0
2371.0 1947.0
1684.0 1160.0
916.0 2600.0
2910.0 4327.0
1656.0 2230.0
8.0 768.0
3184.0 3547.0
2916.0 3467.0
2806.0 334.0
2476.0 1740.0
1034.0 1280.0
2912.0 3762.0
1.0 234.0
70.0 1762.0
724.0 974.0
327.0 1158.0
52.0 810.0
1000.0 1552.0
36.0 1131.0
3458.0 4317.0
37.0 1850.0
86.0 1626.0
2004.0 3852.0
3028.0 4324.0
3016.0 3251.0
2497.0 4279.0
4034.0 4104.0
3827.0 3854.0
1404.0 589.0
583.0 1120.0
4253.0 4371.0
2009.0 3558.0
4497.0 3685.0
2102.0 1534.0
750.0 1871.0
3510.0 4592.0
3137.0 4230.0
3184.0 4162.0
39.0 2453.0
48.0 961.0
586.0 2851.0
4034.0 3057.0
6.0 61.0
50.0 1416.0
1143.0 261.0
928.0 1913.0
724.0 2263.0
113.0 2375.0
33.0 280.0
414.0 2452.0
583.0 4359.0
47.0 852.0
1.0 1788.0
70.0 198.0
48.0 1720.0
1982.0 278.0
156.0 350.0
113.0 2869.0
2887.0 2370.0
2924.0 3304.0
2630.0 2714.0
2497.0 4436.0
3147.0 4252.0
1861.0 662.0
3924.0 4438.0
3827.0 3602.0
223.0 525.0
3028.0 3663.0
2921.0 4354.0
629.0 2641.0
2911.0 4655.0
629.0 1329.0
1.0 1006.0
228.0 2217.0
2949.0 4681.0
1150.0 1738.0
44.0 1313.0
1704.0 4247.0
622.0 1061.0
332.0 1371.0
2923.0 4629.0
3827.0 3229.0
54.0 2446.0
2657.0 1391.0
1582.0 694.0
2913.0 3303.0
3464.0 4229.0
8.0 84.0
37.0 2622.0
2527.0 4665.0
2923.0 3582.0
3.0 414.0
352.0 153.0
4.0 1133.0
16.0 2419.0
1246.0 1153.0
1656.0 908.0
464.0 2695.0
45.0 2891.0
1042.0 191.0
1194.0 734.0
189.0 275.0
359.0 1855.0
3925.0 3886.0
1174.0 2333.0
2907.0 3494.0
4366.0 4266.0
3482.0 3316.0
359.0 314.0
3147.0 4000.0
1035.0 1729.0
51.0 984.0
2009.0 3283.0
947.0 304.0
36.0 38.0
2936.0 3902.0
144.0 654.0
332.0 1757.0
13.0 320.0
884.0 284.0
669.0 2345.0
3943.0 3381.0
445.0 322.0
35.0 1241.0
1420.0 1841.0
1386.0 1699.0
113.0 2329.0
4467.0 3652.0
1928.0 1753.0
3149.0 4051.0
911.0 2080.0
1661.0 326.0
389.0 1775.0
230.0 2505.0
1659.0 2531.0
47.0 1480.0
356.0 1561.0
3720.0 3345.0
1119.0 717.0
4084.0 3133.0
2979.0 4204.0
2085.0 2639.0
1326.0 2587.0
3973.0 4348.0
3796.0 4652.0
3167.0 3281.0
3668.0 4466.0
3.0 1559.0
1359.0 2355.0
1581.0 1385.0
3796.0 4243.0
3.0 1150.0
173.0 658.0
457.0 188.0
22.0 1163.0
48.0 2384.0
4034.0 3397.0
636.0 2554.0
148.0 2471.0
4296.0 2988.0
286.0 2292.0
1661.0 2433.0
2665.0 675.0
2887.0 1542.0
48.0 2649.0
460.0 199.0
2907.0 4675.0
44.0 1941.0
4268.0 3600.0
629.0 2631.0
2923.0 3042.0
2483.0 1458.0
2941.0 3090.0
618.0 1984.0
1674.0 1585.0
1041.0 4265.0
3.0 1451.0
24.0 1245.0
2962.0 3378.0
3827.0 4351.0
3.0 1042.0
6.0 1605.0
173.0 550.0
48.0 1193.0
3344.0 3071.0
3219.0 3714.0
1933.0 124.0
3027.0 4447.0
70.0 1477.0
629.0 2078.0
741.0 333.0
36.0 401.0
4034.0 3783.0
1143.0 2299.0
2657.0 563.0
70.0 1068.0
19.0 1660.0
1739.0 1570.0
3147.0 4628.0
3198.0 4185.0
4236.0 4146.0
3072.0 4454.0
2910.0 3489.0
1404.0 2748.0
3269.0 2933.0
2659.0 2595.0
3041.0 3563.0
22.0 1176.0
332.0 3059.0
2941.0 4513.0
2497.0 4488.0
750.0 2489.0
2907.0 3340.0
2940.0 4191.0
178.0 2592.0
2927.0 3843.0
2910.0 4248.0
2909.0 4432.0
681.0 180.0
837.0 836.0
86.0 1691.0
9.0 950.0
3796.0 3474.0
1582.0 1335.0
635.0 329.0
52.0 911.0
1763.0 1001.0
362.0 579.0
344.0 2480.0
513.0 74.0
863.0 2142.0
4236.0 4532.0
1154.0 1302.0
461.0 292.0
1319.0 2538.0
2460.0 377.0
453.0 437.0
1.0 2900.0
2630.0 2020.0
916.0 1101.0
20.0 1867.0
49.0 204.0
4509.0 3760.0
4268.0 4637.0
4658.0 4377.0
1.0 4477.0
443.0 280.0
1472.0 1059.0
483.0 316.0
489.0 396.0
149.0 1194.0
2658.0 4333.0
2199.0 2736.0
4664.0 4048.0
618.0 2841.0
3042.0 3541.0
3287.0 3983.0
18.0 1793.0
2786.0 1486.0
3439.0 3177.0
3027.0 4581.0
1039.0 390.0
0.0 1107.0
362.0 965.0
1.0 1889.0
724.0 1955.0
595.0 1316.0
1353.0 1260.0
108.0 3938.0
220.0 2193.0
832.0 1637.0
2688.0 1853.0
1188.0 1272.0
6.0 2727.0
332.0 942.0
1060.0 1501.0
629.0 262.0
1949.0 1779.0
3147.0 3270.0
3041.0 3023.0
2963.0 3598.0
477.0 1854.0
881.0 483.0
2037.0 2386.0
3548.0 3205.0
2546.0 4478.0
4028.0 4596.0
669.0 2024.0
194.0 3717.0
2911.0 3853.0
86.0 657.0
1326.0 2819.0
194.0 4620.0
2140.0 592.0
2923.0 3153.0
3249.0 3174.0
3022.0 4178.0
2917.0 4421.0
53.0 2286.0
58.0 2401.0
3448.0 4057.0
286.0 2753.0
3548.0 3735.0
144.0 1766.0
645.0 211.0
22.0 986.0
3041.0 3144.0
43.0 2766.0
3016.0 3874.0
2921.0 4131.0
33.0 1935.0
2963.0 4393.0
146.0 909.0
1150.0 383.0
891.0 1026.0
2154.0 1780.0
1356.0 2703.0
5.0 1836.0
2497.0 3840.0
2921.0 3493.0
3215.0 4614.0
3833.0 4398.0
2665.0 1172.0
2967.0 3051.0
2910.0 4503.0
2476.0 2096.0
2930.0 4481.0
1119.0 252.0
144.0 2296.0
148.0 838.0
3147.0 3921.0
2910.0 4094.0
54.0 44.0
990.0 632.0
1711.0 163.0
48.0 1016.0
50.0 2783.0
3283.0 3967.0
2908.0 3904.0
466.0 2432.0
3925.0 4108.0
82.0 2177.0
864.0 1575.0
1092.0 1582.0
173.0 1541.0
711.0 3431.0
8.0 2148.0
842.0 1965.0
9.0 2867.0
2737.0 2072.0
332.0 3291.0
1821.0 4437.0
934.0 2542.0
3943.0 2929.0
2966.0 3621.0
113.0 1383.0
3.0 1889.0
1035.0 904.0
1562.0 2556.0
627.0 1604.0
19.0 1110.0
70.0 1421.0
3482.0 4297.0
1933.0 742.0
1039.0 2860.0
2959.0 2944.0
3306.0 4071.0
1472.0 267.0
2996.0 4174.0
2960.0 3434.0
2967.0 3473.0
636.0 669.0
4001.0 3321.0
19.0 1375.0
8.0 54.0
711.0 3323.0
227.0 1898.0
393.0 2196.0
3233.0 3857.0
3215.0 3580.0
1544.0 1311.0
4503.0 3567.0
561.0 611.0
35.0 2896.0
73.0 2105.0
178.0 4522.0
50.0 2387.0
884.0 892.0
3344.0 3401.0
1861.0 1103.0
2985.0 3877.0
3678.0 3426.0
21.0 2180.0
173.0 2457.0
669.0 1232.0
2.0 2575.0
1034.0 1590.0
2.0 360.0
602.0 96.0
194.0 3828.0
2907.0 2911.0
768.0 1211.0
646.0 2268.0
2704.0 1499.0
2460.0 2716.0
8.0 2246.0
4268.0 4316.0
1154.0 2823.0
4332.0 3168.0
2960.0 4579.0
2673.0 4257.0
313.0 1835.0
1518.0 4268.0
2.0 890.0
1586.0 2862.0
2659.0 1878.0
2921.0 4013.0
466.0 1519.0
77.0 2381.0
1056.0 158.0
332.0 3245.0
31.0 1856.0
2673.0 2981.0
47.0 223.0
3813.0 3893.0
2949.0 4605.0
3665.0 2975.0
1444.0 648.0
4236.0 3730.0
231.0 1392.0
293.0 3024.0
4262.0 3350.0
28.0 2461.0
627.0 17.0
3323.0 4523.0
1867.0 4314.0
947.0 2093.0
1188.0 987.0
2475.0 3230.0
3510.0 3711.0
692.0 2626.0
1544.0 2577.0
1154.0 2571.0
71.0 738.0
1504.0 1229.0
66.0 1526.0
1009.0 1924.0
77.0 781.0
3137.0 3614.0
47.0 2824.0
1444.0 1443.0
443.0 2681.0
1366.0 886.0
783.0 1697.0
19.0 547.0
969.0 1070.0
1.0 233.0
2908.0 3907.0
1675.0 1641.0
61.0 809.0
36.0 636.0
3260.0 3312.0
4034.0 2935.0
2910.0 4362.0
2102.0 545.0
4387.0 3202.0
1982.0 300.0
1416.0 1646.0
1626.0 436.0
3233.0 3932.0
3925.0 3931.0
2916.0 3093.0
61.0 2206.0
3072.0 3606.0
3.0 724.0
3123.0 3163.0
2038.0 1549.0
1777.0 2411.0
206.0 229.0
14.0 1865.0
48.0 1778.0
66.0 1009.0
2910.0 4218.0
356.0 2797.0
3901.0 2527.0
3548.0 3980.0
4511.0 3353.0
3123.0 3428.0
3962.0 4114.0
617.0 623.0
1418.0 1017.0
4034.0 4368.0
6.0 1372.0
3827.0 3660.0
2727.0 2790.0
113.0 977.0
18.0 968.0
313.0 248.0
414.0 1054.0
1416.0 1767.0
206.0 2071.0
4262.0 3966.0
3022.0 3392.0
3006.0 4685.0
3024.0 3687.0
19.0 1427.0
2910.0 3665.0
228.0 1192.0
4262.0 4231.0
2917.0 4607.0
2979.0 3270.0
0.0 1859.0
1039.0 733.0
2941.0 4326.0
2.0 62.0
6.0 2805.0
356.0 294.0
189.0 1874.0
1535.0 1314.0
1041.0 3960.0
2949.0 3512.0
3925.0 4173.0
3796.0 4059.0
947.0 1409.0
3827.0 4275.0
44.0 2804.0
159.0 805.0
4183.0 3156.0
4121.0 4264.0
513.0 659.0
3147.0 4287.0
1210.0 736.0
1064.0 2488.0
2193.0 3013.0
3533.0 3276.0
2659.0 268.0
108.0 4631.0
3106.0 2943.0
4644.0 4390.0
8.0 937.0
44.0 1348.0
13.0 2184.0
3501.0 4375.0
3956.0 3378.0
101.0 1473.0
2960.0 4582.0
3973.0 3696.0
332.0 997.0
1353.0 2892.0
822.0 2847.0
1326.0 394.0
443.0 2033.0
14.0 2673.0
13.0 2040.0
37.0 2248.0
52.0 1882.0
3344.0 4284.0
3184.0 4066.0
362.0 238.0
332.0 3068.0
4121.0 4241.0
4122.0 4206.0
60.0 165.0
2.0 569.0
53.0 2112.0
301.0 902.0
206.0 893.0
18.0 3811.0
36.0 73.0
2996.0 3722.0
2859.0 1093.0
4467.0 4505.0
5.0 2300.0
61.0 740.0
3974.0 3669.0
4268.0 3887.0
2657.0 2715.0
2909.0 4477.0
2945.0 3002.0
3131.0 4032.0
61.0 102.0
66.0 446.0
1143.0 1827.0
4411.0 3032.0
645.0 1879.0
3198.0 4616.0
70.0 2402.0
2195.0 1723.0
221.0 914.0
332.0 336.0
8.0 1673.0
3387.0 3091.0
3454.0 3410.0
4644.0 4668.0
1354.0 2684.0
77.0 2181.0
313.0 1900.0
1.0 236.0
35.0 1132.0
2085.0 688.0
70.0 861.0
3024.0 3942.0
4571.0 4189.0
3813.0 3199.0
3408.0 4462.0
3536.0 4611.0
4034.0 4070.0
954.0 1667.0
3241.0 3122.0
48.0 433.0
2766.0 2334.0
6.0 1748.0
173.0 693.0
3147.0 3603.0
5.0 2686.0
953.0 1442.0
173.0 1596.0
669.0 1683.0
3147.0 3834.0
3479.0 3933.0
344.0 840.0
669.0 371.0
85.0 171.0
2916.0 4493.0
1661.0 253.0
54.0 1532.0
1.0 2572.0
3477.0 3481.0
1504.0 1438.0
194.0 3641.0
636.0 1771.0
3215.0 4417.0
1811.0 1180.0
22.0 1957.0
66.0 194.0
3028.0 4182.0
375.0 46.0
2910.0 4306.0
4046.0 3033.0
3072.0 3056.0
156.0 2302.0
245.0 2151.0
137.0 2060.0
113.0 391.0
194.0 1282.0
4265.0 3565.0
3260.0 3521.0
44.0 291.0
4268.0 3082.0
3665.0 2932.0
3140.0 3047.0
3665.0 3161.0
4675.0 4223.0
1704.0 3045.0
953.0 1599.0
874.0 2438.0
724.0 2530.0
73.0 2569.0
3414.0 3844.0
3813.0 4300.0
1838.0 3390.0
1418.0 1635.0
643.0 1379.0
414.0 2310.0
39.0 2167.0
1326.0 1143.0
355.0 1995.0
4084.0 3266.0
5.0 713.0
3827.0 3195.0
3813.0 3297.0
4387.0 3712.0
1847.0 994.0
332.0 2914.0
19.0 239.0
1776.0 4497.0
190.0 1698.0
178.0 412.0
3328.0 3139.0
1210.0 2545.0
426.0 2320.0
270.0 495.0
664.0 3015.0
3191.0 3399.0
33.0 668.0
2591.0 2580.0
2234.0 2837.0
38.0 783.0
3153.0 3781.0
793.0 127.0
3925.0 3623.0
35.0 857.0
3267.0 4440.0
1228.0 2190.0
223.0 1731.0
4675.0 4380.0
2959.0 3012.0
3143.0 3587.0
1.0 2670.0
91.0 1023.0
33.0 2510.0
25.0 520.0
4001.0 4292.0
2038.0 603.0
1971.0 2499.0
2195.0 895.0
10.0 1214.0
3450.0 3631.0
22.0 1417.0
70.0 936.0
3041.0 4249.0
376.0 225.0
2657.0 202.0
649.0 2598.0
2907.0 3123.0
911.0 240.0
832.0 1142.0
928.0 701.0
289.0 2026.0
1039.0 834.0
1537.0 1834.0
2921.0 4598.0
1.0 576.0
4560.0 4291.0
4.0 618.0
1674.0 1839.0
36.0 2111.0
327.0 368.0
4589.0 4583.0
3665.0 4198.0
3924.0 4309.0
1828.0 356.0
178.0 1148.0
779.0 2420.0
37.0 2866.0
13.0 443.0
36.0 835.0
48.0 135.0
12.0 1381.0
1777.0 3657.0
4467.0 4593.0
4323.0 4054.0
1354.0 2013.0
49.0 1528.0
327.0 1127.0
2908.0 4600.0
2339.0 1331.0
3027.0 3654.0
99.0 2697.0
3040.0 4676.0
8.0 1267.0
2523.0 328.0
2927.0 3158.0
4166.0 3289.0
627.0 2444.0
2591.0 728.0
86.0 2089.0
1633.0 2602.0
3028.0 3655.0
82.0 2235.0
2.0 2126.0
750.0 1611.0
779.0 2312.0
681.0 2155.0
48.0 256.0
4517.0 4535.0
17.0 1846.0
3191.0 4027.0
4560.0 2956.0
437.0 3106.0
52.0 2212.0
741.0 1382.0
4323.0 3766.0
2569.0 825.0
2911.0 4238.0
2958.0 4084.0
2907.0 3630.0
2178.0 940.0
46.0 1909.0
3899.0 3704.0
48.0 1424.0
1420.0 773.0
12.0 1358.0
2923.0 3574.0
2659.0 2561.0
4329.0 3553.0
2483.0 1581.0
681.0 2047.0
3290.0 4270.0
2483.0 2255.0
864.0 1345.0
37.0 484.0
2910.0 3491.0
1404.0 2750.0
3766.0 3741.0
3093.0 2938.0
2951.0 4166.0
101.0 1551.0
2591.0 476.0
656.0 1810.0
222.0 1203.0
4034.0 4544.0
1472.0 1084.0
3042.0 4433.0
4050.0 3765.0
4571.0 2942.0
7.0 2038.0
1783.0 2374.0
3501.0 3406.0
313.0 1098.0
88.0 2786.0
19.0 1783.0
2924.0 4068.0
1465.0 2213.0
7.0 88.0
723.0 444.0
3072.0 4577.0
741.0 1624.0
4121.0 3007.0
1957.0 1363.0
47.0 2784.0
5.0 2113.0
1035.0 530.0
48.0 2749.0
1544.0 407.0
46.0 839.0
2112.0 599.0
441.0 2680.0
2907.0 4366.0
359.0 512.0
3260.0 4633.0
2665.0 811.0
2912.0 4215.0
3724.0 4130.0
2976.0 3915.0
4373.0 3227.0
73.0 2778.0
1129.0 164.0
152.0 856.0
47.0 1557.0
830.0 691.0
4098.0 3782.0
53.0 1408.0
2941.0 3046.0
156.0 2812.0
3510.0 2974.0
4636.0 3314.0
3191.0 4426.0
2292.0 4214.0
2090.0 207.0
1035.0 1325.0
917.0 924.0
19.0 1760.0
309.0 2502.0
3368.0 3384.0
490.0 2019.0
2917.0 3219.0
1041.0 3848.0
1092.0 812.0
1346.0 3172.0
91.0 2050.0
55.0 2356.0
870.0 848.0
3827.0 3031.0
2266.0 405.0
4236.0 2970.0
178.0 477.0
3167.0 4153.0
1006.0 745.0
105.0 1167.0
293.0 952.0
2909.0 4303.0
3303.0 3705.0
4654.0 3074.0
1075.0 170.0
1035.0 2120.0
48.0 1270.0
66.0 2487.0
86.0 1562.0
194.0 4622.0
4236.0 3235.0
1.0 2012.0
4121.0 3105.0
3612.0 3228.0
2963.0 4539.0
2594.0 2341.0
3925.0 4133.0
3215.0 3100.0
622.0 755.0
2962.0 4165.0
362.0 2256.0
2971.0 3725.0
2923.0 4588.0
3925.0 3086.0
3368.0 4035.0
359.0 2187.0
47.0 523.0
1381.0 2878.0
1060.0 2792.0
3520.0 3940.0
144.0 721.0
370.0 130.0
724.0 213.0
1035.0 929.0
255.0 1083.0
513.0 1607.0
86.0 2586.0
8.0 946.0
3827.0 3682.0
1499.0 3773.0
627.0 317.0
4268.0 4328.0
2591.0 587.0
298.0 1273.0
11.0 951.0
729.0 1905.0
4268.0 3690.0
101.0 2336.0
173.0 1687.0
475.0 448.0
25.0 2692.0
4571.0 4365.0
2949.0 4087.0
70.0 2843.0
375.0 1413.0
1192.0 503.0
3028.0 4237.0
101.0 1927.0
19.0 1220.0
1366.0 2462.0
370.0 1972.0
643.0 181.0
85.0 1165.0
2.0 2479.0
3344.0 3799.0
3260.0 4394.0
1326.0 1980.0
1723.0 1945.0
8.0 2379.0
3344.0 4064.0
414.0 1377.0
3827.0 3803.0
28.0 667.0
2102.0 2795.0
2963.0 3469.0
2949.0 3534.0
513.0 1090.0
22.0 327.0
2959.0 3764.0
3469.0 3754.0
19.0 2653.0
2907.0 4477.0
3028.0 4358.0
77.0 299.0
6.0 2045.0
779.0 571.0
911.0 956.0
4509.0 3873.0
739.0 2570.0
2916.0 4296.0
3.0 2156.0
4571.0 4342.0
435.0 2338.0
3162.0 3125.0
3123.0 3054.0
110.0 1873.0
3387.0 3509.0
2911.0 4483.0
2007.0 2090.0
2923.0 3554.0
441.0 23.0
22.0 2434.0
2591.0 2406.0
137.0 960.0
1504.0 2409.0
1564.0 3506.0
505.0 2259.0
432.0 877.0
1821.0 3922.0
4542.0 4171.0
51.0 1185.0
4420.0 4294.0
3548.0 3053.0
71.0 1100.0
513.0 1067.0
2802.0 905.0
2523.0 141.0
3925.0 4208.0
946.0 954.0
3368.0 4025.0
313.0 2210.0
48.0 2693.0
2912.0 2991.0
1704.0 4016.0
1749.0 1049.0
4467.0 2950.0
1259.0 2842.0
4403.0 4506.0
3779.0 3745.0
2923.0 4169.0
3827.0 2998.0
1355.0 2321.0
3779.0 4419.0
2265.0 556.0
19.0 2257.0
629.0 1134.0
25.0 2188.0
2591.0 806.0
47.0 778.0
71.0 318.0
2909.0 3596.0
58.0 1202.0
2927.0 3910.0
3246.0 4184.0
3162.0 3776.0
35.0 1298.0
53.0 1761.0
3024.0 3025.0
2102.0 269.0
2037.0 814.0
313.0 2740.0
2968.0 4176.0
31.0 510.0
4644.0 3113.0
3269.0 4024.0
144.0 2373.0
3219.0 4203.0
70.0 2195.0
1704.0 3908.0
77.0 1071.0
629.0 2567.0
3813.0 3221.0
4323.0 4109.0
2949.0 3524.0
3253.0 4201.0
2921.0 3462.0
636.0 1937.0
189.0 1248.0
839.0 3694.0
4600.0 3191.0
8.0 2225.0
18.0 1366.0
2967.0 3020.0
36.0 2732.0
3827.0 3649.0
426.0 1426.0
313.0 2223.0
44.0 2178.0
3147.0 3890.0
3510.0 3713.0
36.0 337.0
286.0 1940.0
657.0 2899.0
520.0 566.0
2676.0 4570.0
1867.0 4172.0
389.0 232.0
1909.0 1774.0
2497.0 3256.0
4121.0 4132.0
3698.0 3275.0
2913.0 3085.0
1.0 2859.0
313.0 2308.0
1041.0 795.0
4325.0 3373.0
13.0 2870.0
1661.0 131.0
313.0 996.0
4.0 1818.0
3813.0 4281.0
33.0 2519.0
85.0 1397.0
1559.0 2743.0
724.0 975.0
669.0 285.0
68.0 2885.0
198.0 2357.0
863.0 1319.0
794.0 1485.0
48.0 1744.0
220.0 3019.0
2911.0 3246.0
2924.0 4411.0
2540.0 2170.0
3285.0 3078.0
4225.0 4045.0
286.0 2735.0
489.0 1523.0
3.0 1858.0
4467.0 3578.0
3622.0 4569.0
3167.0 4254.0
6.0 2192.0
1154.0 973.0
627.0 2476.0
1342.0 2601.0
4.0 1036.0
2657.0 2691.0
2912.0 3884.0
21.0 1354.0
1777.0 2678.0
48.0 2274.0
313.0 2465.0
885.0 1050.0
3184.0 4608.0
629.0 2027.0
2910.0 3173.0
480.0 98.0
1603.0 692.0
1136.0 1306.0
2.0 208.0
22.0 2401.0
3779.0 3232.0
21.0 2293.0
697.0 590.0
1504.0 161.0
636.0 2709.0
1982.0 2674.0
190.0 673.0
53.0 2245.0
0.0 1861.0
3191.0 3457.0
208.0 2793.0
3520.0 3367.0
1404.0 302.0
4183.0 3302.0
4291.0 4147.0
48.0 2395.0
95.0 1195.0
2.0 967.0
437.0 4571.0
20.0 4548.0
85.0 2313.0
144.0 413.0
3028.0 4073.0
25.0 2119.0
3974.0 4476.0
2931.0 4140.0
3147.0 3615.0
1385.0 4117.0
1703.0 2706.0
3794.0 4100.0
4121.0 3183.0
881.0 1960.0
483.0 1047.0
33.0 173.0
3827.0 3868.0
43.0 595.0
1713.0 684.0
4360.0 4139.0
916.0 111.0
91.0 263.0
1380.0 2052.0
3779.0 3748.0
3260.0 3003.0
3663.0 4211.0
1403.0 1547.0
470.0 439.0
1039.0 1350.0
3602.0 4460.0
66.0 206.0
1776.0 331.0
4420.0 3515.0
4268.0 4141.0
4166.0 4273.0
1386.0 411.0
321.0 87.0
490.0 762.0
2195.0 1712.0
741.0 2330.0
1326.0 1034.0
1455.0 2905.0
727.0 217.0
3344.0 3527.0
3242.0 3479.0
2343.0 1467.0
3344.0 4021.0
70.0 2656.0
70.0 2427.0
3215.0 2973.0
3162.0 3635.0
2945.0 3112.0
4571.0 3540.0
3620.0 4599.0
1.0 490.0
1363.0 1595.0
3974.0 3625.0
1039.0 568.0
1949.0 1018.0
2.0 980.0
113.0 1571.0
627.0 889.0
327.0 2726.0
627.0 660.0
33.0 2365.0
113.0 259.0
3974.0 4044.0
1711.0 1146.0
2939.0 3334.0
2941.0 3752.0
70.0 297.0
627.0 251.0
3184.0 4562.0
2911.0 4175.0
144.0 1149.0
2195.0 2507.0
2949.0 4015.0
113.0 524.0
1039.0 2410.0
614.0 726.0
340.0 1469.0
3215.0 4406.0
2941.0 4017.0
2912.0 3236.0
1861.0 532.0
692.0 874.0
737.0 3240.0
2908.0 3611.0
2591.0 1689.0
73.0 1799.0
450.0 2689.0
466.0 2139.0
318.0 2390.0
291.0 1204.0
2924.0 4113.0
3049.0 4639.0
2832.0 2426.0
137.0 2049.0
2167.0 3613.0
2963.0 3812.0
4467.0 3689.0
3267.0 3549.0
573.0 1447.0
144.0 2353.0
2102.0 2729.0
3091.0 4226.0
3123.0 4444.0
2383.0 1287.0
374.0 1732.0
3383.0 4520.0
4236.0 3038.0
2688.0 431.0
2387.0 1257.0
2912.0 3622.0
2985.0 3692.0
339.0 2713.0
3520.0 3707.0
1711.0 76.0
22.0 2777.0
1861.0 2495.0
2910.0 3140.0
2909.0 4456.0
3827.0 3449.0
231.0 2362.0
68.0 349.0
3779.0 4641.0
2908.0 4262.0
223.0 143.0
70.0 804.0
100.0 338.0
994.0 2092.0
1811.0 1182.0
3958.0 4463.0
113.0 2114.0
2887.0 761.0
443.0 1989.0
4467.0 4340.0
4.0 1124.0
514.0 2278.0
1187.0 600.0
3041.0 4382.0
627.0 1926.0
1939.0 2270.0
2343.0 145.0
48.0 821.0
108.0 3841.0
6.0 2136.0
2887.0 388.0
937.0 919.0
21.0 1478.0
48.0 2627.0
36.0 2244.0
135.0 2366.0
52.0 1694.0
1711.0 2448.0
426.0 1792.0
10.0 794.0
362.0 1362.0
1313.0 1584.0
3920.0 4063.0
16.0 4517.0
1418.0 2311.0
990.0 1196.0
2085.0 2100.0
223.0 1432.0
1982.0 2124.0
1811.0 1568.0
842.0 2264.0
3147.0 4521.0
918.0 3651.0
2594.0 2880.0
4600.0 3004.0
3997.0 3645.0
375.0 1337.0
2387.0 1355.0
3147.0 4112.0
4028.0 3861.0
144.0 2307.0
610.0 682.0
2907.0 3642.0
604.0 1654.0
1.0 1504.0
441.0 873.0
61.0 323.0
187.0 1631.0
2483.0 425.0
310.0 2110.0
14.0 3280.0
1416.0 2243.0
3269.0 3320.0
2704.0 15.0
1453.0 1865.0
669.0 471.0
133.0 119.0
467.0 373.0
45.0 2221.0
435.0 1961.0
173.0 1058.0
874.0 4403.0
3946.0 4587.0
31.0 1648.0
7.0 2194.0
911.0 1289.0
86.0 272.0
2963.0 4561.0
58.0 2425.0
3827.0 3583.0
3520.0 3432.0
1416.0 1461.0
844.0 4008.0
61.0 215.0
2591.0 1162.0
1009.0 2089.0
144.0 1790.0
3548.0 3759.0
3184.0 3891.0
759.0 4458.0
3147.0 3860.0
206.0 2030.0
3140.0 4495.0
39.0 2676.0
22.0 1949.0
2476.0 2349.0
3464.0 3127.0
27.0 2064.0
1633.0 1809.0
85.0 1102.0
3226.0 3335.0
3006.0 4006.0
1935.0 2290.0
2802.0 2141.0
375.0 2747.0
891.0 677.0
615.0 1676.0
137.0 969.0
773.0 1216.0
362.0 184.0
3548.0 3880.0
310.0 1943.0
2007.0 1906.0
118.0 1135.0
1661.0 1498.0
3.0 2466.0
2657.0 1722.0
223.0 2469.0
2085.0 1825.0
435.0 1336.0
937.0 500.0
1674.0 2865.0
3123.0 4038.0
3548.0 3507.0
2976.0 3839.0
1372.0 2563.0
194.0 2936.0
1404.0 380.0
43.0 1226.0
2907.0 4679.0
3767.0 3551.0
1472.0 2241.0
86.0 3668.0
60.0 2447.0
2923.0 3720.0
0.0 1121.0
22.0 614.0
3.0 2358.0
1546.0 91.0
505.0 1293.0
3779.0 3561.0
2673.0 3136.0
2887.0 90.0
70.0 807.0
7.0 113.0
780.0 2135.0
4.0 453.0
85.0 2247.0
7.0 2822.0
614.0 2368.0
47.0 2220.0
4098.0 3542.0
2030.0 3709.0
3171.0 4580.0
1266.0 2522.0
915.0 2710.0
874.0 4658.0
2859.0 2773.0
1030.0 2282.0
6.0 1959.0
376.0 1529.0
505.0 1414.0
389.0 565.0
22.0 97.0
47.0 270.0
2912.0 3422.0
667.0 2724.0
1188.0 769.0
724.0 1946.0
7.0 1811.0
3776.0 3118.0
33.0 2852.0
356.0 616.0
6.0 1815.0
483.0 2643.0
50.0 52.0
272.0 1822.0
1467.0 598.0
414.0 1497.0
937.0 369.0
42.0 722.0
48.0 2077.0
2937.0 3451.0
2173.0 2301.0
198.0 295.0
1861.0 2560.0
8.0 729.0
1210.0 2599.0
990.0 2367.0
681.0 1352.0
198.0 560.0
332.0 789.0
2007.0 1896.0
2911.0 3206.0
2963.0 4528.0
3219.0 3322.0
313.0 138.0
230.0 1452.0
1228.0 2918.0
627.0 2171.0
113.0 1770.0
2946.0 3801.0
324.0 2133.0
2985.0 4058.0
2940.0 3498.0
2673.0 3005.0
1408.0 2619.0
4001.0 3214.0
2912.0 4482.0
1783.0 1450.0
2523.0 1223.0
2272.0 2581.0
1187.0 2242.0
1035.0 2868.0
3813.0 3917.0
2913.0 3889.0
1704.0 4195.0
917.0 2238.0
508.0 2219.0
3548.0 3088.0
4121.0 3624.0
1150.0 1277.0
370.0 1431.0
360.0 743.0
70.0 1844.0
4087.0 3482.0
2610.0 1264.0
2657.0 27.0
6.0 1154.0
7.0 741.0
441.0 2165.0
2102.0 2663.0
437.0 4001.0
2292.0 3398.0
394.0 2053.0
911.0 739.0
2802.0 2108.0
85.0 2875.0
657.0 1789.0
288.0 3729.0
4121.0 4563.0
392.0 2129.0
3298.0 3327.0
173.0 2579.0
1326.0 2558.0
2361.0 150.0
2958.0 3258.0
393.0 1307.0
4467.0 3250.0
220.0 3185.0
9.0 149.0
3686.0 4491.0
3290.0 3359.0
646.0 1078.0
3458.0 4075.0
3827.0 3927.0
457.0 1556.0
2483.0 2741.0
4467.0 4009.0
118.0 2764.0
426.0 702.0
118.0 549.0
8.0 1092.0
61.0 2001.0
19.0 2413.0
0.0 1088.0
2.0 1686.0
1039.0 1274.0
200.0 2574.0
748.0 2788.0
3779.0 3263.0
332.0 4450.0
2925.0 3876.0
133.0 943.0
272.0 2041.0
4121.0 4540.0
1855.0 3028.0
66.0 395.0
9.0 1847.0
320.0 2526.0
4034.0 3080.0
18.0 992.0
1701.0 346.0
2962.0 4288.0
223.0 1510.0
2266.0 878.0
1339.0 3148.0
2949.0 4318.0
2343.0 115.0
3604.0 4286.0
68.0 849.0
3925.0 3438.0
779.0 1993.0
24.0 1566.0
2497.0 4194.0
2165.0 3455.0
3028.0 4010.0
52.0 990.0
313.0 1934.0
45.0 1625.0
13.0 2496.0
748.0 730.0
2265.0 1592.0
36.0 493.0
4034.0 3875.0
3019.0 3897.0
0.0 1739.0
4183.0 4492.0
1039.0 2828.0
575.0 2873.0
2802.0 2062.0
3827.0 4299.0
1455.0 591.0
901.0 2369.0
2160.0 1655.0
3361.0 3746.0
4675.0 2968.0
1353.0 1483.0
2923.0 3520.0
990.0 348.0
280.0 2287.0
24.0 146.0
3226.0 3292.0
2909.0 3356.0
2122.0 353.0
1828.0 2121.0
4517.0 3470.0
1403.0 1340.0
3456.0 3116.0
198.0 1430.0
3024.0 1244.0
1034.0 1702.0
2594.0 311.0
5.0 1035.0
18.0 1908.0
22.0 2665.0
3974.0 4619.0
2962.0 3218.0
0.0 548.0
3226.0 3822.0
15.0 182.0
45.0 2685.0
3024.0 3724.0
173.0 1522.0
3028.0 3169.0
0.0 2125.0
3.0 2688.0
359.0 2552.0
19.0 2138.0
551.0 2902.0
508.0 1512.0
1122.0 1671.0
37.0 57.0
1250.0 279.0
3072.0 4029.0
3233.0 3946.0
1472.0 1295.0
3796.0 4060.0
1342.0 362.0
61.0 1317.0
18.0 681.0
1403.0 2364.0
2483.0 2322.0
2102.0 1727.0
408.0 1052.0
3827.0 3638.0
1122.0 624.0
3253.0 4455.0
33.0 1749.0
1777.0 1787.0
594.0 1816.0
937.0 578.0
2940.0 4489.0
1035.0 1824.0
1711.0 121.0
362.0 1021.0
173.0 2317.0
2958.0 3225.0
4034.0 3973.0
2915.0 3529.0
2962.0 3604.0
1199.0 2161.0
101.0 342.0
3028.0 4638.0
62.0 1174.0
994.0 1005.0
389.0 257.0
2125.0 520.0
857.0 325.0
437.0 3186.0
14.0 2000.0
2910.0 3450.0
75.0 2770.0
1376.0 661.0
2910.0 3041.0
552.0 363.0
2659.0 2376.0
2911.0 3006.0
2992.0 3488.0
1704.0 3501.0
953.0 1201.0
1957.0 1466.0
636.0 2348.0
2940.0 3069.0
3706.0 3734.0
118.0 1190.0
3344.0 3647.0
9.0 466.0
370.0 2723.0
614.0 231.0
33.0 823.0
1075.0 1343.0
1704.0 3092.0
3361.0 3062.0
3956.0 3271.0
1060.0 2761.0
2616.0 613.0
2704.0 2383.0
7.0 4477.0
8.0 2227.0
100.0 504.0
994.0 43.0
70.0 1644.0
615.0 2261.0
198.0 2467.0
1711.0 2084.0
4131.0 3388.0
3147.0 3892.0
686.0 335.0
1763.0 2094.0
2058.0 1899.0
4584.0 4682.0
7.0 312.0
586.0 2203.0
2907.0 4325.0
1550.0 1312.0
896.0 2774.0
43.0 643.0
22.0 1752.0
2665.0 1902.0
1034.0 1692.0
198.0 2323.0
3020.0 3936.0
1174.0 2755.0
3171.0 4105.0
3943.0 3947.0
2521.0 1894.0
627.0 1948.0
724.0 303.0
6.0 352.0
51.0 2718.0
9.0 2838.0
2887.0 819.0
1603.0 128.0
137.0 2758.0
3548.0 4357.0
2928.0 3975.0
37.0 276.0
22.0 1608.0
3267.0 3175.0
4267.0 3290.0
2949.0 3274.0
4098.0 4235.0
2483.0 1638.0
4001.0 4568.0
9.0 888.0
3563.0 4485.0
1472.0 876.0
1187.0 1152.0
3260.0 4484.0
2949.0 3768.0
223.0 1634.0
724.0 833.0
3883.0 3300.0
14.0 2543.0
359.0 1086.0
188.0 630.0
483.0 2613.0
4001.0 4604.0
4236.0 4470.0
466.0 1886.0
636.0 640.0
198.0 1806.0
408.0 1536.0
466.0 2789.0
2908.0 2949.0
4166.0 3588.0
2553.0 2492.0
355.0 972.0
2770.0 1178.0
3827.0 3484.0
3285.0 3201.0
2.0 1342.0
25.0 459.0
61.0 116.0
2907.0 4338.0
4166.0 4527.0
3285.0 3466.0
2704.0 711.0
3212.0 4385.0
22.0 1356.0
144.0 1053.0
2910.0 3934.0
4268.0 4660.0
801.0 1997.0
13.0 1393.0
47.0 2023.0
1982.0 546.0
2497.0 4030.0
4121.0 2920.0
3448.0 4103.0
1326.0 12.0
60.0 830.0
4008.0 3537.0
1.0 1418.0
618.0 420.0
62.0 1285.0
4183.0 3160.0
2909.0 3974.0
1403.0 1284.0
441.0 378.0
52.0 1320.0
85.0 185.0
48.0 712.0
255.0 2848.0
3123.0 3674.0
0.0 672.0
4.0 2183.0
4268.0 3878.0
2963.0 4210.0
2913.0 3715.0
39.0 1795.0
2442.0 2638.0
3215.0 3528.0
77.0 1004.0
2962.0 3836.0
2497.0 3248.0
2.0 1764.0
105.0 1597.0
39.0 1386.0
3925.0 4298.0
2704.0 917.0
2949.0 3637.0
2594.0 2277.0
1086.0 3190.0
741.0 2332.0
2591.0 631.0
4098.0 4369.0
3622.0 4533.0
340.0 1759.0
3123.0 3301.0
39.0 2734.0
5.0 606.0
3137.0 4102.0
1034.0 2176.0
19.0 1444.0
2802.0 3969.0
86.0 451.0
4001.0 4293.0
2949.0 2999.0
2412.0 665.0
194.0 3102.0
1777.0 2140.0
432.0 450.0
3185.0 3212.0
3612.0 3285.0
11.0 2608.0
2442.0 1218.0
3215.0 4143.0
2549.0 935.0
4236.0 3786.0
4236.0 3557.0
3184.0 3252.0
2924.0 2947.0
3827.0 3209.0
1143.0 1975.0
2460.0 714.0
2527.0 3742.0
1009.0 583.0
2923.0 4416.0
48.0 1628.0
1187.0 1901.0
3969.0 4232.0
3304.0 3433.0
152.0 1011.0
451.0 3559.0
4236.0 3413.0
2038.0 1893.0
1811.0 1436.0
4028.0 4138.0
2676.0 4624.0
63.0 561.0
4225.0 4423.0
2913.0 3813.0
1985.0 2820.0
114.0 1429.0
2923.0 2960.0
1861.0 1967.0
2992.0 3697.0
0.0 1035.0
200.0 306.0
2195.0 2895.0
2527.0 4537.0
466.0 4477.0
2540.0 418.0
1715.0 192.0
3106.0 3081.0
3929.0 3234.0
55.0 2511.0
657.0 1713.0
3137.0 3971.0
3066.0 3502.0
435.0 1191.0
1188.0 791.0
3042.0 3819.0
2.0 1489.0
2173.0 1155.0
2704.0 1725.0
36.0 319.0
1039.0 1751.0
724.0 656.0
1416.0 655.0
3016.0 3272.0
1.0 1493.0
21.0 4477.0
1867.0 2397.0
3215.0 3518.0
3456.0 4627.0
2976.0 3465.0
1427.0 584.0
1600.0 4039.0
508.0 1446.0
448.0 1166.0
1418.0 2421.0
148.0 645.0
409.0 537.0
1420.0 2122.0
332.0 2123.0
81.0 326.0
779.0 2205.0
3219.0 3753.0
2085.0 1572.0
2912.0 3336.0
6.0 152.0
627.0 2422.0
2365.0 2529.0
66.0 1860.0
4.0 982.0
100.0 1773.0
860.0 2544.0
86.0 1838.0
3550.0 4612.0
85.0 2547.0
3813.0 3036.0
1326.0 2459.0
3827.0 3837.0
332.0 438.0
1199.0 2275.0
739.0 1845.0
1261.0 2070.0
441.0 1019.0
739.0 1616.0
3147.0 3849.0
3448.0 3926.0
3184.0 3242.0
41.0 411.0
198.0 1786.0
2102.0 205.0
1355.0 1439.0
4183.0 2983.0
1629.0 367.0
1723.0 2509.0
2911.0 3349.0
75.0 1801.0
2911.0 2940.0
2909.0 3159.0
4236.0 3403.0
100.0 582.0
223.0 1290.0
48.0 1209.0
2102.0 2276.0
6.0 2524.0
3344.0 3087.0
3041.0 4361.0
2923.0 3997.0
2394.0 1252.0
3925.0 2989.0
66.0 934.0
2958.0 3954.0
237.0 178.0
1847.0 1119.0
71.0 1952.0
156.0 1007.0
77.0 863.0
3501.0 3564.0
208.0 2186.0
414.0 1388.0
1370.0 1051.0
1408.0 174.0
3028.0 4055.0
3439.0 3589.0
3041.0 3808.0
3279.0 3371.0
6.0 1971.0
750.0 699.0
2154.0 638.0
2910.0 3999.0
194.0 3599.0
4268.0 4496.0
896.0 4020.0
2102.0 2168.0
14.0 105.0
2676.0 305.0
3729.0 3693.0
3111.0 3680.0
48.0 921.0
667.0 521.0
2966.0 4079.0
1504.0 758.0
22.0 2360.0
43.0 2154.0
48.0 283.0
4009.0 3863.0
2.0 2876.0
73.0 2262.0
2925.0 4163.0
48.0 2354.0
220.0 1643.0
389.0 2504.0
39.0 2534.0
3147.0 4212.0
1000.0 3066.0
629.0 2107.0
24.0 4477.0
2156.0 539.0
466.0 2229.0
2.0 1420.0
1416.0 766.0
3827.0 3562.0
4149.0 3204.0
2085.0 515.0
4267.0 4657.0
3159.0 4451.0
990.0 2500.0
750.0 941.0
3827.0 4501.0
2958.0 4052.0
451.0 4586.0
2000.0 1496.0
2887.0 1139.0
153.0 542.0
1713.0 1137.0
724.0 1297.0
2907.0 4272.0
2932.0 3362.0
4663.0 3052.0
649.0 1123.0
178.0 3344.0
627.0 1221.0
2915.0 3309.0
4008.0 3386.0
4001.0 3347.0
2949.0 4088.0
3260.0 3721.0
3159.0 4572.0
437.0 4278.0
3027.0 3141.0
19.0 89.0
52.0 1169.0
3332.0 3597.0
2910.0 3459.0
3116.0 4610.0
954.0 1615.0
1725.0 1907.0
3344.0 3571.0
595.0 2091.0
2030.0 3446.0
3728.0 3188.0
1643.0 785.0
3368.0 3928.0
3269.0 3806.0
2658.0 3423.0
2996.0 3382.0
389.0 2517.0
1867.0 41.0
3328.0 3483.0
3147.0 4225.0
173.0 1315.0
2038.0 2632.0
4675.0 4459.0
2985.0 4312.0
24.0 289.0
1356.0 2863.0
60.0 2835.0
36.0 2249.0
301.0 2898.0
832.0 462.0
376.0 1351.0
51.0 800.0
44.0 612.0
1035.0 1990.0
301.0 45.0
575.0 922.0
70.0 2098.0
5.0 1852.0
3458.0 4388.0
4262.0 3508.0
2616.0 2644.0
990.0 1695.0
513.0 1621.0
2940.0 4282.0
3215.0 4221.0
3184.0 4642.0
4028.0 4589.0
724.0 2707.0
4236.0 4538.0
1086.0 3883.0
4366.0 2927.0
3028.0 3348.0
2521.0 2757.0
85.0 2491.0
50.0 2799.0
53.0 1376.0
3042.0 3920.0
4236.0 3900.0
3215.0 2945.0
453.0 1346.0
3041.0 3775.0
2945.0 4216.0
73.0 567.0
2038.0 2874.0
684.0 1215.0
1777.0 1292.0
4.0 1227.0
1603.0 2833.0
2280.0 1849.0
1205.0 1969.0
85.0 1709.0
2422.0 3510.0
531.0 1387.0
8.0 1117.0
85.0 2612.0
3028.0 4372.0
3215.0 4378.0
614.0 2733.0
1356.0 72.0
633.0 2746.0
2907.0 4082.0
2963.0 4651.0
3162.0 4186.0
2038.0 1189.0
890.0 947.0
408.0 907.0
3027.0 3516.0
2591.0 169.0
39.0 286.0
6.0 2324.0
272.0 1428.0
8.0 1876.0
1342.0 1830.0
2910.0 4352.0
3448.0 3124.0
3361.0 2976.0
3123.0 4645.0
1582.0 1848.0
2383.0 2620.0
57.0 1094.0
4236.0 3468.0
33.0 1411.0
194.0 3543.0
3290.0 3181.0
3100.0 3200.0
4323.0 4110.0
3956.0 3679.0
47.0 1803.0
2071.0 3293.0
724.0 2576.0
54.0 387.0
1518.0 3260.0
2912.0 3414.0
2911.0 3535.0
4675.0 3402.0
3042.0 4018.0
22.0 1666.0
480.0 266.0
741.0 1353.0
178.0 2408.0
2945.0 3182.0
4636.0 3151.0
1496.0 2683.0
2.0 1279.0
594.0 925.0
54.0 1555.0
3448.0 3919.0
4675.0 3896.0
1060.0 581.0
137.0 1998.0
4323.0 3328.0
298.0 1915.0
792.0 1175.0
4467.0 4541.0
3548.0 4500.0
291.0 1647.0
451.0 1785.0
1064.0 1225.0
14.0 1518.0
3733.0 3499.0
194.0 3700.0
724.0 482.0
3198.0 4158.0
10.0 2042.0
374.0 1681.0
194.0 4603.0
3.0 871.0
36.0 1951.0
312.0 1706.0
2483.0 2226.0
3123.0 3984.0
2591.0 1988.0
857.0 108.0
4009.0 4602.0
2.0 497.0
198.0 1046.0
3198.0 4014.0
2521.0 617.0
390.0 1661.0
2949.0 3538.0
3925.0 3970.0
223.0 2536.0
1949.0 1065.0
19.0 2657.0
2266.0 1675.0
117.0 2146.0
3827.0 4072.0
37.0 2791.0
3147.0 4313.0
4236.0 4240.0
2339.0 1665.0
4008.0 2921.0
3520.0 4415.0
4034.0 3733.0
1375.0 1881.0
408.0 2883.0
5.0 772.0
46.0 2796.0
4034.0 4636.0
178.0 1109.0
1342.0 243.0
1535.0 558.0
2616.0 2696.0
4248.0 3576.0
3513.0 3881.0
2591.0 1062.0
356.0 1115.0
1562.0 432.0
432.0 2831.0
2401.0 4236.0
1776.0 1932.0
643.0 2871.0
3163.0 4033.0
3184.0 3827.0
3925.0 4356.0
3827.0 3784.0
73.0 1028.0
49.0 442.0
2766.0 2756.0
1935.0 384.0
52.0 2137.0
3458.0 3658.0
2102.0 1464.0
6.0 629.0
1535.0 679.0
3357.0 3346.0
741.0 2884.0
50.0 901.0
3106.0 4667.0
7.0 36.0
4236.0 4217.0
1711.0 1170.0
615.0 2250.0
174.0 1116.0
2521.0 221.0
2154.0 2005.0
1927.0 1548.0
2265.0 1198.0
636.0 1964.0
2657.0 2705.0
114.0 2642.0
2085.0 2134.0
3698.0 3675.0
3147.0 4555.0
2523.0 410.0
2859.0 2431.0
22.0 2150.0
4121.0 3220.0
4087.0 3307.0
1060.0 2377.0
2630.0 1296.0
860.0 2877.0
4387.0 4242.0
414.0 1973.0
22.0 200.0
4121.0 3485.0
1416.0 1374.0
301.0 2590.0
2483.0 2036.0
355.0 1923.0
3827.0 4664.0
3830.0 3049.0
990.0 1122.0
8.0 1470.0
66.0 737.0
137.0 2109.0
916.0 2893.0
2756.0 3888.0
1957.0 2780.0
995.0 2103.0
4034.0 3193.0
39.0 374.0
6.0 2412.0
1472.0 865.0
2085.0 2520.0
37.0 301.0
127.0 1012.0
194.0 3137.0
1034.0 1573.0
89.0 1394.0
91.0 1095.0
877.0 2004.0
4236.0 3556.0
2357.0 1029.0
881.0 1974.0
22.0 2801.0
3066.0 3295.0
1342.0 2857.0
3883.0 4099.0
1691.0 796.0
2958.0 4107.0
3027.0 3978.0
3024.0 4089.0
414.0 818.0
19.0 1829.0
2907.0 3653.0
1.0 2189.0
13.0 2429.0
44.0 1364.0
739.0 843.0
911.0 2118.0
1811.0 1880.0
779.0 650.0
4542.0 4129.0
7.0 1711.0
3163.0 4661.0
1544.0 2439.0
376.0 382.0
13.0 2694.0
3215.0 3396.0
2927.0 3109.0
2909.0 3698.0
2963.0 3440.0
52.0 2127.0
356.0 1864.0
77.0 2449.0
3260.0 3138.0
3198.0 4246.0
7.0 435.0
301.0 653.0
451.0 332.0
198.0 2855.0
2591.0 1173.0
2909.0 3963.0
3461.0 3573.0
2910.0 3550.0
2914.0 4078.0
36.0 727.0
822.0 1407.0
4403.0 3826.0
2921.0 3708.0
3729.0 3244.0
3184.0 3264.0
2497.0 4549.0
2673.0 3988.0
3245.0 3805.0
2921.0 4202.0
2962.0 3825.0
443.0 1087.0
33.0 2006.0
2117.0 3361.0
954.0 479.0
70.0 2153.0
35.0 2424.0
4.0 896.0
179.0 4046.0
443.0 449.0
173.0 588.0
70.0 841.0
2.0 2018.0
178.0 4050.0
2102.0 2069.0
3123.0 3964.0
1420.0 2157.0
3269.0 3609.0
1035.0 1263.0
3786.0 3490.0
8.0 2363.0
2265.0 900.0
13.0 492.0
1416.0 1449.0
194.0 4439.0
3159.0 3737.0
3339.0 3627.0
95.0 790.0
2910.0 4430.0
255.0 1911.0
1.0 746.0
3949.0 4536.0
2343.0 676.0
860.0 364.0
41.0 2396.0
6.0 2667.0
1933.0 2269.0
741.0 1804.0
1763.0 509.0
3.0 792.0
3827.0 2969.0
3219.0 4547.0
4236.0 2908.0
2523.0 1954.0
629.0 2008.0
49.0 1433.0
113.0 1863.0
73.0 887.0
600.0 1456.0
77.0 2318.0
3361.0 4222.0
3093.0 3913.0
4121.0 3452.0
1403.0 468.0
46.0 1693.0
2156.0 2017.0
370.0 2162.0
1711.0 1258.0
602.0 1502.0
1041.0 2101.0
1361.0 3211.0
4323.0 2912.0
1847.0 1527.0
950.0 2328.0
686.0 183.0
2940.0 3447.0
2180.0 1593.0
953.0 2253.0
100.0 2423.0
986.0 4502.0
33.0 1875.0
178.0 2342.0
2908.0 4397.0
187.0 2836.0
220.0 3916.0
3245.0 4168.0
313.0 846.0
435.0 1360.0
646.0 906.0
4366.0 3898.0
489.0 434.0
2985.0 3454.0
359.0 1487.0
286.0 1237.0
91.0 1327.0
4.0 1030.0
17.0 2281.0
2483.0 2798.0
474.0 125.0
3123.0 3424.0
4600.0 4330.0
3303.0 3620.0
4629.0 4128.0
48.0 282.0
3184.0 4157.0
2907.0 3391.0
2919.0 4677.0
604.0 765.0
313.0 64.0
91.0 1183.0
35.0 2414.0
4131.0 4116.0
337.0 1324.0
857.0 2751.0
70.0 831.0
16.0 1763.0
13.0 1349.0
2483.0 30.0
340.0 2232.0
230.0 2775.0
3028.0 4031.0
27.0 1921.0
2911.0 3217.0
3414.0 4475.0
2.0 287.0
133.0 1939.0
48.0 403.0
437.0 4565.0
320.0 1765.0
622.0 526.0
2945.0 4670.0
2939.0 3315.0
1544.0 47.0
741.0 626.0
3361.0 4585.0
71.0 423.0
1154.0 944.0
2478.0 625.0
669.0 341.0
669.0 112.0
3774.0 4674.0
3024.0 3130.0
189.0 2593.0
2913.0 3671.0
2912.0 3855.0
3827.0 3862.0
332.0 463.0
842.0 534.0
3332.0 4414.0
3827.0 3453.0
14.0 1465.0
1418.0 172.0
3480.0 3000.0
194.0 4550.0
37.0 1714.0
4366.0 3767.0
1039.0 32.0
25.0 2234.0
783.0 1238.0
33.0 926.0
3027.0 3814.0
189.0 499.0
3480.0 3265.0
3963.0 4402.0
4268.0 3726.0
3253.0 4126.0
917.0 2815.0
3956.0 2965.0
1154.0 247.0
5.0 2404.0
3925.0 3243.0
4387.0 3417.0
18.0 882.0
4503.0 3628.0
3161.0 4573.0
3252.0 3146.0
1711.0 1369.0
1518.0 3943.0
1427.0 527.0
807.0 1716.0
747.0 1851.0
189.0 1703.0
3028.0 2997.0
4248.0 4161.0
466.0 2097.0
12.0 2830.0
8.0 2451.0
426.0 978.0
443.0 1476.0
133.0 2711.0
19.0 474.0
1704.0 3810.0
4571.0 3210.0
3148.0 3407.0
312.0 1630.0
2.0 1733.0
1192.0 1563.0
3501.0 3445.0
2907.0 2972.0
1776.0 1205.0
3827.0 3695.0
4420.0 4389.0
627.0 330.0
66.0 1983.0
200.0 671.0
2908.0 3016.0
1531.0 2197.0
3602.0 4516.0
3796.0 4647.0
22.0 1796.0
28.0 2630.0
4585.0 4578.0
2360.0 1118.0
822.0 690.0
3827.0 2913.0
3072.0 4472.0
627.0 2666.0
19.0 2172.0
280.0 1310.0
375.0 1956.0
461.0 827.0
30.0 869.0
9.0 29.0
669.0 596.0
46.0 1408.0
627.0 2702.0
1982.0 1696.0
137.0 1755.0
2941.0 3317.0
1418.0 1474.0
2921.0 3750.0
394.0 1151.0
16.0 153.0
1.0 2388.0
1356.0 1419.0
301.0 2537.0
1075.0 991.0
3901.0 4152.0
2913.0 4420.0
4.0 2430.0
2915.0 4646.0
2963.0 3374.0
22.0 1544.0
627.0 1246.0
451.0 1578.0
2949.0 3439.0
3975.0 3463.0
61.0 1243.0
1.0 1341.0
4465.0 3061.0
3332.0 3851.0
5.0 179.0
2521.0 1457.0
3517.0 3667.0
227.0 866.0
61.0 1508.0
794.0 196.0
2234.0 1629.0
513.0 851.0
187.0 421.0
101.0 232.0
622.0 2564.0
33.0 1266.0
137.0 600.0
19.0 2185.0
1035.0 2882.0
2167.0 4199.0
4009.0 3577.0
2949.0 3560.0
2963.0 3495.0
1.0 1462.0
86.0 3901.0
0.0 2437.0
414.0 2800.0
408.0 2640.0
376.0 2279.0
3.0 1917.0
947.0 2131.0
1192.0 1553.0
3066.0 3736.0
2983.0 4233.0
615.0 80.0
3501.0 3026.0
2992.0 3823.0
85.0 2889.0
2610.0 2675.0
724.0 481.0
1035.0 1197.0
3028.0 4649.0
2912.0 3305.0
1416.0 2057.0
3958.0 4290.0
10.0 1403.0
2963.0 3207.0
4087.0 3617.0
3929.0 3180.0
4262.0 3618.0
636.0 782.0
1550.0 3368.0
3233.0 3476.0
4121.0 3121.0
3924.0 4413.0
356.0 2076.0
3072.0 3379.0
77.0 2661.0
6.0 1060.0
767.0 2550.0
1.0 1619.0
2923.0 4339.0
3041.0 4474.0
318.0 2315.0
426.0 945.0
47.0 274.0
2949.0 3982.0
18.0 3594.0
215.0 2073.0
1313.0 2494.0
441.0 2385.0
16.0 1455.0
4267.0 4263.0
2941.0 3569.0
5.0 2083.0
885.0 2807.0
194.0 3856.0
2478.0 2267.0
61.0 2280.0
70.0 788.0
2961.0 3404.0
2928.0 4310.0
54.0 26.0
6.0 1410.0
2102.0 2016.0
22.0 860.0
1104.0 2585.0
2272.0 478.0
1795.0 633.0
3.0 1521.0
14.0 627.0
793.0 594.0
88.0 1745.0
990.0 385.0
3184.0 3332.0
877.0 1002.0
3969.0 4276.0
3123.0 3731.0
777.0 2721.0
4268.0 3526.0
2910.0 3703.0
1957.0 551.0
1427.0 1554.0
513.0 1479.0
2949.0 4597.0
1179.0 1977.0
450.0 1688.0
2911.0 3030.0
2657.0 404.0
3028.0 4518.0
4236.0 4396.0
2300.0 2647.0
2927.0 3154.0
53.0 2546.0
3233.0 4621.0
3328.0 3727.0
18.0 224.0
2680.0 3017.0
327.0 1208.0
199.0 1288.0
1150.0 607.0
1582.0 1055.0
2004.0 4311.0
2665.0 1576.0
443.0 1685.0
2923.0 3269.0
2.0 1268.0
1356.0 2698.0
860.0 2382.0
2591.0 315.0
2985.0 3918.0
4420.0 3924.0
3226.0 3944.0
1326.0 1623.0
85.0 2614.0
772.0 1186.0
312.0 1610.0
245.0 2752.0
697.0 109.0
7.0 1877.0
301.0 2095.0
1188.0 2821.0
3796.0 3279.0
3130.0 3338.0
2300.0 2768.0
2936.0 3998.0
3.0 2846.0
1375.0 1484.0
5.0 375.0
1039.0 1157.0
28.0 1936.0
70.0 2607.0
2085.0 219.0
3233.0 3430.0
2963.0 3835.0
374.0 1032.0
1266.0 2251.0
2912.0 3115.0
2991.0 3259.0
513.0 2130.0
3267.0 2934.0
2483.0 1577.0
4571.0 3311.0
2908.0 4164.0
433.0 709.0
3198.0 4003.0
6.0 376.0
2911.0 4584.0
653.0 2289.0
3448.0 3885.0
144.0 2003.0
148.0 316.0
3072.0 3634.0
45.0 340.0
70.0 513.0
4268.0 4069.0
370.0 774.0
4267.0 4253.0
68.0 552.0
108.0 3743.0
1356.0 725.0
1763.0 963.0
3796.0 3701.0
324.0 923.0
2154.0 296.0
6.0 2303.0
66.0 2879.0
2941.0 3415.0
1661.0 134.0
4236.0 4530.0
1444.0 136.0
1420.0 1914.0
24.0 667.0
489.0 358.0
2360.0 2652.0
4467.0 3496.0
173.0 201.0
863.0 1322.0
1136.0 959.0
3184.0 4081.0
3159.0 4662.0
496.0 2468.0
7.0 1108.0
375.0 2407.0
1783.0 361.0
2085.0 2532.0
2909.0 3504.0
3517.0 3732.0
2907.0 3809.0
1504.0 1620.0
13.0 1682.0
173.0 502.0
4236.0 3339.0
85.0 2604.0
9.0 1828.0
1629.0 1471.0
2483.0 1037.0
4236.0 2930.0
890.0 1168.0
0.0 696.0
3357.0 3636.0
3456.0 3758.0
7.0 555.0
3975.0 3420.0
2102.0 2477.0
2908.0 3215.0
3027.0 3581.0
1108.0 78.0
110.0 976.0
2766.0 1999.0
41.0 59.0
3925.0 3419.0
11.0 1199.0
3361.0 3197.0
22.0 454.0
332.0 2337.0
3260.0 3968.0
73.0 1668.0
3813.0 4526.0
31.0 2754.0
1381.0 2573.0
786.0 966.0
22.0 2031.0
35.0 918.0
36.0 883.0
332.0 1928.0
85.0 2316.0
71.0 203.0
3901.0 3592.0
2497.0 3802.0
149.0 1434.0
2910.0 4200.0
9.0 2214.0
2915.0 4315.0
1408.0 1772.0
50.0 903.0
1518.0 3072.0
4236.0 4219.0
18.0 276.0
25.0 2158.0
2.0 1500.0
301.0 930.0
1795.0 1251.0
48.0 2699.0
3072.0 4118.0
1982.0 2160.0
2919.0 3796.0
8.0 2483.0
47.0 339.0
912.0 2624.0
2343.0 2288.0
2300.0 1423.0
113.0 1224.0
399.0 1730.0
85.0 222.0
22.0 1743.0
28.0 1674.0
1092.0 2182.0
2102.0 2719.0
327.0 1970.0
4467.0 4124.0
2483.0 461.0
3361.0 3619.0
2912.0 4659.0
2911.0 3648.0
2921.0 3167.0
3028.0 3150.0
19.0 133.0
614.0 1511.0
3147.0 4004.0
3744.0 3994.0
2909.0 3458.0
228.0 801.0
951.0 2099.0
99.0 4034.0
3042.0 4625.0
3480.0 3539.0
4034.0 4507.0
50.0 1963.0
230.0 2159.0
1012.0 2603.0
2497.0 4453.0
2912.0 3383.0
1472.0 867.0
70.0 480.0
1326.0 2470.0
45.0 1210.0
947.0 2739.0
4675.0 4274.0
618.0 1746.0
2296.0 2742.0
70.0 71.0
2992.0 3986.0
3269.0 4560.0
2659.0 2236.0
1041.0 2486.0
24.0 1910.0
2908.0 4023.0
1454.0 440.0
3123.0 4097.0
513.0 1580.0
3123.0 3014.0
1661.0 2725.0
68.0 784.0
3027.0 3077.0
4008.0 3816.0
53.0 4188.0
2122.0 2562.0
3925.0 4047.0
19.0 1831.0
3184.0 4192.0
144.0 1862.0
11.0 1598.0
133.0 541.0
1504.0 154.0
61.0 107.0
3827.0 4149.0
313.0 1640.0
432.0 837.0
1704.0 4529.0
4571.0 3255.0
4.0 2233.0
22.0 2659.0
475.0 915.0
614.0 1259.0
340.0 2002.0
206.0 1922.0
86.0 1777.0
2000.0 506.0
1661.0 1040.0
137.0 2088.0
359.0 1872.0
2907.0 3511.0
2907.0 3282.0
860.0 2074.0
1356.0 175.0
70.0 2672.0
144.0 406.0
2300.0 209.0
31.0 2335.0
3246.0 3385.0
2940.0 3953.0
1035.0 1517.0
0.0 1710.0
556.0 845.0
3323.0 3605.0
33.0 575.0
2923.0 3226.0
173.0 698.0
2949.0 3098.0
3184.0 3001.0
724.0 2378.0
832.0 254.0
3123.0 4074.0
724.0 2149.0
2102.0 1950.0
1418.0 1663.0
916.0 1416.0
48.0 2015.0
3548.0 4446.0
1041.0 4040.0
4323.0 3948.0
692.0 2840.0
4268.0 3640.0
22.0 2371.0
995.0 1300.0
22.0 156.0
4584.0 3351.0
2343.0 63.0
508.0 1627.0
638.0 2231.0
575.0 2291.0
3796.0 4404.0
37.0 1075.0
7.0 1690.0
1811.0 2762.0
45.0 1982.0
885.0 2633.0
66.0 1776.0
3184.0 4205.0
3018.0 3993.0
113.0 2611.0
1467.0 2872.0
4.0 2704.0
356.0 2252.0
4236.0 3018.0
1188.0 913.0
3943.0 3519.0
1535.0 1057.0
1188.0 1587.0
6.0 2813.0
4625.0 3324.0
34.0 2503.0
1375.0 2645.0
3184.0 4061.0
360.0 2258.0
28.0 473.0
73.0 853.0
275.0 1891.0
2527.0 3239.0
4625.0 3360.0
17.0 55.0
3974.0 4302.0
362.0 2304.0
100.0 1401.0
489.0 1591.0
19.0 244.0
1356.0 273.0
954.0 2853.0
2665.0 957.0
2478.0 1805.0
4121.0 4092.0
31.0 218.0
4675.0 4349.0
3267.0 3277.0
2960.0 2977.0
1751.0 1705.0
863.0 1014.0
4.0 2861.0
1777.0 1614.0
724.0 1344.0
2908.0 4098.0
1.0 195.0
1976.0 1823.0
2266.0 430.0
2986.0 3380.0
3943.0 3676.0
4323.0 3143.0
3106.0 3216.0
2.0 1588.0
6.0 2116.0
2.0 1359.0
3925.0 2990.0
2.0 4477.0
914.0 1361.0
1404.0 2271.0
2476.0 1737.0
947.0 2441.0
863.0 1953.0
208.0 381.0
2774.0 4283.0
4268.0 3738.0
4236.0 4343.0
3776.0 3010.0
3.0 686.0
1544.0 2022.0
19.0 1039.0
146.0 1080.0
3477.0 3882.0
376.0 639.0
1192.0 2128.0
0.0 2832.0
1375.0 2887.0
31.0 1013.0
8.0 1524.0
2962.0 3287.0
38.0 1812.0
3827.0 2948.0
3501.0 3601.0
3075.0 3084.0
1811.0 2222.0
3602.0 4407.0
4267.0 4452.0
3027.0 3044.0
37.0 4556.0
885.0 1010.0
4028.0 3612.0
750.0 4083.0
653.0 2344.0
187.0 1791.0
2673.0 3306.0
783.0 1636.0
885.0 372.0
3006.0 4418.0
1154.0 151.0
636.0 2440.0
4467.0 3659.0
636.0 1357.0
321.0 2285.0
157.0 2671.0
85.0 1105.0
19.0 2063.0
1971.0 2216.0
426.0 1255.0
1723.0 2294.0
25.0 2897.0
178.0 3548.0
4008.0 3639.0
2916.0 4115.0
73.0 1396.0
627.0 1919.0
229.0 4353.0
3027.0 3394.0
58.0 2814.0
1.0 1111.0
1356.0 142.0
1420.0 1704.0
711.0 75.0
9.0 1726.0
43.0 1782.0
3072.0 3545.0
3226.0 4277.0
49.0 1304.0
220.0 2992.0
2360.0 1130.0
144.0 2179.0
2318.0 2067.0
2949.0 4148.0
35.0 2272.0
2915.0 3189.0
3435.0 3633.0
86.0 288.0
3254.0 3063.0
7.0 898.0
2916.0 4465.0
368.0 797.0
3344.0 3222.0
669.0 608.0
3779.0 3299.0
3123.0 2994.0
1711.0 82.0
3028.0 4154.0
190.0 2825.0
2907.0 2961.0
2909.0 3788.0
9.0 2521.0
4268.0 3872.0
2991.0 2954.0
68.0 355.0
4034.0 3525.0
3665.0 3313.0
4183.0 4142.0
4503.0 4412.0
1544.0 1073.0
39.0 1380.0
14.0 2864.0
2912.0 3075.0
133.0 1015.0
173.0 822.0
148.0 649.0
9.0 162.0
1985.0 1718.0
2949.0 4125.0
16.0 2007.0
106.0 1406.0
649.0 1425.0
1034.0 858.0
37.0 2475.0
3.0 1579.0
1982.0 517.0
360.0 2454.0
327.0 2048.0
2932.0 3929.0
73.0 2806.0
3827.0 4479.0
19.0 620.0
75.0 1275.0
3925.0 3739.0
100.0 465.0
22.0 100.0
2180.0 1441.0
3303.0 4250.0
484.0 2117.0
3958.0 3278.0
2911.0 4400.0
2527.0 3471.0
356.0 799.0
1867.0 2787.0
2591.0 1649.0
8.0 2682.0
113.0 749.0
25.0 1719.0
286.0 820.0
523.0 2224.0
2266.0 397.0
8.0 2044.0
1885.0 1114.0
3028.0 4167.0
227.0 2082.0
2907.0 3203.0
3093.0 3064.0
2908.0 3427.0
3233.0 2958.0
86.0 3949.0
2122.0 389.0
2657.0 2533.0
3016.0 4421.0
622.0 1565.0
1711.0 1492.0
3184.0 4005.0
313.0 2765.0
3925.0 4534.0
1154.0 226.0
3620.0 3009.0
1828.0 2651.0
793.0 2844.0
3137.0 4567.0
3260.0 3097.0
2949.0 4367.0
324.0 1233.0
4236.0 4575.0
3827.0 4227.0
28.0 1091.0
70.0 2894.0
4420.0 3838.0
3925.0 3487.0
61.0 859.0
51.0 2535.0
813.0 872.0
4.0 1228.0
4629.0 3194.0
19.0 862.0
2673.0 3273.0
3041.0 4486.0
2834.0 2436.0
480.0 928.0
2940.0 4669.0
414.0 1657.0
890.0 683.0
1867.0 3029.0
2665.0 1840.0
370.0 2782.0
627.0 2295.0
505.0 1515.0
48.0 516.0
2963.0 3111.0
9.0 2102.0
595.0 1817.0
653.0 3070.0
1075.0 993.0
594.0 540.0
19.0 309.0
0.0 67.0
1867.0 4197.0
86.0 3517.0
3827.0 3939.0
3548.0 4295.0
629.0 2075.0
2916.0 3673.0
3215.0 2923.0
3233.0 2971.0
4329.0 3957.0
692.0 1606.0
2907.0 4384.0
77.0 844.0
1030.0 1601.0
2195.0 880.0
960.0 1048.0
3827.0 3566.0
8.0 601.0
5.0 1987.0
1776.0 1979.0
3883.0 3238.0
3.0 77.0
362.0 2490.0
173.0 2474.0
636.0 1481.0
3.0 2737.0
3267.0 4546.0
622.0 1025.0
36.0 519.0
1465.0 2617.0
786.0 1505.0
194.0 3845.0
8.0 457.0
1659.0 2482.0
954.0 186.0
3513.0 3375.0
953.0 370.0
4615.0 3129.0
4.0 1735.0
5.0 531.0
466.0 1680.0
114.0 1112.0
3883.0 4671.0
1909.0 415.0
2910.0 3198.0
2112.0 4121.0
71.0 104.0
2479.0 4323.0
2910.0 4101.0
3494.0 4301.0
113.0 366.0
1356.0 1254.0
3147.0 4193.0
4.0 2265.0
3899.0 3977.0
2565.0 2525.0
31.0 970.0
3317.0 4524.0
1704.0 3923.0
51.0 948.0
3147.0 3555.0
4098.0 3777.0
884.0 1560.0
17.0 663.0
3024.0 4653.0
3184.0 4525.0
521.0 1099.0
2630.0 2776.0
1704.0 3779.0
3137.0 3101.0
24.0 787.0
3028.0 3460.0
741.0 2679.0
937.0 2325.0
105.0 1535.0
68.0 2779.0
95.0 1750.0
2265.0 1222.0
3233.0 2925.0
2967.0 4383.0
194.0 3678.0
4034.0 4408.0
3260.0 3702.0
4248.0 4251.0
4467.0 3472.0
324.0 1200.0
4323.0 4510.0
3510.0 3584.0
832.0 1490.0
2394.0 1488.0
1762.0 723.0
70.0 646.0
4028.0 3955.0
2167.0 4335.0
2887.0 2818.0
3997.0 3330.0
4366.0 4508.0
4098.0 4428.0
860.0 771.0
22.0 489.0
3279.0 3342.0
3147.0 3797.0
394.0 1938.0
291.0 2191.0
6.0 2616.0
2343.0 216.0
51.0 2767.0
48.0 2204.0
178.0 2808.0
3233.0 4623.0
2483.0 110.0
14.0 750.0
3043.0 4499.0
4403.0 3608.0
1603.0 1754.0
507.0 94.0
327.0 1884.0
113.0 1632.0
370.0 2340.0
229.0 3155.0
1935.0 2901.0
1777.0 2464.0
1.0 1045.0
3827.0 3906.0
1217.0 2621.0
3253.0 3411.0
692.0 670.0
2195.0 2568.0
4467.0 3894.0
39.0 1602.0
22.0 1104.0
4323.0 4258.0
3796.0 4449.0
223.0 1768.0
3550.0 2996.0
47.0 2854.0
3733.0 3755.0
3464.0 3859.0
3091.0 4022.0
2009.0 3237.0
4121.0 4425.0
2122.0 2211.0
3361.0 4557.0
1711.0 1328.0
0.0 155.0
1971.0 1404.0
1403.0 129.0
451.0 2980.0
1861.0 2664.0
2125.0 379.0
61.0 1742.0
1935.0 398.0
4087.0 3409.0
3796.0 4076.0
2908.0 3119.0
356.0 347.0
6.0 1546.0
857.0 2435.0
2908.0 3793.0
3796.0 4341.0
9.0 505.0
1762.0 2169.0
461.0 1797.0
1060.0 585.0
1199.0 1912.0
113.0 2548.0
33.0 2668.0
0.0 4477.0
1661.0 1857.0
3510.0 4392.0
21.0 2056.0
4121.0 4137.0
1370.0 2059.0
326.0 2512.0
7.0 1892.0
4268.0 4156.0
3123.0 3723.0
2963.0 3585.0
792.0 770.0
4467.0 4136.0
3956.0 3166.0
1427.0 2858.0
1.0 11.0
4.0 2497.0
85.0 1402.0
586.0 1833.0
990.0 2677.0
1701.0 1520.0
3267.0 4261.0
2908.0 3505.0
3925.0 3035.0
2922.0 3833.0
2923.0 4308.0
42.0 2380.0
2866.0 2605.0
3285.0 4395.0
3796.0 3824.0
441.0 2763.0
4268.0 3145.0
1060.0 971.0
57.0 293.0
3602.0 4187.0
443.0 2809.0
3779.0 3740.0
21.0 2442.0
3827.0 4305.0
1504.0 310.0
901.0 160.0
4.0 1715.0
1472.0 1144.0
2483.0 365.0
4236.0 3341.0
3075.0 4441.0
4127.0 4566.0
100.0 2326.0
1763.0 1207.0
2910.0 3178.0
777.0 1113.0
3137.0 3369.0
69.0 1435.0
47.0 593.0
2913.0 4644.0
3.0 1081.0
1187.0 2588.0
408.0 2478.0
313.0 1652.0
466.0 2648.0
4034.0 4002.0
3328.0 4334.0
62.0 2744.0
50.0 2361.0
3779.0 3632.0
105.0 985.0
1659.0 1271.0
2527.0 4056.0
48.0 2400.0
4268.0 3531.0
4098.0 3757.0
3602.0 3670.0
60.0 159.0
3137.0 3719.0
2992.0 4155.0
3024.0 4224.0
2912.0 2963.0
2932.0 3961.0
173.0 710.0
414.0 2759.0
35.0 1005.0
82.0 708.0
615.0 2254.0
3147.0 2982.0
364.0 1589.0
3594.0 3442.0
5.0 2065.0
414.0 1038.0
15.0 538.0
48.0 1618.0
3706.0 3354.0
239.0 2906.0
3779.0 4656.0
2911.0 3794.0
4122.0 3418.0
3665.0 4405.0
3590.0 3179.0
4034.0 3076.0
1180.0 2297.0
354.0 2484.0
1154.0 1076.0
3.0 1503.0
4121.0 3718.0
48.0 2557.0
2992.0 3867.0
2523.0 2485.0
3233.0 3664.0
3123.0 4207.0
3028.0 3152.0
1711.0 212.0
2917.0 3315.0
12.0 1179.0
1763.0 1305.0
1701.0 427.0
636.0 103.0
8.0 2606.0
7.0 426.0
990.0 2029.0
3267.0 3842.0
3827.0 4259.0
9.0 881.0
3024.0 3792.0
178.0 802.0
602.0 2298.0
426.0 1398.0
437.0 3951.0
1342.0 610.0
2.0 1250.0
156.0 1308.0
18.0 1832.0
572.0 469.0
2430.0 2415.0
451.0 2394.0
629.0 445.0
1546.0 1837.0
4087.0 3288.0
3548.0 3568.0
1935.0 1798.0
4594.0 3650.0
1811.0 42.0
2912.0 3241.0
60.0 931.0
10.0 1339.0
22.0 2625.0
4205.0 3429.0
954.0 2456.0
77.0 117.0
2802.0 2143.0
2.0 1106.0
70.0 2144.0
3548.0 4062.0
50.0 1003.0
356.0 1338.0
70.0 832.0
990.0 1741.0
10.0 2687.0
173.0 1253.0
3215.0 3364.0
2085.0 1333.0
2658.0 2952.0
3827.0 3513.0
2910.0 3253.0
2923.0 3372.0
3123.0 3546.0
4596.0 4512.0
3344.0 3365.0
5.0 622.0
568.0 1868.0
748.0 932.0
52.0 2540.0
190.0 933.0
71.0 1736.0
3215.0 3629.0
50.0 2845.0
1971.0 2516.0
438.0 855.0
2521.0 1491.0
520.0 250.0
4374.0 3996.0
912.0 1677.0
1262.0 249.0
2941.0 4179.0
663.0 564.0
1.0 2314.0
2940.0 4220.0
223.0 1869.0
1366.0 1475.0
312.0 2472.0
881.0 2629.0
3075.0 4673.0
636.0 875.0
24.0 1925.0
18.0 533.0
4236.0 3393.0
1763.0 536.0
178.0 2886.0
20.0 4435.0
2071.0 1821.0
2055.0 910.0
173.0 1230.0
2.0 674.0
2.0 2660.0
149.0 2450.0
327.0 879.0
2921.0 4471.0
270.0 2331.0
3249.0 3370.0
11.0 2745.0
3510.0 4457.0
1701.0 826.0
2265.0 868.0
4268.0 4401.0
4122.0 4347.0
3028.0 3142.0
4503.0 4267.0
3027.0 4080.0
2963.0 3421.0
2038.0 2174.0
531.0 2637.0
77.0 2201.0
4323.0 4336.0
1711.0 467.0
95.0 120.0
2280.0 246.0
12.0 351.0
275.0 1219.0
2549.0 2240.0
3611.0 3987.0
5.0 1129.0
190.0 1669.0
4183.0 3395.0
1661.0 1140.0
85.0 829.0
1404.0 166.0
63.0 927.0
779.0 114.0
1039.0 419.0
3018.0 3478.0
2910.0 3387.0
2911.0 3352.0
3028.0 3937.0
356.0 1966.0
1465.0 2662.0
33.0 2890.0
2610.0 651.0
194.0 4564.0
86.0 2636.0
649.0 498.0
1226.0 281.0
3843.0 4643.0
1108.0 2769.0
2566.0 464.0
60.0 777.0
17.0 3296.0
19.0 1679.0
2907.0 3503.0
3827.0 3094.0
1375.0 409.0
1.0 1136.0
2234.0 485.0
4183.0 3107.0
178.0 1672.0
6.0 168.0
4034.0 4067.0
937.0 34.0
950.0 1514.0
372.0 491.0
3198.0 4469.0
2963.0 3254.0
1582.0 2810.0
1763.0 1802.0
85.0 577.0
50.0 885.0
390.0 1033.0
617.0 2393.0
414.0 344.0
2912.0 3208.0
220.0 2199.0
18.0 3147.0
1783.0 176.0
3776.0 4445.0
3048.0 3972.0
47.0 1633.0
3827.0 3444.0
1035.0 1365.0
48.0 2501.0
0.0 475.0
152.0 2738.0
3877.0 4613.0
327.0 1507.0
4001.0 3108.0
2915.0 3744.0
3924.0 4545.0
1601.0 1367.0
53.0 2207.0
7.0 779.0
4149.0 4663.0
3827.0 3480.0
370.0 1734.0
4017.0 4135.0
2549.0 1700.0
370.0 422.0
39.0 731.0
3175.0 4606.0
1060.0 1543.0
2497.0 4399.0
890.0 574.0
3.0 894.0
312.0 597.0
3041.0 3065.0
9.0 1728.0
441.0 1156.0
3123.0 3778.0
627.0 1283.0
4034.0 3815.0
3143.0 3607.0
2949.0 4379.0
0.0 2582.0
37.0 1826.0
110.0 647.0
393.0 2513.0
3287.0 3099.0
4028.0 3591.0
4600.0 3408.0
4323.0 4591.0
100.0 719.0
3796.0 3879.0
31.0 2834.0
4236.0 3131.0
86.0 4576.0
2909.0 3790.0
3140.0 3165.0
178.0 2215.0
692.0 1533.0
409.0 2722.0
133.0 752.0
48.0 2514.0
2949.0 4271.0
3158.0 2953.0
2940.0 3405.0
1.0 187.0
255.0 40.0
441.0 230.0
629.0 2087.0
636.0 60.0
293.0 3184.0
3469.0 2931.0
2915.0 4480.0
3776.0 3231.0
832.0 609.0
1763.0 2839.0
19.0 586.0
66.0 1601.0
1086.0 3909.0
3016.0 4037.0
3233.0 3477.0
244.0 704.0
2085.0 2481.0
3298.0 3643.0
2912.0 3162.0
489.0 1066.0
2593.0 1347.0
2956.0 4012.0
321.0 2650.0
6.0 1326.0
686.0 756.0
54.0 1074.0
777.0 386.0
2292.0 4473.0
1927.0 2654.0
2910.0 4028.0
231.0 132.0
35.0 157.0
258.0 760.0
2916.0 3662.0
2961.0 3850.0
178.0 242.0
1154.0 2623.0
4329.0 3308.0
2483.0 2239.0
508.0 2597.0
4675.0 3536.0
2910.0 3475.0
3448.0 4053.0
312.0 2164.0
3743.0 3067.0
190.0 1384.0
2983.0 4511.0
3958.0 3895.0
2035.0 2228.0
1711.0 447.0
1266.0 1866.0
3958.0 3666.0
1704.0 3706.0
2958.0 4683.0
3317.0 4127.0
0.0 2163.0
484.0 964.0
10.0 1453.0
4629.0 3196.0
3827.0 4494.0
4366.0 4363.0
1763.0 2034.0
786.0 1494.0
414.0 1888.0
667.0 2068.0
7.0 2058.0
3303.0 4085.0
198.0 277.0
313.0 264.0
33.0 884.0
2059.0 83.0
1562.0 2166.0
55.0 1460.0
692.0 2655.0
3827.0 4350.0
2673.0 4443.0
2662.0 2856.0
2949.0 4490.0
2915.0 3302.0
227.0 2555.0
1608.0 1495.0
1603.0 2283.0
91.0 1648.0
18.0 1249.0
2766.0 1781.0
2931.0 3575.0
437.0 2959.0
25.0 916.0
426.0 177.0
2911.0 4091.0
48.0 2589.0
2908.0 3262.0
2996.0 4049.0
286.0 1594.0
4467.0 3749.0
915.0 3114.0
1030.0 1603.0
2910.0 4391.0
1860.0 3930.0
3123.0 4684.0
3184.0 4514.0
3215.0 3864.0
4122.0 3751.0
4323.0 4558.0
1711.0 689.0
4675.0 4043.0
85.0 2772.0
741.0 1994.0
2343.0 2443.0
2018.0 2417.0
70.0 514.0
33.0 2173.0
1086.0 4429.0
2912.0 4320.0
4644.0 3683.0
2460.0 2061.0
3469.0 3716.0
3137.0 3126.0
3334.0 4574.0
4183.0 4111.0
37.0 602.0
200.0 400.0
8.0 953.0
450.0 920.0
2527.0 3319.0
505.0 1530.0
156.0 2508.0
89.0 1286.0
2300.0 3011.0
520.0 2147.0
2937.0 4120.0
1927.0 1188.0
3698.0 3544.0
16.0 1976.0
3090.0 3661.0
426.0 2634.0
3924.0 4381.0
4332.0 4355.0
3016.0 3595.0
914.0 1405.0
33.0 1656.0
622.0 1642.0
4600.0 4026.0
2949.0 3950.0
2673.0 3903.0
1.0 949.0
3813.0 3912.0
614.0 1558.0
2945.0 4245.0
360.0 1147.0
3143.0 3672.0
3269.0 4077.0
19.0 1986.0
22.0 2549.0
43.0 2343.0
2300.0 2903.0
911.0 2010.0
48.0 2458.0
53.0 2802.0
4636.0 3985.0
3137.0 3103.0
3717.0 4618.0
1354.0 2350.0
70.0 1659.0
1182.0 703.0
25.0 870.0
207.0 1813.0
1403.0 1574.0
1034.0 1213.0
2154.0 1622.0
3028.0 4630.0
2960.0 3443.0
459.0 1885.0
1126.0 1445.0
3625.0 3079.0
2923.0 4464.0
1250.0 428.0
4028.0 4595.0
35.0 245.0
3323.0 4434.0
86.0 3774.0
409.0 343.0
3072.0 4672.0
33.0 321.0
443.0 1159.0
99.0 4467.0
293.0 2346.0
144.0 2403.0
1847.0 1586.0
857.0 1027.0
622.0 981.0
332.0 1291.0
2154.0 2826.0
627.0 1096.0
483.0 557.0
3184.0 3192.0
3548.0 3060.0
3332.0 3027.0
724.0 354.0
3956.0 3034.0
228.0 416.0
1661.0 678.0
831.0 1240.0
4236.0 3991.0
3090.0 3530.0
36.0 511.0
1356.0 716.0
70.0 95.0
6.0 1800.0
711.0 2635.0
70.0 998.0
1.0 2359.0
3344.0 3037.0
1.0 144.0
2037.0 2771.0
194.0 4331.0
43.0 635.0
19.0 49.0
85.0 2209.0
189.0 460.0
52.0 720.0
7.0 1472.0
724.0 1378.0
4.0 1583.0
86.0 4654.0
13.0 2455.0
653.0 680.0
3027.0 4269.0
297.0 2888.0
780.0 641.0
4268.0 3772.0
48.0 1509.0
313.0 1929.0
77.0 1981.0
860.0 2327.0
44.0 572.0
441.0 2523.0
3242.0 3110.0
3827.0 3800.0
45.0 308.0
3028.0 4090.0
3974.0 2916.0
36.0 488.0
3167.0 4019.0
4151.0 3223.0
22.0 2539.0
884.0 2046.0
1582.0 3925.0
28.0 255.0
3943.0 2928.0
4659.0 3284.0
1130.0 1958.0
4034.0 4364.0
4001.0 3055.0
36.0 753.0
48.0 2039.0
2949.0 3796.0
108.0 3747.0
2752.0 2730.0
3827.0 4559.0
3827.0 3247.0
2941.0 3154.0
50.0 2085.0
30.0 529.0
1828.0 2610.0
66.0 1126.0
194.0 3935.0
1188.0 2658.0
14.0 441.0
2521.0 767.0
3973.0 3486.0
1356.0 2391.0
2497.0 4431.0
1982.0 718.0
2932.0 3456.0
206.0 3500.0
9.0 628.0
2085.0 1368.0
50.0 2615.0
61.0 1721.0
1086.0 4373.0
2992.0 4144.0
4644.0 4036.0
0.0 399.0
3233.0 4615.0
3018.0 3644.0
222.0 1903.0
1076.0 652.0
1935.0 1545.0
602.0 2081.0
48.0 2690.0
1908.0 2202.0
1356.0 1609.0
1776.0 2720.0
832.0 2506.0
3827.0 3224.0
2935.0 3593.0
3184.0 3941.0
2940.0 4255.0
2917.0 3448.0
1199.0 2565.0
85.0 2428.0
6.0 2284.0
16.0 2594.0
4008.0 3830.0
3215.0 3785.0
1782.0 1079.0
1.0 1531.0
2835.0 1020.0
3198.0 3058.0
1867.0 220.0
2908.0 4122.0
2963.0 2926.0
327.0 1323.0
2102.0 1843.0
2521.0 106.0
1326.0 1064.0
1205.0 2086.0
2300.0 1944.0
1284.0 4594.0
4008.0 3686.0
0.0 1459.0
3027.0 3441.0
2199.0 3847.0
51.0 1653.0
3072.0 3363.0
50.0 2628.0
4467.0 3333.0
39.0 1041.0
3477.0 3677.0
28.0 2460.0
3294.0 3821.0
1356.0 2669.0
48.0 452.0
47.0 1390.0
39.0 2618.0
2676.0 4531.0
1039.0 2175.0
3233.0 4448.0
82.0 1613.0
220.0 1992.0
2412.0 320.0
688.0 260.0
1.0 2591.0
1179.0 757.0
2907.0 3646.0
173.0 1651.0
4202.0 4346.0
372.0 1043.0
2923.0 3096.0
85.0 1538.0
4236.0 3176.0
2154.0 290.0
4.0 1550.0
2527.0 3770.0
22.0 1747.0
2195.0 816.0
2343.0 1883.0
173.0 2145.0
2802.0 1265.0
71.0 1231.0
2907.0 3008.0
19.0 775.0
1194.0 2728.0
137.0 2079.0
19.0 1678.0
1420.0 2811.0
414.0 2473.0
711.0 99.0
2958.0 3318.0
627.0 402.0
3167.0 3083.0
1035.0 605.0
1039.0 1887.0
1747.0 1299.0
2829.0 958.0
507.0 2700.0
23.0 1684.0
373.0 2849.0
3779.0 4370.0
3028.0 4093.0
618.0 847.0
3123.0 4065.0
3267.0 3435.0
3269.0 4119.0
3136.0 3626.0
44.0 1069.0
552.0 456.0
178.0 3958.0
724.0 190.0
3448.0 4386.0
2676.0 3461.0
43.0 615.0
44.0 1334.0
3958.0 4228.0
3602.0 3132.0
2752.0 1650.0
178.0 2237.0
3253.0 2984.0
77.0 1022.0
5.0 359.0
3215.0 3366.0
25.0 2260.0
48.0 815.0
1935.0 2559.0
1701.0 2392.0
3924.0 3039.0
3043.0 4422.0
618.0 559.0
28.0 199.0
4323.0 4096.0
3482.0 3337.0
1228.0 4280.0
2673.0 3464.0
3744.0 3831.0
627.0 1138.0
3191.0 4213.0
2154.0 424.0
3123.0 4307.0
622.0 1468.0
2930.0 3763.0
3827.0 3865.0
3123.0 2995.0
1154.0 2115.0
2673.0 4632.0
3328.0 3135.0
1080.0 854.0
1154.0 803.0
2921.0 4617.0
3198.0 4337.0
1666.0 197.0
2908.0 2957.0
22.0 1063.0
359.0 685.0
3143.0 3089.0
1356.0 2106.0
3171.0 3416.0
3827.0 3492.0
614.0 2372.0
88.0 1539.0
3958.0 3832.0
3233.0 3656.0
3779.0 4504.0
8.0 118.0
4042.0 3911.0
2154.0 2351.0
627.0 621.0
71.0 2389.0
881.0 1440.0
3448.0 3846.0
2960.0 4666.0
2941.0 4387.0
3995.0 4244.0
52.0 1701.0
513.0 2850.0
1035.0 1089.0
4571.0 3128.0
3072.0 4498.0
1957.0 2596.0
2412.0 2731.0
2497.0 2955.0
629.0 1978.0
2908.0 3343.0
2195.0 518.0
2912.0 3871.0
615.0 1814.0
85.0 2817.0
44.0 1962.0
4517.0 4554.0
2984.0 3976.0
4452.0 4196.0
91.0 2717.0
85.0 193.0
36.0 2781.0
2497.0 4123.0
25.0 1985.0
970.0 1373.0
220.0 912.0
3233.0 4042.0
1342.0 458.0
1537.0 554.0
1935.0 69.0
3510.0 3533.0
85.0 687.0
0.0 2306.0
1701.0 1708.0
3796.0 4650.0
3033.0 3050.0
4522.0 3213.0
3260.0 4181.0
3018.0 4239.0
2052.0 2051.0
68.0 899.0
622.0 1422.0
779.0 2043.0
954.0 1895.0
173.0 1330.0
1467.0 494.0
2483.0 962.0
0.0 1933.0
2591.0 1807.0
77.0 2445.0
4542.0 3981.0
4.0 1000.0
2616.0 817.0
753.0 2399.0
199.0 2816.0
297.0 2305.0
954.0 1931.0
2596.0 2416.0
61.0 2028.0
3925.0 4427.0
3123.0 2985.0
2916.0 3818.0
356.0 813.0
194.0 2966.0
18.0 2066.0
681.0 1513.0
1473.0 1184.0
1060.0 786.0
2665.0 2515.0
2442.0 637.0
615.0 744.0
189.0 227.0
39.0 697.0
2923.0 3979.0
3969.0 3795.0
1187.0 1235.0
2.0 2881.0
36.0 808.0
1.0 850.0
77.0 2566.0
1041.0 2987.0
4050.0 4543.0
844.0 3233.0
48.0 553.0
3147.0 3952.0
3329.0 3992.0
4629.0 3990.0
23.0 51.0
1060.0 642.0
113.0 619.0
3796.0 3989.0
2835.0 1916.0
2358.0 1842.0
3298.0 4041.0
1811.0 2347.0
137.0 747.0
1982.0 1820.0
178.0 748.0
53.0 3377.0
4268.0 3310.0
2.0 1605.0
629.0 126.0
3028.0 3134.0
189.0 528.0
4034.0 3817.0
667.0 1321.0
4366.0 4519.0
2912.0 2922.0
194.0 3761.0
220.0 3899.0
3943.0 3104.0
4068.0 3959.0
49.0 1128.0
4169.0 3187.0
863.0 707.0
3969.0 4590.0
3510.0 2993.0
85.0 147.0
70.0 1187.0
715.0 988.0
627.0 1141.0
1136.0 1247.0
2940.0 3780.0
2673.0 4190.0
48.0 265.0
3779.0 3532.0
2923.0 3956.0
1356.0 1399.0
19.0 1370.0
3925.0 3357.0
239.0 241.0
3706.0 3807.0
5.0 1206.0
3925.0 4260.0
3136.0 3691.0
2388.0 1991.0
636.0 700.0
354.0 2708.0
4275.0 3326.0
8.0 85.0
2521.0 1617.0
200.0 1567.0
1356.0 123.0
48.0 1024.0
61.0 1897.0
951.0 2518.0
18.0 1261.0
3776.0 3325.0
1136.0 2451.0
7.0 2829.0
3215.0 2937.0
3184.0 3358.0
3513.0 3268.0
1136.0 56.0
3072.0 3791.0
646.0 1769.0
2497.0 4234.0
2960.0 3995.0
3028.0 2967.0
71.0 1309.0
4267.0 4410.0
3304.0 4442.0
692.0 573.0
443.0 543.0
3198.0 3149.0
3796.0 3858.0
223.0 1177.0
1861.0 2037.0
3155.0 4319.0
2591.0 979.0
3361.0 4424.0
627.0 1612.0
3147.0 4086.0
2030.0 3572.0
1968.0 1525.0
3219.0 3437.0
3027.0 4170.0
4509.0 4553.0
1728.0 2712.0
0.0 2273.0
3550.0 3164.0
1861.0 1664.0
3040.0 4374.0
1701.0 2578.0
3048.0 3820.0
409.0 751.0
321.0 1870.0
2940.0 4552.0
2908.0 3022.0
73.0 307.0
0.0 2309.0
724.0 1171.0
3028.0 4256.0
52.0 2319.0
173.0 2200.0
340.0 1145.0
297.0 695.0
1763.0 1097.0
55.0 1161.0
39.0 1482.0
3779.0 3257.0
2923.0 3681.0
3.0 1645.0
53.0 1008.0
1261.0 2055.0
711.0 828.0
1143.0 1276.0
1455.0 1920.0
0.0 1756.0
618.0 1540.0
1205.0 842.0
1847.0 1212.0
113.0 501.0
3678.0 3699.0
3019.0 3914.0
3974.0 4515.0
52.0 1537.0
1526.0 897.0
2910.0 2924.0
3510.0 4151.0
1504.0 995.0
8.0 2025.0
2102.0 1996.0
842.0 759.0
24.0 392.0
27.0 955.0
85.0 2208.0
105.0 237.0
497.0 2827.0
4008.0 3610.0
4675.0 3021.0
1711.0 2785.0
793.0 345.0
1982.0 210.0
1.0 408.0
3215.0 4648.0
832.0 1239.0
178.0 2701.0
178.0 1389.0
2478.0 562.0
7.0 604.0
414.0 2011.0
313.0 122.0
194.0 3728.0
3219.0 4209.0
2919.0 3688.0
61.0 2152.0
3027.0 4304.0
513.0 1724.0
1.0 938.0
4332.0 4609.0
394.0 1278.0
3215.0 4095.0
3520.0 4322.0
3883.0 4145.0
6.0 644.0
2752.0 1332.0
156.0 1077.0
2930.0 3962.0
667.0 735.0
1039.0 1281.0
66.0 2352.0
3027.0 4160.0
206.0 4461.0
4034.0 3905.0
4325.0 3523.0
2908.0 4468.0
4324.0 3329.0
3548.0 4011.0
1403.0 2646.0
2949.0 3157.0
2907.0 4509.0
100.0 544.0
2497.0 4345.0
54.0 19.0
3046.0 3355.0
937.0 1269.0
324.0 1600.0
636.0 258.0
1971.0 214.0
602.0 1056.0
100.0 1303.0
643.0 2405.0
25.0 2292.0
794.0 2803.0
2085.0 235.0
937.0 1125.0
3184.0 3590.0
2658.0 2986.0
2527.0 3586.0
223.0 470.0
3043.0 4634.0
2.0 93.0
3.0 58.0
3925.0 3710.0
2442.0 1412.0
53.0 324.0
3548.0 4626.0
474.0 1400.0
860.0 798.0
19.0 1085.0
10.0 362.0
2657.0 891.0
2665.0 666.0
729.0 2035.0
28.0 496.0
1345.0 3436.0
1356.0 705.0
4467.0 2946.0
21.0 228.0
2962.0 4007.0
441.0 1717.0
1877.0 1639.0
5.0 2498.0
2000.0 1301.0
70.0 1661.0
2292.0 3804.0
426.0 2528.0
636.0 1318.0
669.0 2398.0
3501.0 4321.0
4421.0 3095.0
340.0 1930.0
2343.0 508.0
2915.0 3294.0
35.0 1294.0
508.0 989.0
3184.0 3073.0
321.0 754.0
1711.0 1463.0
2940.0 3616.0
629.0 1395.0
332.0 763.0
1000.0 139.0
523.0 65.0
692.0 2009.0
636.0 271.0
2167.0 3400.0
3269.0 3117.0
712.0 1658.0
3501.0 4177.0
4467.0 4150.0
1948.0 472.0
2956.0 3331.0
37.0 2014.0
443.0 487.0
441.0 706.0
595.0 764.0
1499.0 4289.0
18.0 1506.0
1136.0 939.0
6.0 2584.0
22.0 48.0
206.0 2609.0
1661.0 824.0
649.0 2541.0
68.0 2904.0
3140.0 3497.0
2704.0 3869.0
156.0 393.0
1586.0 92.0
3106.0 3769.0
508.0 1784.0
2910.0 3298.0
3285.0 3771.0
3043.0 3829.0
3290.0 4344.0
2984.0 3514.0
2958.0 3376.0
2983.0 4601.0
7.0 715.0
3191.0 4487.0
4323.0 4635.0
100.0 1437.0
2280.0 1448.0
19.0 2266.0
636.0 2463.0
3925.0 3170.0
1711.0 1031.0
33.0 2021.0
2949.0 3412.0
2932.0 2951.0
86.0 864.0
2007.0 535.0
19.0 2760.0
2908.0 4134.0
360.0 429.0
724.0 2054.0
2919.0 4329.0
3028.0 2924.0
3137.0 4551.0
3123.0 3570.0
2221.0 580.0
2963.0 4106.0
857.0 2583.0
13.0 507.0
2802.0 1794.0
2154.0 1758.0
36.0 1164.0
2622.0 780.0
1867.0 2339.0
2195.0 298.0
636.0 634.0
318.0 999.0
3.0 1890.0
81.0 2218.0
1154.0 1234.0
4001.0 3286.0
2949.0 3798.0
3041.0 2978.0
627.0 522.0
2921.0 3965.0
3946.0 3787.0
3091.0 4376.0
1684.0 1808.0
750.0 1904.0
70.0 1242.0
2949.0 3389.0
3048.0 4680.0
6.0 732.0
3827.0 3249.0
5.0 1670.0
3147.0 3261.0
2248.0 983.0
1711.0 1044.0
1982.0 455.0
3548.0 3425.0
4.0 21.0
2265.0 1072.0
692.0 2493.0
1586.0 2032.0
33.0 313.0
3158.0 3684.0
1582.0 4542.0
52.0 2132.0
3233.0 3040.0
1366.0 79.0
3501.0 3120.0
1582.0 1918.0
2774.0 4332.0
1496.0 417.0
832.0 1569.0
369.0 2104.0
4.0 1454.0
521.0 1564.0
85.0 1262.0
2949.0 4678.0
643.0 1181.0
1544.0 1662.0
780.0 1415.0
2919.0 3789.0
18.0 1617.0
3215.0 3522.0
464.0 2198.0
4644.0 4159.0
2967.0 3945.0
1.0 1942.0
1982.0 2418.0
113.0 2794.0
310.0 1236.0
1855.0 4183.0
2000.0 486.0
3137.0 2964.0
635.0 1707.0
6.0 2551.0
68.0 1968.0
4675.0 4640.0
28.0 849.0
3827.0 3756.0
2910.0 3267.0
2962.0 3048.0
1226.0 570.0
62.0 1256.0
321.0 1516.0
681.0 776.0
896.0 664.0
435.0 978.0
3464.0 3784.0
3399.0 3940.0
1047.0 1261.0
3012.0 4370.0
1059.0 650.0
4149.0 4360.0
4643.0 3001.0
3900.0 4575.0
1844.0 2195.0
1157.0 2782.0
367.0 2664.0
1245.0 4477.0
2037.0 1517.0
2301.0 2287.0
1926.0 402.0
4625.0 3806.0
1844.0 851.0
3720.0 3997.0
1283.0 1460.0
457.0 222.0
1763.0 4477.0
2009.0 2626.0
44.0 2608.0
1712.0 2895.0
25.0 1859.0
2632.0 1492.0
689.0 1830.0
2431.0 56.0
3006.0 3217.0
3175.0 4477.0
419.0 2386.0
3963.0 4211.0
310.0 369.0
651.0 914.0
3997.0 4409.0
3563.0 4003.0
4438.0 3309.0
627.0 1465.0
1906.0 2436.0
1648.0 1896.0
549.0 2110.0
1978.0 1745.0
125.0 176.0
3715.0 3854.0
2535.0 2048.0
1224.0 2869.0
3017.0 3053.0
4221.0 4095.0
2523.0 1871.0
639.0 1765.0
334.0 2873.0
449.0 2205.0
3394.0 4477.0
106.0 2154.0
4518.0 3329.0
4504.0 3082.0
4499.0 4156.0
4037.0 3528.0
51.0 1948.0
292.0 1954.0
1411.0 550.0
408.0 951.0
3516.0 3619.0
168.0 2567.0
2071.0 737.0
3464.0 4477.0
2156.0 1889.0
1735.0 664.0
4527.0 4477.0
1945.0 1616.0
939.0 2296.0
1162.0 2406.0
3918.0 4065.0
2132.0 1741.0
2985.0 3648.0
3311.0 4020.0
1993.0 2043.0
4085.0 3132.0
3955.0 3961.0
4660.0 4096.0
962.0 1581.0
4299.0 4671.0
1576.0 1743.0
4631.0 4005.0
868.0 1478.0
759.0 2264.0
3172.0 3652.0
2034.0 2299.0
984.0 1392.0
382.0 581.0
3845.0 3647.0
273.0 2145.0
2388.0 1462.0
2406.0 4477.0
3940.0 4139.0
4520.0 4673.0
4046.0 3209.0
2786.0 1112.0
916.0 2234.0
3940.0 4426.0
3756.0 3229.0
3569.0 4179.0
350.0 2513.0
1419.0 1744.0
2412.0 2028.0
2418.0 878.0
2887.0 2253.0
3379.0 3195.0
1693.0 731.0
3375.0 4094.0
3323.0 3076.0
2533.0 2064.0
2022.0 97.0
1964.0 2554.0
2126.0 2876.0
1199.0 1895.0
1579.0 2156.0
3266.0 3750.0
136.0 1121.0
1662.0 1700.0
576.0 2296.0
4026.0 4169.0
786.0 2774.0
490.0 939.0
3117.0 4018.0
2205.0 4477.0
11.0 195.0
117.0 1842.0
4661.0 3731.0
3084.0 4065.0
250.0 1594.0
2710.0 1088.0
2956.0 3994.0
3135.0 3089.0
1045.0 995.0
114.0 1059.0
4571.0 2944.0
15.0 3368.0
2510.0 817.0
4345.0 4549.0
4234.0 3540.0
2240.0 1297.0
1532.0 2226.0
558.0 1057.0
2801.0 1743.0
1639.0 1899.0
2366.0 4477.0
60.0 1338.0
1846.0 1574.0
254.0 2850.0
1066.0 1591.0
2929.0 3726.0
3563.0 4477.0
2583.0 4020.0
455.0 2124.0
2036.0 2741.0
1194.0 2729.0
4131.0 3476.0
2343.0 347.0
2217.0 1906.0
1217.0 2377.0
1172.0 1842.0
1870.0 1049.0
2778.0 290.0
3861.0 3612.0
3976.0 4477.0
4118.0 3179.0
688.0 880.0
4240.0 4379.0
1763.0 2299.0
531.0 2289.0
767.0 2214.0
1561.0 1338.0
3395.0 3020.0
892.0 2726.0
156.0 4477.0
212.0 94.0
649.0 1793.0
156.0 2801.0
518.0 928.0
467.0 4477.0
2094.0 971.0
732.0 1971.0
3087.0 4156.0
3740.0 4419.0
4597.0 3714.0
1760.0 775.0
2694.0 2700.0
3866.0 4425.0
833.0 1649.0
1496.0 2165.0
246.0 1324.0
1921.0 1015.0
3861.0 4546.0
3813.0 2948.0
1204.0 1647.0
2983.0 3663.0
534.0 2788.0
446.0 4477.0
3196.0 4270.0
3234.0 3633.0
1899.0 1745.0
3269.0 4018.0
3023.0 4108.0
1661.0 2818.0
1615.0 2191.0
4042.0 4163.0
331.0 1754.0
3957.0 4088.0
2216.0 4477.0
426.0 524.0
2884.0 2297.0
51.0 1221.0
1598.0 2640.0
2911.0 4363.0
1780.0 2873.0
4338.0 3653.0
1375.0 2413.0
2368.0 1558.0
948.0 1779.0
746.0 1045.0
2144.0 1952.0
1499.0 3323.0
3408.0 4139.0
846.0 287.0
3015.0 2955.0
2103.0 4477.0
2933.0 3920.0
2687.0 468.0
3404.0 4673.0
1272.0 2552.0
1035.0 1103.0
117.0 844.0
1949.0 231.0
881.0 1414.0
1952.0 254.0
3635.0 3731.0
3422.0 3622.0
2288.0 2405.0
1896.0 1346.0
2713.0 1081.0
739.0 1695.0
3242.0 3252.0
4494.0 3444.0
3277.0 4440.0
4320.0 4393.0
229.0 3657.0
474.0 1039.0
1368.0 4477.0
2411.0 2140.0
2204.0 2561.0
1507.0 1160.0
3027.0 3309.0
2048.0 1970.0
420.0 925.0
3956.0 4579.0
1618.0 2457.0
36.0 2632.0
3379.0 3097.0
2851.0 532.0
1783.0 1881.0
2659.0 364.0
3371.0 4059.0
489.0 879.0
2642.0 1541.0
1546.0 226.0
2543.0 1604.0
2047.0 1249.0
1878.0 2765.0
1076.0 1234.0
2820.0 4477.0
3267.0 3047.0
76.0 1745.0
786.0 1351.0
576.0 1341.0
4452.0 4315.0
3108.0 3807.0
3059.0 4450.0
3485.0 3220.0
1221.0 2479.0
2791.0 57.0
2735.0 2158.0
3361.0 3156.0
1405.0 2462.0
2006.0 201.0
174.0 2796.0
3116.0 4477.0
937.0 2044.0
1350.0 1121.0
2844.0 2841.0
1353.0 2285.0
3469.0 3833.0
2320.0 78.0
4046.0 4192.0
1140.0 1240.0
395.0 446.0
1775.0 900.0
234.0 2311.0
4299.0 4477.0
2157.0 1214.0
4188.0 4020.0
3357.0 4493.0
578.0 2044.0
3492.0 4117.0
3547.0 4350.0
3766.0 3208.0
967.0 1934.0
2829.0 366.0
3755.0 3870.0
2572.0 631.0
3225.0 4414.0
3051.0 4477.0
3766.0 4258.0
299.0 1158.0
1354.0 2056.0
568.0 891.0
3252.0 4061.0
1165.0 1190.0
2961.0 3349.0
144.0 1418.0
4398.0 4477.0
61.0 2136.0
1827.0 2827.0
3447.0 3177.0
3455.0 3060.0
1908.0 968.0
2465.0 2726.0
4308.0 3707.0
1748.0 1317.0
3175.0 4036.0
3980.0 3380.0
4497.0 4020.0
1364.0 1962.0
986.0 2150.0
4391.0 3842.0
794.0 2687.0
4044.0 3636.0
3172.0 3577.0
1954.0 2505.0
2377.0 1704.0
755.0 1325.0
4529.0 3601.0
3100.0 4588.0
808.0 597.0
3681.0 3979.0
819.0 2386.0
3834.0 3952.0
3450.0 3348.0
1104.0 1884.0
3457.0 4409.0
4483.0 4191.0
1397.0 4477.0
4323.0 3445.0
1378.0 1297.0
480.0 2672.0
4149.0 3132.0
3513.0 3671.0
4151.0 4472.0
64.0 846.0
479.0 2853.0
3617.0 4013.0
497.0 569.0
1873.0 1903.0
520.0 870.0
1016.0 2627.0
1369.0 2641.0
677.0 2064.0
2223.0 574.0
3469.0 3835.0
3163.0 3692.0
1608.0 1417.0
1108.0 1711.0
1139.0 1443.0
3460.0 2988.0
101.0 1676.0
1842.0 2576.0
323.0 4477.0
3602.0 4477.0
601.0 2764.0
357.0 1279.0
4465.0 3064.0
1527.0 269.0
4279.0 4020.0
4501.0 4072.0
4285.0 4358.0
4556.0 3890.0
4246.0 4469.0
1392.0 1740.0
3933.0 3296.0
3848.0 4144.0
1108.0 2634.0
4489.0 4477.0
1435.0 817.0
1104.0 1303.0
2661.0 335.0
193.0 1105.0
4271.0 3385.0
1816.0 1746.0
3512.0 4367.0
48.0 1752.0
4625.0 3679.0
4109.0 4661.0
1054.0 4477.0
4475.0 3409.0
12.0 1076.0
998.0 688.0
3771.0 4415.0
1633.0 1840.0
1030.0 1550.0
3058.0 4101.0
4429.0 3238.0
2350.0 1500.0
728.0 1649.0
2077.0 1175.0
93.0 1159.0
135.0 1842.0
2199.0 785.0
926.0 1875.0
658.0 1437.0
4497.0 3930.0
749.0 1880.0
2596.0 1970.0
303.0 2814.0
2778.0 1630.0
1477.0 4477.0
3838.0 4460.0
2510.0 1596.0
1063.0 2327.0
2999.0 3512.0
349.0 718.0
188.0 1556.0
1435.0 2644.0
629.0 2001.0
2370.0 2533.0
1128.0 775.0
2771.0 1088.0
3249.0 3484.0
4163.0 4477.0
687.0 829.0
1603.0 4020.0
824.0 2664.0
4160.0 3309.0
3864.0 3785.0
2860.0 869.0
3285.0 4253.0
1460.0 2356.0
458.0 2842.0
3260.0 4083.0
518.0 2507.0
2325.0 2745.0
3170.0 4427.0
3192.0 3264.0
1971.0 323.0
25.0 399.0
3025.0 3156.0
4247.0 4477.0
4439.0 4477.0
1097.0 1896.0
1275.0 1332.0
2389.0 1231.0
2951.0 3456.0
2631.0 2524.0
4065.0 3708.0
4133.0 3065.0
4315.0 3117.0
722.0 1486.0
4240.0 4530.0
225.0 2279.0
2023.0 587.0
3397.0 3593.0
4623.0 4448.0
3252.0 4005.0
975.0 1311.0
3969.0 4477.0
1585.0 2599.0
2419.0 1284.0
3373.0 4477.0
743.0 591.0
3648.0 3794.0
3905.0 3525.0
3113.0 4606.0
3721.0 3097.0
726.0 1511.0
3343.0 3396.0
2789.0 1886.0
3368.0 3311.0
3825.0 4032.0
34.0 1125.0
1325.0 1729.0
3789.0 4477.0
2993.0 3701.0
2857.0 660.0
2711.0 4477.0
1926.0 4477.0
3528.0 3806.0
635.0 1216.0
4591.0 4336.0
875.0 334.0
4577.0 4672.0
1458.0 526.0
1698.0 933.0
2370.0 2771.0
520.0 1088.0
3908.0 3026.0
46.0 531.0
804.0 2520.0
2154.0 2651.0
3511.0 4519.0
4546.0 4101.0
1471.0 367.0
354.0 656.0
936.0 906.0
3619.0 3146.0
2936.0 3102.0
132.0 1558.0
483.0 2229.0
1358.0 2805.0
1202.0 2401.0
280.0 1624.0
1130.0 2576.0
481.0 933.0
3471.0 3742.0
711.0 1133.0
2567.0 626.0
3336.0 3495.0
502.0 1481.0
505.0 1728.0
955.0 2253.0
1484.0 1139.0
3851.0 4107.0
1948.0 1904.0
287.0 197.0
1619.0 2612.0
1537.0 2010.0
2810.0 2664.0
1783.0 125.0
101.0 692.0
756.0 1071.0
2668.0 2679.0
2592.0 2062.0
4658.0 2986.0
1914.0 225.0
1830.0 2849.0
2824.0 4477.0
524.0 727.0
2540.0 160.0
3226.0 4245.0
2550.0 252.0
122.0 1830.0
3247.0 4299.0
3894.0 3863.0
1228.0 1454.0
3381.0 3858.0
1287.0 1181.0
4122.0 4397.0
1231.0 4477.0
2680.0 769.0
2363.0 185.0
3376.0 3987.0
324.0 1761.0
1883.0 2252.0
2949.0 4262.0
2377.0 2774.0
502.0 4477.0
1533.0 2009.0
32.0 125.0
4339.0 3582.0
3424.0 4477.0
1538.0 185.0
3848.0 3488.0
1165.0 2316.0
2751.0 1676.0
2303.0 116.0
1973.0 4477.0
351.0 2488.0
1968.0 1755.0
1546.0 2115.0
3260.0 3005.0
3976.0 4638.0
1195.0 1569.0
134.0 2433.0
1908.0 1793.0
389.0 1604.0
1969.0 759.0
509.0 2454.0
2371.0 2801.0
1104.0 2777.0
76.0 2075.0
364.0 197.0
1279.0 2177.0
1604.0 2490.0
190.0 1390.0
107.0 2028.0
4087.0 4448.0
2986.0 3087.0
3159.0 3974.0
1551.0 2655.0
2121.0 2651.0
4253.0 4315.0
4151.0 3157.0
1494.0 2279.0
1087.0 1799.0
428.0 1268.0
1007.0 1773.0
1301.0 845.0
3623.0 3346.0
2711.0 2810.0
82.0 2087.0
2867.0 2663.0
3319.0 4056.0
2094.0 2827.0
1179.0 1213.0
2450.0 2729.0
2239.0 1647.0
4235.0 4449.0
2184.0 2078.0
2039.0 2457.0
3706.0 3870.0
1724.0 1498.0
2924.0 2984.0
3290.0 4263.0
2331.0 800.0
2777.0 1810.0
1958.0 2698.0
721.0 1790.0
3876.0 4052.0
443.0 507.0
509.0 2277.0
3506.0 3867.0
2985.0 4307.0
1134.0 2027.0
1149.0 172.0
3858.0 4243.0
2149.0 1946.0
985.0 1167.0
3679.0 4213.0
44.0 2614.0
3440.0 3125.0
4484.0 4156.0
2554.0 690.0
322.0 2524.0
3681.0 4477.0
2291.0 2892.0
3239.0 3319.0
4030.0 4365.0
175.0 452.0
3041.0 2924.0
945.0 988.0
3575.0 4043.0
797.0 2479.0
1625.0 2545.0
175.0 1315.0
3352.0 3069.0
4579.0 3292.0
3533.0 4096.0
467.0 2084.0
3606.0 4187.0
3410.0 3741.0
2076.0 1113.0
4503.0 3497.0
1713.0 4586.0
4395.0 4213.0
4272.0 3503.0
1973.0 2017.0
2364.0 1704.0
4391.0 4405.0
836.0 3188.0
846.0 1279.0
665.0 1765.0
3909.0 4373.0
1883.0 2091.0
66.0 1754.0
1418.0 406.0
385.0 2677.0
3265.0 3238.0
4057.0 3885.0
754.0 2285.0
162.0 1828.0
1006.0 1942.0
451.0 1713.0
742.0 943.0
1827.0 1920.0
3494.0 4307.0
1557.0 454.0
2792.0 1543.0
1920.0 2697.0
2558.0 1543.0
962.0 124.0
4297.0 3308.0
1988.0 1889.0
1790.0 1247.0
741.0 2027.0
2558.0 382.0
3906.0 4479.0
1168.0 797.0
4682.0 3888.0
1795.0 731.0
3206.0 3546.0
2187.0 526.0
4223.0 3896.0
49.0 775.0
2901.0 1545.0
1945.0 2895.0
3448.0 3874.0
2277.0 2827.0
2859.0 233.0
1407.0 2873.0
3616.0 3014.0
1721.0 2790.0
3490.0 3824.0
2722.0 2645.0
2935.0 3295.0
1381.0 581.0
2382.0 1436.0
777.0 1561.0
2510.0 2027.0
508.0 2076.0
541.0 1848.0
4558.0 4118.0
4247.0 3455.0
2553.0 2122.0
489.0 1608.0
3761.0 3426.0
3454.0 3766.0
2236.0 2595.0
1053.0 4477.0
3720.0 3389.0
3093.0 4108.0
242.0 1944.0
3494.0 2995.0
1563.0 2603.0
469.0 1954.0
3056.0 4477.0
2854.0 454.0
368.0 2726.0
4446.0 3507.0
1466.0 800.0
1800.0 2563.0
4053.0 4103.0
1711.0 1336.0
338.0 2703.0
701.0 1913.0
2019.0 4477.0
4028.0 4246.0
3075.0 4065.0
797.0 1153.0
4226.0 3771.0
222.0 2247.0
4402.0 4456.0
2640.0 1462.0
4659.0 4065.0
196.0 1441.0
44.0 1667.0
1221.0 1926.0
3990.0 4415.0
3779.0 3601.0
3630.0 3010.0
44.0 1819.0
821.0 2812.0
2195.0 515.0
2024.0 2164.0
1871.0 472.0
811.0 4477.0
1760.0 1286.0
4464.0 4389.0
2331.0 2263.0
2834.0 2878.0
939.0 172.0
2434.0 504.0
3221.0 3606.0
2773.0 1093.0
2296.0 907.0
3896.0 3402.0
2980.0 4536.0
1629.0 1739.0
1356.0 671.0
4312.0 4475.0
2730.0 3431.0
3711.0 2974.0
3919.0 4477.0
2132.0 160.0
1892.0 36.0
3859.0 3474.0
717.0 1894.0
4028.0 3549.0
2070.0 1759.0
4390.0 3178.0
2362.0 1970.0
2622.0 2298.0
4621.0 3477.0
4271.0 4532.0
3643.0 3669.0
3631.0 4430.0
1262.0 1709.0
4509.0 3809.0
1398.0 2634.0
3527.0 4064.0
2439.0 800.0
484.0 3811.0
1700.0 2022.0
2624.0 4020.0
3883.0 3037.0
219.0 1101.0
4291.0 4381.0
2988.0 3931.0
62.0 965.0
4424.0 3839.0
2236.0 1651.0
1879.0 2070.0
4093.0 4427.0
1695.0 2029.0
212.0 2040.0
3037.0 3300.0
822.0 1609.0
677.0 2722.0
1629.0 1459.0
668.0 201.0
3796.0 3782.0
387.0 2682.0
1197.0 1824.0
2749.0 722.0
3843.0 4682.0
3374.0 3203.0
2889.0 2817.0
3252.0 3376.0
3215.0 4477.0
3170.0 4477.0
125.0 694.0
3161.0 4668.0
3601.0 3526.0
2130.0 2389.0
1402.0 4477.0
1231.0 2520.0
3686.0 3476.0
215.0 859.0
1766.0 2003.0
2950.0 3045.0
467.0 2087.0
3620.0 3881.0
3789.0 4683.0
57.0 2537.0
619.0 2420.0
1787.0 2527.0
1082.0 2314.0
3086.0 3931.0
810.0 1029.0
1152.0 2127.0
2467.0 318.0
856.0 2623.0
633.0 1251.0
3534.0 4678.0
3193.0 3525.0
230.0 2673.0
3568.0 4477.0
3710.0 4047.0
2752.0 145.0
419.0 1456.0
3852.0 4311.0
731.0 2167.0
2565.0 1954.0
2854.0 413.0
2851.0 943.0
1555.0 2875.0
536.0 1802.0
3243.0 4616.0
1552.0 4020.0
3924.0 4174.0
741.0 2548.0
2549.0 1299.0
1962.0 2836.0
1988.0 1869.0
1804.0 1994.0
658.0 2291.0
3960.0 2987.0
856.0 153.0
3712.0 3877.0
4669.0 4379.0
4449.0 4647.0
2167.0 4040.0
4555.0 4045.0
1582.0 1751.0
2251.0 64.0
45.0 2590.0
1045.0 2409.0
3756.0 4072.0
2371.0 338.0
2400.0 1077.0
1574.0 4477.0
2950.0 3706.0
2296.0 1931.0
1224.0 1383.0
3301.0 3642.0
95.0 1661.0
2786.0 1745.0
3253.0 4306.0
3984.0 3653.0
867.0 2287.0
3088.0 3521.0
2671.0 1499.0
3155.0 737.0
1575.0 3436.0
326.0 1040.0
851.0 253.0
114.0 2241.0
1292.0 2207.0
3641.0 3774.0
4582.0 3034.0
641.0 1415.0
251.0 1153.0
1752.0 2693.0
468.0 2377.0
3207.0 3254.0
2363.0 44.0
392.0 478.0
3286.0 4020.0
957.0 1970.0
1878.0 2423.0
4550.0 737.0
2043.0 284.0
47.0 1840.0
3550.0 3497.0
279.0 287.0
1343.0 191.0
32.0 1281.0
428.0 62.0
3629.0 4502.0
2441.0 4477.0
3763.0 4032.0
3851.0 3156.0
270.0 1474.0
2845.0 849.0
4253.0 3196.0
3383.0 3884.0
524.0 2174.0
984.0 2535.0
3232.0 4592.0
3432.0 3201.0
248.0 122.0
756.0 2425.0
4506.0 3547.0
1179.0 4477.0
4336.0 3208.0
841.0 2153.0
790.0 2370.0
801.0 416.0
3997.0 4582.0
1108.0 702.0
2997.0 3473.0
2215.0 2658.0
112.0 1706.0
4146.0 3100.0
743.0 2333.0
1875.0 1230.0
2502.0 869.0
3366.0 4605.0
1155.0 4477.0
726.0 1392.0
2453.0 795.0
1704.0 744.0
3772.0 4370.0
3143.0 4591.0
3252.0 3192.0
348.0 2134.0
1166.0 1600.0
945.0 4477.0
1884.0 1640.0
138.0 1830.0
3893.0 3199.0
178.0 1184.0
3024.0 4020.0
1975.0 585.0
3961.0 3633.0
4124.0 3216.0
2924.0 4495.0
2244.0 1396.0
124.0 606.0
2886.0 1854.0
2479.0 2696.0
747.0 969.0
3909.0 4021.0
319.0 2244.0
3248.0 4399.0
412.0 1184.0
3562.0 3238.0
445.0 2516.0
2351.0 2873.0
1112.0 1436.0
3097.0 4305.0
2533.0 2691.0
1120.0 2689.0
829.0 2209.0
2840.0 2283.0
1040.0 361.0
645.0 2471.0
4479.0 4020.0
409.0 1015.0
4351.0 3837.0
4446.0 3759.0
3600.0 4370.0
2333.0 2091.0
1242.0 1100.0
3162.0 3622.0
4141.0 4316.0
2001.0 2496.0
235.0 318.0
4510.0 3445.0
360.0 2646.0
107.0 2280.0
904.0 2882.0
276.0 1617.0
1239.0 2645.0
2819.0 2573.0
3039.0 3181.0
4044.0 4515.0
2704.0 1133.0
2657.0 775.0
1359.0 1686.0
3128.0 3829.0
259.0 2320.0
133.0 1444.0
2245.0 1956.0
591.0 1812.0
3717.0 4477.0
2410.0 1048.0
2207.0 3770.0
3226.0 3528.0
3376.0 3309.0
3088.0 4020.0
558.0 2191.0
2591.0 1946.0
3628.0 4036.0
2607.0 4477.0
1171.0 1081.0
3132.0 4460.0
4026.0 3200.0
1029.0 2010.0
1119.0 205.0
1387.0 2710.0
636.0 2732.0
2834.0 2774.0
99.0 2638.0
4037.0 4502.0
2330.0 2869.0
2038.0 312.0
726.0 1153.0
2273.0 2404.0
271.0 2873.0
2639.0 4477.0
480.0 1762.0
2995.0 4685.0
1123.0 2462.0
4123.0 4020.0
3137.0 3856.0
536.0 1920.0
4551.0 4230.0
1858.0 4477.0
4026.0 3451.0
2089.0 4466.0
575.0 2579.0
1795.0 2167.0
1686.0 93.0
803.0 247.0
3160.0 4477.0
2220.0 1669.0
804.0 2656.0
3106.0 4009.0
3049.0 4580.0
1092.0 2363.0
1561.0 570.0
3705.0 3117.0
1824.0 1088.0
3510.0 3626.0
1488.0 1753.0
2428.0 2772.0
1599.0 185.0
1267.0 1470.0
2613.0 557.0
268.0 2236.0
4604.0 4321.0
509.0 1547.0
140.0 2334.0
2038.0 2329.0
524.0 2786.0
12.0 1623.0
2793.0 817.0
2251.0 2522.0
3109.0 3373.0
4113.0 4101.0
1870.0 2382.0
3047.0 4596.0
4076.0 4310.0
4527.0 3588.0
4567.0 3614.0
3018.0 4538.0
731.0 4214.0
848.0 1114.0
4283.0 3863.0
3363.0 4577.0
1374.0 848.0
1329.0 1317.0
4390.0 4250.0
1358.0 2830.0
773.0 1704.0
3243.0 3636.0
360.0 497.0
4248.0 4185.0
4585.0 4628.0
2885.0 849.0
4501.0 4351.0
2842.0 1021.0
3127.0 4071.0
992.0 968.0
838.0 1261.0
2602.0 482.0
1769.0 266.0
3511.0 3546.0
3720.0 3001.0
3205.0 4357.0
3561.0 3055.0
4579.0 3034.0
921.0 2457.0
1942.0 2591.0
3599.0 3155.0
1735.0 2233.0
1481.0 781.0
212.0 493.0
1049.0 502.0
1779.0 2362.0
1052.0 2817.0
386.0 2032.0
2378.0 1743.0
1198.0 1222.0
2479.0 402.0
4022.0 4094.0
753.0 2786.0
2976.0 4557.0
1113.0 799.0
3813.0 3085.0
4325.0 4272.0
26.0 2253.0
3425.0 3802.0
354.0 2576.0
4054.0 4502.0
2103.0 2228.0
1069.0 1422.0
886.0 840.0
3343.0 3528.0
3312.0 4020.0
17.0 1704.0
639.0 740.0
3695.0 3453.0
465.0 2544.0
908.0 2679.0
2932.0 3955.0
4023.0 4477.0
715.0 2822.0
4440.0 4094.0
2880.0 345.0
1014.0 1937.0
1372.0 2417.0
2376.0 2749.0
666.0 4477.0
3536.0 4384.0
2928.0 4472.0
4104.0 4002.0
1052.0 2591.0
4098.0 4406.0
3061.0 3818.0
3368.0 4568.0
3386.0 4131.0
3352.0 4400.0
4384.0 3630.0
441.0 1597.0
2676.0 2260.0
3566.0 4117.0
2956.0 4477.0
773.0 1339.0
3618.0 4477.0
864.0 1562.0
905.0 4477.0
280.0 2332.0
4347.0 4502.0
3596.0 4303.0
1055.0 2386.0
4358.0 4477.0
2505.0 1653.0
999.0 2315.0
4247.0 3214.0
4222.0 3839.0
1024.0 709.0
544.0 2812.0
3176.0 3557.0
4009.0 4124.0
4028.0 3165.0
4650.0 4243.0
3886.0 4129.0
1323.0 2740.0
3536.0 3809.0
2622.0 2590.0
406.0 762.0
3524.0 4605.0
541.0 532.0
1836.0 1756.0
2972.0 3424.0
298.0 2628.0
4569.0 4210.0
587.0 806.0
4365.0 3128.0
3091.0 3497.0
948.0 2673.0
3376.0 4414.0
176.0 1335.0
2859.0 1006.0
4629.0 3574.0
2348.0 296.0
1511.0 2574.0
2658.0 4477.0
3841.0 3431.0
3253.0 4474.0
2563.0 2524.0
1880.0 2786.0
2195.0 2367.0
243.0 1737.0
366.0 2786.0
4331.0 737.0
2527.0 3914.0
2357.0 2010.0
1076.0 2823.0
3914.0 4152.0
688.0 515.0
1708.0 2628.0
1612.0 1141.0
4490.0 4477.0
2375.0 650.0
4643.0 4013.0
1861.0 67.0
4474.0 4251.0
3754.0 3873.0
4310.0 3342.0
595.0 1226.0
2423.0 2698.0
3590.0 3001.0
231.0 726.0
849.0 2292.0
2258.0 437.0
696.0 2309.0
4275.0 4072.0
99.0 963.0
3016.0 4271.0
3513.0 3715.0
32.0 1868.0
3251.0 3364.0
3211.0 4477.0
2444.0 1604.0
729.0 2363.0
1197.0 4477.0
3765.0 4477.0
4427.0 4161.0
76.0 1258.0
1427.0 869.0
1045.0 2110.0
116.0 1742.0
4553.0 4445.0
1106.0 1147.0
3006.0 3546.0
484.0 1850.0
403.0 1307.0
44.0 2772.0
4345.0 4020.0
3438.0 3981.0
3178.0 4101.0
1657.0 1451.0
69.0 2235.0
2957.0 3950.0
3779.0 4477.0
1938.0 2738.0
421.0 2331.0
2006.0 1021.0
3489.0 4003.0
3859.0 4096.0
1435.0 2027.0
777.0 217.0
2223.0 2317.0
889.0 1485.0
260.0 1915.0
1366.0 533.0
674.0 2744.0
2591.0 1536.0
2673.0 3510.0
3529.0 3842.0
2564.0 981.0
3315.0 4255.0
2431.0 1531.0
3248.0 4342.0
3391.0 4082.0
1725.0 440.0
1064.0 1938.0
1454.0 1601.0
4249.0 3628.0
1700.0 1840.0
3310.0 3561.0
190.0 2240.0
1042.0 1858.0
179.0 526.0
1992.0 795.0
3005.0 4029.0
1363.0 431.0
3175.0 4440.0
264.0 304.0
1993.0 2420.0
4657.0 4094.0
3473.0 3329.0
2110.0 1943.0
4007.0 4245.0
1152.0 2588.0
1022.0 431.0
1579.0 2401.0
3025.0 3687.0
1918.0 1139.0
536.0 637.0
34.0 161.0
4276.0 4188.0
2237.0 606.0
741.0 749.0
3402.0 3284.0
1123.0 1738.0
4659.0 4393.0
2069.0 2032.0
916.0 1088.0
2292.0 1600.0
753.0 2205.0
434.0 1743.0
816.0 1289.0
1923.0 418.0
3547.0 4514.0
2731.0 626.0
1749.0 2391.0
723.0 1196.0
1742.0 2738.0
3111.0 4065.0
4331.0 3572.0
4588.0 3330.0
359.0 1836.0
1411.0 1315.0
58.0 77.0
159.0 1232.0
267.0 2347.0
371.0 2348.0
1523.0 1018.0
3924.0 4410.0
4228.0 4020.0
1211.0 185.0
704.0 2887.0
2918.0 2955.0
366.0 2679.0
2658.0 1587.0
3196.0 3200.0
267.0 2786.0
2713.0 933.0
2085.0 2243.0
1192.0 345.0
1919.0 232.0
4074.0 4349.0
2399.0 1481.0
890.0 93.0
2949.0 3262.0
3033.0 3073.0
1597.0 1717.0
4615.0 3351.0
834.0 2715.0
1163.0 1523.0
1870.0 650.0
1914.0 2563.0
205.0 4477.0
1853.0 4477.0
1619.0 2431.0
3484.0 4350.0
1768.0 1988.0
772.0 4020.0
1659.0 1716.0
157.0 1132.0
1656.0 2852.0
687.0 1599.0
4417.0 3200.0
3162.0 4065.0
1610.0 2709.0
4367.0 3124.0
263.0 2717.0
766.0 2188.0
3085.0 3196.0
2611.0 2869.0
2913.0 3249.0
4130.0 4477.0
1959.0 1410.0
1011.0 2738.0
3165.0 4649.0
3590.0 4083.0
4270.0 3201.0
4527.0 3324.0
4364.0 4002.0
3161.0 3175.0
2868.0 1468.0
1249.0 2155.0
1501.0 2805.0
1533.0 4477.0
2860.0 1203.0
310.0 4477.0
3088.0 4141.0
3439.0 3349.0
3922.0 3500.0
2660.0 2857.0
339.0 2854.0
3315.0 3439.0
1209.0 2726.0
123.0 516.0
47.0 1172.0
3673.0 4638.0
1323.0 846.0
1588.0 4477.0
2142.0 1503.0
222.0 185.0
2948.0 3906.0
4452.0 4438.0
2900.0 2003.0
2157.0 1605.0
19.0 26.0
4124.0 3250.0
1427.0 1051.0
3125.0 3731.0
4567.0 4477.0
208.0 1489.0
834.0 2253.0
988.0 1146.0
3197.0 4424.0
4098.0 4530.0
4259.0 3001.0
312.0 337.0
1606.0 1499.0
1877.0 1382.0
88.0 1811.0
1528.0 2226.0
3955.0 3591.0
525.0 2054.0
2391.0 2765.0
196.0 2454.0
3908.0 4477.0
301.0 4477.0
1872.0 4477.0
3143.0 3336.0
246.0 2443.0
1158.0 2445.0
3771.0 4477.0
3455.0 4156.0
3895.0 3278.0
4621.0 3217.0
4006.0 4685.0
619.0 2287.0
3628.0 4440.0
382.0 2470.0
2455.0 2320.0
2154.0 2550.0
3393.0 3490.0
75.0 1332.0
1075.0 1850.0
4544.0 4348.0
575.0 884.0
1765.0 2078.0
193.0 1462.0
373.0 2027.0
4597.0 3385.0
2923.0 3757.0
1399.0 2726.0
2635.0 1499.0
1606.0 1704.0
593.0 1633.0
401.0 2679.0
4277.0 3034.0
4563.0 4020.0
772.0 1088.0
2834.0 1013.0
79.0 992.0
833.0 2713.0
3103.0 3829.0
3165.0 4094.0
1914.0 642.0
2853.0 1565.0
2596.0 1634.0
2256.0 4477.0
4085.0 4413.0
241.0 2253.0
1432.0 4477.0
1971.0 4477.0
3577.0 4554.0
350.0 2077.0
3030.0 3642.0
2192.0 2001.0
3328.0 4215.0
3807.0 3257.0
112.0 2345.0
2314.0 4477.0
1254.0 2327.0
3412.0 4681.0
4198.0 3456.0
3357.0 3818.0
1414.0 2432.0
4324.0 4090.0
1764.0 2876.0
2255.0 1433.0
2378.0 303.0
4475.0 3684.0
1457.0 1119.0
4358.0 4455.0
1819.0 2485.0
1953.0 1451.0
2117.0 1054.0
3979.0 3451.0
1505.0 2277.0
3616.0 3843.0
2974.0 4592.0
679.0 2673.0
2256.0 1362.0
1397.0 1638.0
819.0 2725.0
732.0 262.0
2936.0 3293.0
2869.0 2420.0
3858.0 3157.0
290.0 1780.0
4308.0 4582.0
3356.0 3504.0
1885.0 2292.0
1633.0 2824.0
2593.0 499.0
2932.0 3861.0
563.0 678.0
2469.0 2742.0
1580.0 2130.0
3777.0 4235.0
237.0 4477.0
1484.0 2906.0
1735.0 3368.0
2438.0 2619.0
3082.0 3872.0
1726.0 1974.0
4291.0 3705.0
2284.0 247.0
125.0 2906.0
4380.0 4477.0
2621.0 2417.0
2360.0 1662.0
202.0 2253.0
4263.0 4596.0
833.0 4477.0
3810.0 4477.0
1415.0 300.0
2233.0 4477.0
861.0 936.0
2308.0 2740.0
2109.0 2758.0
3420.0 4526.0
628.0 2648.0
1909.0 4477.0
2847.0 4477.0
99.0 1218.0
2725.0 90.0
3331.0 3959.0
3706.0 4593.0
1381.0 4477.0
4017.0 4477.0
3141.0 4170.0
136.0 1139.0
4283.0 4477.0
2277.0 2761.0
2530.0 482.0
1358.0 1702.0
2007.0 2419.0
4390.0 3567.0
443.0 626.0
1209.0 2015.0
4671.0 3968.0
2859.0 1942.0
867.0 1310.0
3788.0 3963.0
2069.0 2477.0
3308.0 3957.0
2043.0 2297.0
3265.0 3429.0
3536.0 3674.0
337.0 2472.0
876.0 977.0
652.0 1837.0
2626.0 2655.0
812.0 2428.0
3842.0 4317.0
343.0 2664.0
3285.0 4410.0
4648.0 4095.0
1105.0 2836.0
4661.0 3570.0
3898.0 4508.0
1619.0 1236.0
3468.0 3644.0
1359.0 2157.0
108.0 992.0
3604.0 3359.0
3054.0 3723.0
2561.0 4477.0
3161.0 3955.0
1250.0 62.0
1326.0 1546.0
2167.0 1602.0
2933.0 3463.0
173.0 1749.0
344.0 1502.0
4257.0 3195.0
11.0 233.0
4028.0 3277.0
3914.0 4665.0
1035.0 2163.0
3203.0 4477.0
2505.0 2673.0
3440.0 3374.0
531.0 1157.0
3412.0 4235.0
3404.0 3424.0
4412.0 4094.0
1704.0 676.0
2111.0 1799.0
974.0 1902.0
284.0 1658.0
617.0 1886.0
47.0 190.0
2193.0 2199.0
320.0 1031.0
1941.0 606.0
513.0 2389.0
1676.0 4020.0
4366.0 3054.0
834.0 2645.0
4656.0 4477.0
617.0 2789.0
3980.0 3666.0
1369.0 2528.0
4119.0 3528.0
922.0 4477.0
3269.0 4625.0
3871.0 3503.0
544.0 1842.0
4050.0 4228.0
3691.0 4096.0
3897.0 4020.0
514.0 807.0
3982.0 4015.0
313.0 574.0
3170.0 4161.0
1059.0 2347.0
1520.0 2127.0
2748.0 1395.0
677.0 1498.0
926.0 48.0
2463.0 830.0
2411.0 288.0
4031.0 4455.0
1887.0 775.0
845.0 1478.0
505.0 1726.0
3485.0 3795.0
3167.0 3610.0
2632.0 1899.0
1201.0 1678.0
552.0 1572.0
1055.0 1456.0
330.0 1096.0
3815.0 3578.0
148.0 1793.0
2859.0 938.0
668.0 1875.0
1522.0 197.0
3458.0 4456.0
4060.0 3904.0
4228.0 3647.0
2626.0 2497.0
3224.0 3583.0
2999.0 3528.0
1119.0 2154.0
1716.0 1637.0
1301.0 2013.0
4473.0 3847.0
3567.0 3178.0
1306.0 1620.0
4377.0 4477.0
3883.0 3826.0
816.0 2507.0
138.0 264.0
270.0 2718.0
3840.0 3531.0
2015.0 1541.0
3779.0 3947.0
1610.0 1028.0
2801.0 2401.0
1087.0 1989.0
1079.0 1268.0
3887.0 3082.0
3539.0 4020.0
3831.0 3432.0
694.0 1400.0
2041.0 3029.0
1832.0 2231.0
428.0 967.0
504.0 1773.0
1312.0 3368.0
3408.0 3522.0
2379.0 2889.0
4011.0 4020.0
2266.0 4477.0
222.0 812.0
2157.0 168.0
1960.0 2629.0
2686.0 2903.0
681.0 1793.0
2376.0 1651.0
3454.0 4336.0
222.0 1538.0
3736.0 3295.0
4119.0 3381.0
3346.0 4047.0
1868.0 419.0
4022.0 4376.0
366.0 1863.0
837.0 3500.0
2567.0 1745.0
3425.0 3878.0
1657.0 1038.0
2111.0 2778.0
2807.0 903.0
1147.0 2087.0
2465.0 248.0
1404.0 1134.0
4652.0 4502.0
3887.0 3532.0
975.0 2149.0
45.0 780.0
3088.0 4484.0
4296.0 4382.0
3155.0 3657.0
4158.0 4014.0
1354.0 311.0
3438.0 4129.0
484.0 344.0
3064.0 4055.0
2145.0 2204.0
3272.0 4502.0
1823.0 153.0
4221.0 4308.0
898.0 1571.0
3954.0 4521.0
2272.0 1027.0
4201.0 4616.0
1580.0 1952.0
4538.0 4245.0
2501.0 1516.0
629.0 4477.0
2354.0 2693.0
2550.0 1464.0
3779.0 4434.0
220.0 4172.0
2206.0 1351.0
1460.0 402.0
91.0 1076.0
1875.0 2726.0
1028.0 2351.0
2721.0 598.0
3406.0 3740.0
377.0 1839.0
766.0 1368.0
313.0 4477.0
153.0 585.0
4011.0 3017.0
3021.0 3118.0
3156.0 4447.0
867.0 2332.0
3704.0 4020.0
1125.0 1619.0
3130.0 4224.0
1278.0 2573.0
2221.0 902.0
2216.0 626.0
606.0 1061.0
3532.0 3445.0
1135.0 2591.0
1479.0 2482.0
2121.0 2752.0
2196.0 2513.0
1327.0 1837.0
1165.0 2547.0
4384.0 4380.0
3054.0 3404.0
1494.0 2774.0
3984.0 3301.0
4577.0 4454.0
807.0 1736.0
3997.0 3554.0
368.0 879.0
4285.0 3739.0
926.0 2519.0
239.0 2253.0
1864.0 494.0
1432.0 1946.0
3394.0 4304.0
215.0 4477.0
4157.0 4222.0
1617.0 3147.0
859.0 1134.0
4143.0 3182.0
2134.0 2628.0
46.0 1956.0
1535.0 1684.0
4577.0 3713.0
4291.0 4018.0
3148.0 3578.0
1984.0 345.0
4191.0 4477.0
3703.0 3497.0
572.0 4477.0
4624.0 3400.0
688.0 2134.0
937.0 4477.0
3735.0 4477.0
2937.0 3191.0
4205.0 3001.0
396.0 1511.0
3160.0 4167.0
824.0 2064.0
3671.0 3001.0
304.0 2205.0
4115.0 3669.0
3378.0 3166.0
1406.0 4477.0
1226.0 1021.0
467.0 2694.0
4664.0 4299.0
2474.0 502.0
3622.0 2922.0
566.0 2897.0
3807.0 4177.0
387.0 1074.0
888.0 1726.0
3918.0 4477.0
2131.0 4477.0
1914.0 1605.0
1898.0 1482.0
2583.0 2424.0
2240.0 4477.0
3599.0 3293.0
1581.0 558.0
3567.0 4477.0
1535.0 1487.0
3613.0 3565.0
3710.0 4285.0
44.0 2228.0
464.0 2254.0
4032.0 3359.0
1171.0 4477.0
2397.0 4020.0
3462.0 4354.0
4503.0 4208.0
3733.0 4124.0
1098.0 1779.0
1957.0 1743.0
4363.0 4477.0
2725.0 4477.0
1359.0 1500.0
276.0 776.0
3635.0 3873.0
1682.0 603.0
2942.0 4365.0
1667.0 2491.0
1104.0 719.0
3439.0 4255.0
2727.0 2116.0
1649.0 2406.0
1811.0 619.0
3616.0 3637.0
2411.0 2464.0
4666.0 3034.0
4496.0 4498.0
3368.0 4123.0
156.0 2371.0
298.0 2010.0
1318.0 2399.0
3389.0 3528.0
725.0 2039.0
3112.0 3182.0
2991.0 3622.0
65.0 2331.0
3257.0 4177.0
728.0 979.0
1904.0 4477.0
4661.0 3208.0
4125.0 3618.0
4601.0 3516.0
2692.0 2710.0
3802.0 4365.0
844.0 4477.0
2066.0 4477.0
4103.0 3714.0
321.0 2200.0
2741.0 1422.0
4376.0 4460.0
4529.0 3286.0
4453.0 4365.0
3447.0 4336.0
2903.0 661.0
60.0 1115.0
3143.0 3241.0
404.0 609.0
3635.0 3063.0
3973.0 4364.0
2313.0 1599.0
1825.0 4477.0
2284.0 1980.0
3410.0 4220.0
1668.0 103.0
4215.0 3055.0
2682.0 2764.0
3884.0 4520.0
3475.0 4477.0
4395.0 4487.0
832.0 1659.0
3786.0 4397.0
2640.0 195.0
394.0 1381.0
2981.0 3510.0
1098.0 2726.0
782.0 1636.0
3586.0 4665.0
4122.0 4490.0
865.0 650.0
3041.0 4108.0
4470.0 4477.0
1127.0 1511.0
1861.0 399.0
2725.0 367.0
2126.0 846.0
967.0 62.0
1256.0 381.0
1400.0 4477.0
1679.0 1986.0
259.0 1745.0
4284.0 3608.0
2244.0 2786.0
887.0 2078.0
1865.0 1704.0
95.0 1736.0
1049.0 2559.0
1670.0 1206.0
1632.0 2786.0
107.0 2073.0
3958.0 2986.0
1111.0 1462.0
1711.0 571.0
2326.0 2400.0
3112.0 3528.0
2245.0 839.0
2055.0 1617.0
4195.0 4234.0
1633.0 143.0
415.0 4477.0
3567.0 3994.0
3523.0 4477.0
543.0 1765.0
2549.0 2022.0
265.0 2457.0
1357.0 707.0
328.0 1895.0
3254.0 4553.0
664.0 4477.0
443.0 2184.0
1390.0 2652.0
2584.0 2417.0
4069.0 4477.0
1058.0 1209.0
3036.0 3859.0
2130.0 1139.0
118.0 1524.0
3138.0 3566.0
2492.0 1529.0
3984.0 4380.0
977.0 1745.0
1437.0 2589.0
4416.0 3367.0
516.0 4477.0
3085.0 4085.0
1323.0 1796.0
214.0 2008.0
4465.0 4493.0
457.0 601.0
3927.0 2948.0
4246.0 4477.0
3124.0 3714.0
1942.0 2836.0
29.0 1617.0
4650.0 4477.0
2669.0 4477.0
968.0 2581.0
947.0 2308.0
282.0 2574.0
1430.0 2057.0
3629.0 4588.0
2925.0 3476.0
3085.0 3609.0
536.0 1827.0
3062.0 3169.0
3032.0 3189.0
4273.0 4409.0
662.0 4477.0
2345.0 1683.0
1546.0 2303.0
2982.0 4225.0
3526.0 4604.0
1645.0 1889.0
2388.0 11.0
87.0 703.0
1983.0 2190.0
4122.0 4262.0
3055.0 3762.0
1172.0 454.0
1958.0 2508.0
2880.0 1339.0
575.0 2890.0
376.0 2667.0
4132.0 4264.0
3784.0 4516.0
3553.0 3385.0
282.0 283.0
3964.0 3158.0
3447.0 4053.0
4129.0 3086.0
3335.0 4341.0
363.0 1995.0
1254.0 2391.0
1073.0 1842.0
2981.0 3306.0
229.0 4550.0
1228.0 4020.0
2917.0 3637.0
1673.0 2606.0
2644.0 2087.0
4202.0 3208.0
1682.0 2184.0
4334.0 4229.0
3111.0 4539.0
1582.0 1855.0
4405.0 4138.0
1875.0 2205.0
2871.0 2635.0
291.0 1819.0
30.0 2255.0
1117.0 2316.0
2951.0 3924.0
1900.0 2308.0
3078.0 4309.0
106.0 4477.0
113.0 1711.0
442.0 2906.0
1591.0 770.0
1067.0 253.0
801.0 2341.0
2163.0 1103.0
786.0 2792.0
4151.0 4479.0
947.0 2852.0
2331.0 2525.0
4658.0 4333.0
1760.0 1829.0
1285.0 468.0
4125.0 4164.0
669.0 782.0
274.0 2576.0
3163.0 4312.0
1359.0 1268.0
1065.0 1208.0
369.0 2325.0
2459.0 1278.0
4454.0 4502.0
1412.0 1207.0
2223.0 2726.0
4138.0 4480.0
3546.0 4400.0
1312.0 2383.0
1882.0 2212.0
865.0 1436.0
1670.0 1852.0
2117.0 170.0
987.0 2619.0
1366.0 4477.0
3678.0 3935.0
898.0 1146.0
1034.0 1143.0
4417.0 4582.0
2658.0 2808.0
91.0 153.0
312.0 2244.0
1668.0 853.0
4575.0 4135.0
1302.0 1980.0
3057.0 4070.0
1982.0 2605.0
4475.0 3014.0
4258.0 3587.0
1711.0 2516.0
114.0 1144.0
975.0 2576.0
2126.0 2575.0
805.0 1020.0
407.0 1311.0
3079.0 4161.0
2376.0 2650.0
1337.0 713.0
3681.0 3297.0
1431.0 2645.0
880.0 2570.0
1900.0 4477.0
4068.0 3113.0
1060.0 1351.0
3454.0 3111.0
1994.0 626.0
200.0 1176.0
674.0 682.0
4255.0 4191.0
2334.0 1377.0
2696.0 4477.0
1472.0 312.0
4077.0 4085.0
2276.0 545.0
747.0 2410.0
4592.0 3381.0
179.0 1157.0
156.0 2150.0
3152.0 4154.0
58.0 2466.0
3273.0 4181.0
180.0 4477.0
1673.0 2764.0
472.0 2416.0
1110.0 1679.0
653.0 1855.0
3624.0 4477.0
3625.0 4515.0
2284.0 2667.0
2822.0 312.0
2881.0 1830.0
3665.0 4649.0
3744.0 3309.0
532.0 2270.0
3786.0 4146.0
4055.0 4638.0
968.0 289.0
2960.0 3528.0
3357.0 4010.0
1390.0 48.0
1597.0 2444.0
2089.0 2207.0
2832.0 1121.0
3693.0 1822.0
3433.0 4480.0
4013.0 3750.0
163.0 2631.0
240.0 2294.0
668.0 2457.0
3290.0 4253.0
1404.0 2641.0
1073.0 935.0
588.0 725.0
234.0 1620.0
3113.0 3567.0
1994.0 2287.0
668.0 2223.0
824.0 2850.0
3115.0 3241.0
2658.0 2264.0
1897.0 2001.0
166.0 2152.0
2559.0 4477.0
2691.0 1286.0
139.0 4020.0
1309.0 1100.0
320.0 1639.0
1388.0 1038.0
3414.0 4661.0
4471.0 4477.0
4291.0 3335.0
3348.0 4208.0
4151.0 3297.0
510.0 2839.0
3459.0 4477.0
1654.0 1492.0
1216.0 1362.0
2835.0 165.0
1640.0 2308.0
947.0 846.0
4069.0 4156.0
3807.0 3726.0
461.0 981.0
1376.0 1337.0
3933.0 4502.0
3246.0 4508.0
1741.0 2677.0
824.0 2691.0
2928.0 3104.0
2562.0 1485.0
3386.0 4065.0
3956.0 3541.0
838.0 557.0
2490.0 2042.0
3639.0 4105.0
1557.0 1081.0
2075.0 2524.0
398.0 2235.0
3085.0 3705.0
143.0 1510.0
1666.0 2777.0
1149.0 1791.0
3033.0 4157.0
2961.0 4519.0
3623.0 4041.0
3887.0 3232.0
2378.0 2401.0
44.0 1300.0
1588.0 1106.0
2365.0 1934.0
3861.0 3821.0
2509.0 2855.0
2678.0 288.0
772.0 1035.0
1149.0 1081.0
2744.0 2755.0
2339.0 3029.0
3927.0 4351.0
2471.0 1506.0
3536.0 4640.0
54.0 768.0
2582.0 4477.0
3252.0 3258.0
823.0 980.0
4555.0 4477.0
2887.0 1921.0
3168.0 4602.0
4028.0 4391.0
2455.0 78.0
644.0 2412.0
501.0 2330.0
3078.0 3196.0
576.0 1462.0
3016.0 4477.0
2202.0 392.0
1281.0 1015.0
3812.0 3809.0
1416.0 848.0
354.0 303.0
3432.0 3434.0
2995.0 3570.0
3112.0 3292.0
2317.0 502.0
1390.0 1669.0
3626.0 3276.0
3705.0 3994.0
1659.0 1142.0
3779.0 2981.0
3809.0 3014.0
152.0 1154.0
1487.0 2505.0
693.0 2479.0
3534.0 3389.0
3368.0 4345.0
3307.0 3318.0
1308.0 97.0
2610.0 424.0
4004.0 4628.0
4307.0 3692.0
128.0 1222.0
503.0 1563.0
702.0 2700.0
620.0 119.0
716.0 1609.0
3305.0 2926.0
1723.0 2628.0
231.0 2733.0
4179.0 3355.0
3126.0 2955.0
3011.0 4092.0
3383.0 4645.0
1358.0 2417.0
3616.0 4318.0
988.0 2631.0
4189.0 3280.0
897.0 4437.0
3336.0 3422.0
3111.0 4186.0
3194.0 4213.0
1335.0 4477.0
1064.0 2819.0
3332.0 3656.0
1866.0 243.0
2035.0 186.0
992.0 1027.0
2403.0 2314.0
3739.0 4298.0
3580.0 3412.0
259.0 524.0
1721.0 153.0
4622.0 4079.0
2554.0 1407.0
3283.0 4622.0
729.0 2483.0
686.0 1042.0
4340.0 3486.0
2679.0 765.0
3064.0 3243.0
400.0 2391.0
4255.0 4006.0
1710.0 1365.0
4389.0 4454.0
2906.0 2410.0
3442.0 4061.0
2430.0 664.0
3148.0 3311.0
2497.0 3240.0
2985.0 2972.0
1417.0 1279.0
2246.0 500.0
1181.0 4020.0
1022.0 2425.0
1465.0 1141.0
1624.0 1863.0
2952.0 3647.0
4380.0 4207.0
2826.0 4477.0
375.0 4477.0
123.0 256.0
3112.0 4216.0
1491.0 1676.0
3859.0 4083.0
1267.0 1538.0
698.0 1112.0
4009.0 3172.0
4318.0 4477.0
3484.0 4420.0
3420.0 3784.0
2565.0 1871.0
2215.0 2808.0
2767.0 431.0
391.0 1804.0
1661.0 1868.0
4425.0 4188.0
768.0 1267.0
425.0 1642.0
2972.0 4553.0
1187.0 2367.0
2996.0 3497.0
3939.0 3547.0
3136.0 4632.0
3723.0 3630.0
2733.0 800.0
564.0 1779.0
1035.0 2498.0
2927.0 4679.0
2905.0 2697.0
2952.0 4020.0
2112.0 2546.0
2085.0 1767.0
3483.0 3089.0
1660.0 1286.0
4081.0 4020.0
2065.0 4477.0
145.0 2405.0
3298.0 4108.0
297.0 861.0
2530.0 1062.0
4454.0 4072.0
2148.0 1876.0
1364.0 1581.0
4501.0 3204.0
750.0 985.0
4545.0 4460.0
3425.0 4069.0
240.0 2578.0
600.0 361.0
1089.0 1103.0
2098.0 1231.0
1025.0 981.0
2261.0 2695.0
1437.0 2595.0
265.0 1112.0
401.0 2347.0
3564.0 3650.0
4635.0 4510.0
2635.0 1907.0
3219.0 3843.0
1250.0 967.0
34.0 1620.0
1806.0 4477.0
3389.0 4477.0
202.0 678.0
3889.0 4259.0
1178.0 1346.0
3948.0 4096.0
4238.0 4175.0
3172.0 4517.0
3435.0 4101.0
3005.0 3003.0
3798.0 4271.0
1378.0 1946.0
4603.0 4477.0
3929.0 4589.0
3798.0 3595.0
2558.0 2761.0
1549.0 2332.0
3396.0 4477.0
962.0 2239.0
4119.0 3335.0
3030.0 3404.0
3335.0 3528.0
2479.0 4477.0
4134.0 3528.0
2482.0 4477.0
1211.0 2025.0
3166.0 4147.0
429.0 2417.0
2173.0 2347.0
2635.0 2405.0
3778.0 4684.0
1415.0 902.0
1860.0 446.0
3408.0 4502.0
1883.0 1980.0
334.0 825.0
4484.0 3213.0
306.0 400.0
784.0 1995.0
2525.0 985.0
3043.0 4549.0
356.0 2121.0
236.0 2713.0
4279.0 4626.0
215.0 492.0
1104.0 2031.0
1825.0 1736.0
1598.0 2478.0
2924.0 4246.0
93.0 2256.0
762.0 1081.0
3598.0 3873.0
712.0 2726.0
1058.0 1541.0
1353.0 922.0
739.0 1741.0
319.0 2320.0
1364.0 1941.0
1170.0 2177.0
3868.0 4227.0
384.0 2205.0
4050.0 4020.0
2145.0 1155.0
940.0 325.0
3258.0 3987.0
4131.0 4202.0
3176.0 4575.0
1820.0 546.0
2216.0 1349.0
3208.0 4118.0
1392.0 2362.0
3270.0 3860.0
3289.0 3434.0
2731.0 1745.0
3368.0 3214.0
3601.0 3354.0
2972.0 4418.0
2318.0 1322.0
1402.0 2604.0
335.0 1322.0
3237.0 4477.0
3976.0 4201.0
429.0 743.0
3429.0 4020.0
2413.0 119.0
2444.0 1221.0
142.0 282.0
123.0 2145.0
3739.0 3931.0
2665.0 2733.0
4466.0 3029.0
4539.0 3421.0
615.0 635.0
668.0 2006.0
408.0 1942.0
416.0 1284.0
1350.0 2664.0
1172.0 1390.0
2359.0 4477.0
295.0 2639.0
273.0 502.0
2320.0 2040.0
2970.0 3730.0
1901.0 2127.0
489.0 1208.0
3139.0 3055.0
3873.0 3203.0
4468.0 3262.0
955.0 2818.0
345.0 1553.0
2733.0 4477.0
1162.0 1649.0
743.0 1284.0
286.0 1041.0
509.0 1505.0
4104.0 4477.0
3690.0 4656.0
1311.0 4477.0
1356.0 2150.0
842.0 1367.0
1661.0 694.0
1437.0 722.0
334.0 844.0
2936.0 4564.0
3043.0 4399.0
287.0 1989.0
3304.0 3955.0
2296.0 2012.0
2916.0 4201.0
4122.0 3524.0
47.0 1118.0
2564.0 4020.0
2595.0 4477.0
1140.0 2531.0
2630.0 1091.0
1878.0 2327.0
953.0 2227.0
2408.0 4020.0
2201.0 1451.0
3283.0 4497.0
1112.0 1310.0
3698.0 3974.0
2221.0 2891.0
1388.0 1054.0
3779.0 3088.0
2083.0 2407.0
770.0 454.0
1581.0 2491.0
3870.0 3347.0
387.0 2253.0
4389.0 4526.0
2184.0 2420.0
1751.0 1868.0
465.0 1303.0
2930.0 4538.0
3718.0 3795.0
4577.0 4300.0
1581.0 827.0
2546.0 2207.0
457.0 1876.0
1557.0 1633.0
2667.0 2116.0
3731.0 4058.0
4661.0 4673.0
1642.0 1365.0
4240.0 3637.0
1985.0 2158.0
3147.0 4477.0
3822.0 4300.0
449.0 626.0
2824.0 470.0
2917.0 4448.0
97.0 1869.0
2652.0 2902.0
1117.0 919.0
3854.0 4020.0
3555.0 4225.0
3719.0 3568.0
3057.0 4002.0
662.0 1121.0
463.0 1578.0
4151.0 3670.0
357.0 2479.0
4483.0 4502.0
4540.0 4188.0
785.0 4020.0
1090.0 2850.0
4571.0 3923.0
785.0 3212.0
408.0 413.0
4627.0 3228.0
244.0 4477.0
2658.0 2424.0
1594.0 839.0
2771.0 532.0
1174.0 4477.0
69.0 384.0
3124.0 3753.0
2657.0 2374.0
1028.0 853.0
3587.0 3731.0
1545.0 2479.0
2951.0 4174.0
2100.0 554.0
1582.0 2682.0
2145.0 502.0
4464.0 3582.0
2704.0 1601.0
404.0 1140.0
688.0 2243.0
4483.0 4220.0
1072.0 2497.0
2418.0 2858.0
4039.0 3400.0
3939.0 3941.0
3720.0 4428.0
3978.0 3394.0
2666.0 1141.0
3214.0 3347.0
3058.0 4612.0
3855.0 4065.0
2668.0 867.0
2166.0 877.0
3517.0 3949.0
3196.0 3117.0
3245.0 1331.0
3205.0 4228.0
1811.0 312.0
963.0 1339.0
948.0 1970.0
396.0 1018.0
2551.0 613.0
468.0 585.0
1869.0 470.0
4579.0 3574.0
4642.0 3001.0
2928.0 3859.0
1982.0 2135.0
3161.0 3113.0
2991.0 4539.0
3576.0 4126.0
154.0 959.0
2445.0 844.0
3630.0 3325.0
513.0 560.0
788.0 1421.0
3523.0 4238.0
850.0 2421.0
4249.0 4440.0
3012.0 3764.0
1976.0 4477.0
2587.0 1605.0
2847.0 1407.0
1421.0 4477.0
2596.0 2401.0
3166.0 4018.0
2382.0 1589.0
877.0 4437.0
507.0 2078.0
2248.0 2605.0
3936.0 3963.0
2463.0 2447.0
2835.0 2024.0
478.0 2581.0
4027.0 4128.0
1058.0 1253.0
688.0 2507.0
2229.0 4477.0
1163.0 1608.0
2030.0 2071.0
71.0 198.0
442.0 775.0
3425.0 4431.0
3134.0 4361.0
129.0 2299.0
2684.0 2056.0
1507.0 797.0
2179.0 907.0
4677.0 4502.0
4257.0 4477.0
4068.0 4094.0
2150.0 1743.0
42.0 4477.0
2916.0 4382.0
3775.0 4495.0
3862.0 3906.0
1276.0 2827.0
3536.0 3630.0
581.0 1692.0
686.0 1022.0
951.0 2478.0
704.0 2253.0
833.0 2003.0
3461.0 4531.0
3980.0 4626.0
333.0 689.0
2248.0 1910.0
484.0 57.0
3389.0 4203.0
642.0 2008.0
930.0 4477.0
1281.0 1470.0
333.0 765.0
324.0 839.0
373.0 2087.0
3214.0 4342.0
16.0 4477.0
91.0 973.0
123.0 1437.0
504.0 1743.0
142.0 400.0
375.0 4020.0
334.0 1322.0
678.0 2386.0
826.0 1616.0
1295.0 2382.0
3687.0 4020.0
3490.0 3308.0
2145.0 1436.0
1856.0 2878.0
3319.0 4020.0
3948.0 3483.0
732.0 2107.0
3309.0 3581.0
576.0 2179.0
1390.0 666.0
894.0 4477.0
1582.0 1660.0
1638.0 1931.0
4111.0 4157.0
2320.0 2027.0
3260.0 3492.0
2476.0 660.0
2189.0 1889.0
12.0 1980.0
3428.0 4477.0
819.0 2672.0
880.0 1273.0
56.0 1493.0
2379.0 1125.0
717.0 252.0
1627.0 2597.0
3719.0 4020.0
3944.0 4560.0
66.0 4020.0
2582.0 1121.0
929.0 869.0
742.0 179.0
3205.0 3568.0
3014.0 4617.0
1208.0 1279.0
3832.0 4477.0
3001.0 3824.0
1615.0 2817.0
1447.0 4477.0
1769.0 240.0
3808.0 4208.0
2032.0 1727.0
4675.0 3494.0
477.0 2903.0
2667.0 262.0
1933.0 1710.0
2360.0 1073.0
320.0 2694.0
2385.0 4020.0
2388.0 959.0
689.0 2679.0
3723.0 3850.0
962.0 179.0
3929.0 3228.0
529.0 869.0
2429.0 2329.0
1193.0 2877.0
2921.0 3476.0
2982.0 3442.0
3912.0 3917.0
2357.0 1289.0
110.0 1582.0
433.0 1878.0
4592.0 4637.0
3298.0 3178.0
2243.0 2367.0
2360.0 393.0
279.0 2575.0
266.0 928.0
1964.0 334.0
1858.0 1503.0
2547.0 1462.0
4275.0 3209.0
582.0 2544.0
2506.0 1100.0
3796.0 2993.0
1303.0 4477.0
421.0 1162.0
1485.0 2042.0
4577.0 4502.0
85.0 601.0
585.0 1351.0
807.0 831.0
889.0 1604.0
3335.0 3824.0
1134.0 78.0
722.0 2297.0
1721.0 2116.0
2035.0 1931.0
1289.0 346.0
1586.0 1561.0
2447.0 2032.0
3025.0 3746.0
3689.0 3472.0
2668.0 626.0
1698.0 587.0
1581.0 4477.0
504.0 1947.0
1350.0 2711.0
4022.0 4101.0
2190.0 1924.0
3274.0 3272.0
287.0 2849.0
12.0 1302.0
525.0 1731.0
2789.0 623.0
4099.0 4500.0
3802.0 3829.0
4614.0 3251.0
1933.0 713.0
4383.0 2997.0
2786.0 4477.0
2947.0 4663.0
727.0 4477.0
3267.0 4503.0
4505.0 2944.0
1086.0 1587.0
881.0 950.0
535.0 1284.0
4582.0 3541.0
2761.0 2774.0
1762.0 2195.0
1827.0 1284.0
1733.0 4477.0
1188.0 874.0
1266.0 2096.0
3135.0 4477.0
2228.0 1497.0
2623.0 247.0
3680.0 3203.0
497.0 2687.0
3786.0 3637.0
3156.0 3309.0
1039.0 630.0
3307.0 3789.0
3889.0 3132.0
1127.0 2326.0
971.0 1501.0
93.0 487.0
461.0 1638.0
3894.0 4477.0
2283.0 1499.0
32.0 2860.0
3284.0 4651.0
3674.0 3873.0
4682.0 4065.0
2771.0 2203.0
1693.0 839.0
856.0 102.0
3916.0 4197.0
3779.0 3807.0
1086.0 4020.0
876.0 650.0
200.0 2434.0
3833.0 4569.0
2440.0 781.0
3578.0 3216.0
3123.0 2972.0
3670.0 4250.0
889.0 4020.0
1623.0 2774.0
2404.0 672.0
175.0 1208.0
2025.0 2764.0
1393.0 94.0
3229.0 3449.0
4202.0 3965.0
2408.0 4477.0
2405.0 4477.0
761.0 1952.0
369.0 1438.0
3484.0 3584.0
1068.0 1659.0
2704.0 3368.0
421.0 1768.0
3127.0 4477.0
256.0 2382.0
773.0 4477.0
729.0 2227.0
775.0 1903.0
1234.0 2571.0
3027.0 3258.0
1076.0 1529.0
1948.0 454.0
1369.0 2448.0
822.0 1560.0
543.0 1476.0
1247.0 413.0
3749.0 4554.0
971.0 2279.0
1098.0 1065.0
1687.0 502.0
1205.0 2497.0
3576.0 4094.0
194.0 2411.0
3011.0 3795.0
1020.0 1697.0
2505.0 1518.0
170.0 2081.0
1363.0 2784.0
3457.0 3200.0
4558.0 3762.0
309.0 2682.0
1308.0 2302.0
3279.0 4310.0
415.0 1693.0
3563.0 4285.0
4395.0 3200.0
3320.0 4460.0
258.0 4477.0
2549.0 1007.0
2592.0 713.0
947.0 574.0
3123.0 3653.0
1940.0 1732.0
3439.0 3768.0
3140.0 4327.0
2450.0 2867.0
3014.0 3714.0
1263.0 869.0
3082.0 4656.0
834.0 955.0
3047.0 4337.0
3274.0 4088.0
3232.0 4637.0
642.0 2563.0
1408.0 2796.0
4478.0 4540.0
2725.0 1139.0
1507.0 1018.0
593.0 2401.0
1460.0 431.0
1532.0 1102.0
619.0 2235.0
282.0 1567.0
1559.0 2425.0
2635.0 744.0
2359.0 2742.0
4522.0 4446.0
4591.0 4096.0
2501.0 2749.0
637.0 2839.0
1392.0 4477.0
4329.0 3688.0
2784.0 4477.0
2174.0 2320.0
4642.0 4477.0
671.0 4477.0
4401.0 4083.0
3395.0 4111.0
3777.0 3157.0
4478.0 3770.0
2313.0 1709.0
3269.0 4308.0
4329.0 4414.0
1512.0 1864.0
3538.0 3919.0
1700.0 1634.0
2247.0 185.0
1582.0 32.0
142.0 2106.0
1811.0 2611.0
4530.0 3350.0
263.0 581.0
4054.0 4457.0
932.0 3423.0
4131.0 4448.0
3005.0 3939.0
1656.0 1159.0
2532.0 766.0
822.0 2376.0
29.0 2789.0
931.0 4477.0
390.0 1203.0
114.0 865.0
3189.0 4344.0
1199.0 172.0
3971.0 3621.0
3606.0 3912.0
48.0 2196.0
461.0 2491.0
3766.0 4336.0
3230.0 4477.0
1535.0 1904.0
1429.0 2762.0
2784.0 1946.0
321.0 1749.0
578.0 1462.0
75.0 3431.0
1444.0 1263.0
2007.0 1692.0
176.0 1450.0
3316.0 3477.0
3634.0 4672.0
4407.0 3582.0
3668.0 3390.0
3517.0 4576.0
1144.0 1437.0
144.0 4477.0
783.0 1028.0
1600.0 3377.0
95.0 1967.0
2584.0 2377.0
4606.0 4139.0
2273.0 1365.0
1318.0 2873.0
892.0 1560.0
3665.0 4440.0
3728.0 4353.0
1350.0 976.0
2685.0 2891.0
3336.0 4528.0
1989.0 1489.0
2868.0 1642.0
3940.0 4309.0
3035.0 3243.0
2685.0 1145.0
3720.0 4670.0
3005.0 4011.0
620.0 4477.0
4441.0 4346.0
4324.0 3945.0
3887.0 3531.0
2200.0 2204.0
428.0 2562.0
1431.0 752.0
474.0 2653.0
4381.0 4477.0
3546.0 3424.0
3733.0 4002.0
4494.0 4477.0
233.0 1905.0
4659.0 3776.0
1422.0 606.0
67.0 1121.0
1138.0 1740.0
391.0 2330.0
3602.0 3791.0
1310.0 2347.0
1039.0 204.0
2196.0 1066.0
565.0 1676.0
2376.0 2877.0
1756.0 1772.0
3563.0 4171.0
1353.0 2884.0
2071.0 3599.0
3117.0 4139.0
4010.0 3970.0
3403.0 4575.0
76.0 126.0
2319.0 554.0
1942.0 745.0
1749.0 2317.0
2006.0 1159.0
2431.0 1943.0
4029.0 4020.0
1628.0 4477.0
4015.0 2957.0
1327.0 153.0
3942.0 4089.0
2887.0 1868.0
1276.0 585.0
204.0 2253.0
4635.0 3745.0
2071.0 2609.0
3535.0 4255.0
267.0 2249.0
159.0 2398.0
1246.0 2356.0
906.0 2520.0
537.0 404.0
2611.0 2762.0
1982.0 4477.0
3686.0 4354.0
3783.0 4477.0
1781.0 1377.0
3215.0 3393.0
2691.0 1952.0
3466.0 4213.0
3447.0 4477.0
3795.0 4132.0
2961.0 3630.0
3198.0 3065.0
2634.0 1899.0
440.0 1445.0
4176.0 4223.0
3752.0 3661.0
1002.0 2004.0
1063.0 1401.0
4338.0 4640.0
3841.0 4020.0
686.0 4477.0
1781.0 1853.0
748.0 2215.0
1798.0 2235.0
507.0 2040.0
2479.0 1737.0
1022.0 2381.0
3497.0 4249.0
3683.0 3567.0
2890.0 502.0
3605.0 4020.0
693.0 1878.0
947.0 1021.0
1353.0 1624.0
1472.0 114.0
2707.0 2713.0
2924.0 4249.0
1006.0 1165.0
1039.0 2203.0
1952.0 1142.0
4151.0 3944.0
1763.0 757.0
342.0 2635.0
2591.0 2640.0
1258.0 4477.0
4257.0 4484.0
2923.0 2957.0
169.0 2263.0
168.0 2524.0
4335.0 3565.0
2373.0 2311.0
2412.0 1404.0
3225.0 4297.0
100.0 200.0
2387.0 1169.0
3297.0 4085.0
462.0 2278.0
2805.0 381.0
2235.0 1492.0
2973.0 4477.0
3843.0 3879.0
123.0 725.0
794.0 428.0
729.0 44.0
445.0 1369.0
1986.0 2760.0
3556.0 4396.0
264.0 4477.0
4583.0 4477.0
4151.0 4300.0
2378.0 2054.0
13.0 2027.0
4133.0 3035.0
1773.0 2508.0
1542.0 761.0
3840.0 3280.0
3063.0 4349.0
3002.0 3182.0
4625.0 3096.0
535.0 2839.0
3320.0 3132.0
4131.0 4477.0
771.0 2145.0
3947.0 4316.0
3742.0 3377.0
1262.0 1190.0
1369.0 2429.0
1798.0 1170.0
1458.0 1642.0
3047.0 4003.0
3372.0 3893.0
481.0 1955.0
1205.0 178.0
2430.0 437.0
286.0 2534.0
2923.0 4023.0
2365.0 2223.0
2302.0 2384.0
1511.0 1884.0
136.0 2664.0
4103.0 4574.0
3770.0 4618.0
95.0 1242.0
3844.0 4096.0
4452.0 3362.0
4135.0 3780.0
1792.0 2528.0
3310.0 4118.0
2333.0 1997.0
982.0 2293.0
3094.0 3227.0
1289.0 2570.0
2696.0 2731.0
2818.0 2433.0
2777.0 1591.0
26.0 147.0
3088.0 3947.0
3495.0 4186.0
3019.0 3185.0
183.0 844.0
3447.0 3753.0
520.0 1413.0
78.0 1745.0
2509.0 1695.0
3748.0 3296.0
4391.0 3549.0
90.0 2691.0
1460.0 243.0
4201.0 4173.0
4504.0 3561.0
2727.0 1011.0
978.0 2781.0
4235.0 4477.0
4145.0 4020.0
1255.0 2794.0
2478.0 1631.0
3775.0 3504.0
1875.0 264.0
2564.0 1206.0
2914.0 3291.0
4041.0 3669.0
2455.0 4477.0
4012.0 3345.0
4152.0 4537.0
3980.0 4279.0
2517.0 2042.0
1066.0 454.0
3846.0 3498.0
1147.0 2205.0
3606.0 3784.0
1465.0 23.0
1948.0 251.0
4087.0 4678.0
364.0 2595.0
1573.0 2417.0
3336.0 3207.0
3475.0 3703.0
2077.0 4477.0
3134.0 3165.0
588.0 2669.0
2456.0 2565.0
2283.0 4477.0
2104.0 2179.0
1039.0 1128.0
129.0 1340.0
1053.0 2197.0
175.0 2726.0
1178.0 1412.0
1172.0 2048.0
1200.0 3013.0
2540.0 720.0
2439.0 1768.0
4497.0 3621.0
4144.0 3847.0
1195.0 367.0
3069.0 4125.0
3269.0 3956.0
1796.0 4502.0
980.0 1764.0
4318.0 3846.0
1855.0 2135.0
3463.0 3223.0
3941.0 3968.0
831.0 1421.0
265.0 1437.0
1902.0 770.0
10.0 2774.0
4614.0 4271.0
1404.0 4477.0
352.0 376.0
916.0 4477.0
2412.0 262.0
3959.0 4627.0
4606.0 3132.0
1180.0 2762.0
3943.0 3510.0
4104.0 4067.0
4608.0 4502.0
284.0 2046.0
2811.0 1485.0
3017.0 4099.0
2812.0 97.0
2035.0 1905.0
2063.0 1470.0
1505.0 1573.0
1446.0 494.0
321.0 264.0
452.0 2274.0
4017.0 3341.0
4255.0 4231.0
3162.0 3454.0
388.0 1848.0
708.0 1031.0
3913.0 4201.0
1327.0 351.0
4588.0 3119.0
3600.0 4656.0
593.0 1073.0
2276.0 2214.0
4657.0 4315.0
496.0 2461.0
2271.0 2528.0
2945.0 4464.0
2972.0 4006.0
3895.0 4477.0
4496.0 3001.0
3767.0 4363.0
2818.0 361.0
4315.0 3032.0
2365.0 1098.0
2079.0 2588.0
4464.0 4462.0
986.0 1507.0
3550.0 4469.0
2834.0 1896.0
348.0 554.0
2973.0 4670.0
422.0 1085.0
4608.0 3903.0
604.0 2194.0
741.0 366.0
3315.0 4477.0
3528.0 3904.0
3673.0 3035.0
2347.0 650.0
2382.0 2642.0
1582.0 1903.0
485.0 1101.0
873.0 1487.0
1444.0 976.0
3775.0 4208.0
3315.0 4607.0
2048.0 454.0
58.0 1889.0
3604.0 3825.0
3098.0 3982.0
1507.0 1900.0
3798.0 3950.0
370.0 1679.0
1504.0 2451.0
2192.0 1317.0
3161.0 4469.0
3578.0 3650.0
1639.0 1745.0
3368.0 3755.0
2395.0 722.0
413.0 728.0
4238.0 3340.0
1154.0 4477.0
407.0 1297.0
4443.0 4020.0
4443.0 4477.0
4026.0 4378.0
129.0 416.0
2972.0 4685.0
4428.0 3784.0
3160.0 4511.0
1392.0 454.0
2360.0 2596.0
4058.0 3570.0
163.0 1571.0
1295.0 4477.0
1376.0 2802.0
3664.0 4477.0
1457.0 2066.0
321.0 2317.0
2523.0 1057.0
2388.0 1531.0
754.0 1279.0
1060.0 1410.0
2028.0 2496.0
3482.0 3617.0
4241.0 3795.0
3142.0 4090.0
912.0 3029.0
577.0 2451.0
2249.0 2382.0
3435.0 4477.0
1863.0 1745.0
4503.0 4649.0
4442.0 3821.0
3510.0 4257.0
4547.0 3272.0
1187.0 120.0
3370.0 4250.0
1393.0 4477.0
4684.0 3653.0
3447.0 3768.0
917.0 1478.0
4263.0 3189.0
628.0 2168.0
3137.0 3043.0
1193.0 2145.0
3067.0 4477.0
4453.0 3726.0
290.0 1338.0
3558.0 3719.0
2412.0 2280.0
1841.0 1529.0
166.0 589.0
2892.0 2726.0
3510.0 3939.0
1174.0 1284.0
4390.0 4599.0
3510.0 3232.0
898.0 1224.0
1303.0 2327.0
1356.0 1567.0
1378.0 482.0
3746.0 3811.0
3320.0 4024.0
1690.0 1745.0
2368.0 1066.0
3596.0 4075.0
876.0 1436.0
2729.0 1727.0
2766.0 651.0
248.0 1208.0
4166.0 4627.0
306.0 2048.0
3328.0 3672.0
3868.0 3209.0
2875.0 2253.0
2726.0 1934.0
4474.0 4129.0
962.0 1962.0
356.0 1812.0
2196.0 213.0
4291.0 4438.0
3394.0 3654.0
3113.0 3705.0
2258.0 2056.0
2734.0 731.0
285.0 165.0
2596.0 454.0
238.0 1914.0
3915.0 4556.0
87.0 1651.0
2678.0 4020.0
2047.0 607.0
1382.0 2786.0
1636.0 2351.0
1876.0 4477.0
4203.0 3385.0
3363.0 4310.0
539.0 2103.0
475.0 1967.0
3657.0 3029.0
2931.0 4393.0
1299.0 2825.0
1022.0 1808.0
2132.0 956.0
4600.0 3611.0
3986.0 3377.0
635.0 1817.0
3015.0 3080.0
2462.0 498.0
3175.0 4390.0
2272.0 1294.0
184.0 2575.0
468.0 2094.0
387.0 1532.0
159.0 1238.0
526.0 1855.0
4037.0 3157.0
4530.0 4271.0
3012.0 3734.0
4060.0 4526.0
2829.0 1893.0
733.0 1391.0
147.0 1538.0
3947.0 4020.0
44.0 2322.0
1860.0 2487.0
4629.0 4322.0
3575.0 4074.0
1170.0 1146.0
926.0 1330.0
2165.0 1301.0
3528.0 3194.0
1869.0 236.0
1326.0 225.0
4655.0 3926.0
2096.0 132.0
835.0 2087.0
709.0 1658.0
880.0 2029.0
554.0 2010.0
2336.0 2655.0
865.0 284.0
225.0 2417.0
4421.0 4547.0
165.0 2447.0
3940.0 4480.0
993.0 4477.0
1788.0 2019.0
4011.0 4443.0
1037.0 2239.0
2393.0 3147.0
3116.0 4606.0
1375.0 1281.0
1752.0 2726.0
2131.0 2205.0
1310.0 2679.0
3156.0 4112.0
2627.0 2703.0
3601.0 4637.0
1132.0 2896.0
3844.0 3154.0
1774.0 839.0
4625.0 3541.0
3592.0 4020.0
3982.0 3768.0
3253.0 4495.0
3396.0 3904.0
2857.0 243.0
312.0 2869.0
891.0 2715.0
2007.0 1284.0
1523.0 431.0
2151.0 182.0
2078.0 4477.0
1557.0 2777.0
3779.0 4141.0
95.0 2402.0
1441.0 1605.0
819.0 824.0
3840.0 3601.0
901.0 2085.0
707.0 2146.0
2994.0 3340.0
1825.0 1844.0
3376.0 3516.0
3191.0 4308.0
4438.0 4480.0
3489.0 4246.0
2928.0 3711.0
2935.0 3397.0
2822.0 1044.0
2343.0 813.0
3403.0 3341.0
3450.0 3173.0
1825.0 1231.0
4644.0 3715.0
1670.0 2273.0
1770.0 4477.0
4026.0 4648.0
2284.0 102.0
625.0 2267.0
1513.0 4477.0
3463.0 4560.0
29.0 1828.0
4122.0 3098.0
3995.0 3189.0
29.0 162.0
4186.0 4393.0
2981.0 4316.0
4113.0 4261.0
132.0 2362.0
615.0 325.0
1578.0 1789.0
1959.0 2551.0
3439.0 4490.0
3301.0 3284.0
2525.0 236.0
535.0 1373.0
148.0 557.0
739.0 1355.0
163.0 1492.0
122.0 2205.0
3655.0 4477.0
2596.0 358.0
791.0 4020.0
2534.0 2167.0
2514.0 502.0
2722.0 1881.0
2492.0 4477.0
92.0 616.0
3301.0 4082.0
2960.0 3372.0
4267.0 3180.0
4588.0 3554.0
2277.0 1339.0
1535.0 1948.0
2866.0 902.0
2576.0 482.0
95.0 2672.0
2827.0 2805.0
1164.0 2027.0
3447.0 3483.0
3638.0 3695.0
1888.0 2759.0
81.0 2253.0
403.0 1522.0
163.0 945.0
333.0 1170.0
2145.0 2877.0
409.0 404.0
470.0 631.0
279.0 1733.0
2363.0 222.0
1000.0 1346.0
3328.0 4110.0
2718.0 800.0
3959.0 4018.0
3172.0 3578.0
2549.0 1743.0
4459.0 4380.0
773.0 965.0
320.0 2567.0
1174.0 1214.0
380.0 2870.0
3160.0 4073.0
3448.0 3315.0
3368.0 3802.0
152.0 809.0
3611.0 3337.0
4474.0 4477.0
3678.0 4020.0
2953.0 4520.0
85.0 2682.0
256.0 4477.0
4664.0 4559.0
622.0 2300.0
1780.0 1338.0
2727.0 944.0
2945.0 3226.0
1402.0 1269.0
2511.0 132.0
3383.0 3570.0
3419.0 4010.0
51.0 2617.0
1807.0 4477.0
2843.0 326.0
2240.0 97.0
3152.0 4090.0
1900.0 64.0
575.0 2285.0
1798.0 2901.0
247.0 2774.0
2744.0 1704.0
1919.0 1846.0
1143.0 1179.0
2352.0 1922.0
3414.0 3404.0
996.0 1065.0
470.0 1290.0
4315.0 4460.0
4501.0 4117.0
3894.0 3486.0
464.0 1781.0
1226.0 2154.0
4401.0 4484.0
1316.0 4477.0
4187.0 4502.0
3448.0 3753.0
2604.0 1729.0
3434.0 4213.0
1090.0 2672.0
914.0 1894.0
1610.0 931.0
3134.0 3173.0
3464.0 3887.0
1024.0 2145.0
4146.0 2945.0
1421.0 2144.0
572.0 612.0
4165.0 3099.0
2154.0 1707.0
161.0 939.0
113.0 604.0
1690.0 765.0
2376.0 2726.0
3305.0 4320.0
1774.0 2692.0
4475.0 4088.0
552.0 1911.0
4675.0 3373.0
4000.0 3442.0
1582.0 2413.0
1774.0 4477.0
1102.0 1555.0
1193.0 502.0
52.0 903.0
4049.0 3771.0
757.0 1305.0
4591.0 4477.0
2528.0 2694.0
62.0 569.0
3554.0 4277.0
1781.0 2334.0
3688.0 4502.0
1774.0 2897.0
3379.0 3791.0
929.0 1824.0
3967.0 4477.0
1365.0 2882.0
1353.0 1568.0
1480.0 1669.0
1024.0 1436.0
2165.0 2281.0
3859.0 4647.0
3979.0 3399.0
4323.0 3055.0
810.0 843.0
1830.0 2526.0
4102.0 4551.0
662.0 1517.0
777.0 931.0
1517.0 2664.0
2179.0 1631.0
1215.0 3436.0
4510.0 4334.0
3094.0 4020.0
3376.0 3597.0
2722.0 2810.0
3269.0 4389.0
2233.0 2056.0
3325.0 3896.0
1097.0 1977.0
3532.0 3526.0
2924.0 3955.0
3048.0 4032.0
1887.0 4477.0
2199.0 2527.0
3838.0 4315.0
1379.0 744.0
1696.0 849.0
3567.0 3705.0
4297.0 4477.0
160.0 2010.0
607.0 1475.0
1004.0 243.0
343.0 2722.0
1916.0 1697.0
2574.0 2863.0
1404.0 2001.0
3393.0 4614.0
2659.0 2423.0
2698.0 2777.0
248.0 2308.0
1079.0 140.0
3741.0 3751.0
1599.0 1470.0
4376.0 4410.0
3503.0 4082.0
4614.0 3182.0
3798.0 3366.0
4001.0 3810.0
2324.0 2116.0
1936.0 1083.0
36.0 1426.0
3529.0 2983.0
2946.0 3894.0
2932.0 4477.0
2971.0 3946.0
69.0 1170.0
3538.0 4231.0
3437.0 3957.0
1619.0 2208.0
2150.0 2360.0
4416.0 4095.0
541.0 2203.0
1193.0 2726.0
1545.0 2177.0
1160.0 1558.0
3969.0 4056.0
3439.0 4379.0
1863.0 2420.0
2991.0 3503.0
1844.0 2427.0
390.0 1281.0
4411.0 4138.0
1315.0 1419.0
3170.0 3173.0
1939.0 605.0
2615.0 903.0
3584.0 4516.0
1923.0 2628.0
4632.0 3764.0
3355.0 4575.0
729.0 549.0
1531.0 1341.0
48.0 1609.0
3528.0 4477.0
2319.0 385.0
820.0 2158.0
3859.0 4235.0
2659.0 2877.0
1422.0 943.0
3479.0 3321.0
2904.0 1911.0
1910.0 2289.0
3134.0 3348.0
3602.0 4420.0
4200.0 4249.0
1802.0 1920.0
3731.0 3692.0
2551.0 2563.0
488.0 1164.0
3149.0 3165.0
264.0 2205.0
3459.0 4171.0
4250.0 4139.0
3861.0 3113.0
3412.0 4477.0
2801.0 1662.0
114.0 1353.0
3382.0 4208.0
1320.0 2137.0
3050.0 4222.0
3908.0 3214.0
2609.0 897.0
3305.0 3254.0
1047.0 1832.0
2265.0 4477.0
4118.0 4650.0
2944.0 4340.0
4368.0 3593.0
2945.0 3777.0
370.0 1085.0
3960.0 4570.0
176.0 134.0
1100.0 318.0
4094.0 3842.0
937.0 161.0
409.0 1394.0
2927.0 4091.0
2489.0 2673.0
1765.0 740.0
639.0 1830.0
110.0 2255.0
3136.0 3903.0
2893.0 1088.0
547.0 1760.0
4325.0 3428.0
2325.0 1462.0
36.0 1632.0
3716.0 4645.0
4503.0 3549.0
4307.0 4065.0
4298.0 4208.0
2778.0 307.0
2031.0 2812.0
1076.0 102.0
1685.0 1492.0
931.0 252.0
797.0 2726.0
1437.0 2698.0
2272.0 2896.0
4227.0 4663.0
1312.0 2497.0
3195.0 3800.0
4453.0 3255.0
4256.0 4455.0
2843.0 1100.0
1172.0 495.0
698.0 1330.0
2932.0 4595.0
60.0 669.0
1612.0 2211.0
3247.0 3539.0
4645.0 3551.0
3630.0 4553.0
3859.0 4243.0
4090.0 3051.0
667.0 2865.0
1067.0 318.0
3316.0 4013.0
849.0 2776.0
2881.0 4477.0
4277.0 3271.0
4381.0 4024.0
919.0 1462.0
3482.0 4448.0
2048.0 1466.0
236.0 1290.0
908.0 4477.0
2769.0 2040.0
848.0 2260.0
2196.0 2777.0
1551.0 4020.0
514.0 367.0
823.0 1934.0
2647.0 1852.0
761.0 2253.0
2991.0 3469.0
1411.0 710.0
178.0 1086.0
4362.0 4298.0
2647.0 4477.0
4418.0 3953.0
48.0 72.0
4351.0 4250.0
516.0 1253.0
3055.0 3933.0
4596.0 3842.0
3643.0 4208.0
3920.0 4666.0
354.0 1344.0
2890.0 264.0
742.0 606.0
1705.0 4477.0
4069.0 4020.0
1088.0 1461.0
370.0 620.0
3890.0 4477.0
1721.0 2805.0
1359.0 2803.0
2441.0 2726.0
1485.0 1574.0
650.0 2726.0
1650.0 538.0
461.0 179.0
1230.0 197.0
4627.0 4477.0
4358.0 4108.0
67.0 2306.0
4270.0 4410.0
2846.0 756.0
3139.0 4502.0
161.0 1269.0
1437.0 2200.0
3027.0 3110.0
4450.0 4078.0
940.0 1388.0
281.0 1561.0
2535.0 1740.0
3874.0 3858.0
2037.0 4477.0
1856.0 153.0
244.0 1829.0
497.0 1547.0
2525.0 2263.0
898.0 2548.0
2535.0 2718.0
4202.0 4448.0
401.0 1745.0
1268.0 1285.0
4530.0 4502.0
856.0 1959.0
4629.0 4477.0
1353.0 2529.0
2347.0 4477.0
851.0 1724.0
4174.0 4480.0
2319.0 1289.0
3372.0 3629.0
1076.0 1302.0
4451.0 3737.0
3722.0 4174.0
3582.0 3917.0
668.0 1935.0
4190.0 4454.0
140.0 4477.0
4486.0 4251.0
2023.0 4477.0
1158.0 1866.0
89.0 1829.0
468.0 2827.0
1359.0 2492.0
457.0 2606.0
69.0 449.0
3796.0 3784.0
386.0 1784.0
3533.0 3957.0
4470.0 2970.0
3507.0 4477.0
3912.0 4235.0
4001.0 4278.0
1668.0 2569.0
4257.0 4117.0
3434.0 4610.0
3340.0 4006.0
238.0 2601.0
99.0 1192.0
837.0 2831.0
2382.0 2514.0
674.0 1841.0
4394.0 3547.0
48.0 2484.0
3538.0 4367.0
2765.0 2740.0
1344.0 933.0
2725.0 609.0
1403.0 674.0
1659.0 2427.0
260.0 2628.0
3187.0 3330.0
1710.0 1089.0
1631.0 1385.0
4336.0 4489.0
666.0 1523.0
2380.0 650.0
2189.0 1062.0
4378.0 3611.0
1383.0 1745.0
360.0 2091.0
797.0 4477.0
4443.0 3213.0
495.0 454.0
737.0 3902.0
4453.0 3210.0
1352.0 2800.0
3331.0 3009.0
4561.0 4393.0
822.0 1058.0
3481.0 4105.0
515.0 4477.0
3482.0 3528.0
2773.0 1462.0
2520.0 1289.0
1977.0 2176.0
3370.0 4599.0
678.0 751.0
154.0 1081.0
3755.0 4340.0
4146.0 4502.0
1429.0 1486.0
2927.0 3964.0
4227.0 4072.0
1035.0 1670.0
1576.0 1202.0
1262.0 2316.0
3088.0 4357.0
1149.0 413.0
2868.0 179.0
4543.0 3826.0
3127.0 4096.0
4151.0 4347.0
456.0 2776.0
2839.0 2774.0
2311.0 1889.0
3770.0 4477.0
3012.0 3296.0
3236.0 4215.0
2463.0 931.0
1203.0 869.0
2033.0 2510.0
3546.0 3391.0
244.0 2257.0
3711.0 3127.0
1043.0 2633.0
705.0 2726.0
3151.0 3502.0
658.0 1419.0
581.0 1977.0
129.0 2094.0
354.0 1842.0
2099.0 2179.0
790.0 2560.0
4600.0 4134.0
2916.0 3035.0
3919.0 3177.0
239.0 1582.0
4275.0 3175.0
3209.0 4573.0
1754.0 2609.0
2604.0 4477.0
802.0 1206.0
3909.0 3183.0
2885.0 1901.0
1659.0 1621.0
3843.0 3858.0
190.0 2576.0
894.0 2759.0
1950.0 2032.0
1639.0 1770.0
1312.0 4477.0
2330.0 2611.0
1146.0 322.0
1741.0 2855.0
633.0 2101.0
2944.0 3193.0
2621.0 2793.0
746.0 2035.0
576.0 4477.0
2470.0 2279.0
2932.0 4267.0
4249.0 3173.0
1638.0 2853.0
2519.0 2285.0
1023.0 247.0
3787.0 3932.0
1927.0 2751.0
1190.0 1538.0
3011.0 4425.0
3777.0 3822.0
1451.0 2452.0
3154.0 4282.0
3253.0 4014.0
3799.0 3968.0
530.0 814.0
4028.0 4158.0
3778.0 3731.0
2117.0 1343.0
242.0 913.0
2765.0 2479.0
1372.0 2206.0
2996.0 4101.0
2765.0 287.0
1086.0 2701.0
3037.0 3222.0
2803.0 1207.0
4182.0 3243.0
4277.0 3166.0
273.0 400.0
1365.0 1103.0
1724.0 2672.0
1145.0 1759.0
2747.0 1337.0
505.0 2214.0
2386.0 2810.0
2971.0 4448.0
2939.0 3966.0
3483.0 3982.0
719.0 2508.0
2904.0 1572.0
1774.0 1859.0
3688.0 3858.0
3327.0 3710.0
1008.0 1956.0
568.0 241.0
4556.0 4212.0
2597.0 386.0
2890.0 2285.0
4257.0 4633.0
1390.0 2814.0
536.0 1505.0
1742.0 2280.0
2158.0 1719.0
4325.0 4384.0
19.0 387.0
263.0 2774.0
1825.0 2188.0
777.0 2252.0
4277.0 4147.0
4516.0 4477.0
527.0 1157.0
3298.0 3665.0
1112.0 1541.0
3414.0 4058.0
88.0 715.0
1250.0 1489.0
3796.0 4330.0
2364.0 2646.0
2402.0 2607.0
406.0 172.0
4158.0 3173.0
4453.0 4189.0
2813.0 1897.0
2076.0 1864.0
3025.0 3811.0
2632.0 2679.0
173.0 2382.0
4668.0 3705.0
2985.0 3653.0
3848.0 3847.0
1975.0 2774.0
741.0 2038.0
4033.0 4088.0
4400.0 2994.0
1441.0 1500.0
2221.0 4477.0
363.0 1572.0
153.0 1977.0
380.0 2496.0
1862.0 2900.0
1551.0 1499.0
1162.0 482.0
973.0 1064.0
2386.0 1967.0
3437.0 4448.0
2731.0 2027.0
2609.0 3651.0
4453.0 3764.0
3777.0 4502.0
1659.0 738.0
3646.0 3503.0
2510.0 626.0
2870.0 2084.0
544.0 2302.0
2928.0 3379.0
2881.0 683.0
2480.0 1054.0
4151.0 2933.0
4454.0 4250.0
3275.0 4572.0
490.0 1462.0
3002.0 3993.0
3905.0 3593.0
1281.0 2645.0
1117.0 2817.0
48.0 2863.0
3026.0 3564.0
1399.0 846.0
2227.0 2875.0
867.0 2301.0
61.0 1748.0
1661.0 2482.0
984.0 564.0
44.0 829.0
1542.0 2771.0
3853.0 3630.0
1382.0 689.0
3786.0 3611.0
2930.0 3556.0
3469.0 4349.0
1104.0 1752.0
2473.0 1513.0
858.0 1505.0
2680.0 1954.0
125.0 1868.0
2083.0 713.0
4302.0 3673.0
506.0 621.0
516.0 1687.0
167.0 186.0
196.0 4477.0
4257.0 3379.0
3484.0 4072.0
415.0 1852.0
4310.0 3371.0
2139.0 2214.0
3086.0 3164.0
4452.0 3758.0
100.0 1176.0
815.0 197.0
2611.0 1568.0
1042.0 2452.0
3570.0 4380.0
2010.0 2118.0
1880.0 2869.0
2920.0 4477.0
3355.0 3176.0
822.0 2181.0
205.0 2550.0
996.0 1934.0
36.0 2870.0
156.0 1747.0
2730.0 182.0
524.0 2569.0
3688.0 4118.0
4492.0 3156.0
2535.0 1970.0
4076.0 4407.0
3575.0 3653.0
1299.0 48.0
1772.0 3377.0
152.0 376.0
3356.0 4477.0
3196.0 3432.0
575.0 1596.0
1383.0 1549.0
3398.0 3377.0
3961.0 4317.0
2357.0 2127.0
1190.0 1943.0
57.0 108.0
4454.0 4516.0
2900.0 806.0
1353.0 1049.0
3430.0 4621.0
1187.0 74.0
2076.0 598.0
702.0 1571.0
1212.0 2757.0
2884.0 2762.0
2308.0 1934.0
1157.0 1554.0
1902.0 454.0
1268.0 2744.0
3248.0 4477.0
628.0 1996.0
1283.0 402.0
678.0 4477.0
3723.0 3653.0
822.0 1424.0
1209.0 650.0
2749.0 703.0
3652.0 3863.0
2549.0 2401.0
1262.0 2889.0
468.0 1284.0
2659.0 771.0
1551.0 2662.0
191.0 1388.0
621.0 4020.0
1257.0 2628.0
4257.0 3521.0
3774.0 4152.0
1102.0 1538.0
4485.0 3970.0
3802.0 4020.0
947.0 2660.0
3315.0 4367.0
1619.0 1190.0
2565.0 2591.0
97.0 2585.0
3969.0 3866.0
1868.0 1139.0
1767.0 2188.0
1123.0 2541.0
2946.0 3148.0
4205.0 3906.0
1446.0 165.0
4381.0 4322.0
3497.0 3515.0
2924.0 3047.0
4641.0 4096.0
930.0 1930.0
579.0 1268.0
3587.0 3918.0
3485.0 3183.0
3840.0 4189.0
61.0 2045.0
3263.0 3526.0
1483.0 2524.0
1449.0 1646.0
3717.0 4603.0
424.0 2351.0
3148.0 3706.0
4093.0 4455.0
1848.0 1139.0
3092.0 3286.0
2047.0 4477.0
1985.0 1101.0
2784.0 800.0
3601.0 4656.0
1608.0 1666.0
3947.0 3280.0
2785.0 2312.0
1868.0 2386.0
1929.0 1208.0
3872.0 4660.0
967.0 1733.0
1609.0 2474.0
1096.0 1153.0
709.0 2297.0
3848.0 4020.0
3174.0 4085.0
616.0 1864.0
48.0 705.0
1673.0 1201.0
1356.0 2665.0
2102.0 2214.0
2932.0 4249.0
4310.0 4502.0
4670.0 3335.0
1310.0 2287.0
3598.0 3421.0
318.0 738.0
453.0 1000.0
129.0 2454.0
1306.0 1111.0
3265.0 3562.0
1711.0 626.0
2806.0 1937.0
1741.0 2578.0
586.0 869.0
3435.0 3929.0
658.0 1878.0
683.0 2876.0
3360.0 4610.0
848.0 4477.0
710.0 1929.0
3365.0 3608.0
649.0 838.0
2098.0 2855.0
3733.0 4340.0
852.0 1662.0
593.0 2003.0
3412.0 3782.0
2927.0 3014.0
434.0 1153.0
629.0 2616.0
3607.0 4419.0
432.0 4020.0
4391.0 4101.0
2049.0 2060.0
2815.0 538.0
4378.0 4582.0
922.0 2420.0
2536.0 2401.0
1704.0 2946.0
3560.0 3714.0
3363.0 3056.0
2510.0 2726.0
3783.0 3817.0
2602.0 979.0
644.0 2813.0
3826.0 4020.0
692.0 192.0
2291.0 2650.0
556.0 1533.0
753.0 835.0
3139.0 3640.0
2521.0 628.0
4440.0 3504.0
3580.0 4139.0
149.0 1534.0
56.0 1889.0
2324.0 2667.0
1863.0 2301.0
523.0 1377.0
2957.0 3389.0
313.0 243.0
4369.0 4502.0
892.0 2291.0
862.0 204.0
34.0 549.0
965.0 2857.0
1744.0 2457.0
1642.0 1990.0
2319.0 655.0
4272.0 4349.0
3022.0 3100.0
2557.0 2474.0
259.0 1899.0
968.0 478.0
3439.0 3780.0
3949.0 3390.0
3368.0 4593.0
389.0 506.0
4164.0 4678.0
990.0 2212.0
300.0 2160.0
788.0 4477.0
384.0 2087.0
1747.0 2777.0
3023.0 3178.0
1766.0 454.0
1170.0 4477.0
2819.0 2774.0
2652.0 1902.0
3219.0 3349.0
1925.0 289.0
4665.0 4188.0
1776.0 2487.0
3088.0 3310.0
4325.0 3203.0
4610.0 4409.0
4337.0 4477.0
348.0 2895.0
1174.0 1704.0
3191.0 4378.0
3716.0 3873.0
2617.0 1377.0
1001.0 2754.0
2131.0 322.0
3419.0 3669.0
3430.0 4414.0
595.0 635.0
722.0 1059.0
3214.0 3407.0
755.0 4477.0
2264.0 932.0
4470.0 4219.0
4002.0 3472.0
77.0 1579.0
1613.0 2177.0
3798.0 4681.0
1292.0 932.0
2241.0 865.0
48.0 400.0
2288.0 2770.0
2949.0 3016.0
175.0 516.0
2239.0 179.0
3396.0 3389.0
3001.0 4029.0
3036.0 3132.0
1633.0 303.0
3923.0 3214.0
3408.0 3451.0
3681.0 3554.0
876.0 2642.0
1002.0 4437.0
3305.0 3374.0
2826.0 2348.0
1411.0 2474.0
1399.0 1208.0
3404.0 4477.0
3776.0 4553.0
896.0 2183.0
1804.0 1330.0
702.0 2634.0
2622.0 1056.0
2107.0 262.0
3332.0 4020.0
11.0 490.0
951.0 1199.0
183.0 1319.0
313.0 823.0
3483.0 3637.0
874.0 2435.0
1019.0 1057.0
26.0 1876.0
2394.0 4536.0
588.0 2703.0
2034.0 1097.0
236.0 413.0
2829.0 2548.0
3283.0 3543.0
2528.0 1745.0
4151.0 4029.0
3305.0 3622.0
3913.0 3035.0
3499.0 4025.0
3469.0 3421.0
1336.0 78.0
4111.0 4601.0
4509.0 4074.0
925.0 1746.0
274.0 833.0
3625.0 3459.0
3482.0 3430.0
1401.0 2513.0
4659.0 4539.0
4440.0 4101.0
2470.0 2524.0
2031.0 1202.0
754.0 1878.0
1396.0 502.0
3794.0 4477.0
253.0 2645.0
1206.0 2113.0
192.0 2833.0
280.0 1382.0
1975.0 2277.0
3424.0 3570.0
798.0 1618.0
971.0 2805.0
3385.0 3337.0
1596.0 2317.0
4178.0 3399.0
3283.0 3614.0
3751.0 4206.0
2296.0 2883.0
1889.0 4477.0
4291.0 4413.0
465.0 1315.0
3124.0 3349.0
258.0 2778.0
2723.0 4477.0
2008.0 2524.0
1437.0 2649.0
3016.0 3524.0
184.0 1919.0
1218.0 2620.0
4574.0 3381.0
55.0 683.0
2038.0 1961.0
2924.0 3489.0
431.0 1737.0
824.0 2645.0
2010.0 1616.0
3343.0 3904.0
484.0 1075.0
2256.0 243.0
2804.0 328.0
1058.0 1315.0
4151.0 4652.0
4420.0 3370.0
4184.0 4477.0
2748.0 2107.0
2336.0 178.0
1426.0 1792.0
3434.0 4024.0
2362.0 660.0
3603.0 4477.0
4329.0 4206.0
1003.0 1050.0
4126.0 4485.0
4011.0 4328.0
1310.0 2297.0
1164.0 2870.0
404.0 2386.0
333.0 4477.0
3491.0 3065.0
2098.0 1786.0
1243.0 2470.0
3765.0 4020.0
225.0 1243.0
1883.0 581.0
251.0 1377.0
2887.0 2645.0
1491.0 2766.0
3950.0 4532.0
426.0 2786.0
785.0 3377.0
3963.0 3313.0
743.0 2377.0
1864.0 2721.0
2924.0 3173.0
1315.0 2200.0
3757.0 3335.0
1965.0 4477.0
3047.0 4246.0
446.0 1754.0
2182.0 869.0
168.0 1106.0
3175.0 4337.0
2881.0 2876.0
1643.0 3029.0
1298.0 1491.0
4281.0 4389.0
3128.0 3540.0
3281.0 4254.0
1427.0 2882.0
1189.0 1639.0
387.0 2247.0
2114.0 2382.0
1328.0 1258.0
169.0 2401.0
3970.0 4477.0
4558.0 3055.0
700.0 1937.0
3599.0 288.0
2163.0 1739.0
4419.0 3764.0
2497.0 3971.0
549.0 44.0
668.0 1411.0
766.0 1449.0
2540.0 2118.0
4421.0 3595.0
381.0 1605.0
3930.0 3971.0
2981.0 4096.0
3305.0 4393.0
1826.0 2155.0
168.0 642.0
1363.0 1700.0
3274.0 4605.0
3335.0 4300.0
949.0 1889.0
3232.0 4502.0
1209.0 2200.0
4218.0 4327.0
3155.0 3709.0
2224.0 2536.0
133.0 2253.0
3464.0 3001.0
330.0 2511.0
2279.0 2377.0
2009.0 534.0
2702.0 402.0
1864.0 598.0
1136.0 1111.0
138.0 197.0
4371.0 4610.0
2610.0 2719.0
668.0 264.0
2789.0 2139.0
2617.0 472.0
1959.0 2823.0
3159.0 3790.0
1102.0 2209.0
938.0 2608.0
4087.0 4318.0
3320.0 3434.0
1884.0 243.0
2357.0 1915.0
1656.0 2027.0
3042.0 3979.0
1584.0 2451.0
674.0 2479.0
3956.0 4648.0
906.0 515.0
2969.0 4117.0
3555.0 3797.0
2923.0 4221.0
4389.0 3705.0
366.0 1804.0
1587.0 3969.0
1608.0 4477.0
3072.0 3001.0
87.0 2043.0
2259.0 1515.0
2711.0 2253.0
4173.0 4477.0
791.0 1148.0
2048.0 1779.0
4049.0 3382.0
1741.0 2118.0
884.0 650.0
2491.0 2853.0
2875.0 2764.0
1750.0 2386.0
82.0 1492.0
315.0 2401.0
2737.0 2401.0
3301.0 4380.0
516.0 892.0
3772.0 3445.0
1748.0 4477.0
4125.0 4678.0
446.0 2542.0
3499.0 4477.0
2103.0 2403.0
3600.0 3726.0
450.0 2831.0
3528.0 3893.0
4364.0 4340.0
1885.0 839.0
3513.0 4259.0
265.0 1253.0
3380.0 4020.0
863.0 2873.0
74.0 1121.0
3485.0 4276.0
1092.0 1267.0
1458.0 425.0
4054.0 4096.0
506.0 1865.0
142.0 1437.0
508.0 92.0
365.0 44.0
4290.0 3895.0
48.0 756.0
2360.0 407.0
1017.0 2311.0
1156.0 2680.0
3479.0 3526.0
4173.0 3636.0
752.0 1903.0
3430.0 3932.0
390.0 4477.0
95.0 1100.0
3395.0 4073.0
2502.0 4477.0
80.0 992.0
2801.0 407.0
4454.0 3819.0
4550.0 4620.0
886.0 1617.0
4397.0 3798.0
1527.0 1561.0
3381.0 4118.0
1064.0 1692.0
3868.0 3715.0
359.0 2065.0
19.0 1201.0
1803.0 1474.0
2835.0 1706.0
2120.0 943.0
2511.0 564.0
2996.0 3047.0
995.0 2044.0
1528.0 1903.0
1407.0 781.0
683.0 93.0
3566.0 3968.0
4043.0 3680.0
1264.0 2795.0
3480.0 3562.0
4649.0 4073.0
445.0 2429.0
4222.0 4477.0
575.0 1749.0
741.0 2786.0
695.0 738.0
1949.0 1957.0
4151.0 2993.0
3994.0 4371.0
296.0 2351.0
2235.0 2420.0
1445.0 4477.0
3483.0 3741.0
2866.0 96.0
223.0 2784.0
2080.0 810.0
212.0 2084.0
95.0 318.0
3518.0 4428.0
1939.0 2386.0
4040.0 3804.0
2373.0 172.0
3606.0 4647.0
2951.0 3722.0
1350.0 869.0
2893.0 2260.0
2744.0 2811.0
2194.0 2027.0
687.0 2322.0
3843.0 3926.0
3838.0 4270.0
3022.0 4417.0
1544.0 2401.0
3580.0 3629.0
688.0 240.0
3872.0 4316.0
250.0 599.0
3883.0 3365.0
1153.0 1853.0
3412.0 3272.0
277.0 723.0
744.0 1676.0
1174.0 1605.0
2041.0 1677.0
4038.0 3653.0
932.0 4020.0
1006.0 2316.0
3259.0 4074.0
1586.0 1966.0
2287.0 2884.0
3738.0 4496.0
3450.0 3165.0
3065.0 3669.0
4028.0 4003.0
1092.0 1074.0
2247.0 2875.0
2657.0 2906.0
644.0 2136.0
1539.0 2611.0
2568.0 2888.0
3582.0 4477.0
931.0 1630.0
951.0 954.0
3762.0 4346.0
977.0 1804.0
3625.0 4477.0
1978.0 2524.0
3208.0 3762.0
1941.0 1895.0
4270.0 3117.0
2323.0 2467.0
2459.0 1721.0
3368.0 3971.0
921.0 2274.0
2966.0 3283.0
3731.0 2994.0
3083.0 3284.0
3577.0 3749.0
2034.0 2217.0
1586.0 2797.0
2175.0 2253.0
2898.0 4477.0
558.0 1019.0
71.0 367.0
1422.0 1061.0
3335.0 4018.0
394.0 2819.0
4077.0 3819.0
603.0 1255.0
2558.0 153.0
1770.0 2634.0
1952.0 1569.0
2023.0 2814.0
3688.0 4334.0
2293.0 2415.0
1975.0 2377.0
2022.0 4477.0
579.0 353.0
1186.0 4020.0
3869.0 4280.0
188.0 2606.0
745.0 2103.0
913.0 4020.0
3329.0 3270.0
2940.0 3349.0
556.0 868.0
4106.0 3374.0
1271.0 2672.0
674.0 1605.0
779.0 1353.0
702.0 1255.0
417.0 3368.0
1962.0 2191.0
48.0 2513.0
4166.0 3842.0
3805.0 4168.0
2518.0 1314.0
1749.0 2726.0
1689.0 1081.0
2915.0 4477.0
1629.0 1101.0
261.0 1284.0
1642.0 2564.0
3670.0 4477.0
595.0 2635.0
2277.0 2805.0
2024.0 1916.0
1163.0 1066.0
648.0 662.0
713.0 4121.0
1505.0 2827.0
367.0 1967.0
3348.0 4405.0
2200.0 2892.0
2330.0 2634.0
2986.0 3980.0
2991.0 3374.0
3583.0 4048.0
144.0 2359.0
4322.0 4462.0
3194.0 4024.0
2514.0 197.0
3212.0 4199.0
3004.0 3997.0
1017.0 236.0
4247.0 3526.0
1187.0 2843.0
4356.0 3170.0
2023.0 2401.0
2027.0 2524.0
3672.0 4477.0
1063.0 2585.0
3594.0 3811.0
3846.0 3385.0
3625.0 4010.0
2507.0 2895.0
196.0 2042.0
3879.0 4059.0
940.0 1054.0
3943.0 3784.0
1766.0 907.0
129.0 509.0
4125.0 4057.0
4133.0 4047.0
3724.0 4020.0
3101.0 4230.0
550.0 2457.0
2678.0 2089.0
2427.0 203.0
1997.0 2774.0
335.0 1277.0
1573.0 2827.0
3319.0 4665.0
3867.0 4020.0
1632.0 1568.0
579.0 1612.0
408.0 1199.0
2652.0 1773.0
2931.0 4477.0
1285.0 613.0
3117.0 3345.0
1798.0 817.0
666.0 1558.0
3189.0 3201.0
3212.0 3398.0
546.0 4477.0
4506.0 3826.0
3504.0 4075.0
1250.0 2876.0
1496.0 486.0
4531.0 4473.0
2826.0 1622.0
4378.0 2977.0
3215.0 3038.0
4015.0 4477.0
1639.0 2329.0
2006.0 1084.0
1126.0 1776.0
2749.0 4477.0
1643.0 1200.0
219.0 2628.0
876.0 865.0
1233.0 2207.0
398.0 2420.0
1861.0 1088.0
2911.0 2927.0
441.0 4477.0
3234.0 4477.0
1971.0 1395.0
1877.0 1994.0
718.0 1655.0
2876.0 1830.0
2586.0 2089.0
4023.0 4095.0
231.0 1208.0
1747.0 719.0
2251.0 2740.0
1539.0 1182.0
523.0 169.0
1438.0 2044.0
2901.0 2184.0
301.0 484.0
1394.0 1470.0
1256.0 2761.0
3602.0 4117.0
3880.0 4477.0
2528.0 988.0
479.0 2485.0
662.0 929.0
3791.0 3784.0
4579.0 3360.0
2904.0 456.0
2239.0 1642.0
1468.0 4477.0
4441.0 4502.0
812.0 4477.0
3000.0 3695.0
179.0 2120.0
3586.0 4232.0
157.0 182.0
1949.0 1127.0
2523.0 4020.0
4634.0 3726.0
1314.0 4477.0
3546.0 4006.0
2495.0 1033.0
2246.0 171.0
4023.0 3782.0
2352.0 4461.0
1221.0 1161.0
1537.0 240.0
2970.0 3644.0
3033.0 3160.0
3347.0 4020.0
1921.0 388.0
38.0 73.0
4531.0 4335.0
2586.0 288.0
831.0 1187.0
3844.0 3437.0
61.0 2284.0
2323.0 4477.0
98.0 906.0
4240.0 4502.0
4519.0 3630.0
1010.0 1050.0
370.0 862.0
1744.0 4477.0
356.0 2168.0
2696.0 214.0
2541.0 3147.0
936.0 1844.0
4671.0 4500.0
3334.0 3768.0
3822.0 3085.0
354.0 4477.0
3357.0 3981.0
2033.0 1830.0
2520.0 554.0
212.0 2750.0
2362.0 495.0
3567.0 4094.0
4426.0 4477.0
1071.0 2201.0
1762.0 203.0
3879.0 3768.0
2459.0 1225.0
1022.0 2566.0
2506.0 1569.0
373.0 2177.0
2303.0 2805.0
3320.0 3806.0
1870.0 4477.0
334.0 1481.0
771.0 2382.0
1199.0 186.0
202.0 1881.0
798.0 2544.0
3828.0 3500.0
306.0 1752.0
2661.0 4477.0
2680.0 2552.0
561.0 1966.0
3058.0 3489.0
3838.0 4139.0
3629.0 4245.0
2526.0 2177.0
2173.0 1084.0
2552.0 4477.0
1597.0 1452.0
3258.0 4477.0
1259.0 2401.0
3153.0 3269.0
3329.0 3230.0
431.0 1853.0
1418.0 195.0
2232.0 2155.0
365.0 529.0
65.0 169.0
236.0 1177.0
1547.0 2417.0
816.0 1273.0
412.0 802.0
3438.0 4108.0
513.0 203.0
2021.0 2093.0
4584.0 3494.0
314.0 1944.0
1624.0 626.0
2937.0 3979.0
4596.0 3228.0
3139.0 4457.0
933.0 4477.0
1292.0 2788.0
1214.0 1704.0
1094.0 1855.0
135.0 2196.0
1811.0 2375.0
89.0 2413.0
1648.0 1980.0
2954.0 4651.0
1546.0 2623.0
3470.0 3593.0
2996.0 4208.0
585.0 1494.0
4506.0 3608.0
2240.0 2652.0
250.0 839.0
2942.0 3407.0
3017.0 4671.0
3926.0 3768.0
2770.0 1275.0
644.0 2303.0
3887.0 3640.0
1945.0 2010.0
2789.0 1440.0
2510.0 1159.0
353.0 2504.0
1710.0 1739.0
508.0 616.0
3156.0 4304.0
4174.0 4596.0
2287.0 2420.0
3628.0 4317.0
3681.0 4629.0
905.0 2207.0
3357.0 4133.0
3483.0 4336.0
247.0 1837.0
368.0 2458.0
816.0 2010.0
4488.0 4477.0
2124.0 546.0
1640.0 243.0
746.0 2325.0
461.0 1873.0
3506.0 3742.0
962.0 1263.0
2445.0 2873.0
3358.0 4523.0
4417.0 4477.0
1762.0 1769.0
158.0 210.0
2696.0 2073.0
60.0 2778.0
3838.0 4477.0
856.0 2115.0
4680.0 4456.0
1342.0 980.0
3115.0 3884.0
3494.0 3340.0
442.0 1972.0
2872.0 4477.0
3334.0 4502.0
3794.0 4584.0
919.0 2025.0
1283.0 1926.0
168.0 487.0
3761.0 3278.0
704.0 1881.0
1337.0 1852.0
4444.0 3301.0
1189.0 2786.0
1437.0 2181.0
445.0 4477.0
5.0 2125.0
2527.0 3704.0
1323.0 2765.0
2625.0 97.0
1701.0 2212.0
4185.0 4208.0
1036.0 1540.0
3801.0 3894.0
3542.0 3989.0
1546.0 1980.0
1704.0 4505.0
708.0 2027.0
1880.0 1436.0
2904.0 899.0
4668.0 3515.0
1090.0 2664.0
368.0 400.0
1422.0 4477.0
2385.0 2680.0
1192.0 2638.0
78.0 2040.0
739.0 346.0
2235.0 2177.0
1180.0 2291.0
4292.0 4020.0
122.0 2529.0
1218.0 2091.0
1489.0 1500.0
3582.0 3707.0
4596.0 3591.0
3924.0 3466.0
2291.0 1436.0
3022.0 3522.0
887.0 1396.0
3189.0 3758.0
4089.0 4477.0
656.0 2054.0
333.0 447.0
3149.0 4474.0
2964.0 3666.0
3728.0 2089.0
3480.0 3453.0
1740.0 402.0
3935.0 3572.0
4663.0 3722.0
81.0 1881.0
36.0 1804.0
3591.0 3509.0
2845.0 903.0
1881.0 2664.0
977.0 2375.0
3360.0 4024.0
3707.0 4309.0
4673.0 4334.0
1543.0 2805.0
1005.0 2272.0
153.0 1151.0
187.0 938.0
215.0 1765.0
3161.0 4596.0
330.0 3296.0
4655.0 4477.0
1187.0 1724.0
576.0 1788.0
1240.0 1139.0
171.0 1105.0
2851.0 2386.0
2031.0 2508.0
2525.0 1377.0
3871.0 3918.0
1524.0 2313.0
3315.0 3874.0
2637.0 2710.0
3884.0 3844.0
3674.0 3373.0
3113.0 4663.0
727.0 1610.0
543.0 639.0
3485.0 4188.0
2859.0 1493.0
2129.0 2581.0
3058.0 3161.0
3191.0 3408.0
2165.0 845.0
3162.0 3585.0
3644.0 4477.0
4391.0 3134.0
3087.0 4477.0
3083.0 3708.0
3036.0 4341.0
1437.0 1778.0
3026.0 3601.0
2209.0 2547.0
3772.0 3179.0
4381.0 3434.0
2974.0 3381.0
475.0 2692.0
3929.0 4174.0
3119.0 3200.0
712.0 2382.0
407.0 1378.0
3469.0 4065.0
618.0 1124.0
120.0 4477.0
4574.0 3208.0
477.0 2592.0
2741.0 4477.0
4163.0 3787.0
1125.0 4477.0
4271.0 4605.0
48.0 2698.0
4309.0 4139.0
568.0 1921.0
1725.0 1754.0
1000.0 1228.0
34.0 578.0
2977.0 3119.0
319.0 4477.0
651.0 1503.0
1975.0 2827.0
1769.0 1712.0
3323.0 4292.0
3125.0 3203.0
474.0 1470.0
324.0 4020.0
30.0 1555.0
3183.0 4132.0
2953.0 4477.0
1257.0 2080.0
651.0 1475.0
3523.0 3014.0
693.0 1230.0
3813.0 4187.0
3269.0 3335.0
4479.0 4117.0
4285.0 4356.0
4029.0 4229.0
1119.0 1894.0
421.0 1474.0
2789.0 1519.0
2795.0 1950.0
3306.0 4083.0
2828.0 32.0
3774.0 4458.0
1666.0 2665.0
2021.0 1230.0
671.0 2812.0
11.0 1905.0
4422.0 4292.0
754.0 2749.0
1166.0 3847.0
464.0 1518.0
3580.0 4428.0
1648.0 2834.0
1638.0 2316.0
2506.0 1952.0
4307.0 4393.0
2376.0 2557.0
1998.0 349.0
1161.0 2511.0
359.0 1987.0
2331.0 1173.0
658.0 1609.0
1880.0 2679.0
3416.0 4477.0
3923.0 4422.0
389.0 2687.0
4391.0 4477.0
3072.0 3943.0
4600.0 3119.0
875.0 4477.0
2833.0 2720.0
4340.0 3472.0
1669.0 933.0
3288.0 4643.0
2287.0 1436.0
1380.0 2618.0
129.0 2646.0
3190.0 3011.0
398.0 1830.0
1498.0 2506.0
1504.0 56.0
57.0 653.0
2698.0 2726.0
1869.0 1946.0
4030.0 4230.0
2008.0 1031.0
1086.0 685.0
2758.0 1967.0
3455.0 3840.0
3768.0 4502.0
1544.0 2801.0
2813.0 1351.0
104.0 1271.0
326.0 2672.0
3538.0 4088.0
1408.0 2112.0
1019.0 2673.0
3761.0 3895.0
643.0 1707.0
2510.0 1651.0
466.0 2521.0
1421.0 1825.0
2022.0 2777.0
3049.0 3639.0
1210.0 854.0
3510.0 3363.0
1169.0 1196.0
2670.0 1462.0
608.0 386.0
350.0 1308.0
2843.0 738.0
988.0 333.0
1411.0 2519.0
2971.0 3597.0
1493.0 1790.0
2460.0 1091.0
3032.0 3758.0
69.0 2223.0
2529.0 4477.0
2606.0 4477.0
1142.0 2278.0
3414.0 3454.0
668.0 4477.0
4498.0 4502.0
646.0 295.0
4451.0 4572.0
1937.0 781.0
1076.0 1623.0
3878.0 3296.0
4358.0 4093.0
238.0 1764.0
1971.0 2075.0
1102.0 2875.0
468.0 1529.0
3924.0 4294.0
2857.0 2490.0
984.0 1653.0
3381.0 3691.0
3679.0 3034.0
974.0 1669.0
4195.0 3870.0
2582.0 548.0
15.0 1725.0
4198.0 4412.0
1568.0 2382.0
407.0 1073.0
1242.0 1067.0
1565.0 4020.0
3033.0 4511.0
641.0 902.0
3123.0 4338.0
4187.0 4460.0
72.0 1208.0
2006.0 1804.0
1883.0 2755.0
2431.0 1093.0
1083.0 456.0
1776.0 1445.0
3439.0 3483.0
3716.0 4349.0
4198.0 4159.0
3393.0 3518.0
1587.0 2424.0
3570.0 3402.0
1756.0 599.0
3304.0 4477.0
1365.0 605.0
4361.0 4430.0
4341.0 4449.0
2693.0 4477.0
445.0 859.0
2069.0 2867.0
593.0 1363.0
1136.0 746.0
2796.0 4020.0
4352.0 3178.0
3612.0 4267.0
4202.0 3014.0
2076.0 494.0
4654.0 1428.0
3878.0 3726.0
3113.0 4139.0
2935.0 3985.0
3494.0 3630.0
4597.0 3843.0
48.0 671.0
2223.0 908.0
638.0 2310.0
376.0 2280.0
3022.0 3997.0
3788.0 3504.0
3455.0 3531.0
3721.0 3003.0
996.0 2465.0
1997.0 4477.0
1952.0 2278.0
3835.0 4210.0
2515.0 800.0
1527.0 1950.0
2696.0 1605.0
2200.0 650.0
790.0 1140.0
3437.0 3553.0
754.0 87.0
2577.0 1773.0
396.0 2368.0
2785.0 121.0
1797.0 2485.0
1637.0 1881.0
2771.0 2495.0
1438.0 2409.0
187.0 1531.0
1785.0 1252.0
4579.0 3330.0
3111.0 3598.0
268.0 2699.0
2670.0 1269.0
3673.0 3079.0
1277.0 1475.0
820.0 2292.0
4608.0 3381.0
439.0 1946.0
3014.0 4220.0
966.0 1605.0
4561.0 4186.0
605.0 869.0
2412.0 1134.0
2248.0 2298.0
1106.0 2131.0
657.0 2636.0
3023.0 4129.0
3384.0 3755.0
852.0 2022.0
4472.0 3584.0
2122.0 1733.0
126.0 1317.0
4677.0 4206.0
741.0 1863.0
2021.0 502.0
229.0 1282.0
1656.0 626.0
2355.0 1529.0
4649.0 3504.0
3943.0 3005.0
962.0 2868.0
980.0 2660.0
3485.0 4540.0
569.0 1489.0
2058.0 2528.0
2074.0 1495.0
1953.0 1319.0
264.0 2131.0
1840.0 2401.0
4103.0 4033.0
509.0 757.0
2186.0 2793.0
3189.0 4480.0
3377.0 3573.0
4536.0 1789.0
3343.0 2957.0
2720.0 4477.0
1538.0 2209.0
4668.0 3567.0
2754.0 1346.0
4069.0 3726.0
2419.0 2094.0
3015.0 3369.0
2927.0 2985.0
1815.0 1971.0
1441.0 1207.0
507.0 1349.0
1756.0 915.0
1138.0 660.0
3446.0 446.0
1411.0 2223.0
792.0 481.0
1017.0 2670.0
1618.0 2589.0
2303.0 2667.0
1829.0 2063.0
2734.0 2735.0
1217.0 642.0
2140.0 2464.0
1701.0 632.0
2484.0 2401.0
3464.0 4502.0
2579.0 2046.0
3022.0 4428.0
4087.0 4088.0
1000.0 664.0
1129.0 2125.0
175.0 1016.0
3235.0 3478.0
4443.0 3968.0
3668.0 3732.0
1610.0 1706.0
1455.0 1704.0
1687.0 650.0
4047.0 4534.0
4648.0 3002.0
3813.0 4250.0
3992.0 3465.0
3579.0 4020.0
4183.0 3649.0
3285.0 3924.0
1401.0 1842.0
2587.0 382.0
3705.0 4381.0
4076.0 3127.0
3311.0 4025.0
3225.0 3307.0
2551.0 153.0
1830.0 2131.0
446.0 670.0
3843.0 4673.0
4614.0 4670.0
4655.0 4489.0
707.0 502.0
4022.0 3633.0
3492.0 4305.0
1547.0 2646.0
3675.0 4477.0
3684.0 3084.0
1279.0 4477.0
877.0 4576.0
1659.0 4477.0
2033.0 626.0
445.0 2448.0
825.0 1799.0
3505.0 3580.0
2939.0 3780.0
2241.0 1429.0
3332.0 4061.0
536.0 1001.0
1483.0 2644.0
3156.0 3050.0
1170.0 1745.0
1992.0 1732.0
868.0 900.0
1091.0 1891.0
4270.0 4438.0
335.0 651.0
2962.0 3821.0
3450.0 4014.0
1262.0 1105.0
467.0 449.0
867.0 2027.0
1511.0 2372.0
2994.0 4058.0
790.0 2818.0
453.0 1583.0
3741.0 3982.0
3352.0 3918.0
3189.0 4477.0
658.0 2204.0
1949.0 97.0
1849.0 1605.0
3273.0 3726.0
3361.0 3811.0
1987.0 531.0
4457.0 4118.0
3122.0 3263.0
3432.0 4077.0
3274.0 3874.0
2510.0 1310.0
2536.0 167.0
169.0 1988.0
3450.0 4477.0
4263.0 3201.0
2881.0 93.0
3851.0 3876.0
2676.0 633.0
1971.0 2551.0
472.0 1611.0
1959.0 1605.0
3124.0 4547.0
1751.0 1470.0
3393.0 3038.0
530.0 1710.0
2665.0 1743.0
1387.0 1245.0
4044.0 3818.0
267.0 4477.0
1619.0 1531.0
1909.0 1337.0
2608.0 2353.0
3161.0 4198.0
394.0 1529.0
1711.0 2528.0
891.0 1868.0
1688.0 2831.0
1571.0 2786.0
2733.0 2515.0
4557.0 4628.0
1263.0 2882.0
835.0 2873.0
3690.0 4177.0
635.0 4477.0
3563.0 4126.0
3620.0 3113.0
3497.0 4612.0
2179.0 1791.0
593.0 1946.0
3607.0 3672.0
3498.0 4057.0
2343.0 4477.0
254.0 2253.0
1169.0 160.0
1819.0 2505.0
3784.0 4449.0
3001.0 4526.0
1990.0 4477.0
1206.0 4020.0
93.0 2660.0
783.0 853.0
1460.0 1018.0
3599.0 3828.0
4671.0 3227.0
3625.0 4476.0
551.0 2048.0
2157.0 1106.0
3279.0 4414.0
4386.0 3498.0
1870.0 2595.0
1834.0 1368.0
3140.0 3298.0
4366.0 4645.0
4147.0 4610.0
3774.0 3922.0
988.0 1134.0
434.0 2515.0
1185.0 2515.0
1701.0 1461.0
780.0 4477.0
3740.0 4321.0
4118.0 4229.0
1053.0 2189.0
2719.0 4477.0
3550.0 4616.0
4124.0 3769.0
1084.0 2347.0
2985.0 4483.0
4509.0 3203.0
1351.0 2805.0
2704.0 1603.0
3831.0 3335.0
2931.0 3809.0
4090.0 4477.0
959.0 1081.0
1875.0 2650.0
3157.0 4216.0
2171.0 1485.0
1546.0 2805.0
2509.0 346.0
1019.0 1518.0
1372.0 1897.0
527.0 878.0
3924.0 4250.0
3939.0 3097.0
2986.0 3832.0
811.0 1153.0
698.0 201.0
4669.0 4386.0
4659.0 4274.0
2378.0 48.0
1636.0 1264.0
3005.0 4328.0
3302.0 4298.0
152.0 102.0
4672.0 4479.0
442.0 1128.0
2673.0 2775.0
339.0 1162.0
2819.0 1938.0
98.0 518.0
2125.0 4020.0
400.0 2423.0
990.0 2628.0
3135.0 4071.0
3280.0 3726.0
2551.0 2761.0
815.0 1509.0
2865.0 2599.0
3898.0 4679.0
3260.0 3939.0
3274.0 3611.0
3393.0 3364.0
2114.0 619.0
4369.0 3420.0
3969.0 3377.0
2790.0 1151.0
2243.0 1646.0
3626.0 3640.0
1545.0 2184.0
1958.0 2777.0
4312.0 4418.0
1775.0 1478.0
576.0 1531.0
4412.0 3456.0
497.0 1500.0
1836.0 179.0
832.0 861.0
1376.0 4477.0
1352.0 1513.0
3175.0 4412.0
1852.0 3121.0
2693.0 1066.0
1353.0 2528.0
2036.0 606.0
3052.0 3234.0
1359.0 683.0
2711.0 1015.0
172.0 4477.0
2202.0 224.0
474.0 1986.0
3626.0 3127.0
2959.0 3908.0
4396.0 3378.0
2159.0 2775.0
187.0 406.0
46.0 1088.0
2116.0 1395.0
2124.0 2674.0
2139.0 1617.0
3012.0 4477.0
3014.0 4209.0
4648.0 3611.0
671.0 1063.0
280.0 2329.0
3035.0 4477.0
913.0 1672.0
3269.0 3629.0
1941.0 827.0
2816.0 1891.0
3523.0 3648.0
126.0 2116.0
1424.0 2726.0
2955.0 3928.0
2708.0 4477.0
4555.0 3932.0
4005.0 4061.0
1661.0 1806.0
1092.0 44.0
600.0 4477.0
3421.0 3653.0
3283.0 4020.0
281.0 329.0
4087.0 3688.0
2838.0 2648.0
2295.0 1865.0
114.0 922.0
575.0 2365.0
3349.0 4231.0
3846.0 4103.0
4542.0 3710.0
3779.0 3540.0
1441.0 353.0
693.0 2391.0
4192.0 4020.0
2402.0 1750.0
1902.0 1869.0
937.0 758.0
4051.0 4014.0
3784.0 4235.0
3106.0 4124.0
3791.0 4454.0
3050.0 3839.0
4115.0 4161.0
1668.0 1964.0
3033.0 3044.0
807.0 2278.0
391.0 1880.0
3148.0 3923.0
4420.0 3854.0
3206.0 4231.0
4448.0 3208.0
1399.0 2423.0
2331.0 1791.0
2844.0 1012.0
4189.0 3764.0
581.0 1605.0
4529.0 4453.0
1756.0 2292.0
30.0 1211.0
2924.0 4167.0
966.0 2774.0
1344.0 4477.0
4271.0 3389.0
48.0 822.0
3113.0 3838.0
2813.0 1410.0
2346.0 1038.0
3645.0 3187.0
3378.0 4239.0
155.0 1859.0
2058.0 4477.0
2583.0 1499.0
3152.0 4630.0
421.0 1766.0
2916.0 4010.0
3589.0 4502.0
176.0 1470.0
3093.0 3625.0
1173.0 1081.0
1234.0 803.0
3310.0 4656.0
1557.0 2824.0
1619.0 4477.0
831.0 2386.0
2688.0 1889.0
3547.0 4633.0
1346.0 3973.0
4024.0 4213.0
2957.0 3508.0
3321.0 4477.0
4669.0 4175.0
2326.0 666.0
3899.0 3697.0
3939.0 3784.0
1270.0 1208.0
2685.0 854.0
4000.0 4112.0
4077.0 4213.0
3363.0 3127.0
833.0 2814.0
3635.0 2972.0
69.0 4477.0
2371.0 2777.0
1623.0 2115.0
4417.0 4216.0
2005.0 1021.0
4068.0 4249.0
1317.0 1395.0
4505.0 4340.0
1990.0 1729.0
4503.0 4596.0
2454.0 353.0
122.0 287.0
3335.0 4024.0
1052.0 2104.0
3401.0 4284.0
1102.0 1128.0
623.0 4477.0
2169.0 427.0
3629.0 3956.0
3381.0 3474.0
1412.0 4477.0
4334.0 4110.0
981.0 4020.0
3460.0 3913.0
589.0 1745.0
2021.0 846.0
3009.0 3432.0
1315.0 1208.0
3226.0 3893.0
1464.0 269.0
741.0 312.0
3327.0 4133.0
3929.0 4315.0
2846.0 2425.0
3510.0 3947.0
3525.0 4477.0
2434.0 2074.0
4402.0 4477.0
1680.0 2648.0
3855.0 4118.0
263.0 1023.0
1087.0 2696.0
3616.0 3349.0
3700.0 4439.0
2234.0 2600.0
3966.0 3418.0
3680.0 3282.0
710.0 1208.0
3512.0 4184.0
120.0 318.0
620.0 1427.0
3678.0 4603.0
461.0 1364.0
939.0 1438.0
874.0 2655.0
1057.0 1487.0
2591.0 1805.0
3776.0 4539.0
1542.0 2386.0
2050.0 1837.0
2937.0 4464.0
788.0 688.0
1446.0 598.0
3452.0 4188.0
4266.0 4091.0
2371.0 4477.0
4505.0 4195.0
331.0 2497.0
3561.0 4177.0
4351.0 3715.0
4483.0 4584.0
3175.0 3549.0
722.0 2642.0
1573.0 971.0
546.0 718.0
4129.0 4427.0
4547.0 4502.0
698.0 650.0
2270.0 2253.0
1527.0 2477.0
2363.0 2682.0
2187.0 1206.0
1938.0 1151.0
297.0 1659.0
240.0 2570.0
2535.0 564.0
2421.0 1474.0
2779.0 1572.0
4094.0 4208.0
3799.0 4020.0
2363.0 2875.0
1971.0 2192.0
2814.0 481.0
1622.0 1021.0
617.0 1832.0
4635.0 4637.0
465.0 1437.0
3113.0 4599.0
1083.0 2714.0
2913.0 4020.0
2425.0 1297.0
985.0 1611.0
1582.0 1394.0
2122.0 674.0
4254.0 4153.0
2332.0 2230.0
2511.0 2126.0
1897.0 214.0
1218.0 2638.0
2695.0 1853.0
1911.0 2628.0
2687.0 2454.0
4438.0 4139.0
4629.0 3399.0
3831.0 3994.0
3799.0 3449.0
1062.0 2003.0
3134.0 3775.0
1297.0 1081.0
1749.0 1409.0
2418.0 2475.0
2958.0 3110.0
389.0 1359.0
1115.0 799.0
4637.0 4477.0
2195.0 2402.0
603.0 1893.0
447.0 1745.0
4469.0 3204.0
137.0 1152.0
4315.0 3399.0
386.0 1916.0
2687.0 924.0
2861.0 1601.0
2002.0 2129.0
1968.0 2088.0
2021.0 2650.0
489.0 1153.0
406.0 4477.0
3484.0 2948.0
4268.0 4633.0
3464.0 3634.0
4663.0 3382.0
1270.0 2574.0
3422.0 3111.0
667.0 1696.0
3269.0 3822.0
4272.0 4459.0
3791.0 3001.0
158.0 1157.0
4031.0 4055.0
677.0 2533.0
2725.0 677.0
316.0 2613.0
2532.0 235.0
251.0 1595.0
3196.0 4381.0
4592.0 3296.0
2655.0 2658.0
4046.0 4183.0
1333.0 1368.0
395.0 1754.0
719.0 1567.0
3573.0 4477.0
3209.0 3854.0
487.0 1830.0
3115.0 4215.0
3363.0 3545.0
48.0 892.0
719.0 2574.0
2843.0 1090.0
61.0 1410.0
200.0 1104.0
3866.0 4132.0
2111.0 853.0
4066.0 4477.0
2740.0 197.0
3738.0 4656.0
1173.0 2353.0
1938.0 2774.0
1910.0 2344.0
4584.0 3014.0
132.0 1160.0
2191.0 1385.0
1477.0 1195.0
984.0 985.0
935.0 1591.0
859.0 2001.0
4010.0 3438.0
653.0 2202.0
3372.0 3389.0
3111.0 4349.0
3634.0 4083.0
1545.0 1279.0
387.0 2428.0
4166.0 3362.0
675.0 2902.0
501.0 2632.0
457.0 4477.0
2612.0 1236.0
4298.0 4477.0
1926.0 2356.0
2301.0 2884.0
2553.0 967.0
2948.0 3800.0
1390.0 1902.0
2410.0 2135.0
2652.0 2326.0
1257.0 2118.0
1130.0 2220.0
1076.0 1278.0
4125.0 4367.0
4375.0 3280.0
4664.0 3229.0
1758.0 424.0
2132.0 2137.0
3269.0 4139.0
622.0 548.0
1509.0 2514.0
4534.0 4108.0
4193.0 4477.0
1965.0 2140.0
1659.0 1309.0
3332.0 3001.0
3155.0 3774.0
3649.0 4250.0
2511.0 2740.0
3803.0 4181.0
4305.0 4477.0
1699.0 2396.0
1023.0 151.0
1319.0 2675.0
3323.0 3869.0
3040.0 3430.0
1435.0 2524.0
3218.0 3962.0
160.0 826.0
48.0 1007.0
2434.0 582.0
3103.0 3971.0
353.0 1485.0
359.0 606.0
455.0 2135.0
1438.0 1788.0
3815.0 3333.0
71.0 2656.0
106.0 1119.0
3802.0 4499.0
1323.0 1208.0
225.0 2206.0
3518.0 4588.0
1527.0 1464.0
822.0 2291.0
3552.0 3795.0
344.0 2117.0
4338.0 3373.0
4227.0 3756.0
1939.0 1848.0
1370.0 2591.0
3539.0 3695.0
873.0 1954.0
1920.0 676.0
580.0 1245.0
4009.0 3250.0
3215.0 4023.0
3767.0 3494.0
2170.0 2127.0
4269.0 3603.0
4144.0 4155.0
1697.0 1727.0
1873.0 2741.0
2587.0 1505.0
3510.0 3887.0
4581.0 4646.0
1814.0 1676.0
794.0 360.0
2517.0 4477.0
2687.0 1704.0
2784.0 495.0
401.0 2046.0
1170.0 2205.0
1337.0 4477.0
1888.0 2117.0
1864.0 4477.0
4098.0 3524.0
4601.0 4477.0
2509.0 843.0
436.0 3651.0
899.0 2118.0
3893.0 4389.0
2671.0 3869.0
513.0 1661.0
115.0 1812.0
3041.0 4298.0
3312.0 3519.0
1034.0 1064.0
382.0 2524.0
2953.0 3919.0
136.0 2771.0
2876.0 639.0
871.0 2466.0
168.0 1494.0
2622.0 902.0
1323.0 64.0
4557.0 3329.0
2605.0 902.0
2173.0 2668.0
2678.0 3592.0
2318.0 2142.0
3492.0 3229.0
405.0 1085.0
3217.0 4502.0
821.0 1842.0
3311.0 3601.0
2699.0 502.0
36.0 702.0
1250.0 683.0
3001.0 4502.0
1017.0 1229.0
2639.0 956.0
4384.0 3282.0
357.0 1764.0
3435.0 3842.0
1344.0 806.0
3045.0 3214.0
1074.0 2875.0
1962.0 981.0
100.0 2401.0
1441.0 2258.0
1688.0 2689.0
213.0 454.0
4009.0 4541.0
3360.0 3194.0
3881.0 4094.0
1342.0 1420.0
2119.0 1088.0
2022.0 1171.0
3145.0 4502.0
339.0 587.0
778.0 1634.0
810.0 427.0
1682.0 1353.0
2786.0 2222.0
2434.0 2665.0
4452.0 3201.0
1779.0 522.0
3862.0 4020.0
3024.0 3070.0
2978.0 4477.0
4171.0 4208.0
3673.0 3411.0
4498.0 4484.0
84.0 1615.0
2364.0 2299.0
1954.0 2552.0
1163.0 1356.0
4405.0 4094.0
1381.0 1278.0
1798.0 2205.0
408.0 758.0
579.0 967.0
1573.0 2299.0
1503.0 1475.0
1072.0 1478.0
3783.0 3905.0
746.0 2572.0
489.0 1752.0
588.0 2015.0
4462.0 4139.0
2740.0 1330.0
1531.0 1943.0
1292.0 2527.0
4266.0 4363.0
1386.0 1482.0
391.0 1295.0
850.0 1053.0
4633.0 3968.0
2784.0 421.0
583.0 436.0
4347.0 4243.0
658.0 2726.0
1481.0 4477.0
1864.0 159.0
3658.0 4075.0
1501.0 2761.0
2957.0 3251.0
1434.0 2728.0
232.0 1676.0
3510.0 4190.0
779.0 366.0
1333.0 2520.0
3026.0 3407.0
1267.0 1524.0
1168.0 2349.0
3070.0 3687.0
2446.0 2428.0
1399.0 1884.0
2395.0 2557.0
819.0 1142.0
1398.0 78.0
1733.0 287.0
520.0 2292.0
2625.0 2544.0
1375.0 2257.0
1235.0 1998.0
2741.0 1263.0
3734.0 4321.0
4312.0 3404.0
2242.0 4477.0
947.0 2391.0
3267.0 4014.0
472.0 454.0
3196.0 4409.0
3779.0 3280.0
4328.0 3213.0
2280.0 1476.0
689.0 2884.0
2329.0 2786.0
1819.0 558.0
805.0 2032.0
1517.0 605.0
2711.0 943.0
3692.0 4645.0
1833.0 2882.0
1876.0 2798.0
421.0 1649.0
2748.0 2496.0
3150.0 3655.0
3730.0 3557.0
3165.0 4261.0
4203.0 3272.0
3916.0 4020.0
3013.0 3697.0
2177.0 1745.0
2465.0 710.0
1303.0 2585.0
718.0 1525.0
648.0 4477.0
2639.0 928.0
2084.0 2631.0
3661.0 4477.0
1442.0 2253.0
3547.0 3803.0
4330.0 4139.0
1692.0 2805.0
980.0 2365.0
2088.0 1901.0
4531.0 3377.0
2025.0 4477.0
312.0 488.0
2725.0 254.0
1661.0 419.0
2682.0 2875.0
368.0 243.0
1647.0 1855.0
758.0 578.0
607.0 1738.0
3927.0 4117.0
4558.0 4419.0
2791.0 993.0
4028.0 2996.0
1006.0 1269.0
1268.0 2355.0
3249.0 3813.0
2313.0 829.0
3798.0 3272.0
184.0 458.0
376.0 1154.0
3297.0 4018.0
4448.0 4621.0
2093.0 264.0
2872.0 2443.0
3444.0 4261.0
3861.0 3955.0
1282.0 2264.0
1840.0 2378.0
4503.0 3348.0
1748.0 2805.0
421.0 2003.0
4262.0 4164.0
3909.0 3365.0
3016.0 4532.0
553.0 2508.0
2519.0 2200.0
206.0 1009.0
2691.0 678.0
3550.0 4337.0
4040.0 3212.0
1324.0 4477.0
3273.0 4011.0
1888.0 1973.0
1025.0 1468.0
995.0 2099.0
568.0 834.0
1908.0 1249.0
3163.0 4418.0
3002.0 4037.0
3635.0 3809.0
64.0 1929.0
3140.0 3348.0
2500.0 1122.0
2395.0 1260.0
1401.0 4477.0
3189.0 3180.0
4484.0 3547.0
435.0 898.0
433.0 815.0
867.0 1295.0
1485.0 4477.0
3490.0 4095.0
3105.0 4188.0
1435.0 2873.0
1931.0 2798.0
650.0 1155.0
1664.0 672.0
468.0 2417.0
3127.0 3371.0
4181.0 3213.0
4151.0 4369.0
4490.0 3753.0
1399.0 243.0
794.0 2042.0
3933.0 4293.0
4199.0 4335.0
3776.0 4274.0
4473.0 4020.0
370.0 119.0
2184.0 2849.0
1601.0 1499.0
1791.0 2353.0
1240.0 2664.0
3364.0 4502.0
4103.0 3926.0
3299.0 4375.0
2064.0 4477.0
4239.0 4477.0
785.0 3847.0
457.0 2246.0
2276.0 1996.0
1491.0 1814.0
1019.0 2505.0
4105.0 3932.0
2246.0 26.0
282.0 1270.0
4493.0 3346.0
2704.0 1818.0
3294.0 2983.0
30.0 387.0
1154.0 809.0
3767.0 3898.0
1511.0 2669.0
1510.0 2314.0
2099.0 2503.0
2677.0 4477.0
1656.0 619.0
1210.0 2685.0
451.0 2899.0
3241.0 3740.0
1868.0 2851.0
4159.0 4606.0
1661.0 104.0
273.0 1752.0
2362.0 1737.0
2326.0 1558.0
2156.0 894.0
110.0 1433.0
260.0 928.0
639.0 1351.0
552.0 899.0
768.0 2316.0
4668.0 3649.0
3366.0 4088.0
2934.0 4094.0
3175.0 3375.0
1395.0 2027.0
2178.0 397.0
777.0 2076.0
1549.0 650.0
4632.0 3547.0
1690.0 2786.0
1218.0 1704.0
465.0 671.0
4359.0 4437.0
2334.0 2695.0
3534.0 4209.0
1563.0 1746.0
4496.0 4637.0
4395.0 3588.0
2707.0 587.0
2702.0 330.0
4511.0 3050.0
1110.0 1972.0
836.0 897.0
283.0 2585.0
2815.0 1316.0
2530.0 1946.0
4169.0 4417.0
3344.0 3958.0
371.0 386.0
2785.0 619.0
856.0 2805.0
488.0 2320.0
3314.0 3397.0
1472.0 977.0
3443.0 3574.0
2125.0 2582.0
4125.0 3589.0
3378.0 3541.0
2195.0 695.0
4044.0 3662.0
2514.0 2892.0
3322.0 3874.0
1028.0 700.0
600.0 2049.0
545.0 2795.0
4029.0 3519.0
2687.0 1574.0
3379.0 3939.0
430.0 2410.0
3165.0 3175.0
4008.0 3477.0
110.0 1555.0
3455.0 4446.0
3721.0 4083.0
2798.0 2191.0
1531.0 850.0
748.0 913.0
4670.0 3292.0
4133.0 2990.0
2946.0 4283.0
2786.0 1568.0
117.0 2201.0
1091.0 2714.0
1260.0 650.0
4287.0 3932.0
3149.0 4477.0
1848.0 2253.0
1079.0 243.0
1187.0 1661.0
354.0 587.0
3501.0 3407.0
956.0 2895.0
3091.0 4003.0
512.0 1109.0
3546.0 3454.0
3484.0 4250.0
4396.0 2970.0
873.0 2763.0
1814.0 2198.0
535.0 2774.0
4218.0 4248.0
1478.0 4477.0
1850.0 1056.0
1768.0 2353.0
4021.0 3227.0
1913.0 4477.0
2173.0 1685.0
1739.0 1967.0
4071.0 4118.0
3987.0 3309.0
2043.0 197.0
2783.0 903.0
2145.0 1481.0
663.0 402.0
1487.0 2552.0
3515.0 3959.0
270.0 1377.0
3733.0 3080.0
766.0 1101.0
3148.0 2950.0
2848.0 418.0
17.0 360.0
1045.0 2745.0
2673.0 472.0
3760.0 4097.0
2122.0 1914.0
2474.0 1934.0
4426.0 3806.0
1397.0 1873.0
3283.0 4079.0
2818.0 2810.0
3560.0 4209.0
3339.0 4538.0
510.0 2128.0
1901.0 1755.0
4270.0 4128.0
2869.0 4477.0
123.0 582.0
751.0 361.0
4582.0 4477.0
1642.0 1197.0
1221.0 1377.0
1346.0 4124.0
574.0 1279.0
2045.0 581.0
1127.0 1065.0
638.0 4477.0
174.0 2619.0
4320.0 3440.0
4255.0 4552.0
2125.0 672.0
106.0 2610.0
4367.0 3919.0
460.0 227.0
3456.0 3189.0
4147.0 3324.0
1117.0 995.0
3084.0 3089.0
2438.0 3969.0
1411.0 201.0
2092.0 2751.0
3763.0 4245.0
1362.0 2042.0
1148.0 1156.0
3071.0 3401.0
3265.0 4020.0
1104.0 2574.0
928.0 2855.0
621.0 1704.0
4448.0 3688.0
1211.0 1402.0
2625.0 4477.0
1721.0 2152.0
3218.0 3378.0
3558.0 3967.0
2009.0 1499.0
1039.0 130.0
3376.0 4052.0
2828.0 943.0
1058.0 4477.0
983.0 3811.0
1370.0 2266.0
3043.0 4030.0
1776.0 1367.0
3641.0 2089.0
59.0 1602.0
1304.0 1470.0
551.0 800.0
350.0 1307.0
3094.0 3660.0
1498.0 761.0
4585.0 3329.0
3491.0 4486.0
854.0 787.0
2814.0 1955.0
815.0 1618.0
931.0 1338.0
2937.0 2957.0
604.0 1426.0
637.0 2774.0
3578.0 4070.0
48.0 2074.0
1007.0 1495.0
2062.0 1265.0
1191.0 2548.0
722.0 1260.0
3760.0 3896.0
2096.0 1153.0
1003.0 2799.0
3989.0 4095.0
3982.0 4125.0
3694.0 4477.0
513.0 1309.0
3798.0 4597.0
2953.0 3843.0
904.0 1325.0
3630.0 4380.0
2760.0 1400.0
2228.0 2804.0
102.0 1234.0
1005.0 2092.0
412.0 2680.0
1920.0 4477.0
2162.0 4477.0
112.0 931.0
1325.0 1263.0
3648.0 4191.0
2192.0 2116.0
4471.0 4448.0
631.0 1946.0
4083.0 4477.0
64.0 1098.0
4062.0 3735.0
3372.0 3580.0
2272.0 2424.0
3254.0 4186.0
2412.0 2027.0
2538.0 1021.0
4336.0 4392.0
2483.0 84.0
2449.0 781.0
3122.0 4419.0
526.0 4477.0
1772.0 1600.0
1773.0 1842.0
4204.0 4252.0
2858.0 1554.0
1261.0 1617.0
539.0 2178.0
824.0 4477.0
663.0 1612.0
1419.0 1884.0
2852.0 2479.0
4043.0 4207.0
4623.0 3888.0
4223.0 4207.0
2380.0 2382.0
4013.0 3477.0
1467.0 561.0
428.0 360.0
1236.0 2773.0
1326.0 1243.0
4346.0 4477.0
639.0 2646.0
729.0 1462.0
1174.0 2492.0
4596.0 4477.0
762.0 1173.0
4439.0 737.0
408.0 1262.0
3342.0 3784.0
1656.0 2420.0
2316.0 2591.0
3796.0 4577.0
1782.0 4477.0
726.0 2048.0
307.0 2399.0
1394.0 343.0
1383.0 2874.0
33.0 4477.0
3228.0 4477.0
3720.0 4560.0
404.0 419.0
876.0 1353.0
4468.0 4477.0
1633.0 482.0
3042.0 3528.0
4094.0 4606.0
248.0 4477.0
571.0 2027.0
702.0 898.0
3307.0 3528.0
72.0 1495.0
4337.0 4055.0
312.0 1360.0
3269.0 4085.0
1180.0 2873.0
3969.0 3220.0
884.0 2382.0
4444.0 3402.0
183.0 651.0
1019.0 1954.0
3348.0 3107.0
49.0 1470.0
1479.0 1806.0
441.0 2673.0
4344.0 3359.0
3804.0 3847.0
4100.0 4148.0
3041.0 3298.0
1172.0 2780.0
3950.0 4547.0
4268.0 3464.0
4435.0 4172.0
2303.0 153.0
198.0 1762.0
3625.0 3144.0
1253.0 1687.0
3331.0 4291.0
4248.0 3489.0
1136.0 1418.0
2326.0 2401.0
2782.0 2410.0
3078.0 3181.0
1752.0 2669.0
4503.0 3175.0
4503.0 4094.0
1656.0 867.0
3255.0 3764.0
311.0 416.0
351.0 1692.0
574.0 1989.0
2816.0 1091.0
1187.0 277.0
2925.0 3851.0
1864.0 2797.0
4399.0 4477.0
2621.0 2696.0
3218.0 4165.0
299.0 2425.0
4329.0 4347.0
3616.0 4057.0
4013.0 3337.0
3054.0 4338.0
3368.0 3092.0
1145.0 909.0
891.0 1431.0
4357.0 4477.0
2625.0 364.0
2559.0 1159.0
3060.0 4156.0
519.0 524.0
1437.0 1509.0
1055.0 2253.0
1954.0 4020.0
2579.0 1596.0
4366.0 3630.0
753.0 2569.0
1722.0 677.0
3881.0 4351.0
2565.0 2836.0
44.0 1190.0
331.0 1367.0
674.0 287.0
2977.0 3574.0
2897.0 4477.0
1363.0 1177.0
2205.0 2078.0
2898.0 902.0
3641.0 3500.0
1283.0 1153.0
1444.0 1582.0
787.0 2545.0
3237.0 3015.0
2769.0 78.0
1858.0 191.0
2551.0 971.0
2754.0 1920.0
3800.0 4477.0
595.0 643.0
4664.0 3429.0
1639.0 1994.0
4468.0 4530.0
802.0 1672.0
3141.0 3329.0
32.0 1203.0
2654.0 2680.0
4028.0 2978.0
4052.0 3978.0
3007.0 4563.0
1723.0 810.0
1344.0 1384.0
2306.0 2437.0
1402.0 1895.0
2687.0 1379.0
11.0 954.0
467.0 1258.0
3448.0 4209.0
2768.0 2903.0
2408.0 2886.0
1761.0 2245.0
161.0 310.0
2936.0 1754.0
524.0 2111.0
1666.0 1063.0
175.0 1419.0
3364.0 3366.0
1303.0 2544.0
2667.0 168.0
2846.0 4477.0
1723.0 956.0
2702.0 2673.0
1433.0 630.0
4198.0 4596.0
2245.0 4020.0
4019.0 4153.0
4349.0 4354.0
1295.0 1541.0
1016.0 2457.0
3093.0 4619.0
3600.0 3526.0
3389.0 4143.0
118.0 687.0
13.0 467.0
3372.0 3554.0
646.0 861.0
1039.0 2313.0
3876.0 3932.0
729.0 1397.0
1044.0 447.0
4129.0 3487.0
2065.0 1086.0
2395.0 2241.0
1189.0 1349.0
1246.0 2857.0
919.0 1262.0
1479.0 2305.0
1897.0 2551.0
2926.0 4349.0
1828.0 2789.0
1962.0 1025.0
475.0 2437.0
2784.0 2469.0
4094.0 3633.0
554.0 2481.0
1076.0 1959.0
1100.0 4477.0
2324.0 2616.0
571.0 1745.0
136.0 976.0
4124.0 3659.0
310.0 1111.0
322.0 1492.0
527.0 1085.0
623.0 1440.0
4539.0 3570.0
3475.0 3563.0
3404.0 4065.0
1311.0 2777.0
1661.0 790.0
705.0 1254.0
449.0 2809.0
3118.0 4380.0
1496.0 2626.0
4552.0 3124.0
3163.0 3391.0
3521.0 4484.0
384.0 287.0
4616.0 4208.0
1661.0 1090.0
3681.0 3819.0
273.0 1158.0
1421.0 120.0
365.0 869.0
3286.0 4292.0
4336.0 4334.0
2288.0 1704.0
3949.0 4654.0
2631.0 1395.0
3016.0 3412.0
3491.0 3665.0
3698.0 3788.0
110.0 2428.0
2558.0 2805.0
1084.0 650.0
3368.0 3256.0
4006.0 4418.0
2878.0 153.0
4076.0 4526.0
3001.0 4118.0
4307.0 3653.0
4552.0 3919.0
920.0 3188.0
93.0 1989.0
865.0 1310.0
1333.0 1834.0
2786.0 2347.0
1754.0 3651.0
2686.0 685.0
3098.0 3751.0
2696.0 2526.0
4001.0 3779.0
3923.0 2944.0
4182.0 4171.0
520.0 67.0
2668.0 2332.0
1779.0 2349.0
1318.0 1771.0
4212.0 4477.0
3005.0 3510.0
1140.0 1569.0
93.0 2857.0
2184.0 2008.0
1187.0 2098.0
3943.0 4477.0
770.0 1853.0
1136.0 11.0
3182.0 3272.0
1510.0 236.0
1943.0 1462.0
3534.0 3879.0
2454.0 1284.0
4199.0 3377.0
193.0 2025.0
520.0 155.0
4164.0 3350.0
4567.0 4020.0
1269.0 1462.0
692.0 538.0
1049.0 2726.0
2680.0 1487.0
3625.0 4115.0
135.0 2484.0
3858.0 4652.0
3256.0 4364.0
4472.0 4083.0
3513.0 3927.0
4272.0 4384.0
240.0 2010.0
2444.0 2673.0
31.0 1346.0
4133.0 4129.0
1597.0 2666.0
2962.0 4032.0
4529.0 3807.0
1782.0 565.0
176.0 1400.0
2016.0 2712.0
4246.0 4014.0
783.0 782.0
252.0 1780.0
1262.0 171.0
3943.0 3903.0
3899.0 2207.0
1474.0 454.0
1017.0 2019.0
163.0 2448.0
1092.0 2483.0
1490.0 254.0
2577.0 1297.0
497.0 1217.0
2322.0 1422.0
242.0 2113.0
996.0 1399.0
1768.0 4477.0
963.0 676.0
4625.0 3893.0
3995.0 4426.0
3629.0 3777.0
960.0 969.0
1411.0 1353.0
180.0 2462.0
831.0 1430.0
2378.0 454.0
364.0 1609.0
4106.0 4645.0
1427.0 2226.0
982.0 1000.0
1666.0 465.0
3157.0 4652.0
3372.0 2933.0
112.0 1812.0
911.0 810.0
4097.0 3118.0
4087.0 4134.0
1301.0 2295.0
2766.0 4477.0
2516.0 1745.0
4013.0 3932.0
2283.0 4020.0
1363.0 1466.0
953.0 2483.0
397.0 991.0
4268.0 3634.0
1624.0 2869.0
3386.0 3040.0
2144.0 1046.0
610.0 62.0
892.0 2457.0
2247.0 1470.0
568.0 733.0
4042.0 3477.0
2932.0 4589.0
822.0 2440.0
4615.0 4682.0
1657.0 1917.0
352.0 168.0
3920.0 4477.0
1749.0 1330.0
629.0 2192.0
4081.0 4192.0
3257.0 4375.0
2997.0 3062.0
4621.0 4617.0
3905.0 4002.0
2977.0 4579.0
1568.0 2222.0
2699.0 4477.0
1143.0 1692.0
2483.0 2491.0
1660.0 943.0
2577.0 2652.0
1389.0 2009.0
3299.0 4177.0
48.0 299.0
2037.0 530.0
1971.0 2027.0
4233.0 3963.0
2460.0 667.0
1218.0 509.0
942.0 2337.0
2001.0 2524.0
4337.0 4094.0
1882.0 903.0
4484.0 4083.0
2734.0 2753.0
160.0 2369.0
3493.0 4013.0
4349.0 4598.0
1262.0 2503.0
3093.0 3669.0
754.0 2699.0
2571.0 1151.0
3798.0 4088.0
1661.0 2144.0
1890.0 1081.0
459.0 1088.0
532.0 1121.0
3094.0 3265.0
3294.0 3963.0
311.0 2217.0
1118.0 2401.0
1127.0 97.0
4585.0 3839.0
3913.0 3065.0
2124.0 300.0
957.0 2048.0
4244.0 3434.0
2757.0 2214.0
3820.0 4456.0
3563.0 3643.0
3964.0 4584.0
974.0 2708.0
2118.0 2392.0
3489.0 3460.0
3990.0 3457.0
4125.0 4148.0
1531.0 2104.0
667.0 714.0
1209.0 2690.0
82.0 898.0
4247.0 3540.0
3566.0 4305.0
4522.0 3647.0
1603.0 1499.0
2898.0 1826.0
2797.0 1812.0
219.0 2520.0
679.0 1204.0
183.0 2847.0
951.0 1006.0
2137.0 2029.0
1614.0 3774.0
1595.0 1377.0
3958.0 4477.0
822.0 2892.0
2141.0 2207.0
1608.0 2726.0
2681.0 2696.0
2824.0 303.0
1941.0 1797.0
1378.0 1081.0
3075.0 3383.0
857.0 2092.0
125.0 1394.0
3292.0 3324.0
1642.0 4477.0
509.0 437.0
1323.0 2458.0
1216.0 744.0
4513.0 3154.0
3189.0 3771.0
4409.0 4213.0
1292.0 2464.0
2226.0 2322.0
3872.0 3280.0
3447.0 3684.0
4218.0 3165.0
3777.0 3542.0
4557.0 4556.0
2313.0 1085.0
1077.0 1743.0
1984.0 1563.0
4414.0 3337.0
4365.0 4177.0
2947.0 4573.0
2484.0 1807.0
1666.0 879.0
586.0 943.0
2667.0 2107.0
3918.0 4520.0
92.0 1446.0
807.0 1187.0
3522.0 3777.0
4110.0 4229.0
437.0 4020.0
511.0 597.0
168.0 2696.0
3371.0 4029.0
2008.0 817.0
3741.0 3918.0
1596.0 502.0
1527.0 931.0
1267.0 2025.0
2049.0 349.0
2581.0 1506.0
1420.0 362.0
2054.0 2530.0
1840.0 2596.0
4044.0 3459.0
2933.0 4666.0
1668.0 2262.0
3310.0 3690.0
2859.0 408.0
2201.0 2445.0
3117.0 3609.0
4053.0 4175.0
3874.0 3308.0
2989.0 3346.0
3630.0 3021.0
144.0 1889.0
4430.0 4455.0
4675.0 3653.0
319.0 492.0
501.0 898.0
2197.0 979.0
3831.0 3705.0
3328.0 3640.0
1929.0 138.0
330.0 1460.0
1586.0 294.0
2540.0 1257.0
2528.0 1492.0
2826.0 2873.0
3267.0 4028.0
1535.0 2617.0
4396.0 3235.0
1542.0 2370.0
1878.0 1516.0
4507.0 4104.0
4010.0 4055.0
208.0 2131.0
1844.0 1736.0
1250.0 93.0
593.0 2652.0
1580.0 2664.0
2351.0 825.0
1270.0 4477.0
431.0 2695.0
3091.0 4101.0
2749.0 1230.0
3217.0 3409.0
290.0 1021.0
1332.0 3431.0
2576.0 2530.0
4268.0 3702.0
3363.0 3634.0
2422.0 2666.0
4438.0 3434.0
234.0 172.0
3814.0 3309.0
3660.0 3229.0
3679.0 4610.0
3901.0 3774.0
975.0 1902.0
181.0 4477.0
2511.0 1740.0
3425.0 4488.0
2173.0 2223.0
2925.0 3664.0
4296.0 4477.0
4293.0 4604.0
633.0 2618.0
648.0 2664.0
71.0 1844.0
581.0 944.0
2846.0 2401.0
320.0 1745.0
384.0 1545.0
725.0 1567.0
2590.0 641.0
3498.0 4175.0
3323.0 3286.0
3399.0 4415.0
1261.0 557.0
1175.0 1202.0
2703.0 2863.0
1372.0 2667.0
814.0 1121.0
2476.0 2165.0
3030.0 3217.0
2368.0 2048.0
107.0 382.0
4414.0 4088.0
3534.0 4652.0
656.0 2530.0
4675.0 4207.0
4330.0 3822.0
3930.0 3368.0
4561.0 3635.0
412.0 4020.0
3033.0 3025.0
312.0 2781.0
2887.0 2064.0
360.0 1686.0
2870.0 597.0
4384.0 3984.0
964.0 2155.0
3652.0 3749.0
1501.0 1284.0
861.0 1736.0
254.0 2722.0
3357.0 4108.0
3274.0 3637.0
2473.0 1657.0
2523.0 1487.0
407.0 1202.0
30.0 2226.0
4038.0 3282.0
3813.0 3670.0
1808.0 2695.0
3549.0 3842.0
1322.0 2847.0
4369.0 3912.0
987.0 4020.0
876.0 201.0
67.0 548.0
1698.0 1889.0
4374.0 3911.0
3480.0 4562.0
3262.0 3538.0
2616.0 2813.0
2104.0 2591.0
3946.0 3603.0
2748.0 4477.0
1579.0 2814.0
2971.0 3040.0
3108.0 3764.0
279.0 1704.0
4428.0 3381.0
3232.0 3764.0
912.0 2397.0
2428.0 2875.0
525.0 439.0
2725.0 1040.0
768.0 44.0
2521.0 2097.0
1621.0 1271.0
2587.0 585.0
4478.0 4188.0
3450.0 4094.0
4519.0 3391.0
937.0 2208.0
1926.0 1153.0
4444.0 3325.0
2499.0 2516.0
3189.0 4410.0
3447.0 4255.0
3746.0 3839.0
4028.0 4616.0
628.0 2719.0
2163.0 155.0
254.0 361.0
736.0 909.0
3638.0 4020.0
4560.0 3989.0
3087.0 3358.0
2951.0 4317.0
3629.0 3785.0
2539.0 2777.0
3716.0 4651.0
2265.0 1704.0
4051.0 4261.0
3694.0 4020.0
431.0 1595.0
4315.0 3367.0
4205.0 3941.0
1104.0 1949.0
309.0 1829.0
4458.0 4674.0
2088.0 2885.0
3116.0 3289.0
3039.0 4344.0
899.0 1923.0
2245.0 1693.0
4528.0 4651.0
3360.0 4477.0
1885.0 2692.0
3267.0 4101.0
3414.0 3855.0
4415.0 3509.0
4601.0 3062.0
746.0 939.0
3635.0 3203.0
3598.0 4065.0
1401.0 2302.0
229.0 2166.0
142.0 658.0
70.0 4477.0
3258.0 3001.0
3352.0 4006.0
2755.0 153.0
1306.0 1619.0
2801.0 338.0
3156.0 3441.0
1082.0 1889.0
3450.0 3175.0
1421.0 367.0
1861.0 1121.0
2459.0 116.0
3500.0 3902.0
2717.0 1837.0
4210.0 4477.0
4113.0 4477.0
1823.0 535.0
682.0 1339.0
1650.0 2730.0
2934.0 4317.0
2217.0 345.0
3250.0 4477.0
2763.0 1717.0
214.0 382.0
3550.0 4455.0
1101.0 1570.0
1230.0 1330.0
3030.0 4679.0
628.0 2097.0
1058.0 2457.0
3523.0 3898.0
2963.0 4661.0
3191.0 3372.0
1661.0 695.0
91.0 2045.0
813.0 1627.0
3631.0 4649.0
544.0 671.0
1511.0 1866.0
1747.0 1303.0
144.0 2572.0
3339.0 4396.0
772.0 1756.0
3221.0 4187.0
2869.0 1745.0
2284.0 2805.0
429.0 2805.0
1741.0 346.0
947.0 208.0
90.0 677.0
3432.0 4371.0
832.0 2153.0
1267.0 2606.0
1747.0 504.0
3352.0 4584.0
2305.0 1100.0
2999.0 2957.0
1189.0 2794.0
3984.0 3282.0
2526.0 626.0
2538.0 4477.0
3995.0 3707.0
586.0 1427.0
1711.0 177.0
860.0 2659.0
2872.0 1338.0
1437.0 2508.0
1666.0 400.0
4068.0 2947.0
3543.0 4567.0
4043.0 4393.0
69.0 2420.0
1239.0 2672.0
3913.0 4108.0
973.0 1302.0
449.0 2184.0
715.0 177.0
4473.0 4137.0
153.0 2053.0
1558.0 454.0
3002.0 4277.0
4000.0 3921.0
2712.0 1727.0
4478.0 4425.0
671.0 2777.0
4446.0 3380.0
103.0 875.0
2383.0 2635.0
1263.0 4477.0
3078.0 4381.0
571.0 1632.0
4604.0 4477.0
4031.0 4208.0
412.0 1148.0
3609.0 3457.0
421.0 2353.0
2510.0 1685.0
2333.0 1605.0
1769.0 2467.0
1071.0 2445.0
2332.0 887.0
1105.0 1165.0
3210.0 4370.0
2052.0 2101.0
1973.0 1889.0
190.0 593.0
504.0 1752.0
890.0 1250.0
920.0 897.0
4185.0 4616.0
3825.0 3836.0
2755.0 613.0
490.0 1017.0
2901.0 1830.0
573.0 4020.0
207.0 1920.0
1397.0 1402.0
4145.0 4064.0
2853.0 1223.0
2732.0 782.0
3889.0 3784.0
492.0 2078.0
1393.0 2748.0
1914.0 2681.0
1785.0 1488.0
4588.0 3806.0
604.0 312.0
4315.0 3189.0
600.0 2588.0
487.0 2696.0
645.0 838.0
2731.0 2809.0
636.0 2332.0
4122.0 4164.0
2528.0 2634.0
4129.0 4041.0
1437.0 2210.0
3763.0 4396.0
1118.0 2484.0
1944.0 1956.0
4579.0 4277.0
656.0 975.0
4504.0 4637.0
2085.0 2010.0
1436.0 1658.0
3134.0 4249.0
2650.0 703.0
808.0 2870.0
3629.0 4666.0
3884.0 3208.0
1573.0 1975.0
4389.0 4381.0
4354.0 4477.0
498.0 2541.0
2373.0 2900.0
4375.0 3296.0
4129.0 4455.0
3796.0 4151.0
1835.0 243.0
2089.0 4458.0
3334.0 3322.0
4281.0 3001.0
1827.0 2350.0
1819.0 2804.0
875.0 2262.0
3766.0 4058.0
4445.0 3203.0
2432.0 1617.0
280.0 1353.0
2144.0 2402.0
2206.0 2524.0
956.0 2367.0
2842.0 2857.0
4527.0 4413.0
4030.0 4345.0
2216.0 322.0
2454.0 1605.0
4103.0 3753.0
4026.0 4462.0
1863.0 2786.0
950.0 2729.0
3327.0 4616.0
3225.0 4477.0
810.0 1439.0
4103.0 4502.0
4539.0 4651.0
57.0 1054.0
656.0 1902.0
3969.0 3485.0
703.0 4477.0
3352.0 3014.0
3444.0 4477.0
1633.0 1810.0
3840.0 4370.0
1208.0 1737.0
461.0 1397.0
4576.0 3390.0
511.0 636.0
3320.0 4018.0
995.0 2503.0
4329.0 4088.0
3140.0 3173.0
3365.0 4021.0
639.0 382.0
3887.0 3726.0
4102.0 3380.0
3180.0 3771.0
415.0 1956.0
3271.0 4147.0
2828.0 2645.0
3724.0 4089.0
99.0 1275.0
1902.0 2054.0
3022.0 4477.0
2734.0 2453.0
396.0 1160.0
566.0 1859.0
4634.0 4568.0
44.0 2640.0
1693.0 448.0
2508.0 97.0
3734.0 3764.0
2110.0 1236.0
3961.0 4477.0
1661.0 295.0
2519.0 1310.0
2622.0 2248.0
3541.0 4245.0
2094.0 2377.0
2597.0 872.0
321.0 201.0
21.0 2233.0
4080.0 3156.0
173.0 4477.0
4312.0 4006.0
887.0 1812.0
3308.0 3528.0
3126.0 3369.0
3819.0 4139.0
64.0 2096.0
2691.0 2711.0
617.0 882.0
1348.0 2179.0
833.0 1946.0
2611.0 2347.0
3523.0 3630.0
4318.0 4088.0
4049.0 4410.0
3104.0 3379.0
4644.0 3107.0
2098.0 98.0
2527.0 2619.0
3688.0 4347.0
4135.0 4477.0
926.0 1609.0
3643.0 4616.0
895.0 2010.0
1840.0 2439.0
3232.0 4118.0
327.0 2777.0
1116.0 2527.0
1582.0 1443.0
3280.0 3764.0
342.0 2871.0
36.0 1549.0
2281.0 1704.0
975.0 2708.0
973.0 1183.0
951.0 2316.0
1174.0 764.0
1578.0 4536.0
1166.0 4020.0
4064.0 4099.0
12.0 585.0
2387.0 1701.0
4026.0 3096.0
1640.0 4477.0
3278.0 4020.0
4458.0 3239.0
3006.0 4679.0
320.0 1404.0
1302.0 944.0
1650.0 145.0
4681.0 4477.0
1163.0 338.0
2250.0 2261.0
3298.0 3475.0
1187.0 1741.0
3981.0 4534.0
3510.0 3492.0
2319.0 903.0
1404.0 76.0
102.0 1011.0
1949.0 306.0
4079.0 3647.0
1131.0 597.0
3393.0 4532.0
3529.0 3744.0
2363.0 147.0
4493.0 3886.0
2617.0 251.0
1591.0 2515.0
1619.0 2451.0
1109.0 4477.0
366.0 2329.0
431.0 1808.0
120.0 235.0
3804.0 4473.0
1894.0 2648.0
648.0 1121.0
3510.0 3127.0
4266.0 3653.0
3439.0 3616.0
1886.0 4477.0
1217.0 2793.0
128.0 2655.0
4263.0 4317.0
875.0 931.0
1282.0 2411.0
343.0 2645.0
142.0 465.0
1192.0 2217.0
2095.0 4477.0
3822.0 3944.0
2640.0 2817.0
290.0 2005.0
1073.0 1773.0
1178.0 1133.0
3080.0 4477.0
2271.0 2700.0
4533.0 4477.0
2584.0 382.0
497.0 2157.0
360.0 591.0
268.0 1878.0
3849.0 3615.0
3179.0 4568.0
1025.0 179.0
1441.0 1284.0
988.0 2075.0
1474.0 1955.0
4472.0 4029.0
3599.0 2089.0
1400.0 2645.0
51.0 1153.0
1301.0 1592.0
3979.0 3574.0
3368.0 4365.0
1163.0 1842.0
1872.0 4020.0
1127.0 1884.0
644.0 1971.0
739.0 826.0
1748.0 2667.0
2464.0 4020.0
3822.0 4560.0
3811.0 4424.0
422.0 1051.0
1152.0 2758.0
974.0 2576.0
406.0 1631.0
3546.0 3853.0
1598.0 2179.0
2760.0 2828.0
1855.0 2882.0
2317.0 201.0
1507.0 2349.0
130.0 204.0
333.0 626.0
3306.0 3738.0
149.0 950.0
275.0 499.0
3246.0 3158.0
2059.0 2178.0
3512.0 3885.0
2280.0 2524.0
295.0 298.0
1878.0 2205.0
3600.0 3296.0
511.0 524.0
1994.0 2731.0
602.0 902.0
4206.0 4650.0
2010.0 2570.0
2469.0 454.0
3501.0 3779.0
2986.0 4506.0
1196.0 2628.0
892.0 1541.0
3016.0 3538.0
1606.0 4477.0
433.0 712.0
1836.0 1987.0
2727.0 247.0
170.0 1343.0
3831.0 3959.0
1254.0 1884.0
4301.0 3010.0
581.0 1702.0
2940.0 3014.0
3320.0 3819.0
4030.0 4499.0
3440.0 4477.0
3796.0 3221.0
82.0 2786.0
4247.0 4030.0
537.0 2218.0
3840.0 3561.0
1798.0 1745.0
579.0 674.0
4028.0 4477.0
1399.0 1437.0
2565.0 1474.0
503.0 1746.0
1987.0 548.0
1644.0 2098.0
3267.0 4248.0
320.0 2524.0
3380.0 3829.0
387.0 812.0
4279.0 3255.0
2230.0 2027.0
1840.0 1177.0
3757.0 4235.0
489.0 1104.0
3080.0 3295.0
842.0 2788.0
3670.0 4187.0
3311.0 4342.0
477.0 685.0
1884.0 2048.0
1460.0 1096.0
117.0 2384.0
2574.0 2777.0
550.0 1253.0
148.0 3147.0
4291.0 3009.0
1421.0 1100.0
4164.0 4367.0
3801.0 3650.0
3872.0 3526.0
2201.0 781.0
2431.0 549.0
4100.0 4184.0
4426.0 4409.0
1834.0 2100.0
2122.0 579.0
1062.0 2406.0
946.0 2025.0
2434.0 798.0
695.0 2100.0
883.0 783.0
3399.0 3187.0
2173.0 2287.0
1166.0 1245.0
772.0 155.0
810.0 2118.0
3873.0 4043.0
2273.0 4477.0
445.0 817.0
1035.0 2125.0
1770.0 1961.0
1983.0 2918.0
3786.0 4502.0
1905.0 2817.0
2569.0 2027.0
2522.0 2669.0
1730.0 1101.0
3197.0 4477.0
222.0 630.0
4273.0 4085.0
4464.0 3200.0
1035.0 2273.0
4428.0 3542.0
899.0 2628.0
2948.0 4350.0
1711.0 366.0
1798.0 2559.0
151.0 2571.0
206.0 1526.0
3620.0 4606.0
4681.0 3366.0
4513.0 3341.0
3696.0 4368.0
2500.0 2029.0
4546.0 4440.0
3795.0 3377.0
890.0 2479.0
744.0 4020.0
4270.0 4426.0
3969.0 4241.0
2392.0 2170.0
1378.0 1810.0
3947.0 4141.0
647.0 1729.0
1679.0 442.0
2934.0 4477.0
4240.0 4262.0
2480.0 108.0
3333.0 3755.0
2652.0 2302.0
190.0 2854.0
3456.0 3362.0
228.0 2774.0
3323.0 3338.0
3655.0 3937.0
158.0 1820.0
246.0 1883.0
2589.0 2726.0
2189.0 1093.0
3100.0 4502.0
4367.0 4386.0
1390.0 1842.0
3143.0 3383.0
1498.0 1239.0
3726.0 4177.0
3361.0 3025.0
2965.0 4477.0
4151.0 3879.0
1026.0 4477.0
1652.0 64.0
3047.0 3435.0
901.0 1169.0
3412.0 4652.0
3796.0 3751.0
3373.0 3653.0
3777.0 4417.0
3683.0 4159.0
1764.0 2205.0
459.0 250.0
122.0 138.0
1588.0 1500.0
1201.0 1599.0
4576.0 3436.0
2117.0 4477.0
1689.0 2401.0
721.0 2373.0
2563.0 1605.0
2360.0 2549.0
1612.0 1604.0
4331.0 3592.0
3538.0 4015.0
2554.0 2847.0
924.0 437.0
4085.0 4245.0
4190.0 3939.0
3182.0 4477.0
17.0 4477.0
3690.0 3445.0
822.0 650.0
4217.0 3991.0
3366.0 3993.0
1679.0 2253.0
2463.0 1028.0
1422.0 526.0
3583.0 3837.0
548.0 1107.0
3439.0 4100.0
4109.0 4457.0
1383.0 2869.0
4207.0 4349.0
4376.0 3180.0
1281.0 2175.0
1582.0 4477.0
3624.0 3795.0
1878.0 1589.0
3060.0 4357.0
4529.0 4292.0
1832.0 1405.0
1017.0 2359.0
1499.0 2986.0
3778.0 3570.0
1499.0 4020.0
2457.0 1651.0
4085.0 4024.0
2442.0 2341.0
2187.0 1204.0
348.0 1915.0
884.0 1596.0
3835.0 3259.0
36.0 259.0
493.0 2040.0
2834.0 2754.0
3522.0 3335.0
585.0 1920.0
1863.0 492.0
2519.0 822.0
4437.0 4020.0
2449.0 502.0
1690.0 2194.0
1368.0 2367.0
3355.0 4135.0
1873.0 1855.0
2695.0 1676.0
948.0 2857.0
3438.0 2990.0
4621.0 4065.0
2894.0 423.0
240.0 810.0
4226.0 4376.0
2439.0 1743.0
431.0 1970.0
797.0 1208.0
2938.0 4010.0
1688.0 4437.0
2974.0 3276.0
1775.0 868.0
2625.0 2665.0
4281.0 4119.0
860.0 2423.0
4360.0 4250.0
1188.0 706.0
1254.0 2457.0
1147.0 665.0
1207.0 1346.0
290.0 1264.0
340.0 1826.0
753.0 2332.0
781.0 4477.0
3662.0 4477.0
191.0 1038.0
160.0 1122.0
741.0 2329.0
667.0 1891.0
1717.0 2673.0
4275.0 3444.0
113.0 898.0
4417.0 4143.0
520.0 2188.0
3291.0 4450.0
4681.0 4203.0
648.0 119.0
4003.0 3243.0
582.0 1437.0
4081.0 4525.0
4362.0 3563.0
3274.0 3385.0
999.0 1881.0
2371.0 1063.0
3790.0 4477.0
467.0 958.0
1982.0 158.0
3071.0 3799.0
3808.0 4251.0
1589.0 1651.0
1625.0 308.0
3370.0 3715.0
3043.0 3369.0
82.0 1654.0
4122.0 4605.0
407.0 4477.0
802.0 1148.0
1656.0 1685.0
2702.0 1604.0
357.0 4477.0
3395.0 4601.0
352.0 102.0
4255.0 3589.0
2288.0 2620.0
104.0 2064.0
179.0 1089.0
273.0 1022.0
2687.0 1485.0
614.0 1949.0
1474.0 1162.0
3764.0 4568.0
4221.0 4648.0
1428.0 2394.0
2220.0 1066.0
1137.0 1252.0
3075.0 4210.0
2801.0 47.0
320.0 443.0
3916.0 4155.0
4003.0 4285.0
1914.0 1765.0
1045.0 2451.0
2900.0 1631.0
4381.0 4371.0
2022.0 2378.0
2833.0 1367.0
3014.0 4477.0
4084.0 3932.0
790.0 1716.0
3578.0 3486.0
2670.0 2179.0
1437.0 698.0
3002.0 4143.0
698.0 922.0
3191.0 3443.0
2643.0 1617.0
2163.0 4477.0
1678.0 204.0
1722.0 2064.0
348.0 2500.0
2595.0 502.0
3412.0 3824.0
2164.0 4477.0
2994.0 3503.0
878.0 1456.0
4464.0 3199.0
2148.0 2316.0
1243.0 2790.0
2445.0 2585.0
2111.0 1028.0
4151.0 4059.0
3016.0 3611.0
3845.0 3969.0
4206.0 3858.0
3697.0 4020.0
2205.0 2105.0
162.0 1530.0
3451.0 4095.0
3230.0 3465.0
128.0 2493.0
1341.0 949.0
178.0 2626.0
1253.0 2291.0
3346.0 4534.0
2325.0 2044.0
1613.0 2235.0
1438.0 1269.0
749.0 1770.0
646.0 4477.0
1128.0 2253.0
3110.0 3784.0
1028.0 4477.0
2647.0 1337.0
563.0 2253.0
4012.0 3335.0
1747.0 2801.0
3017.0 3238.0
1988.0 728.0
2636.0 4020.0
3207.0 3469.0
1952.0 2242.0
3499.0 3755.0
3055.0 4641.0
485.0 1967.0
2566.0 1781.0
256.0 1024.0
2223.0 264.0
1661.0 1088.0
3676.0 3381.0
2371.0 2031.0
3563.0 3886.0
2828.0 130.0
2667.0 126.0
3248.0 4020.0
3196.0 4085.0
3163.0 3964.0
1909.0 839.0
323.0 1393.0
573.0 4477.0
391.0 2114.0
2473.0 4477.0
369.0 995.0
2073.0 2206.0
2519.0 1230.0
650.0 1486.0
3629.0 3554.0
1802.0 676.0
4010.0 4485.0
1109.0 2113.0
2770.0 99.0
2463.0 165.0
608.0 805.0
928.0 4477.0
1613.0 1044.0
1254.0 2595.0
1193.0 2514.0
1864.0 2447.0
2846.0 2661.0
4561.0 4274.0
3402.0 3374.0
2559.0 449.0
725.0 2145.0
370.0 2226.0
82.0 1170.0
1779.0 1096.0
2112.0 2292.0
1351.0 2417.0
3578.0 4667.0
1155.0 2762.0
4107.0 3516.0
3298.0 2924.0
4218.0 4391.0
3713.0 3606.0
1113.0 2447.0
3871.0 4033.0
506.0 1301.0
4579.0 4139.0
2378.0 2577.0
2833.0 4477.0
4367.0 3418.0
3461.0 4477.0
579.0 1574.0
2434.0 48.0
2380.0 2043.0
570.0 4477.0
2510.0 201.0
813.0 611.0
1315.0 2145.0
85.0 1532.0
2919.0 3208.0
1900.0 2304.0
2982.0 3787.0
2206.0 1938.0
1024.0 502.0
2740.0 1934.0
2249.0 4477.0
2853.0 1204.0
3757.0 4614.0
1844.0 688.0
1254.0 2210.0
533.0 4477.0
1999.0 1377.0
1008.0 2486.0
3837.0 3453.0
2924.0 2996.0
1355.0 956.0
2419.0 153.0
2144.0 1090.0
4428.0 4369.0
4329.0 3418.0
4176.0 4477.0
2367.0 385.0
4029.0 4647.0
4237.0 4477.0
1087.0 2230.0
2312.0 619.0
248.0 2529.0
2092.0 886.0
3410.0 4058.0
1775.0 1574.0
3538.0 3418.0
1487.0 328.0
4552.0 4502.0
303.0 1290.0
936.0 1231.0
2503.0 2017.0
860.0 1176.0
1648.0 1225.0
394.0 2558.0
1104.0 434.0
3442.0 4477.0
3946.0 4477.0
1770.0 1492.0
3431.0 4434.0
569.0 817.0
4608.0 4081.0
105.0 2543.0
2919.0 4502.0
1942.0 1905.0
588.0 2863.0
2784.0 1768.0
4164.0 4502.0
2158.0 2188.0
1404.0 2870.0
645.0 4477.0
3448.0 4184.0
1581.0 4020.0
4668.0 3959.0
4306.0 4327.0
963.0 1305.0
722.0 2241.0
1764.0 2575.0
4529.0 2942.0
2766.0 1814.0
3626.0 3139.0
1728.0 950.0
586.0 2253.0
647.0 1962.0
1969.0 2788.0
1163.0 434.0
1563.0 540.0
3955.0 3929.0
23.0 2673.0
1838.0 3949.0
2139.0 1680.0
1486.0 4477.0
1063.0 1743.0
1588.0 93.0
730.0 3969.0
2682.0 1538.0
2444.0 2702.0
1329.0 2027.0
2032.0 2477.0
936.0 1068.0
2027.0 4477.0
152.0 2324.0
1878.0 2376.0
1315.0 1878.0
2223.0 2287.0
2564.0 179.0
1288.0 2706.0
4557.0 3025.0
620.0 2203.0
2092.0 2066.0
2900.0 4477.0
3285.0 4376.0
1071.0 2585.0
71.0 804.0
4588.0 3893.0
4467.0 4544.0
93.0 2131.0
957.0 454.0
4400.0 4502.0
2092.0 2272.0
865.0 1112.0
3820.0 4317.0
738.0 1967.0
3630.0 3570.0
4421.0 3538.0
1877.0 1353.0
4075.0 4512.0
2946.0 4593.0
4560.0 4666.0
922.0 2726.0
2813.0 2280.0
1546.0 4477.0
1935.0 2021.0
1709.0 2428.0
1632.0 765.0
123.0 1609.0
654.0 2307.0
422.0 2059.0
2543.0 2666.0
2433.0 2664.0
2273.0 1710.0
4217.0 4477.0
4163.0 4676.0
3306.0 2929.0
1713.0 4576.0
3110.0 4477.0
588.0 1209.0
3028.0 3739.0
329.0 1561.0
1444.0 2203.0
4400.0 3349.0
2602.0 2401.0
3836.0 4286.0
3505.0 2957.0
3798.0 2957.0
1382.0 1863.0
309.0 2760.0
3306.0 4498.0
4173.0 3669.0
1306.0 2296.0
3489.0 3563.0
2429.0 2694.0
1426.0 2786.0
3503.0 3642.0
3294.0 4477.0
1576.0 2576.0
2139.0 1506.0
2116.0 1317.0
2191.0 2580.0
427.0 385.0
396.0 1158.0
3003.0 3519.0
1392.0 1779.0
3364.0 3389.0
3510.0 4454.0
44.0 1135.0
550.0 1330.0
1107.0 4020.0
4017.0 3752.0
2229.0 888.0
1496.0 1072.0
519.0 2111.0
831.0 1046.0
1661.0 404.0
2762.0 4477.0
2457.0 2579.0
846.0 1929.0
3329.0 4424.0
2854.0 1689.0
1661.0 1240.0
1862.0 195.0
2377.0 2524.0
4329.0 4677.0
546.0 2674.0
3064.0 3035.0
3232.0 3672.0
1382.0 1571.0
2939.0 4334.0
689.0 1613.0
3329.0 4628.0
1509.0 2200.0
2205.0 650.0
4386.0 4057.0
1811.0 36.0
165.0 799.0
2001.0 4477.0
3599.0 3572.0
313.0 693.0
4326.0 3202.0
117.0 1066.0
2010.0 2367.0
3802.0 4234.0
3893.0 4454.0
3363.0 4407.0
514.0 318.0
74.0 4477.0
4183.0 4130.0
4571.0 4234.0
4324.0 3020.0
1152.0 1901.0
401.0 1880.0
3931.0 4171.0
2572.0 4477.0
343.0 1705.0
3990.0 4371.0
625.0 4477.0
4351.0 2998.0
2578.0 2170.0
810.0 2294.0
1580.0 4477.0
3093.0 3438.0
428.0 1339.0
161.0 1006.0
2999.0 4532.0
4650.0 3727.0
2767.0 1377.0
2933.0 4389.0
1828.0 149.0
3430.0 4297.0
4644.0 3268.0
2709.0 296.0
1253.0 2382.0
2577.0 1202.0
3905.0 4477.0
2854.0 1731.0
326.0 537.0
408.0 2591.0
2145.0 650.0
4201.0 3818.0
23.0 230.0
116.0 151.0
1938.0 652.0
961.0 2777.0
2866.0 2298.0
4125.0 2957.0
792.0 1889.0
3599.0 3678.0
3517.0 3029.0
326.0 90.0
1749.0 2650.0
3567.0 4606.0
3221.0 4029.0
3399.0 4139.0
2936.0 4020.0
3269.0 3297.0
335.0 638.0
4357.0 3968.0
4655.0 4673.0
2351.0 1812.0
1945.0 2628.0
2591.0 2494.0
10.0 2122.0
1769.0 2895.0
2150.0 2659.0
4224.0 3338.0
1721.0 2028.0
1051.0 1085.0
4356.0 3065.0
1633.0 587.0
1323.0 2308.0
2431.0 1190.0
1762.0 98.0
366.0 391.0
3310.0 3280.0
2382.0 2892.0
312.0 1164.0
3492.0 4081.0
1666.0 2048.0
4122.0 3412.0
1473.0 4020.0
2829.0 977.0
2125.0 67.0
2028.0 2027.0
1497.0 1853.0
3857.0 3888.0
3997.0 2965.0
1773.0 2484.0
2246.0 1074.0
3874.0 3879.0
3131.0 4477.0
3975.0 3085.0
1159.0 619.0
636.0 307.0
693.0 2740.0
4017.0 3154.0
313.0 1279.0
953.0 1267.0
1039.0 2253.0
2028.0 2280.0
4410.0 3433.0
2386.0 1443.0
2876.0 2479.0
2208.0 44.0
726.0 1127.0
2510.0 2890.0
3062.0 3353.0
1703.0 275.0
2991.0 3692.0
783.0 271.0
1522.0 2574.0
2090.0 1373.0
1364.0 827.0
401.0 1353.0
1409.0 1830.0
2009.0 2856.0
3111.0 3203.0
2915.0 3178.0
3468.0 4396.0
3069.0 3589.0
1664.0 1855.0
2363.0 2428.0
1179.0 1529.0
3036.0 3342.0
1117.0 2148.0
1001.0 1827.0
3302.0 3160.0
3116.0 3994.0
3549.0 4361.0
3607.0 3445.0
3198.0 4456.0
3520.0 2977.0
2050.0 153.0
3448.0 3154.0
4234.0 4488.0
2767.0 1160.0
3741.0 4033.0
1565.0 606.0
4268.0 3988.0
692.0 2497.0
3705.0 3174.0
3236.0 4109.0
1259.0 1437.0
313.0 2096.0
3372.0 4308.0
213.0 2825.0
887.0 853.0
1660.0 2413.0
3469.0 3259.0
364.0 368.0
4273.0 3194.0
3785.0 4477.0
391.0 401.0
966.0 2279.0
4382.0 3065.0
3432.0 4583.0
3628.0 3178.0
975.0 1840.0
27.0 4477.0
492.0 2748.0
1507.0 2362.0
1509.0 2241.0
1397.0 2247.0
2307.0 1462.0
136.0 541.0
1819.0 410.0
2200.0 2749.0
702.0 2528.0
1613.0 2205.0
278.0 300.0
4204.0 3270.0
2018.0 208.0
3872.0 3445.0
1608.0 2423.0
239.0 1986.0
4221.0 2957.0
5.0 1756.0
2926.0 3570.0
1911.0 1296.0
581.0 1213.0
489.0 2031.0
3218.0 4317.0
4100.0 4231.0
1149.0 2314.0
2302.0 1175.0
3815.0 4364.0
1642.0 179.0
4669.0 4282.0
1592.0 2056.0
3292.0 4277.0
4415.0 4139.0
3300.0 3968.0
1345.0 877.0
360.0 2811.0
774.0 2182.0
3115.0 4477.0
1068.0 2100.0
4624.0 3804.0
3140.0 4129.0
110.0 1427.0
1419.0 1437.0
3036.0 3893.0
1749.0 264.0
2522.0 2863.0
3616.0 3217.0
3383.0 3208.0
2018.0 1500.0
52.0 1416.0
1673.0 147.0
861.0 2278.0
1733.0 458.0
1223.0 328.0
4207.0 3203.0
3580.0 2957.0
4248.0 3170.0
1586.0 4477.0
3851.0 4683.0
1597.0 4020.0
940.0 2346.0
2139.0 1832.0
1942.0 2353.0
365.0 1039.0
3358.0 3547.0
383.0 2462.0
4022.0 3382.0
2553.0 1588.0
1106.0 381.0
244.0 1039.0
4464.0 4426.0
3058.0 4477.0
350.0 719.0
3375.0 3705.0
3156.0 3394.0
2687.0 1441.0
3773.0 4477.0
2122.0 2687.0
3410.0 3918.0
3088.0 4632.0
4199.0 4188.0
1180.0 2114.0
1087.0 2205.0
3716.0 3653.0
859.0 1317.0
3155.0 288.0
1480.0 2814.0
719.0 1743.0
499.0 2468.0
3047.0 4469.0
2473.0 1917.0
65.0 454.0
2368.0 2669.0
3688.0 4088.0
3269.0 3554.0
2533.0 462.0
1962.0 1468.0
364.0 2877.0
3216.0 4667.0
4560.0 3085.0
431.0 317.0
848.0 1101.0
1606.0 2165.0
2378.0 2149.0
3255.0 4477.0
465.0 2777.0
4617.0 4477.0
4684.0 3570.0
1326.0 2206.0
2455.0 2271.0
1860.0 4477.0
4290.0 4228.0
992.0 3841.0
686.0 299.0
871.0 1042.0
4274.0 3282.0
2248.0 653.0
3364.0 3950.0
574.0 1830.0
4308.0 4477.0
4498.0 4029.0
1353.0 1798.0
237.0 1156.0
2007.0 1207.0
585.0 2524.0
452.0 1209.0
3997.0 4339.0
3772.0 3310.0
2999.0 3389.0
391.0 2679.0
2658.0 4020.0
1708.0 843.0
3065.0 3243.0
4663.0 4159.0
654.0 1093.0
518.0 2357.0
2966.0 3845.0
1369.0 2040.0
993.0 2081.0
188.0 370.0
3563.0 4201.0
49.0 222.0
2246.0 1105.0
4301.0 3402.0
62.0 2364.0
4103.0 4088.0
3924.0 3320.0
4366.0 3778.0
1819.0 679.0
4101.0 4477.0
1618.0 2274.0
238.0 93.0
2136.0 2805.0
1614.0 2527.0
3469.0 4106.0
564.0 4477.0
153.0 1837.0
3855.0 4441.0
4304.0 3146.0
4190.0 3363.0
3611.0 3182.0
2961.0 3570.0
3176.0 4477.0
3813.0 3584.0
3158.0 4520.0
4401.0 4316.0
791.0 2680.0
3235.0 4343.0
3448.0 4552.0
1673.0 2875.0
3198.0 3023.0
2784.0 65.0
1126.0 1499.0
896.0 1704.0
3595.0 4203.0
2508.0 2585.0
3999.0 4477.0
3872.0 3531.0
3989.0 4462.0
507.0 1258.0
129.0 1605.0
3290.0 4452.0
3548.0 3087.0
1760.0 1304.0
436.0 1120.0
3381.0 3824.0
3441.0 3581.0
1360.0 988.0
3512.0 4203.0
4102.0 4626.0
2945.0 3524.0
1174.0 1529.0
2207.0 3914.0
265.0 2200.0
563.0 761.0
1722.0 2253.0
3381.0 3879.0
1230.0 1589.0
274.0 1842.0
2665.0 1401.0
117.0 2401.0
2681.0 2078.0
2979.0 3516.0
724.0 2737.0
3344.0 3969.0
3048.0 4007.0
3589.0 4231.0
1613.0 908.0
1250.0 1279.0
3673.0 3514.0
2172.0 44.0
2218.0 4477.0
4546.0 3277.0
3640.0 3280.0
1226.0 2121.0
3000.0 3227.0
4657.0 3959.0
626.0 1685.0
4406.0 3389.0
622.0 1872.0
3396.0 3474.0
3145.0 4316.0
170.0 2473.0
1103.0 605.0
3864.0 4477.0
2813.0 2206.0
918.0 2896.0
4228.0 4463.0
3427.0 4098.0
3387.0 4430.0
4267.0 3722.0
364.0 1315.0
3521.0 4401.0
1957.0 1066.0
1358.0 581.0
3100.0 4389.0
1189.0 2528.0
3069.0 4669.0
277.0 4477.0
2180.0 1301.0
1161.0 1460.0
2350.0 1339.0
670.0 1907.0
3139.0 4177.0
988.0 2448.0
2019.0 172.0
3332.0 2958.0
288.0 4020.0
1163.0 2372.0
36.0 2634.0
4447.0 4521.0
1074.0 1110.0
974.0 833.0
4315.0 3320.0
4270.0 4477.0
3348.0 3313.0
401.0 1310.0
955.0 1140.0
281.0 347.0
3319.0 3770.0
3997.0 4277.0
1000.0 847.0
1699.0 220.0
215.0 302.0
3160.0 3395.0
112.0 371.0
3482.0 4134.0
3997.0 4588.0
3362.0 3758.0
3427.0 3396.0
4310.0 4577.0
3538.0 3217.0
4549.0 3829.0
889.0 2213.0
3339.0 3962.0
998.0 318.0
768.0 4477.0
2671.0 3323.0
1182.0 2884.0
1568.0 2312.0
2594.0 1704.0
3523.0 3767.0
442.0 2340.0
2179.0 1889.0
4390.0 3444.0
1445.0 4020.0
649.0 2471.0
3960.0 3847.0
1668.0 2440.0
1326.0 2813.0
3665.0 3999.0
1071.0 781.0
1035.0 1642.0
1014.0 2399.0
441.0 4020.0
2668.0 1353.0
4255.0 3953.0
273.0 2777.0
387.0 1556.0
612.0 2117.0
2365.0 2726.0
154.0 4477.0
986.0 1153.0
429.0 509.0
754.0 2236.0
326.0 738.0
3694.0 4264.0
1818.0 4020.0
500.0 2208.0
4414.0 4347.0
3092.0 3875.0
1479.0 253.0
3513.0 4351.0
606.0 2191.0
1140.0 2672.0
1609.0 2877.0
4638.0 4477.0
1130.0 1066.0
3123.0 4366.0
585.0 1543.0
951.0 2798.0
2425.0 2661.0
564.0 1392.0
1180.0 2884.0
3292.0 4213.0
3360.0 3588.0
3269.0 3112.0
3091.0 4298.0
4027.0 4213.0
3727.0 4647.0
1089.0 1033.0
1077.0 2585.0
4129.0 4093.0
1098.0 4477.0
449.0 322.0
3343.0 3427.0
3816.0 3882.0
4215.0 4635.0
1073.0 2022.0
1719.0 4477.0
48.0 2522.0
4272.0 4645.0
3629.0 2973.0
1147.0 817.0
85.0 1673.0
1592.0 4020.0
603.0 2174.0
458.0 2256.0
3430.0 3876.0
2157.0 2492.0
1051.0 405.0
3256.0 4280.0
810.0 2010.0
339.0 1474.0
3220.0 4264.0
2284.0 809.0
337.0 524.0
4017.0 4513.0
2650.0 1651.0
1045.0 2591.0
2488.0 2417.0
386.0 2447.0
3232.0 4177.0
2610.0 4477.0
1516.0 264.0
990.0 2132.0
46.0 250.0
1255.0 1349.0
2956.0 3009.0
2741.0 1855.0
3822.0 4369.0
644.0 859.0
394.0 2587.0
1643.0 2193.0
1682.0 492.0
3100.0 3191.0
1164.0 4477.0
807.0 1309.0
2292.0 4040.0
2092.0 4477.0
85.0 729.0
4183.0 4477.0
3296.0 4477.0
2208.0 2889.0
488.0 2870.0
4341.0 4477.0
1742.0 1243.0
261.0 1704.0
2325.0 2591.0
4098.0 3393.0
4378.0 3528.0
3958.0 3205.0
2211.0 2479.0
947.0 93.0
3666.0 3568.0
2094.0 581.0
297.0 2467.0
920.0 1688.0
2296.0 2421.0
375.0 1088.0
3037.0 3799.0
3032.0 4583.0
524.0 1799.0
4544.0 4104.0
1158.0 1743.0
513.0 2672.0
4276.0 4425.0
2194.0 312.0
1147.0 2563.0
901.0 2319.0
1117.0 1105.0
2536.0 800.0
1567.0 2698.0
2493.0 4477.0
740.0 4477.0
772.0 2404.0
1092.0 2875.0
3879.0 4341.0
4579.0 4128.0
3289.0 3588.0
3253.0 4430.0
1039.0 1304.0
950.0 888.0
3554.0 3819.0
445.0 1258.0
3902.0 4461.0
79.0 2462.0
4105.0 4374.0
365.0 1642.0
378.0 2856.0
396.0 1065.0
4617.0 3888.0
3546.0 3014.0
3536.0 4380.0
383.0 1738.0
2657.0 1751.0
3459.0 3243.0
1205.0 4020.0
1719.0 2260.0
1919.0 1268.0
3935.0 4620.0
3522.0 3580.0
3358.0 3338.0
1282.0 2071.0
563.0 1881.0
354.0 2530.0
4430.0 3178.0
3022.0 3904.0
3943.0 3379.0
3335.0 3360.0
48.0 1947.0
1909.0 2292.0
4138.0 4589.0
3743.0 3841.0
1736.0 2672.0
3165.0 4477.0
2755.0 764.0
4257.0 3492.0
1076.0 2623.0
3384.0 4020.0
768.0 2491.0
3783.0 4408.0
3162.0 3495.0
4421.0 3349.0
3844.0 3208.0
393.0 4477.0
3315.0 3926.0
1535.0 2444.0
3072.0 4081.0
213.0 2530.0
2355.0 1605.0
4202.0 4598.0
4512.0 4317.0
4028.0 2934.0
4202.0 4617.0
2725.0 2253.0
2727.0 2813.0
1125.0 2451.0
3189.0 4309.0
2022.0 1634.0
3535.0 3780.0
1748.0 2136.0
2384.0 2703.0
171.0 2316.0
4664.0 3660.0
695.0 1736.0
2277.0 585.0
1979.0 2497.0
3622.0 4065.0
1448.0 2252.0
2924.0 4256.0
804.0 1736.0
3643.0 3886.0
2779.0 1911.0
2186.0 2696.0
3236.0 4118.0
2860.0 241.0
1603.0 3368.0
2036.0 2322.0
722.0 1112.0
2676.0 731.0
130.0 943.0
3520.0 4120.0
4138.0 4596.0
3368.0 4194.0
4675.0 3391.0
832.0 1881.0
844.0 2847.0
3017.0 3547.0
3832.0 4500.0
1398.0 1571.0
2261.0 1518.0
283.0 2812.0
1405.0 1361.0
3752.0 4477.0
645.0 1261.0
410.0 1452.0
215.0 2152.0
3841.0 4477.0
1110.0 442.0
612.0 991.0
772.0 531.0
2620.0 538.0
2961.0 3648.0
816.0 2570.0
4577.0 3221.0
977.0 1310.0
4226.0 4315.0
671.0 1077.0
743.0 2299.0
3969.0 4377.0
4131.0 4354.0
2854.0 833.0
3362.0 4438.0
1308.0 1401.0
3171.0 3386.0
391.0 1624.0
1234.0 1410.0
2392.0 2628.0
2047.0 1123.0
1747.0 1063.0
218.0 1013.0
4373.0 3866.0
3629.0 4213.0
2620.0 437.0
2346.0 1377.0
1418.0 746.0
726.0 132.0
4052.0 3309.0
721.0 482.0
3515.0 4085.0
366.0 867.0
3592.0 3969.0
109.0 1482.0
390.0 2906.0
445.0 492.0
60.0 2348.0
823.0 650.0
3731.0 4380.0
443.0 2216.0
4366.0 2972.0
4246.0 4456.0
1168.0 1764.0
2277.0 1704.0
2530.0 2707.0
4665.0 4674.0
208.0 93.0
364.0 2074.0
846.0 2308.0
3772.0 4637.0
2142.0 2554.0
3550.0 4248.0
3378.0 3825.0
4263.0 3771.0
4176.0 3325.0
1173.0 236.0
4567.0 3829.0
4431.0 3568.0
824.0 2253.0
2725.0 404.0
428.0 1733.0
1624.0 2632.0
1036.0 420.0
1988.0 1791.0
2377.0 2417.0
350.0 1437.0
3546.0 2995.0
1076.0 2738.0
4593.0 3499.0
980.0 1409.0
1744.0 2627.0
1751.0 241.0
1412.0 2638.0
85.0 2446.0
975.0 482.0
3563.0 3164.0
1752.0 1796.0
4313.0 4477.0
4303.0 3544.0
2332.0 2632.0
307.0 2262.0
2937.0 4648.0
2711.0 541.0
1586.0 2343.0
3838.0 4174.0
1267.0 2227.0
601.0 1074.0
1117.0 1045.0
1012.0 540.0
2454.0 1500.0
1941.0 179.0
370.0 1427.0
391.0 2869.0
2209.0 1236.0
2241.0 1112.0
2205.0 1021.0
2506.0 254.0
3106.0 4001.0
91.0 1980.0
3404.0 4006.0
1449.0 2243.0
2271.0 1349.0
1279.0 2873.0
2160.0 1696.0
2498.0 1855.0
1782.0 1814.0
754.0 2595.0
3054.0 4038.0
3262.0 3618.0
4260.0 3170.0
575.0 264.0
1880.0 2611.0
230.0 2523.0
443.0 958.0
3791.0 4407.0
969.0 361.0
3135.0 4229.0
3293.0 3500.0
2854.0 1149.0
4037.0 3272.0
3786.0 4530.0
4138.0 3456.0
916.0 1967.0
38.0 727.0
4584.0 4033.0
3296.0 4177.0
2888.0 2520.0
2469.0 2525.0
4588.0 4277.0
3726.0 3213.0
1174.0 613.0
4448.0 3388.0
2818.0 1490.0
4448.0 4065.0
2897.0 1088.0
2067.0 2873.0
4268.0 3721.0
786.0 2805.0
3194.0 4128.0
1959.0 2417.0
2976.0 3811.0
1069.0 606.0
1593.0 1284.0
2591.0 2311.0
656.0 1557.0
2115.0 2717.0
2245.0 4188.0
861.0 2894.0
3626.0 4660.0
532.0 4477.0
1550.0 2918.0
4371.0 4409.0
2712.0 1996.0
3379.0 4496.0
3534.0 4015.0
285.0 1232.0
3368.0 4292.0
5.0 2273.0
3098.0 4033.0
195.0 1462.0
2730.0 1275.0
1872.0 314.0
3546.0 4418.0
1579.0 482.0
1509.0 2892.0
3904.0 4023.0
2223.0 1409.0
2374.0 751.0
3638.0 4048.0
2158.0 1088.0
1868.0 609.0
1707.0 4477.0
632.0 2677.0
2359.0 959.0
3664.0 3946.0
656.0 2814.0
390.0 869.0
3416.0 4019.0
1419.0 2574.0
3432.0 4196.0
1079.0 2479.0
3944.0 3893.0
4151.0 4502.0
3439.0 4669.0
4255.0 3405.0
294.0 1864.0
3136.0 3872.0
688.0 1834.0
3721.0 3968.0
1987.0 1756.0
3747.0 4477.0
3381.0 4341.0
2827.0 1284.0
163.0 1770.0
2033.0 1353.0
3577.0 3863.0
2649.0 1486.0
321.0 1878.0
1507.0 941.0
764.0 2905.0
2425.0 844.0
2767.0 454.0
538.0 4020.0
3363.0 4472.0
2639.0 2507.0
193.0 829.0
4504.0 4477.0
1595.0 454.0
3098.0 4605.0
2829.0 898.0
1257.0 826.0
229.0 288.0
1346.0 2774.0
3290.0 4174.0
55.0 2479.0
2725.0 1621.0
3706.0 3578.0
1967.0 1459.0
3156.0 3197.0
4164.0 4477.0
113.0 741.0
514.0 4477.0
2923.0 3022.0
1840.0 935.0
3091.0 2947.0
1147.0 2479.0
3645.0 3194.0
2768.0 2113.0
1733.0 1841.0
1314.0 186.0
23.0 2702.0
1176.0 465.0
3478.0 4477.0
3253.0 3178.0
1403.0 196.0
3894.0 3650.0
3039.0 4480.0
610.0 2042.0
2246.0 1462.0
11.0 939.0
3207.0 4528.0
1851.0 1755.0
2967.0 4154.0
4414.0 4683.0
4176.0 4380.0
91.0 4477.0
790.0 2506.0
3388.0 4346.0
2519.0 2579.0
3924.0 4395.0
3078.0 4371.0
313.0 321.0
3371.0 4647.0
4277.0 4139.0
812.0 2313.0
354.0 593.0
4050.0 3568.0
3553.0 4392.0
2009.0 1932.0
100.0 2371.0
3008.0 3630.0
1375.0 2760.0
4651.0 4393.0
723.0 2855.0
2610.0 717.0
860.0 2777.0
3167.0 4615.0
3027.0 4107.0
2066.0 3594.0
3528.0 3609.0
4296.0 4619.0
167.0 1611.0
2573.0 2774.0
4422.0 4477.0
1477.0 2672.0
4272.0 4082.0
136.0 2851.0
1226.0 2797.0
863.0 334.0
1184.0 2680.0
2687.0 2091.0
3883.0 4284.0
4027.0 4389.0
3628.0 4267.0
4238.0 4400.0
706.0 4020.0
812.0 1397.0
3101.0 4551.0
1479.0 824.0
34.0 44.0
2975.0 3504.0
1779.0 454.0
725.0 2204.0
3318.0 3954.0
4401.0 4498.0
3005.0 4484.0
2184.0 2280.0
1346.0 4477.0
567.0 700.0
1662.0 1902.0
600.0 1967.0
3479.0 3632.0
870.0 2188.0
2068.0 2724.0
1197.0 1443.0
4205.0 3229.0
1353.0 2114.0
1410.0 2524.0
3067.0 4525.0
97.0 1344.0
2403.0 2591.0
1095.0 944.0
219.0 2100.0
3929.0 3178.0
3836.0 4317.0
208.0 2479.0
1334.0 1797.0
2543.0 2295.0
283.0 2669.0
3019.0 3986.0
142.0 1419.0
830.0 1697.0
2944.0 4020.0
2226.0 1263.0
3960.0 4624.0
856.0 1302.0
4058.0 4477.0
3248.0 3685.0
287.0 2205.0
2623.0 2738.0
821.0 1077.0
559.0 1133.0
1067.0 1716.0
4227.0 3854.0
3397.0 3736.0
2790.0 4477.0
3721.0 3947.0
3708.0 4116.0
1721.0 2524.0
4469.0 3178.0
2329.0 1258.0
2257.0 125.0
3328.0 3445.0
1119.0 1586.0
93.0 449.0
1237.0 2292.0
4196.0 4545.0
298.0 816.0
48.0 771.0
3445.0 4477.0
3226.0 3518.0
2195.0 1368.0
3082.0 4118.0
474.0 1829.0
4583.0 4480.0
3779.0 3810.0
3663.0 3020.0
131.0 4477.0
550.0 1687.0
4649.0 4474.0
1234.0 153.0
2651.0 1812.0
108.0 1548.0
3169.0 3230.0
886.0 2462.0
2519.0 1353.0
4027.0 4426.0
1250.0 1605.0
3136.0 3521.0
4144.0 4385.0
1019.0 2680.0
3887.0 3690.0
2376.0 2595.0
1473.0 2662.0
2991.0 3414.0
2945.0 3528.0
1243.0 2206.0
1897.0 2805.0
1612.0 1460.0
3988.0 3229.0
593.0 2022.0
3358.0 3880.0
3421.0 4210.0
1715.0 2430.0
3001.0 4454.0
4186.0 3680.0
240.0 1520.0
304.0 1483.0
1783.0 2253.0
32.0 1286.0
3285.0 4094.0
1363.0 800.0
4306.0 4361.0
726.0 1160.0
1006.0 2035.0
335.0 1981.0
625.0 1631.0
2843.0 609.0
3107.0 3141.0
4071.0 4457.0
375.0 2273.0
4004.0 3465.0
1295.0 1437.0
1250.0 1588.0
3513.0 4020.0
2049.0 2088.0
3136.0 4660.0
303.0 2149.0
3412.0 3907.0
1740.0 1779.0
3974.0 4451.0
1349.0 1031.0
117.0 2585.0
3745.0 3872.0
2244.0 492.0
1103.0 1121.0
3644.0 3991.0
3643.0 3065.0
1154.0 2136.0
4083.0 4117.0
410.0 1057.0
1365.0 1824.0
4240.0 3251.0
3701.0 4449.0
1671.0 2029.0
3855.0 3762.0
936.0 1187.0
1222.0 1499.0
2611.0 2634.0
4409.0 3324.0
2437.0 1756.0
76.0 2631.0
1476.0 4477.0
2661.0 2334.0
951.0 2044.0
3779.0 3407.0
2033.0 1492.0
2259.0 1293.0
153.0 2805.0
4518.0 3152.0
1195.0 318.0
3152.0 3142.0
359.0 4020.0
548.0 1664.0
1179.0 1573.0
729.0 946.0
1417.0 2181.0
2657.0 2253.0
155.0 4477.0
383.0 1503.0
387.0 1039.0
550.0 2241.0
3887.0 3179.0
2853.0 827.0
3532.0 3179.0
428.0 663.0
3419.0 3643.0
1597.0 2775.0
3868.0 4259.0
4305.0 4117.0
791.0 1086.0
350.0 2384.0
351.0 2417.0
1863.0 2679.0
3830.0 4491.0
1388.0 1475.0
3720.0 3917.0
2365.0 1330.0
972.0 849.0
4657.0 3201.0
1933.0 1061.0
212.0 2516.0
2266.0 422.0
2194.0 1745.0
2434.0 1063.0
115.0 153.0
1333.0 2243.0
1356.0 2726.0
3530.0 4477.0
151.0 153.0
408.0 44.0
1621.0 1637.0
273.0 1778.0
3659.0 3894.0
4046.0 3028.0
165.0 2872.0
2464.0 2678.0
1994.0 2027.0
1208.0 4477.0
3878.0 3531.0
2932.0 3175.0
3558.0 3980.0
4029.0 3727.0
4240.0 3412.0
3395.0 3663.0
4428.0 3345.0
1522.0 4477.0
3193.0 3486.0
2007.0 1802.0
3493.0 3965.0
1460.0 1926.0
916.0 399.0
2483.0 1532.0
3799.0 3300.0
3104.0 4083.0
3611.0 3392.0
1844.0 2389.0
459.0 2897.0
2803.0 2774.0
1417.0 2669.0
2601.0 132.0
2236.0 1516.0
1511.0 2726.0
2913.0 4479.0
1986.0 2257.0
2637.0 4477.0
3222.0 3527.0
4149.0 3209.0
4263.0 3234.0
619.0 1310.0
929.0 1121.0
1250.0 2553.0
644.0 2192.0
277.0 906.0
894.0 818.0
1147.0 2621.0
3678.0 3774.0
2318.0 844.0
2419.0 963.0
2892.0 2642.0
1586.0 2168.0
4038.0 3570.0
1800.0 2805.0
3924.0 3959.0
3419.0 3931.0
3583.0 4477.0
2720.0 440.0
544.0 1077.0
4614.0 3157.0
1209.0 2145.0
3913.0 3061.0
2132.0 739.0
3706.0 3810.0
3232.0 3607.0
1108.0 524.0
3903.0 4020.0
99.0 2620.0
4001.0 3706.0
4267.0 3113.0
497.0 2417.0
4599.0 4139.0
884.0 2726.0
2854.0 1902.0
2039.0 4477.0
1257.0 2010.0
3206.0 3794.0
4588.0 3574.0
938.0 1462.0
3383.0 4109.0
1086.0 4403.0
463.0 4536.0
3308.0 3420.0
1438.0 2359.0
4677.0 4088.0
4339.0 4428.0
4315.0 4270.0
3257.0 4477.0
3046.0 3730.0
4483.0 4312.0
3422.0 4393.0
104.0 1806.0
4283.0 3216.0
588.0 2382.0
2486.0 2167.0
1069.0 981.0
175.0 502.0
1781.0 1814.0
973.0 247.0
4559.0 4477.0
3924.0 3961.0
4145.0 3608.0
2629.0 1974.0
1263.0 2120.0
3009.0 3375.0
1155.0 1436.0
3761.0 4290.0
3404.0 3855.0
996.0 2669.0
1150.0 2310.0
351.0 1977.0
3545.0 4454.0
2326.0 97.0
2916.0 4044.0
3225.0 3528.0
2085.0 2212.0
2935.0 4507.0
340.0 2248.0
3772.0 4401.0
4340.0 4477.0
1238.0 4477.0
1197.0 1103.0
2755.0 581.0
3612.0 4138.0
90.0 404.0
1512.0 2862.0
2156.0 1645.0
4657.0 4213.0
2983.0 4315.0
2628.0 655.0
27.0 2828.0
154.0 2019.0
4253.0 4263.0
2143.0 2108.0
4421.0 4203.0
2252.0 4477.0
4526.0 4449.0
1201.0 1442.0
2628.0 1963.0
1002.0 2689.0
2327.0 2382.0
654.0 195.0
4274.0 4207.0
3011.0 4021.0
3811.0 4004.0
2062.0 4477.0
1501.0 2377.0
489.0 4477.0
2928.0 3584.0
2587.0 2417.0
1630.0 2164.0
1353.0 333.0
2427.0 2467.0
1877.0 2038.0
1335.0 751.0
2038.0 524.0
4015.0 4271.0
1524.0 2682.0
3420.0 4341.0
4121.0 4373.0
2457.0 2698.0
2491.0 2798.0
1306.0 1269.0
978.0 1745.0
519.0 2769.0
1511.0 1558.0
3087.0 3053.0
3853.0 4006.0
1029.0 1289.0
3902.0 4020.0
4666.0 4277.0
3961.0 4226.0
1620.0 2325.0
694.0 1450.0
1000.0 1227.0
3641.0 3828.0
3984.0 3503.0
3429.0 4477.0
3743.0 4631.0
3372.0 3681.0
4009.0 3894.0
2352.0 4020.0
261.0 1605.0
3676.0 3429.0
1613.0 2559.0
1735.0 4020.0
4281.0 3085.0
3067.0 3338.0
2777.0 935.0
4574.0 4088.0
3560.0 4057.0
932.0 2438.0
861.0 2268.0
2981.0 4401.0
716.0 2200.0
1196.0 515.0
4284.0 4477.0
1773.0 1495.0
3119.0 3904.0
753.0 1771.0
881.0 888.0
2802.0 4477.0
2021.0 2890.0
3224.0 3756.0
2553.0 1733.0
801.0 2350.0
434.0 1752.0
693.0 650.0
2371.0 2549.0
2506.0 1621.0
4625.0 3034.0
4508.0 4175.0
4248.0 4391.0
2642.0 197.0
2216.0 2644.0
1722.0 2645.0
981.0 1487.0
3115.0 3143.0
1534.0 2867.0
3254.0 2972.0
3469.0 4393.0
2109.0 2588.0
3133.0 3816.0
1828.0 4477.0
4150.0 3216.0
3818.0 3086.0
1135.0 1462.0
4682.0 3855.0
636.0 2806.0
172.0 1269.0
3070.0 3792.0
3180.0 4139.0
2735.0 2753.0
823.0 1353.0
524.0 749.0
173.0 1875.0
4196.0 4480.0
1708.0 2677.0
117.0 1202.0
2687.0 2646.0
3735.0 3726.0
1642.0 1061.0
294.0 830.0
1836.0 1933.0
1032.0 2193.0
1187.0 1580.0
3808.0 4041.0
514.0 1661.0
2001.0 2073.0
2619.0 1099.0
3682.0 3370.0
3199.0 3819.0
292.0 4477.0
3552.0 4188.0
1661.0 1142.0
509.0 1001.0
3600.0 4096.0
2121.0 2091.0
1203.0 775.0
3464.0 3280.0
2035.0 2099.0
4310.0 3957.0
342.0 3431.0
3357.0 4477.0
1289.0 1945.0
677.0 824.0
302.0 492.0
1372.0 4477.0
4428.0 4139.0
3219.0 3768.0
537.0 2370.0
3450.0 4361.0
2997.0 4142.0
122.0 502.0
3743.0 4020.0
4515.0 3669.0
2804.0 558.0
3306.0 3872.0
31.0 153.0
1818.0 1499.0
537.0 955.0
3210.0 3445.0
4275.0 4501.0
2252.0 872.0
576.0 1790.0
2752.0 3431.0
1308.0 454.0
168.0 665.0
1169.0 2212.0
391.0 1383.0
2921.0 4615.0
3777.0 3554.0
620.0 1582.0
3140.0 4218.0
67.0 459.0
3214.0 3526.0
4011.0 3138.0
1550.0 2183.0
2125.0 2426.0
614.0 2048.0
4615.0 4448.0
4545.0 4606.0
2823.0 1234.0
3584.0 4083.0
4428.0 4407.0
230.0 4020.0
1119.0 2766.0
536.0 1704.0
3103.0 4102.0
1896.0 1802.0
1224.0 1899.0
217.0 271.0
3218.0 4477.0
1127.0 1743.0
3918.0 3843.0
3546.0 3723.0
3022.0 3393.0
175.0 588.0
3175.0 3178.0
3175.0 3326.0
629.0 859.0
874.0 4020.0
147.0 1462.0
1825.0 120.0
190.0 2814.0
3489.0 3459.0
433.0 2544.0
4285.0 3981.0
849.0 1901.0
1625.0 1930.0
536.0 1605.0
2181.0 844.0
3884.0 4441.0
764.0 2774.0
1035.0 1933.0
636.0 2781.0
3001.0 3893.0
247.0 1278.0
4656.0 3179.0
3510.0 4316.0
354.0 1840.0
1285.0 2687.0
1493.0 2012.0
3438.0 3459.0
4060.0 4502.0
1666.0 2031.0
2950.0 3578.0
1879.0 557.0
1069.0 1487.0
1287.0 3869.0
1982.0 2298.0
688.0 2500.0
2850.0 2482.0
3610.0 3477.0
168.0 2849.0
1109.0 606.0
704.0 4477.0
1080.0 909.0
590.0 109.0
1571.0 2448.0
2992.0 3847.0
1666.0 582.0
4200.0 3489.0
3990.0 4024.0
4123.0 4477.0
3957.0 4118.0
2617.0 431.0
4506.0 3238.0
1070.0 1887.0
3339.0 4481.0
84.0 1402.0
549.0 2772.0
3924.0 4166.0
2241.0 2420.0
369.0 2409.0
12.0 1351.0
554.0 4477.0
4198.0 4249.0
1353.0 1155.0
1279.0 2262.0
4452.0 4477.0
3228.0 4583.0
2529.0 2873.0
3056.0 3784.0
978.0 4477.0
3390.0 3732.0
3536.0 3716.0
1560.0 2015.0
4050.0 2986.0
3511.0 4679.0
1873.0 529.0
232.0 3296.0
3215.0 4468.0
1307.0 1308.0
2376.0 4477.0
2062.0 1794.0
3252.0 3555.0
3829.0 4568.0
3296.0 3632.0
3491.0 2978.0
2442.0 2350.0
867.0 1353.0
2956.0 3116.0
4268.0 4484.0
4406.0 4216.0
3960.0 3400.0
1690.0 1353.0
3207.0 3635.0
1065.0 4477.0
2365.0 710.0
3045.0 2944.0
1656.0 2726.0
553.0 4477.0
2404.0 531.0
812.0 1729.0
4619.0 3467.0
3772.0 4498.0
3450.0 4028.0
2854.0 2530.0
144.0 938.0
3708.0 3284.0
3896.0 4207.0
2826.0 252.0
3648.0 4655.0
298.0 688.0
4306.0 4093.0
183.0 2067.0
1403.0 1529.0
4234.0 4025.0
3989.0 4454.0
455.0 2674.0
4173.0 4382.0
1259.0 2304.0
2153.0 2672.0
15.0 4020.0
2465.0 243.0
3312.0 3195.0
4015.0 4681.0
2699.0 197.0
977.0 2786.0
4503.0 4158.0
638.0 1503.0
984.0 1740.0
1580.0 790.0
2303.0 1410.0
2935.0 3928.0
85.0 4477.0
2043.0 2642.0
3955.0 4261.0
157.0 2272.0
954.0 1905.0
4281.0 4085.0
3778.0 3642.0
2501.0 2561.0
4411.0 4477.0
3401.0 3449.0
1127.0 454.0
4443.0 3138.0
1959.0 2805.0
4296.0 4108.0
4267.0 3633.0
357.0 1934.0
3969.0 3506.0
78.0 302.0
4307.0 4058.0
4361.0 4649.0
4202.0 3855.0
4246.0 4298.0
4155.0 4385.0
1701.0 2243.0
2077.0 2812.0
4003.0 4298.0
3156.0 3264.0
3448.0 4477.0
2652.0 2780.0
408.0 2359.0
1598.0 1531.0
1798.0 287.0
2420.0 626.0
1581.0 2798.0
3454.0 4477.0
4660.0 4118.0
931.0 2398.0
1378.0 470.0
2554.0 1021.0
552.0 2628.0
3171.0 3462.0
4120.0 4426.0
2454.0 437.0
852.0 1731.0
263.0 153.0
4247.0 4453.0
674.0 1079.0
376.0 1326.0
4073.0 4154.0
1080.0 1145.0
1256.0 2377.0
428.0 1605.0
4577.0 4516.0
3222.0 4477.0
2300.0 672.0
437.0 3066.0
547.0 2253.0
2678.0 3774.0
3945.0 4630.0
3510.0 4502.0
2065.0 1855.0
48.0 582.0
555.0 1336.0
743.0 2091.0
710.0 197.0
3191.0 4330.0
2060.0 2674.0
52.0 2783.0
1509.0 1878.0
4093.0 4108.0
1406.0 252.0
2510.0 1084.0
1066.0 2814.0
217.0 2351.0
3014.0 3610.0
960.0 2674.0
82.0 2679.0
4318.0 3926.0
123.0 175.0
4027.0 4024.0
2400.0 2777.0
3829.0 4025.0
4351.0 3695.0
1987.0 2125.0
916.0 1739.0
48.0 2733.0
1323.0 1399.0
1565.0 1468.0
3534.0 3982.0
3737.0 4572.0
1769.0 928.0
4380.0 3374.0
48.0 1063.0
3171.0 4042.0
273.0 2074.0
224.0 930.0
3064.0 4133.0
4569.0 4651.0
2525.0 167.0
2007.0 1823.0
2365.0 2740.0
3301.0 4097.0
110.0 365.0
3422.0 4320.0
1354.0 2341.0
2773.0 4477.0
3924.0 4315.0
4011.0 3280.0
360.0 1489.0
3358.0 3605.0
1547.0 2761.0
1580.0 1724.0
3862.0 3939.0
1579.0 2688.0
3798.0 3389.0
2306.0 1710.0
2545.0 2599.0
3571.0 3895.0
986.0 2659.0
1863.0 1310.0
1991.0 2591.0
167.0 1871.0
4129.0 4161.0
3034.0 4213.0
1598.0 4477.0
451.0 1789.0
4161.0 4108.0
237.0 2385.0
2393.0 1361.0
229.0 2089.0
2912.0 4118.0
1437.0 2669.0
2660.0 2726.0
200.0 1356.0
3257.0 3296.0
1828.0 2168.0
1333.0 318.0
581.0 1529.0
4028.0 4198.0
1346.0 2603.0
1280.0 4477.0
3138.0 3053.0
1146.0 4477.0
1067.0 1621.0
1721.0 2470.0
1576.0 2366.0
4312.0 4489.0
3649.0 4477.0
639.0 642.0
3982.0 4597.0
4318.0 3498.0
1379.0 4477.0
3778.0 3809.0
1076.0 2417.0
846.0 1640.0
2405.0 2091.0
4327.0 2924.0
876.0 1059.0
3408.0 3917.0
4103.0 3409.0
3439.0 4386.0
2558.0 581.0
3093.0 4201.0
1266.0 243.0
1509.0 2285.0
2894.0 203.0
2260.0 1088.0
1346.0 1997.0
986.0 1752.0
3730.0 3133.0
3934.0 4248.0
30.0 1582.0
956.0 1915.0
1952.0 1100.0
821.0 1744.0
3014.0 3953.0
92.0 1627.0
1057.0 981.0
4551.0 4020.0
3784.0 4085.0
3914.0 3823.0
1075.0 2081.0
3971.0 3614.0
2774.0 2524.0
4042.0 4623.0
2785.0 765.0
2802.0 2619.0
2938.0 4055.0
2309.0 1967.0
3144.0 4115.0
1527.0 2597.0
2869.0 619.0
4223.0 4097.0
4510.0 4110.0
2921.0 4448.0
1429.0 2884.0
2960.0 4139.0
586.0 1582.0
2035.0 1638.0
3468.0 4239.0
1953.0 1503.0
13.0 1353.0
1437.0 2465.0
44.0 2099.0
394.0 1410.0
852.0 1810.0
813.0 1966.0
3705.0 4139.0
2994.0 4684.0
449.0 2177.0
1044.0 2087.0
1760.0 4477.0
313.0 2890.0
2408.0 713.0
120.0 1750.0
3705.0 4599.0
1981.0 4477.0
2363.0 1599.0
878.0 2135.0
391.0 867.0
3014.0 4065.0
678.0 2253.0
958.0 2731.0
48.0 1507.0
2915.0 4596.0
4312.0 4255.0
409.0 2664.0
2868.0 124.0
1074.0 1538.0
1074.0 2682.0
3113.0 3924.0
287.0 1483.0
940.0 4477.0
4486.0 3170.0
3069.0 4006.0
4503.0 3277.0
673.0 833.0
3533.0 2974.0
2779.0 1923.0
1437.0 2077.0
1778.0 2574.0
107.0 665.0
3094.0 4477.0
2029.0 826.0
2211.0 4477.0
2702.0 2165.0
698.0 2642.0
688.0 2367.0
404.0 955.0
698.0 4477.0
2965.0 3292.0
3285.0 4657.0
1127.0 1752.0
3832.0 4671.0
3126.0 4230.0
2371.0 1752.0
2422.0 1141.0
1714.0 57.0
3149.0 4101.0
782.0 1697.0
1079.0 1764.0
1418.0 1149.0
3406.0 4477.0
2745.0 1093.0
48.0 1127.0
497.0 2454.0
364.0 1254.0
575.0 2420.0
2302.0 2812.0
4027.0 3399.0
1635.0 995.0
2021.0 2205.0
4505.0 4593.0
1087.0 2027.0
1341.0 1062.0
4076.0 3859.0
677.0 1139.0
2442.0 801.0
1604.0 2281.0
3006.0 4655.0
4478.0 3586.0
3359.0 3052.0
2617.0 317.0
2098.0 2268.0
3041.0 4044.0
1823.0 2878.0
1253.0 650.0
2203.0 943.0
1635.0 195.0
3175.0 4101.0
4452.0 3116.0
2846.0 2201.0
3995.0 3039.0
2395.0 2514.0
4648.0 4502.0
223.0 1988.0
1661.0 659.0
2768.0 606.0
2639.0 2010.0
2039.0 2726.0
1985.0 848.0
1160.0 1466.0
6.0 2417.0
4315.0 4077.0
829.0 1599.0
424.0 1780.0
3923.0 3257.0
3018.0 3403.0
3824.0 3957.0
2135.0 4477.0
4054.0 4510.0
1394.0 1139.0
1174.0 1914.0
388.0 1443.0
2118.0 2134.0
3510.0 4110.0
3703.0 3058.0
3923.0 3407.0
3638.0 4559.0
3052.0 4415.0
768.0 1876.0
3616.0 4552.0
3189.0 4415.0
1348.0 2159.0
4257.0 3138.0
2559.0 1279.0
3758.0 4627.0
3684.0 3919.0
3099.0 4456.0
486.0 2295.0
761.0 2645.0
2020.0 2724.0
1550.0 440.0
1222.0 1072.0
4147.0 4409.0
831.0 1967.0
3947.0 4370.0
688.0 632.0
3711.0 3859.0
2312.0 2205.0
3111.0 3495.0
163.0 76.0
1298.0 3431.0
1100.0 1139.0
2307.0 2773.0
1212.0 4477.0
876.0 1180.0
169.0 1768.0
2171.0 1604.0
3745.0 3640.0
215.0 1897.0
2591.0 2900.0
328.0 4477.0
1411.0 693.0
2395.0 1436.0
4571.0 3764.0
295.0 2507.0
1868.0 1918.0
2594.0 2774.0
4361.0 4474.0
954.0 2316.0
550.0 1541.0
82.0 571.0
1988.0 2054.0
1095.0 1837.0
3612.0 4315.0
4448.0 4013.0
3997.0 4417.0
1157.0 1903.0
3229.0 4099.0
3404.0 4684.0
2145.0 2241.0
3085.0 4502.0
1527.0 1966.0
1594.0 2167.0
3648.0 3853.0
3957.0 4059.0
36.0 589.0
479.0 167.0
3973.0 3783.0
1404.0 2040.0
394.0 1623.0
3542.0 4243.0
4600.0 3518.0
4315.0 3940.0
1289.0 2855.0
862.0 2182.0
3153.0 3372.0
3688.0 3727.0
884.0 48.0
294.0 494.0
3708.0 4354.0
3760.0 3021.0
4436.0 4568.0
1383.0 1624.0
880.0 1945.0
2590.0 2605.0
2355.0 1284.0
3522.0 3989.0
4299.0 3429.0
4097.0 3282.0
3964.0 4655.0
1484.0 2253.0
859.0 2516.0
3290.0 4657.0
4328.0 3726.0
3709.0 3774.0
1198.0 2497.0
3539.0 3660.0
1069.0 1729.0
3528.0 3096.0
4026.0 3399.0
2310.0 1475.0
3538.0 4347.0
3943.0 4268.0
3011.0 3220.0
48.0 1307.0
89.0 2253.0
1562.0 1838.0
3093.0 3419.0
3075.0 3014.0
279.0 663.0
3812.0 3835.0
4529.0 3311.0
400.0 1254.0
72.0 582.0
2366.0 1558.0
1668.0 1799.0
2669.0 1065.0
409.0 1921.0
1086.0 2592.0
3355.0 3557.0
1011.0 1410.0
1551.0 4477.0
3242.0 3784.0
4185.0 4126.0
3703.0 4495.0
2519.0 4477.0
214.0 2206.0
2878.0 1977.0
822.0 1778.0
1700.0 1523.0
34.0 2044.0
3011.0 3183.0
703.0 709.0
3731.0 3054.0
4340.0 3525.0
2059.0 1051.0
3087.0 4500.0
2186.0 1351.0
619.0 284.0
489.0 1957.0
2610.0 875.0
1076.0 2115.0
3576.0 3209.0
3054.0 3850.0
4276.0 3377.0
1710.0 672.0
3106.0 4565.0
3273.0 3947.0
51.0 1684.0
3335.0 3994.0
1930.0 1145.0
1420.0 2881.0
2588.0 1755.0
1283.0 1168.0
1915.0 2509.0
314.0 4020.0
2031.0 2372.0
2533.0 2711.0
2121.0 2343.0
175.0 2274.0
2224.0 167.0
464.0 1814.0
2287.0 817.0
4420.0 3784.0
1501.0 2774.0
1119.0 2610.0
3623.0 4129.0
3219.0 4448.0
2007.0 757.0
4258.0 3410.0
1890.0 2314.0
4107.0 4477.0
4186.0 4380.0
1134.0 2499.0
537.0 2386.0
2356.0 4477.0
4260.0 4129.0
3919.0 3385.0
3045.0 2942.0
2333.0 1920.0
716.0 1254.0
1413.0 2407.0
1842.0 2703.0
3528.0 4502.0
1001.0 1339.0
1044.0 4477.0
3383.0 3404.0
2900.0 979.0
4377.0 3338.0
3827.0 4046.0
2368.0 1098.0
1143.0 2792.0
2982.0 3921.0
2965.0 3324.0
724.0 1889.0
2246.0 2889.0
4561.0 3630.0
3123.0 3630.0
667.0 1245.0
303.0 935.0
2076.0 1527.0
2937.0 4308.0
4021.0 4477.0
633.0 1050.0
2273.0 164.0
4209.0 3177.0
2099.0 2403.0
2651.0 1338.0
4408.0 3472.0
1692.0 1977.0
3322.0 4448.0
222.0 44.0
4625.0 4579.0
461.0 1581.0
3454.0 3855.0
864.0 1838.0
1427.0 1443.0
3297.0 3819.0
1067.0 2672.0
3856.0 737.0
2700.0 78.0
503.0 1012.0
3913.0 4474.0
4400.0 4255.0
2402.0 2278.0
3231.0 4477.0
1571.0 2027.0
4552.0 3768.0
1944.0 1794.0
1594.0 1693.0
398.0 264.0
2380.0 2205.0
4084.0 3644.0
2890.0 1330.0
1825.0 2098.0
591.0 2774.0
1877.0 36.0
4291.0 4139.0
3538.0 3385.0
3923.0 3347.0
1887.0 1286.0
157.0 918.0
2878.0 1213.0
205.0 252.0
3853.0 4655.0
2332.0 2287.0
543.0 1830.0
3418.0 4647.0
4207.0 4140.0
2013.0 1284.0
3229.0 4671.0
1958.0 454.0
2192.0 1134.0
1410.0 4477.0
4505.0 2942.0
49.0 2253.0
3334.0 2953.0
753.0 1396.0
2591.0 2572.0
1610.0 2778.0
2612.0 249.0
4508.0 3014.0
2879.0 1924.0
3240.0 3572.0
2382.0 1084.0
3112.0 3993.0
3879.0 4347.0
1371.0 855.0
880.0 2895.0
419.0 2705.0
236.0 1062.0
2287.0 2235.0
3195.0 4083.0
2207.0 4665.0
1008.0 2546.0
2755.0 2091.0
316.0 1832.0
1672.0 2592.0
2077.0 2585.0
3358.0 3608.0
1666.0 671.0
3982.0 3843.0
454.0 482.0
1222.0 2282.0
2940.0 3439.0
646.0 688.0
350.0 403.0
3778.0 4655.0
2341.0 1284.0
1440.0 1680.0
1552.0 3930.0
4227.0 4454.0
1569.0 1139.0
1016.0 1842.0
3423.0 3011.0
4308.0 3443.0
1137.0 4576.0
3000.0 4477.0
1404.0 2496.0
1610.0 2351.0
3722.0 4253.0
942.0 1928.0
44.0 2104.0
3418.0 4477.0
797.0 243.0
3379.0 4310.0
1819.0 1452.0
3634.0 4660.0
1661.0 1825.0
844.0 1981.0
2383.0 2497.0
475.0 531.0
2559.0 2420.0
2034.0 2341.0
3773.0 3605.0
279.0 458.0
1386.0 2453.0
4675.0 3642.0
1014.0 2554.0
3298.0 3065.0
2868.0 4477.0
4022.0 4460.0
939.0 1788.0
1184.0 1447.0
13.0 1639.0
546.0 349.0
1168.0 1934.0
3626.0 3381.0
1022.0 770.0
1117.0 44.0
1158.0 2726.0
2012.0 1247.0
4627.0 4273.0
3448.0 4203.0
2919.0 4414.0
1695.0 826.0
876.0 1144.0
2925.0 3888.0
1417.0 243.0
1348.0 1314.0
1504.0 1111.0
284.0 1745.0
2590.0 2898.0
3463.0 3342.0
4596.0 4014.0
3861.0 4138.0
1768.0 1474.0
3806.0 4409.0
1092.0 4477.0
11.0 236.0
44.0 2547.0
136.0 1350.0
137.0 1968.0
1381.0 1529.0
1132.0 4020.0
2853.0 1314.0
3533.0 3308.0
3009.0 4460.0
2868.0 1855.0
1108.0 978.0
2285.0 1021.0
3263.0 4375.0
1497.0 1645.0
2244.0 2769.0
3443.0 3707.0
1574.0 2042.0
3319.0 3471.0
1670.0 2404.0
196.0 1605.0
3987.0 4414.0
1751.0 176.0
2580.0 4477.0
190.0 1081.0
1219.0 1874.0
1576.0 2077.0
658.0 2382.0
738.0 2664.0
2781.0 2205.0
962.0 755.0
360.0 2355.0
3381.0 3157.0
3776.0 4349.0
4250.0 4117.0
3903.0 4672.0
4378.0 3574.0
2906.0 2645.0
1796.0 1208.0
4370.0 3255.0
2876.0 2575.0
1180.0 2145.0
3739.0 3170.0
4554.0 4602.0
2927.0 4508.0
3703.0 3175.0
4443.0 3358.0
2070.0 1506.0
4652.0 4477.0
2538.0 2873.0
3740.0 4375.0
3920.0 4139.0
559.0 847.0
1661.0 1026.0
1830.0 2287.0
3897.0 4665.0
3638.0 3660.0
321.0 2173.0
3865.0 4477.0
3870.0 4020.0
1863.0 2869.0
4057.0 4502.0
1882.0 655.0
3686.0 3830.0
2928.0 4454.0
2972.0 3404.0
526.0 1197.0
3020.0 4211.0
1076.0 1837.0
1356.0 1437.0
1135.0 2614.0
2638.0 1284.0
2258.0 1284.0
1361.0 1475.0
2755.0 2252.0
948.0 454.0
1651.0 201.0
3490.0 4532.0
1448.0 4477.0
3523.0 4552.0
3731.0 3428.0
1446.0 1113.0
761.0 1142.0
3881.0 3209.0
2887.0 404.0
1108.0 1892.0
4386.0 3385.0
2957.0 4490.0
3809.0 3630.0
804.0 688.0
411.0 2396.0
1427.0 1831.0
477.0 606.0
4026.0 4308.0
3162.0 3692.0
2382.0 2557.0
862.0 1678.0
2698.0 4477.0
3524.0 3366.0
267.0 876.0
2810.0 2253.0
104.0 560.0
2605.0 546.0
2903.0 1852.0
2940.0 3535.0
3966.0 4191.0
76.0 262.0
4159.0 3174.0
1426.0 2548.0
1933.0 2083.0
3419.0 4477.0
3522.0 4502.0
890.0 2575.0
1660.0 1760.0
679.0 1452.0
4668.0 3924.0
2549.0 2326.0
479.0 2836.0
273.0 822.0
3691.0 3727.0
858.0 1284.0
457.0 1267.0
4122.0 2957.0
3012.0 3445.0
3942.0 4020.0
3137.0 1754.0
1946.0 454.0
1328.0 2634.0
1397.0 2036.0
258.0 2348.0
4327.0 4129.0
3400.0 4335.0
1574.0 2013.0
2611.0 619.0
635.0 2154.0
3041.0 3489.0
4508.0 3109.0
2493.0 2009.0
1168.0 1796.0
469.0 1855.0
688.0 2628.0
3501.0 3706.0
3520.0 4426.0
2623.0 2571.0
4030.0 3540.0
179.0 2821.0
4267.0 4596.0
1989.0 2027.0
4487.0 3117.0
3154.0 3926.0
3924.0 3705.0
978.0 2244.0
3279.0 3824.0
3611.0 3785.0
4397.0 3022.0
975.0 2577.0
4344.0 4487.0
2938.0 4638.0
3111.0 3469.0
3775.0 4101.0
1680.0 1425.0
4158.0 4249.0
819.0 1921.0
3908.0 3923.0
2285.0 4477.0
1908.0 3811.0
951.0 2491.0
4126.0 3411.0
830.0 1020.0
357.0 62.0
3953.0 4502.0
3789.0 4134.0
1284.0 4283.0
1151.0 1980.0
2484.0 4477.0
551.0 1591.0
1634.0 2054.0
1063.0 1796.0
1698.0 728.0
2652.0 1308.0
1418.0 1788.0
3497.0 3411.0
4149.0 4454.0
108.0 469.0
27.0 1470.0
822.0 2690.0
1900.0 1929.0
731.0 1602.0
3480.0 3837.0
2329.0 2869.0
588.0 2698.0
2244.0 4477.0
4180.0 3570.0
2983.0 3033.0
2680.0 2505.0
1915.0 2010.0
4596.0 3963.0
2651.0 1115.0
3652.0 4067.0
2258.0 1704.0
4188.0 4477.0
2035.0 44.0
4644.0 4117.0
884.0 1687.0
538.0 2435.0
1832.0 1886.0
2993.0 4502.0
1577.0 2228.0
1095.0 652.0
4677.0 3789.0
2132.0 2010.0
2431.0 1165.0
947.0 2890.0
1411.0 2726.0
2447.0 217.0
1465.0 2543.0
3284.0 4354.0
204.0 1470.0
665.0 1978.0
1443.0 2410.0
287.0 2660.0
2226.0 2741.0
1485.0 1846.0
1577.0 1905.0
786.0 2524.0
1474.0 1082.0
3113.0 4094.0
982.0 420.0
1179.0 1980.0
2912.0 3766.0
3555.0 4000.0
526.0 1263.0
394.0 2459.0
850.0 413.0
879.0 2458.0
1825.0 1046.0
1581.0 1931.0
2983.0 3329.0
1442.0 2764.0
2966.0 4622.0
2007.0 1305.0
1653.0 2263.0
4498.0 3726.0
3055.0 3263.0
705.0 1419.0
2009.0 1979.0
1613.0 626.0
1001.0 1704.0
4548.0 4314.0
509.0 1339.0
616.0 1812.0
1748.0 2631.0
4648.0 3389.0
4571.0 3214.0
4560.0 4389.0
312.0 2320.0
198.0 2195.0
956.0 1708.0
842.0 4477.0
2468.0 667.0
23.0 2666.0
2624.0 3029.0
2685.0 308.0
3984.0 3284.0
2382.0 1516.0
2975.0 4430.0
344.0 1497.0
3547.0 3519.0
1072.0 845.0
786.0 1623.0
1104.0 1356.0
268.0 1315.0
710.0 4477.0
3480.0 4299.0
973.0 1234.0
3161.0 4411.0
3705.0 3457.0
720.0 2628.0
125.0 1450.0
1340.0 2377.0
4384.0 3301.0
4389.0 3959.0
750.0 1167.0
3013.0 4335.0
688.0 1333.0
708.0 1044.0
636.0 2244.0
1068.0 906.0
4038.0 4444.0
3215.0 4134.0
2592.0 1944.0
2126.0 243.0
3332.0 3479.0
2789.0 4477.0
2963.0 3336.0
362.0 1453.0
3705.0 3609.0
127.0 1746.0
2152.0 2748.0
4669.0 3926.0
1440.0 1519.0
3433.0 3509.0
875.0 2067.0
265.0 650.0
516.0 1522.0
4625.0 3196.0
3014.0 3349.0
911.0 2369.0
3833.0 4651.0
1189.0 2679.0
1633.0 1988.0
192.0 1533.0
1335.0 2386.0
807.0 1661.0
323.0 214.0
707.0 1279.0
364.0 1878.0
3576.0 4261.0
2439.0 1970.0
3924.0 4226.0
2644.0 2526.0
3536.0 3646.0
824.0 1498.0
2850.0 361.0
4195.0 4189.0
2325.0 171.0
555.0 898.0
4209.0 4088.0
321.0 693.0
1634.0 2401.0
214.0 2078.0
91.0 1623.0
2203.0 2120.0
539.0 572.0
2002.0 1506.0
3366.0 3182.0
3599.0 3728.0
2709.0 217.0
3225.0 4084.0
198.0 688.0
2808.0 932.0
1577.0 2322.0
3828.0 4620.0
2145.0 2863.0
2195.0 1741.0
2417.0 4477.0
2611.0 121.0
341.0 4477.0
1213.0 2176.0
347.0 2443.0
3323.0 4422.0
4431.0 3759.0
862.0 2162.0
1401.0 2077.0
3053.0 3507.0
812.0 1532.0
1532.0 1876.0
3550.0 4003.0
2372.0 1558.0
4041.0 3970.0
1666.0 2434.0
1877.0 366.0
3484.0 4227.0
1754.0 1499.0
4246.0 4208.0
2940.0 3523.0
452.0 1522.0
2459.0 1410.0
225.0 1351.0
1768.0 800.0
2845.0 2628.0
4426.0 4415.0
1682.0 4477.0
2920.0 3239.0
3631.0 4477.0
4169.0 4178.0
3198.0 3489.0
1229.0 4477.0
4637.0 4502.0
2064.0 2531.0
1429.0 709.0
3193.0 4477.0
3322.0 3217.0
2918.0 4280.0
2366.0 495.0
1554.0 902.0
3335.0 3292.0
112.0 1697.0
4105.0 3965.0
295.0 2888.0
3843.0 4057.0
2944.0 3540.0
1258.0 626.0
3041.0 3170.0
437.0 1339.0
3039.0 4477.0
4165.0 3821.0
3136.0 4637.0
977.0 2114.0
2920.0 4425.0
3601.0 3734.0
3580.0 3451.0
2650.0 1049.0
3489.0 4358.0
87.0 2873.0
1334.0 2228.0
1490.0 2386.0
887.0 307.0
1597.0 2505.0
4248.0 3277.0
2178.0 1054.0
1076.0 809.0
967.0 674.0
410.0 1895.0
2392.0 720.0
4143.0 3272.0
3841.0 3067.0
3443.0 4178.0
1238.0 2873.0
1268.0 243.0
3480.0 3227.0
3387.0 4094.0
458.0 4477.0
4492.0 3687.0
2815.0 2238.0
2867.0 888.0
34.0 1635.0
3741.0 4336.0
353.0 437.0
2189.0 236.0
956.0 266.0
1266.0 2304.0
1787.0 4020.0
2771.0 2664.0
385.0 1196.0
496.0 1674.0
89.0 2185.0
2196.0 666.0
2532.0 1646.0
313.0 710.0
3934.0 4477.0
161.0 1635.0
3017.0 3968.0
3351.0 4477.0
156.0 97.0
348.0 1196.0
3696.0 3985.0
4459.0 3809.0
4405.0 3277.0
3381.0 4059.0
2707.0 2003.0
954.0 1125.0
3622.0 3812.0
4398.0 4651.0
1068.0 423.0
1851.0 1456.0
4098.0 4502.0
360.0 2803.0
1711.0 333.0
1258.0 1745.0
4577.0 3824.0
4453.0 3384.0
2906.0 4477.0
3674.0 4074.0
2499.0 1745.0
382.0 153.0
3460.0 4129.0
1437.0 2739.0
1569.0 2386.0
1005.0 1491.0
980.0 2852.0
4146.0 4023.0
3529.0 4596.0
4562.0 3891.0
1311.0 1401.0
3763.0 4538.0
3940.0 3359.0
100.0 2777.0
4256.0 4430.0
3375.0 3715.0
4087.0 4367.0
2890.0 650.0
2811.0 232.0
3372.0 4139.0
3809.0 4043.0
959.0 4477.0
3524.0 3389.0
980.0 1098.0
845.0 1339.0
1942.0 2307.0
1836.0 2404.0
457.0 2483.0
3782.0 4477.0
3526.0 3531.0
1701.0 2367.0
1035.0 672.0
4118.0 4641.0
1368.0 1646.0
1736.0 1100.0
469.0 4020.0
1760.0 2760.0
3558.0 4567.0
382.0 2279.0
4025.0 3540.0
2444.0 1161.0
675.0 2077.0
279.0 2857.0
2326.0 2508.0
2819.0 4477.0
2265.0 2056.0
3247.0 3429.0
1028.0 1318.0
4610.0 4213.0
3175.0 4198.0
2523.0 4477.0
2313.0 2253.0
3663.0 3152.0
4120.0 3199.0
4325.0 3630.0
3160.0 3156.0
4028.0 4327.0
2646.0 1704.0
1784.0 611.0
2985.0 3494.0
860.0 97.0
4175.0 4184.0
364.0 465.0
4367.0 3768.0
2554.0 4477.0
807.0 2427.0
3772.0 3947.0
4459.0 3646.0
811.0 770.0
604.0 36.0
1743.0 2585.0
1634.0 1290.0
1029.0 2294.0
2951.0 3515.0
4358.0 4208.0
4428.0 4502.0
218.0 2335.0
2423.0 97.0
1403.0 2687.0
3745.0 4656.0
1786.0 2855.0
2928.0 4151.0
832.0 1661.0
1565.0 4477.0
3539.0 4048.0
1971.0 859.0
675.0 454.0
2852.0 2890.0
2851.0 1443.0
1908.0 1506.0
36.0 1329.0
3234.0 3509.0
84.0 2640.0
1582.0 630.0
3408.0 4477.0
2073.0 1529.0
1890.0 4477.0
622.0 4020.0
4109.0 4477.0
3692.0 3203.0
757.0 1213.0
1031.0 1492.0
4356.0 4041.0
2181.0 1202.0
881.0 1293.0
3048.0 3218.0
3473.0 3663.0
352.0 1410.0
688.0 1289.0
2625.0 48.0
2745.0 1462.0
3923.0 3526.0
3077.0 4225.0
3747.0 3811.0
3424.0 4058.0
147.0 2591.0
2591.0 2373.0
4180.0 4398.0
3371.0 4334.0
4331.0 3774.0
2185.0 2257.0
3078.0 4077.0
2566.0 2381.0
450.0 1120.0
2470.0 1938.0
3556.0 4477.0
3631.0 3842.0
1858.0 1657.0
2733.0 1018.0
4215.0 3672.0
1840.0 1988.0
582.0 1063.0
1411.0 502.0
3426.0 4020.0
1586.0 1534.0
3510.0 4496.0
198.0 2100.0
3475.0 3243.0
3077.0 3394.0
4121.0 3969.0
1006.0 2025.0
2370.0 1033.0
1256.0 382.0
3812.0 4065.0
3944.0 3001.0
3195.0 3968.0
1869.0 4477.0
1579.0 1297.0
1749.0 1279.0
1924.0 2609.0
3596.0 4456.0
492.0 2184.0
344.0 2473.0
1583.0 1984.0
4593.0 4292.0
4408.0 4477.0
1956.0 4477.0
1546.0 153.0
3520.0 4416.0
3459.0 3818.0
217.0 2164.0
627.0 2165.0
2785.0 1613.0
1041.0 2753.0
690.0 781.0
1567.0 1958.0
2312.0 2177.0
1474.0 800.0
234.0 1462.0
3710.0 4260.0
1773.0 2777.0
434.0 495.0
2926.0 3635.0
547.0 630.0
2284.0 2417.0
34.0 2035.0
370.0 704.0
1498.0 2433.0
433.0 2726.0
4249.0 4412.0
1938.0 2417.0
1363.0 2469.0
3140.0 4208.0
4603.0 4020.0
2958.0 4297.0
4546.0 3821.0
588.0 1419.0
2852.0 287.0
1176.0 771.0
688.0 1708.0
526.0 929.0
2090.0 2176.0
1815.0 2667.0
3085.0 3917.0
3323.0 4020.0
2538.0 1475.0
2114.0 284.0
407.0 2401.0
2616.0 639.0
1598.0 1402.0
1609.0 2106.0
632.0 2628.0
322.0 1031.0
4164.0 3618.0
3236.0 4065.0
2739.0 2877.0
1961.0 2338.0
4307.0 3630.0
904.0 179.0
771.0 502.0
1623.0 247.0
122.0 243.0
3462.0 3857.0
3137.0 4290.0
4655.0 3217.0
2160.0 4477.0
1660.0 1679.0
568.0 2715.0
3734.0 3564.0
788.0 1825.0
2673.0 660.0
4418.0 4220.0
3389.0 3096.0
261.0 153.0
3862.0 3480.0
3772.0 3082.0
1315.0 2423.0
1425.0 4477.0
164.0 4020.0
3613.0 4335.0
638.0 914.0
2243.0 515.0
1532.0 647.0
4167.0 2997.0
152.0 1742.0
4625.0 3117.0
2822.0 988.0
2521.0 1828.0
4488.0 3759.0
12.0 1410.0
462.0 1239.0
572.0 2228.0
2205.0 2027.0
4668.0 3209.0
461.0 1211.0
4606.0 4273.0
3138.0 4559.0
2671.0 182.0
433.0 1618.0
114.0 267.0
2382.0 4477.0
564.0 1160.0
1180.0 1429.0
3520.0 3681.0
3546.0 4483.0
816.0 2895.0
176.0 2645.0
3186.0 4020.0
2006.0 1310.0
1467.0 2252.0
4294.0 3200.0
3720.0 3554.0
3197.0 4628.0
1257.0 903.0
671.0 2031.0
2819.0 2053.0
3779.0 4328.0
746.0 2044.0
728.0 2713.0
341.0 1113.0
4659.0 3598.0
4503.0 4589.0
3052.0 4139.0
3905.0 3333.0
4452.0 4213.0
386.0 799.0
606.0 314.0
2371.0 1308.0
3492.0 4454.0
3722.0 3189.0
1864.0 2862.0
3161.0 3178.0
1228.0 1550.0
4298.0 3313.0
1623.0 225.0
3082.0 3179.0
2857.0 522.0
1483.0 2184.0
4400.0 2995.0
1344.0 2814.0
2278.0 361.0
1902.0 2366.0
1663.0 1889.0
1657.0 4477.0
323.0 1508.0
4259.0 4420.0
2665.0 407.0
2736.0 3377.0
4584.0 3454.0
2434.0 1567.0
1180.0 2046.0
313.0 2726.0
3212.0 4473.0
511.0 978.0
23.0 2617.0
593.0 2784.0
2356.0 243.0
3443.0 3457.0
4271.0 3366.0
1167.0 4477.0
175.0 2015.0
2136.0 1317.0
271.0 1630.0
4386.0 4231.0
860.0 1608.0
2068.0 2637.0
1483.0 1830.0
619.0 2027.0
4129.0 3662.0
4629.0 4213.0
48.0 1401.0
3014.0 4175.0
1402.0 1638.0
2021.0 2726.0
1743.0 358.0
1592.0 1704.0
4247.0 3840.0
2924.0 2975.0
449.0 2524.0
3869.0 3076.0
695.0 2323.0
4644.0 3174.0
1686.0 2492.0
2384.0 4477.0
1053.0 1790.0
4246.0 4201.0
4643.0 4477.0
880.0 2578.0
277.0 1289.0
1420.0 1686.0
4580.0 4354.0
864.0 451.0
89.0 1427.0
3205.0 4477.0
4517.0 3652.0
279.0 674.0
4145.0 3365.0
4290.0 4622.0
890.0 2881.0
3620.0 4390.0
2359.0 2275.0
2835.0 596.0
778.0 1073.0
1838.0 3029.0
4614.0 3095.0
719.0 1016.0
2511.0 2281.0
559.0 1746.0
4125.0 3508.0
3060.0 4446.0
2325.0 2608.0
3738.0 3726.0
2680.0 2856.0
2539.0 504.0
2307.0 236.0
3041.0 3491.0
169.0 236.0
2126.0 1279.0
4040.0 3398.0
2710.0 4477.0
1942.0 2431.0
3191.0 4026.0
3013.0 3848.0
3784.0 4660.0
1353.0 1830.0
1399.0 1609.0
852.0 2439.0
846.0 2479.0
2967.0 4477.0
4315.0 3052.0
1272.0 2237.0
4400.0 4065.0
2559.0 1435.0
2828.0 2253.0
4249.0 4495.0
511.0 4477.0
863.0 2449.0
1798.0 264.0
1962.0 1325.0
2319.0 956.0
880.0 1712.0
500.0 2409.0
1939.0 119.0
1661.0 600.0
601.0 1524.0
3329.0 4578.0
4170.0 4646.0
788.0 841.0
3532.0 3764.0
3535.0 3768.0
4247.0 4365.0
497.0 682.0
118.0 2148.0
3483.0 3918.0
4585.0 4492.0
2957.0 3595.0
2656.0 738.0
4269.0 4304.0
1745.0 4477.0
2407.0 2582.0
4147.0 3806.0
366.0 1180.0
2280.0 2472.0
2800.0 1388.0
466.0 2838.0
2409.0 549.0
4138.0 4477.0
2119.0 2309.0
1136.0 576.0
2264.0 2108.0
26.0 1074.0
3631.0 4094.0
3703.0 3047.0
1436.0 2726.0
163.0 1170.0
4023.0 4404.0
3883.0 4021.0
3205.0 4062.0
2498.0 4477.0
1020.0 2032.0
4427.0 4477.0
3442.0 4212.0
1933.0 2498.0
408.0 850.0
3656.0 4287.0
2147.0 4477.0
2771.0 1848.0
2798.0 2817.0
3298.0 4248.0
842.0 932.0
1944.0 4477.0
2673.0 1604.0
1510.0 4477.0
3357.0 3710.0
3032.0 3228.0
326.0 1569.0
3903.0 3947.0
183.0 2554.0
2313.0 2682.0
3731.0 3373.0
424.0 1622.0
3393.0 3611.0
1918.0 2386.0
3600.0 3445.0
3193.0 4340.0
3009.0 3705.0
4060.0 4477.0
2734.0 1032.0
1490.0 2645.0
3263.0 3445.0
2271.0 2750.0
4653.0 4130.0
2765.0 502.0
1593.0 1207.0
4534.0 3931.0
4076.0 2993.0
1441.0 1704.0
4298.0 4161.0
2469.0 4477.0
3667.0 3732.0
4329.0 3474.0
1211.0 1397.0
1423.0 3011.0
3815.0 4104.0
89.0 1660.0
1335.0 678.0
629.0 644.0
605.0 1443.0
4102.0 4399.0
2968.0 4082.0
3414.0 3918.0
585.0 1692.0
3102.0 3998.0
3121.0 4478.0
382.0 2417.0
1692.0 4477.0
3175.0 4469.0
4322.0 4415.0
2959.0 4278.0
3000.0 3968.0
3253.0 4327.0
3518.0 4648.0
741.0 1770.0
968.0 1506.0
2786.0 447.0
256.0 1193.0
4034.0 4477.0
362.0 2479.0
3358.0 3238.0
366.0 1994.0
525.0 1889.0
846.0 1098.0
553.0 2077.0
4361.0 4055.0
477.0 1086.0
395.0 440.0
974.0 1480.0
1350.0 119.0
1508.0 1742.0
2348.0 1464.0
4460.0 3574.0
95.0 807.0
3288.0 4084.0
3494.0 4097.0
2178.0 1888.0
258.0 640.0
3306.0 4141.0
3676.0 4479.0
2001.0 1317.0
4089.0 4020.0
179.0 3827.0
2903.0 209.0
3960.0 4335.0
1878.0 2204.0
3315.0 4282.0
2225.0 2889.0
3393.0 4502.0
3862.0 3638.0
1770.0 1349.0
63.0 508.0
1768.0 2331.0
3185.0 3377.0
3536.0 3575.0
911.0 1355.0
958.0 2694.0
2786.0 2884.0
822.0 1437.0
1800.0 382.0
4291.0 4371.0
3483.0 3538.0
1748.0 2107.0
2016.0 2728.0
1293.0 1974.0
4382.0 4161.0
275.0 227.0
259.0 4477.0
4387.0 4524.0
4373.0 3624.0
1991.0 406.0
858.0 585.0
2539.0 306.0
2986.0 3060.0
3316.0 4414.0
819.0 2533.0
969.0 1851.0
3547.0 3053.0
3094.0 3583.0
3195.0 4117.0
3622.0 4210.0
1806.0 2672.0
428.0 1485.0
1683.0 2447.0
879.0 2777.0
1887.0 2253.0
2358.0 2737.0
1123.0 882.0
3023.0 4455.0
3189.0 4244.0
461.0 526.0
1274.0 1203.0
594.0 503.0
3322.0 3014.0
4176.0 4553.0
1397.0 2491.0
2859.0 2353.0
2458.0 64.0
1168.0 1098.0
144.0 1942.0
808.0 2873.0
1477.0 1637.0
4672.0 4498.0
3861.0 4198.0
3095.0 4670.0
3357.0 3243.0
3791.0 4029.0
807.0 1100.0
4452.0 3032.0
4215.0 4477.0
370.0 630.0
1998.0 2049.0
3497.0 4113.0
3437.0 3874.0
3088.0 3903.0
2033.0 1159.0
2642.0 1436.0
2372.0 2703.0
3640.0 3179.0
11.0 1045.0
3394.0 4447.0
1908.0 3594.0
1708.0 266.0
801.0 2217.0
2519.0 650.0
4268.0 4029.0
642.0 1529.0
2341.0 2880.0
3784.0 3814.0
2982.0 4521.0
3686.0 3857.0
1064.0 1980.0
2228.0 1895.0
108.0 1027.0
1429.0 1436.0
4527.0 3330.0
292.0 2159.0
482.0 2708.0
48.0 1323.0
1620.0 1229.0
4516.0 4502.0
1725.0 3869.0
733.0 2711.0
555.0 1108.0
1911.0 2776.0
2318.0 502.0
2534.0 1482.0
4351.0 4477.0
2946.0 3250.0
2359.0 2572.0
904.0 1365.0
926.0 2873.0
306.0 726.0
60.0 1812.0
373.0 1830.0
3379.0 4472.0
1878.0 722.0
513.0 2532.0
1632.0 2884.0
1232.0 1784.0
2403.0 2836.0
89.0 1375.0
1868.0 678.0
1016.0 1077.0
3386.0 3965.0
108.0 952.0
2209.0 2428.0
2241.0 1059.0
1266.0 4477.0
2207.0 4020.0
2300.0 1086.0
195.0 721.0
1187.0 266.0
1187.0 1046.0
4649.0 4477.0
3491.0 3489.0
100.0 1608.0
694.0 2374.0
4542.0 3438.0
360.0 1174.0
3921.0 4112.0
1148.0 4477.0
4128.0 4487.0
2058.0 1745.0
4383.0 3473.0
2442.0 4477.0
3777.0 3944.0
549.0 2614.0
360.0 2364.0
3510.0 4071.0
4249.0 4477.0
3475.0 3489.0
620.0 1729.0
283.0 553.0
469.0 1038.0
1169.0 2319.0
1710.0 1121.0
963.0 637.0
913.0 2658.0
3513.0 3854.0
955.0 1857.0
2147.0 2292.0
858.0 153.0
133.0 1470.0
3646.0 3984.0
2567.0 817.0
1452.0 1954.0
526.0 1061.0
2924.0 3165.0
175.0 1744.0
629.0 2116.0
4608.0 4020.0
65.0 1611.0
2210.0 287.0
4558.0 3445.0
3349.0 4184.0
4128.0 4409.0
2983.0 4160.0
1542.0 1881.0
1864.0 341.0
1152.0 2060.0
3401.0 3053.0
4661.0 4475.0
3483.0 3135.0
3786.0 3262.0
2815.0 1181.0
2619.0 3969.0
297.0 998.0
1678.0 130.0
2097.0 2719.0
93.0 2873.0
658.0 1024.0
1987.0 1107.0
2627.0 2698.0
2777.0 1297.0
3844.0 4475.0
1827.0 351.0
1287.0 2238.0
2612.0 4477.0
3681.0 3822.0
3532.0 3082.0
2569.0 2778.0
3063.0 3402.0
4118.0 3089.0
2562.0 1865.0
4626.0 3205.0
3412.0 3874.0
4566.0 4477.0
1176.0 1437.0
2771.0 1103.0
1516.0 2317.0
1113.0 1812.0
230.0 2489.0
2360.0 2439.0
1734.0 775.0
2783.0 2845.0
2786.0 1258.0
3749.0 4609.0
221.0 1622.0
511.0 1131.0
3716.0 3014.0
3253.0 3023.0
1545.0 2205.0
1905.0 1889.0
144.0 1341.0
790.0 4477.0
3392.0 4143.0
4635.0 3445.0
163.0 2084.0
746.0 1620.0
867.0 2329.0
2234.0 2188.0
1783.0 1470.0
1112.0 2347.0
3235.0 3403.0
228.0 2442.0
2783.0 1088.0
1311.0 454.0
3207.0 2926.0
3091.0 4261.0
394.0 2524.0
1092.0 2764.0
1749.0 2205.0
210.0 300.0
2226.0 526.0
3153.0 4018.0
330.0 1153.0
1154.0 2727.0
1751.0 1394.0
2793.0 1529.0
3532.0 3872.0
1533.0 4020.0
3389.0 3542.0
3489.0 4133.0
2305.0 2672.0
2391.0 2308.0
1376.0 1186.0
1136.0 234.0
3728.0 3155.0
3198.0 4208.0
4426.0 3117.0
2696.0 2177.0
1780.0 1812.0
3459.0 4047.0
4529.0 3407.0
1280.0 1590.0
2141.0 2619.0
2648.0 1361.0
1769.0 2568.0
4113.0 4469.0
970.0 1097.0
2007.0 1213.0
2370.0 1139.0
3055.0 4118.0
547.0 620.0
3477.0 4580.0
739.0 1289.0
1759.0 910.0
4074.0 4477.0
3532.0 4477.0
1035.0 1836.0
143.0 2713.0
1786.0 203.0
2922.0 3469.0
819.0 2253.0
1392.0 1065.0
2233.0 2430.0
2955.0 4551.0
3965.0 4374.0
3908.0 4020.0
3880.0 3507.0
3733.0 3496.0
2455.0 1398.0
2610.0 1561.0
1391.0 404.0
32.0 2175.0
1695.0 2500.0
393.0 454.0
1333.0 2481.0
954.0 2836.0
3123.0 3391.0
3664.0 3857.0
4357.0 4064.0
2711.0 2270.0
2487.0 1754.0
2479.0 243.0
628.0 2069.0
2913.0 4454.0
299.0 2585.0
3150.0 4477.0
1511.0 2368.0
2671.0 3431.0
514.0 1242.0
3887.0 3280.0
891.0 943.0
4366.0 3723.0
513.0 1187.0
3330.0 4477.0
3494.0 3021.0
3678.0 4439.0
3887.0 4316.0
60.0 4477.0
1300.0 2228.0
1721.0 225.0
3516.0 3654.0
3533.0 4477.0
3273.0 3358.0
1121.0 4477.0
1182.0 1568.0
1723.0 816.0
459.0 1859.0
1333.0 655.0
3712.0 4524.0
966.0 1284.0
704.0 2828.0
2652.0 2812.0
2917.0 4477.0
3679.0 4147.0
771.0 2777.0
509.0 1340.0
986.0 2777.0
1863.0 1349.0
2195.0 2467.0
3358.0 4357.0
4448.0 3830.0
3450.0 4101.0
706.0 2763.0
1408.0 1756.0
3165.0 3808.0
656.0 2401.0
3981.0 2990.0
1136.0 1462.0
2036.0 2239.0
3198.0 3243.0
2308.0 2857.0
3694.0 3007.0
3469.0 4569.0
3950.0 3528.0
1679.0 2185.0
320.0 492.0
2650.0 2873.0
2686.0 4020.0
3131.0 3556.0
2715.0 2253.0
507.0 1899.0
4226.0 4657.0
3274.0 4597.0
3729.0 1822.0
4545.0 3434.0
575.0 2317.0
516.0 1609.0
2610.0 252.0
4269.0 4252.0
2326.0 2693.0
1972.0 1470.0
2721.0 1324.0
165.0 217.0
3997.0 3785.0
643.0 1782.0
3151.0 3295.0
2550.0 2795.0
2961.0 3352.0
1686.0 2774.0
4315.0 3432.0
2553.0 360.0
746.0 2608.0
2302.0 2585.0
1152.0 4477.0
3326.0 3268.0
12.0 2805.0
3662.0 4251.0
407.0 1700.0
684.0 3436.0
1369.0 2184.0
1372.0 2524.0
1110.0 2340.0
3623.0 3170.0
1138.0 431.0
1401.0 1743.0
3045.0 3311.0
1882.0 2628.0
211.0 557.0
528.0 1248.0
2205.0 1279.0
4118.0 4346.0
3008.0 3203.0
951.0 2104.0
1505.0 1975.0
892.0 650.0
3225.0 4683.0
3599.0 3774.0
1222.0 1704.0
3560.0 4015.0
3684.0 3753.0
3969.0 2920.0
850.0 2900.0
4448.0 3014.0
609.0 1705.0
3361.0 4477.0
1179.0 1702.0
923.0 1200.0
1220.0 2138.0
862.0 1582.0
3549.0 2934.0
3057.0 4355.0
1751.0 2722.0
1592.0 2282.0
1579.0 2846.0
1850.0 2298.0
2379.0 44.0
1844.0 2144.0
4026.0 3582.0
613.0 1812.0
3716.0 3731.0
3720.0 4216.0
4452.0 4291.0
1020.0 2348.0
685.0 1204.0
2808.0 1794.0
2804.0 2853.0
1309.0 2531.0
650.0 2420.0
1574.0 2056.0
4244.0 4322.0
2315.0 4477.0
2901.0 2087.0
3253.0 4352.0
3966.0 4255.0
2770.0 1920.0
2331.0 985.0
4372.0 3152.0
786.0 153.0
593.0 2054.0
4391.0 4649.0
641.0 2135.0
501.0 2869.0
1809.0 2602.0
3903.0 3001.0
1776.0 2283.0
3397.0 3815.0
1014.0 2440.0
4052.0 3156.0
4497.0 4622.0
3497.0 4455.0
3448.0 4547.0
4339.0 4027.0
4010.0 3931.0
1243.0 2774.0
3779.0 4321.0
3812.0 4384.0
1304.0 752.0
1301.0 1775.0
3239.0 3586.0
3419.0 2990.0
3787.0 4225.0
1549.0 1349.0
1552.0 3015.0
3489.0 4256.0
2018.0 360.0
904.0 1642.0
1846.0 2295.0
1168.0 1208.0
1437.0 2574.0
1523.0 495.0
2133.0 2286.0
1892.0 702.0
166.0 2496.0
2666.0 431.0
2373.0 1081.0
3864.0 3611.0
2651.0 1864.0
3039.0 3940.0
4255.0 4148.0
1163.0 2150.0
3346.0 3243.0
3959.0 3994.0
1733.0 497.0
1161.0 660.0
2981.0 4498.0
1323.0 1065.0
2237.0 1487.0
413.0 2353.0
2763.0 2856.0
926.0 1253.0
320.0 1258.0
1593.0 2013.0
2409.0 2035.0
3966.0 3616.0
48.0 117.0
887.0 650.0
2090.0 2839.0
3209.0 4390.0
637.0 1920.0
2992.0 4314.0
4562.0 3547.0
3404.0 3630.0
19.0 188.0
1651.0 2223.0
4118.0 4656.0
455.0 546.0
2035.0 2518.0
1042.0 1981.0
603.0 1899.0
4412.0 3929.0
4483.0 4231.0
589.0 740.0
3437.0 3684.0
201.0 284.0
1859.0 1570.0
488.0 1745.0
3422.0 4477.0
757.0 1702.0
3378.0 4288.0
3306.0 3640.0
514.0 1659.0
1844.0 2607.0
173.0 926.0
4378.0 4027.0
324.0 2486.0
467.0 2332.0
4444.0 3231.0
3841.0 4525.0
2105.0 2078.0
4558.0 4096.0
1507.0 454.0
4509.0 3642.0
4367.0 4477.0
36.0 1144.0
307.0 700.0
4648.0 3490.0
390.0 404.0
2978.0 4486.0
3286.0 3632.0
11.0 576.0
1644.0 1786.0
4001.0 4016.0
2617.0 4477.0
4501.0 4020.0
3308.0 3157.0
1976.0 2774.0
1160.0 1970.0
723.0 2500.0
4218.0 4382.0
1237.0 2676.0
2753.0 1718.0
305.0 1251.0
4240.0 3580.0
2994.0 3203.0
263.0 2053.0
1060.0 4477.0
44.0 2239.0
932.0 2424.0
1353.0 449.0
1605.0 4477.0
4588.0 4409.0
296.0 1622.0
3179.0 4177.0
1057.0 2159.0
2458.0 2210.0
4018.0 4460.0
1159.0 2679.0
635.0 1814.0
380.0 4477.0
1436.0 1745.0
769.0 4477.0
2617.0 2165.0
2582.0 531.0
3901.0 3949.0
1884.0 2522.0
2558.0 639.0
2309.0 4477.0
4336.0 4510.0
1233.0 3377.0
2737.0 1081.0
558.0 2485.0
1106.0 2529.0
1472.0 391.0
598.0 1812.0
2666.0 4477.0
3336.0 4065.0
169.0 421.0
4174.0 3633.0
3210.0 3601.0
348.0 2509.0
92.0 294.0
2819.0 581.0
755.0 1855.0
3588.0 4024.0
1670.0 2686.0
790.0 738.0
914.0 1981.0
138.0 2479.0
178.0 1272.0
1993.0 197.0
3081.0 3769.0
671.0 1743.0
845.0 1592.0
553.0 1522.0
2479.0 1604.0
694.0 361.0
3946.0 3537.0
3209.0 4663.0
2786.0 333.0
3767.0 4091.0
3247.0 3837.0
3553.0 4502.0
4257.0 3547.0
3599.0 3641.0
147.0 2446.0
294.0 1966.0
1624.0 2184.0
663.0 1846.0
3090.0 3752.0
3575.0 4477.0
4582.0 4147.0
1709.0 4477.0
891.0 955.0
2778.0 2826.0
761.0 1139.0
3535.0 4400.0
2023.0 1902.0
3886.0 3438.0
2933.0 4245.0
1783.0 4477.0
1714.0 2081.0
3919.0 4057.0
606.0 3071.0
1873.0 526.0
2459.0 1151.0
2259.0 2328.0
2630.0 456.0
3398.0 3847.0
1009.0 1754.0
479.0 1223.0
85.0 768.0
1410.0 1605.0
465.0 582.0
3863.0 4477.0
2657.0 361.0
269.0 2797.0
156.0 1063.0
2591.0 406.0
1034.0 2587.0
588.0 1522.0
4119.0 4477.0
1149.0 2003.0
3192.0 3073.0
1423.0 1854.0
1663.0 2314.0
892.0 2145.0
47.0 1299.0
3711.0 4477.0
4103.0 3177.0
607.0 1521.0
4428.0 4095.0
1310.0 1745.0
4285.0 2988.0
2184.0 2230.0
2587.0 1529.0
3276.0 4502.0
4351.0 3854.0
1720.0 2522.0
1326.0 2303.0
3379.0 3702.0
4076.0 4502.0
3357.0 3086.0
948.0 1460.0
1660.0 1829.0
2940.0 4483.0
3830.0 3888.0
898.0 1191.0
2582.0 1756.0
362.0 773.0
2971.0 4477.0
1340.0 2299.0
1531.0 4477.0
1039.0 1433.0
1851.0 2253.0
1652.0 2256.0
1353.0 2046.0
3913.0 3976.0
1518.0 4608.0
869.0 1831.0
3416.0 3481.0
1624.0 2786.0
204.0 774.0
1313.0 1470.0
291.0 1615.0
3098.0 4502.0
2356.0 2857.0
3571.0 4463.0
4418.0 4231.0
2553.0 4477.0
2867.0 1726.0
1015.0 1484.0
3430.0 4643.0
1407.0 2440.0
541.0 2120.0
1067.0 361.0
2227.0 2246.0
465.0 2074.0
305.0 2101.0
3840.0 4499.0
83.0 991.0
1283.0 4477.0
766.0 4477.0
4195.0 4477.0
2833.0 2283.0
52.0 2628.0
3162.0 4561.0
4528.0 4477.0
2142.0 2381.0
4271.0 4490.0
4151.0 4477.0
2584.0 1605.0
449.0 4477.0
3668.0 4020.0
1143.0 351.0
4655.0 4065.0
3186.0 4001.0
1795.0 2101.0
335.0 4477.0
2665.0 358.0
2177.0 2027.0
3807.0 4375.0
1725.0 538.0
3204.0 4261.0
48.0 658.0
1681.0 1732.0
2842.0 4477.0
2402.0 2532.0
67.0 2163.0
2217.0 637.0
2145.0 2200.0
1559.0 1521.0
4430.0 4546.0
3641.0 4564.0
477.0 2701.0
4447.0 4477.0
2577.0 2777.0
3150.0 4154.0
1411.0 2006.0
3741.0 4650.0
3840.0 3179.0
875.0 424.0
2650.0 2223.0
185.0 4477.0
916.0 2897.0
90.0 4477.0
4406.0 3904.0
3035.0 4382.0
794.0 1214.0
3187.0 4610.0
3162.0 4661.0
4044.0 4534.0
4151.0 3784.0
686.0 2661.0
3150.0 4518.0
468.0 2905.0
3757.0 3989.0
1742.0 809.0
3494.0 3850.0
4098.0 3490.0
2785.0 1492.0
365.0 1444.0
500.0 2612.0
626.0 817.0
2500.0 1196.0
296.0 290.0
2902.0 1558.0
2576.0 2814.0
4052.0 4414.0
1440.0 1832.0
135.0 4477.0
33.0 2033.0
1006.0 1709.0
3645.0 4128.0
2968.0 3008.0
366.0 1310.0
3399.0 3990.0
4028.0 4014.0
1662.0 1634.0
1760.0 2413.0
1183.0 151.0
3887.0 3127.0
152.0 1372.0
2657.0 2828.0
947.0 2726.0
2958.0 3288.0
1381.0 585.0
1179.0 351.0
234.0 1788.0
2963.0 3115.0
2503.0 1889.0
862.0 185.0
239.0 1470.0
4141.0 4656.0
1855.0 1641.0
1356.0 97.0
3058.0 4185.0
2186.0 4477.0
1290.0 454.0
1483.0 2696.0
1731.0 2054.0
2064.0 2482.0
1089.0 1263.0
646.0 98.0
2058.0 524.0
2083.0 155.0
3815.0 4408.0
1154.0 2805.0
2464.0 2089.0
2335.0 1346.0
3327.0 4041.0
1948.0 985.0
180.0 498.0
917.0 1603.0
1567.0 4477.0
1651.0 2474.0
36.0 571.0
3637.0 4477.0
1035.0 1206.0
2420.0 2027.0
3334.0 3844.0
2284.0 944.0
2510.0 2287.0
2320.0 2794.0
1704.0 1316.0
75.0 1650.0
3906.0 3695.0
876.0 1541.0
3424.0 4684.0
323.0 302.0
886.0 2480.0
1877.0 333.0
3944.0 3335.0
1118.0 1308.0
1451.0 1521.0
4333.0 2424.0
1589.0 197.0
4592.0 4096.0
931.0 2447.0
634.0 640.0
4391.0 4198.0
3247.0 3229.0
2750.0 2870.0
3001.0 3941.0
233.0 654.0
124.0 1204.0
575.0 1437.0
3802.0 4477.0
2686.0 1944.0
366.0 619.0
1364.0 1487.0
4070.0 4477.0
857.0 4477.0
1935.0 138.0
1980.0 2488.0
1740.0 1737.0
102.0 803.0
2717.0 581.0
3818.0 4129.0
3580.0 3038.0
3868.0 3429.0
3002.0 3528.0
1654.0 4477.0
158.0 4477.0
1073.0 1557.0
4019.0 4254.0
490.0 2373.0
4174.0 4139.0
2622.0 1910.0
474.0 1679.0
1363.0 1591.0
1329.0 1745.0
1850.0 653.0
1130.0 1401.0
2912.0 4502.0
1357.0 567.0
1307.0 1437.0
1437.0 1567.0
3134.0 4495.0
1326.0 809.0
2846.0 1022.0
2669.0 2863.0
4512.0 4477.0
108.0 3070.0
2382.0 2877.0
2389.0 4477.0
4649.0 3313.0
4320.0 3374.0
1489.0 4477.0
1670.0 1872.0
2343.0 281.0
2808.0 905.0
2291.0 2690.0
688.0 1786.0
3665.0 3842.0
2290.0 2093.0
1524.0 2227.0
235.0 4477.0
1524.0 44.0
3250.0 3689.0
2562.0 1500.0
3137.0 4477.0
1656.0 2033.0
1187.0 203.0
3611.0 3617.0
755.0 1061.0
3681.0 4245.0
4257.0 3939.0
1762.0 266.0
1689.0 2421.0
2818.0 678.0
3323.0 3829.0
4336.0 3688.0
4577.0 4059.0
1948.0 1377.0
2374.0 1881.0
2792.0 1980.0
4588.0 4629.0
2115.0 1234.0
808.0 1706.0
1722.0 404.0
2465.0 1929.0
3161.0 3620.0
4411.0 4159.0
4195.0 4247.0
698.0 1059.0
113.0 4477.0
48.0 2106.0
2120.0 2882.0
3923.0 3564.0
3690.0 4637.0
4085.0 4477.0
4253.0 4344.0
1573.0 1529.0
407.0 975.0
1297.0 482.0
4308.0 3995.0
996.0 2765.0
4268.0 3379.0
2106.0 2863.0
1527.0 1622.0
197.0 1330.0
3584.0 4117.0
3515.0 4094.0
348.0 385.0
2794.0 4477.0
2378.0 587.0
2670.0 4477.0
492.0 2040.0
558.0 2159.0
67.0 2582.0
4190.0 3229.0
4397.0 3595.0
1675.0 991.0
4221.0 4139.0
214.0 4477.0
4176.0 3021.0
2043.0 650.0
501.0 1224.0
1659.0 2506.0
4028.0 3178.0
1926.0 660.0
4464.0 3822.0
3703.0 3504.0
1480.0 2854.0
334.0 502.0
891.0 1722.0
3402.0 3680.0
4635.0 4419.0
4332.0 4667.0
573.0 1205.0
3408.0 4460.0
1710.0 1459.0
1962.0 1565.0
400.0 1567.0
360.0 1268.0
4091.0 3653.0
288.0 3774.0
753.0 1318.0
2283.0 670.0
4028.0 3775.0
511.0 1164.0
85.0 2025.0
2355.0 2744.0
2463.0 285.0
3855.0 4116.0
3772.0 3526.0
1777.0 2556.0
877.0 3436.0
3005.0 2929.0
654.0 2431.0
4600.0 4477.0
2601.0 1934.0
125.0 361.0
1195.0 4477.0
524.0 2869.0
3648.0 4418.0
3239.0 3471.0
3616.0 4477.0
3334.0 3727.0
1189.0 2874.0
3806.0 4322.0
1271.0 361.0
2332.0 2874.0
1304.0 1433.0
3222.0 4020.0
4330.0 3119.0
2780.0 666.0
406.0 2012.0
10.0 773.0
3356.0 3788.0
604.0 2786.0
4270.0 3609.0
913.0 2408.0
2825.0 2401.0
421.0 1344.0
2945.0 4330.0
1353.0 1429.0
1343.0 1352.0
1768.0 454.0
790.0 2386.0
937.0 1619.0
1199.0 4477.0
2832.0 548.0
3186.0 4477.0
2662.0 1301.0
291.0 1581.0
4659.0 3635.0
1323.0 1900.0
1266.0 93.0
1675.0 430.0
4109.0 4065.0
2823.0 1980.0
2184.0 1021.0
1455.0 2594.0
1713.0 1785.0
3612.0 3633.0
3702.0 4498.0
1840.0 1474.0
320.0 467.0
2226.0 1433.0
1375.0 1783.0
2206.0 153.0
3901.0 4466.0
3034.0 3271.0
3831.0 3309.0
4198.0 4430.0
2610.0 638.0
282.0 1315.0
3475.0 3643.0
71.0 513.0
3179.0 3726.0
530.0 2495.0
1025.0 526.0
1015.0 2810.0
3108.0 3445.0
503.0 2128.0
755.0 1025.0
1975.0 1605.0
4391.0 3631.0
4401.0 3179.0
2493.0 2626.0
4360.0 4460.0
3840.0 4488.0
2620.0 2405.0
3856.0 3998.0
1687.0 1651.0
3820.0 4477.0
97.0 1796.0
3276.0 3957.0
4195.0 4549.0
4215.0 3208.0
26.0 2185.0
790.0 1921.0
807.0 1806.0
148.0 882.0
4469.0 4477.0
3315.0 3274.0
2874.0 1349.0
777.0 1812.0
2879.0 737.0
1683.0 2348.0
1381.0 2417.0
2045.0 2623.0
695.0 1309.0
3563.0 4208.0
3382.0 4480.0
1506.0 1832.0
953.0 1524.0
2972.0 4097.0
2167.0 4265.0
4012.0 4389.0
3807.0 3354.0
4036.0 4477.0
433.0 725.0
326.0 254.0
704.0 1470.0
2018.0 4477.0
3175.0 3649.0
2022.0 1474.0
4560.0 4139.0
2650.0 2297.0
622.0 531.0
4111.0 4477.0
2539.0 4477.0
1203.0 2782.0
80.0 1814.0
3486.0 3689.0
2001.0 2152.0
351.0 1278.0
4029.0 4454.0
2085.0 2845.0
917.0 4020.0
3443.0 4309.0
3949.0 1789.0
3927.0 3031.0
3410.0 4336.0
2657.0 125.0
1089.0 2120.0
150.0 2188.0
1099.0 3130.0
4324.0 4372.0
2829.0 1191.0
1639.0 1258.0
1661.0 2402.0
4574.0 3276.0
126.0 262.0
1289.0 2127.0
838.0 1123.0
3583.0 3429.0
511.0 808.0
1628.0 2401.0
1670.0 1756.0
3623.0 3931.0
4073.0 3963.0
3806.0 3588.0
3015.0 4194.0
654.0 1889.0
2559.0 1545.0
4464.0 3528.0
601.0 2025.0
1435.0 708.0
3969.0 3770.0
3730.0 3266.0
3378.0 4147.0
595.0 2121.0
3469.0 3812.0
3255.0 4568.0
266.0 2500.0
850.0 2197.0
1686.0 2876.0
1890.0 1202.0
89.0 309.0
4215.0 4336.0
1478.0 2282.0
3307.0 4448.0
2949.0 2957.0
3843.0 3753.0
3808.0 4474.0
2476.0 1161.0
3343.0 4477.0
1507.0 458.0
4518.0 4154.0
4367.0 4379.0
2105.0 825.0
3143.0 3748.0
1098.0 1208.0
4066.0 3442.0
4227.0 4599.0
1369.0 1393.0
4520.0 3154.0
73.0 1021.0
1326.0 107.0
2258.0 2684.0
3988.0 4020.0
2551.0 1410.0
1881.0 2810.0
259.0 312.0
4215.0 3844.0
3977.0 4665.0
2280.0 1317.0
263.0 2488.0
478.0 1566.0
4531.0 4624.0
38.0 2873.0
656.0 2022.0
2284.0 151.0
3135.0 4334.0
3520.0 4139.0
2469.0 167.0
773.0 1359.0
3577.0 3894.0
409.0 1400.0
3053.0 4020.0
3725.0 3477.0
881.0 2214.0
4218.0 4361.0
159.0 931.0
3389.0 4037.0
3945.0 4154.0
3681.0 3443.0
3979.0 3117.0
62.0 208.0
2195.0 2607.0
1226.0 2343.0
579.0 2171.0
2031.0 2401.0
4388.0 3821.0
565.0 1379.0
3642.0 4065.0
4564.0 1754.0
2354.0 2812.0
363.0 2170.0
733.0 32.0
685.0 1206.0
2016.0 2729.0
813.0 2862.0
871.0 1579.0
811.0 2585.0
2659.0 1254.0
2896.0 3431.0
635.0 2121.0
3136.0 3738.0
4678.0 3874.0
741.0 391.0
3623.0 3636.0
3189.0 4381.0
4129.0 4208.0
1070.0 1456.0
4091.0 3642.0
1684.0 2673.0
100.0 2659.0
4454.0 3705.0
1758.0 1622.0
1022.0 243.0
1530.0 2259.0
1241.0 1491.0
1900.0 2479.0
3523.0 4266.0
3450.0 4649.0
3362.0 3842.0
4503.0 2924.0
491.0 1050.0
1423.0 209.0
183.0 1014.0
3374.0 4393.0
3702.0 4029.0
2071.0 2089.0
3462.0 3476.0
1276.0 1500.0
3248.0 4568.0
3306.0 4477.0
2964.0 4228.0
3229.0 3968.0
2928.0 4118.0
1523.0 2515.0
3304.0 3509.0
2843.0 1309.0
3588.0 4477.0
1527.0 2712.0
2508.0 1743.0
310.0 758.0
3312.0 4083.0
1144.0 1295.0
2224.0 2525.0
537.0 2645.0
4603.0 3423.0
3843.0 4448.0
4488.0 3380.0
1527.0 2797.0
2534.0 2676.0
2881.0 2126.0
3523.0 3910.0
4644.0 3444.0
3997.0 4625.0
4608.0 4162.0
2932.0 3178.0
3196.0 3457.0
1841.0 4477.0
4007.0 4477.0
3926.0 4175.0
1841.0 1500.0
3289.0 4139.0
2557.0 87.0
2048.0 495.0
1673.0 2253.0
552.0 849.0
4565.0 4020.0
2382.0 698.0
3553.0 4477.0
890.0 1500.0
3260.0 4443.0
616.0 2872.0
730.0 2788.0
431.0 2673.0
3494.0 4444.0
2395.0 2642.0
294.0 2447.0
1869.0 1290.0
1313.0 4477.0
741.0 1383.0
3020.0 3963.0
2765.0 1830.0
3306.0 3903.0
475.0 1739.0
443.0 2524.0
4339.0 4487.0
4452.0 3466.0
1081.0 4477.0
2753.0 2167.0
926.0 650.0
2938.0 3327.0
964.0 1826.0
2299.0 1097.0
3259.0 3716.0
3078.0 4477.0
3604.0 4239.0
1733.0 93.0
168.0 2551.0
3554.0 4625.0
1158.0 1796.0
678.0 1621.0
1326.0 4477.0
168.0 1351.0
445.0 2027.0
1153.0 1737.0
4383.0 3230.0
2429.0 2027.0
3423.0 3969.0
3515.0 3838.0
2174.0 2679.0
3368.0 3103.0
93.0 264.0
3630.0 3692.0
4596.0 3382.0
4046.0 2969.0
1004.0 431.0
4509.0 3630.0
3903.0 4083.0
3459.0 3144.0
898.0 2516.0
2179.0 406.0
327.0 1417.0
528.0 2593.0
4266.0 3642.0
2957.0 4100.0
4487.0 4477.0
3038.0 4477.0
539.0 2591.0
4531.0 3400.0
2691.0 2253.0
749.0 1383.0
2236.0 2382.0
3414.0 3208.0
4505.0 3894.0
1306.0 1462.0
3129.0 3284.0
2437.0 1859.0
1693.0 2676.0
3549.0 3567.0
1664.0 1443.0
1256.0 1830.0
841.0 936.0
4327.0 3459.0
2686.0 672.0
3469.0 4210.0
1661.0 560.0
1353.0 1330.0
4495.0 3178.0
4609.0 4602.0
3432.0 4270.0
4074.0 3282.0
1638.0 1667.0
178.0 2009.0
1506.0 3594.0
1320.0 1088.0
2000.0 889.0
1621.0 1100.0
3754.0 4651.0
171.0 2798.0
287.0 1934.0
374.0 697.0
3091.0 4612.0
3318.0 3309.0
1069.0 1206.0
2691.0 361.0
4143.0 4502.0
338.0 2814.0
1574.0 1704.0
2933.0 4625.0
1590.0 2176.0
2111.0 2244.0
1505.0 1827.0
3397.0 3985.0
1458.0 2322.0
1197.0 1121.0
3127.0 3276.0
3315.0 3768.0
378.0 1447.0
810.0 2367.0
2930.0 3403.0
4672.0 4020.0
1726.0 1515.0
1169.0 2677.0
1763.0 1529.0
108.0 2654.0
2084.0 1463.0
970.0 2774.0
3485.0 3452.0
3789.0 4448.0
3995.0 3181.0
4644.0 3175.0
2600.0 1088.0
1063.0 97.0
2255.0 529.0
2150.0 2539.0
3995.0 3201.0
1147.0 2027.0
524.0 887.0
321.0 2223.0
236.0 1474.0
3102.0 4020.0
159.0 2348.0
4272.0 3282.0
4484.0 4020.0
2285.0 2382.0
3048.0 3287.0
2850.0 2664.0
2389.0 1730.0
2201.0 1521.0
1423.0 4477.0
4668.0 4250.0
3497.0 4267.0
300.0 4477.0
1266.0 2308.0
4200.0 4094.0
1695.0 843.0
1205.0 2840.0
2639.0 2895.0
3134.0 4298.0
287.0 1830.0
1778.0 4477.0
113.0 2058.0
2982.0 3211.0
1721.0 1243.0
1779.0 4477.0
1200.0 4020.0
175.0 1522.0
335.0 2847.0
1389.0 2215.0
712.0 709.0
2832.0 2437.0
140.0 844.0
3918.0 4684.0
4486.0 4014.0
321.0 2519.0
2773.0 1889.0
2313.0 193.0
3515.0 3204.0
2894.0 295.0
1147.0 2567.0
303.0 482.0
1778.0 2145.0
4517.0 4136.0
2251.0 1558.0
178.0 1969.0
4223.0 4380.0
3959.0 3180.0
396.0 454.0
1988.0 2331.0
44.0 461.0
3711.0 4392.0
691.0 1697.0
3175.0 4094.0
3100.0 4216.0
3383.0 3918.0
3032.0 4139.0
75.0 538.0
264.0 1989.0
654.0 2110.0
2365.0 1279.0
2932.0 4317.0
2407.0 2747.0
159.0 4477.0
3304.0 4411.0
3481.0 3639.0
2511.0 2601.0
260.0 1289.0
227.0 667.0
4588.0 4582.0
1240.0 2386.0
889.0 2295.0
346.0 1122.0
1250.0 208.0
3208.0 3933.0
1265.0 4020.0
2043.0 2726.0
1285.0 2355.0
3217.0 3768.0
1204.0 2191.0
2386.0 1103.0
4557.0 4424.0
579.0 360.0
4118.0 4647.0
177.0 2084.0
2382.0 2589.0
2668.0 1624.0
4421.0 4614.0
4614.0 3785.0
754.0 1437.0
261.0 1573.0
1073.0 303.0
3357.0 4047.0
3620.0 4668.0
3947.0 4328.0
691.0 2032.0
2896.0 2424.0
4481.0 4239.0
3822.0 4018.0
3503.0 4645.0
2287.0 1492.0
3132.0 4117.0
3982.0 4088.0
3003.0 3547.0
791.0 2903.0
3144.0 3079.0
2322.0 1855.0
513.0 807.0
73.0 1812.0
122.0 2660.0
3643.0 3970.0
132.0 2349.0
3543.0 3845.0
3703.0 4361.0
107.0 2551.0
2780.0 495.0
1919.0 889.0
48.0 2457.0
1453.0 2490.0
1553.0 2839.0
1672.0 1944.0
3450.0 3277.0
902.0 4477.0
1299.0 2401.0
2576.0 833.0
3985.0 3593.0
1342.0 62.0
2953.0 4103.0
1141.0 1604.0
1546.0 2524.0
1516.0 502.0
3137.0 2918.0
3988.0 3379.0
1369.0 492.0
339.0 421.0
3714.0 4175.0
198.0 1825.0
394.0 1243.0
1149.0 2012.0
571.0 1654.0
757.0 2176.0
91.0 2115.0
2196.0 97.0
177.0 898.0
1700.0 97.0
4463.0 4477.0
3191.0 3528.0
2311.0 1474.0
3796.0 4088.0
2916.0 3459.0
2459.0 2790.0
4028.0 3435.0
3713.0 3784.0
551.0 2326.0
2650.0 709.0
3512.0 3950.0
2325.0 2208.0
1532.0 1105.0
3248.0 4549.0
3578.0 3801.0
2608.0 2745.0
1714.0 2473.0
243.0 1279.0
989.0 2597.0
1667.0 186.0
129.0 196.0
1728.0 628.0
1073.0 1840.0
87.0 197.0
2148.0 2025.0
3195.0 3566.0
3794.0 3853.0
3784.0 4407.0
223.0 1363.0
2383.0 924.0
4428.0 4023.0
3475.0 3775.0
2334.0 243.0
2544.0 2561.0
1148.0 2552.0
3035.0 3937.0
3635.0 3630.0
2440.0 1021.0
69.0 908.0
4540.0 3795.0
1878.0 2544.0
1005.0 4477.0
1873.0 1729.0
2942.0 2944.0
2312.0 2884.0
1985.0 2692.0
141.0 4477.0
1420.0 93.0
2014.0 4477.0
1742.0 2001.0
3364.0 3095.0
4490.0 4652.0
2890.0 2420.0
3934.0 4028.0
2279.0 2417.0
724.0 1663.0
2945.0 4060.0
3840.0 3012.0
3289.0 4085.0
184.0 2211.0
4262.0 3907.0
4024.0 3330.0
3740.0 3762.0
449.0 1483.0
434.0 454.0
3518.0 3389.0
576.0 1053.0
3228.0 4381.0
3798.0 4502.0
1441.0 2774.0
3535.0 3428.0
1914.0 2646.0
2331.0 2469.0
3209.0 3268.0
1220.0 1556.0
3491.0 4028.0
1569.0 4477.0
4591.0 3483.0
1981.0 1377.0
2391.0 2740.0
798.0 2423.0
247.0 1410.0
2951.0 4477.0
337.0 2769.0
3156.0 4157.0
1326.0 2417.0
4661.0 3424.0
804.0 2402.0
3598.0 4561.0
2324.0 2412.0
1240.0 1471.0
2958.0 3656.0
3753.0 3409.0
366.0 1383.0
2145.0 201.0
2801.0 2777.0
3611.0 4670.0
1593.0 2454.0
740.0 2008.0
856.0 116.0
1326.0 786.0
2254.0 1676.0
946.0 34.0
3127.0 4229.0
1274.0 4477.0
348.0 427.0
2981.0 4637.0
1548.0 4020.0
2884.0 1486.0
4166.0 3228.0
2444.0 1141.0
2110.0 195.0
3267.0 4249.0
3930.0 3101.0
2991.0 3422.0
519.0 1812.0
3625.0 4044.0
1375.0 2253.0
4411.0 3821.0
582.0 798.0
1076.0 581.0
34.0 1269.0
786.0 2587.0
2473.0 1645.0
2986.0 4357.0
3386.0 4042.0
1227.0 1583.0
1088.0 1121.0
1937.0 4477.0
943.0 1470.0
34.0 939.0
814.0 1139.0
3193.0 3250.0
3143.0 4258.0
3519.0 4305.0
568.0 2064.0
3733.0 4150.0
3634.0 4472.0
620.0 526.0
1285.0 1021.0
3494.0 3896.0
1994.0 2567.0
2402.0 120.0
4411.0 4094.0
2292.0 3847.0
3924.0 3990.0
2526.0 322.0
1424.0 2291.0
1402.0 2316.0
1749.0 4477.0
3525.0 4002.0
3906.0 3031.0
4658.0 3358.0
1958.0 2031.0
896.0 1000.0
2326.0 1743.0
256.0 2892.0
4058.0 4393.0
1163.0 1884.0
3532.0 3745.0
270.0 1558.0
193.0 4477.0
4218.0 3808.0
4221.0 3096.0
1383.0 2114.0
3979.0 4308.0
3648.0 4175.0
1793.0 4477.0
4560.0 4018.0
3231.0 3010.0
196.0 2258.0
1183.0 1234.0
2209.0 2875.0
2434.0 1401.0
445.0 2216.0
2579.0 2726.0
2566.0 1853.0
3043.0 3425.0
242.0 2592.0
1074.0 2253.0
3393.0 3580.0
2154.0 2797.0
615.0 2766.0
3486.0 4002.0
1986.0 4477.0
705.0 197.0
1367.0 1499.0
749.0 2786.0
1882.0 2010.0
3532.0 4118.0
320.0 2008.0
592.0 4020.0
120.0 367.0
3162.0 2922.0
526.0 1089.0
1220.0 425.0
1487.0 1717.0
2783.0 2188.0
4662.0 4572.0
484.0 276.0
2021.0 2223.0
1388.0 2462.0
3524.0 3611.0
3840.0 4401.0
4270.0 4395.0
257.0 3296.0
1868.0 241.0
3626.0 3887.0
1364.0 2159.0
3331.0 4389.0
4249.0 4546.0
3963.0 4388.0
4677.0 4477.0
4476.0 3459.0
824.0 1621.0
2694.0 1258.0
4665.0 4020.0
1737.0 1934.0
3528.0 4235.0
4432.0 3675.0
1668.0 1021.0
790.0 2512.0
4099.0 3213.0
3085.0 4389.0
4151.0 4310.0
2280.0 2008.0
1221.0 1460.0
966.0 2417.0
1218.0 2415.0
4455.0 4477.0
2429.0 36.0
2986.0 4463.0
4464.0 4139.0
3686.0 4615.0
1835.0 1934.0
473.0 2630.0
3522.0 4428.0
739.0 1708.0
4579.0 4477.0
3035.0 4115.0
326.0 2664.0
273.0 781.0
421.0 1653.0
2657.0 2175.0
1862.0 1790.0
2196.0 495.0
3523.0 4091.0
3894.0 4002.0
472.0 4477.0
1661.0 2305.0
3464.0 4660.0
1103.0 1088.0
3153.0 4582.0
4357.0 3213.0
3448.0 3843.0
3934.0 3173.0
3192.0 4020.0
48.0 306.0
1311.0 97.0
2162.0 1033.0
100.0 1747.0
2037.0 662.0
739.0 2500.0
4073.0 3173.0
2707.0 933.0
835.0 2399.0
1410.0 1980.0
2780.0 1066.0
4095.0 4462.0
2043.0 1059.0
640.0 1357.0
520.0 1859.0
2779.0 418.0
2616.0 2551.0
3619.0 4477.0
2995.0 3424.0
3710.0 4010.0
3502.0 3985.0
1920.0 2443.0
3052.0 3509.0
3917.0 4502.0
4458.0 4590.0
2361.0 2085.0
2806.0 2873.0
232.0 1478.0
1914.0 1543.0
2749.0 1589.0
627.0 1518.0
3407.0 4321.0
2532.0 367.0
3546.0 4684.0
4644.0 4250.0
2065.0 1872.0
3095.0 4037.0
2311.0 236.0
976.0 1729.0
4407.0 3819.0
3510.0 4633.0
3202.0 4153.0
1622.0 1264.0
4612.0 4267.0
427.0 444.0
3383.0 4091.0
279.0 2042.0
4435.0 4197.0
3042.0 3269.0
878.0 300.0
1498.0 1040.0
3153.0 3920.0
4059.0 3858.0
2574.0 2698.0
4465.0 4115.0
2403.0 2017.0
36.0 1961.0
3191.0 4588.0
3923.0 3108.0
4367.0 3753.0
3468.0 3403.0
4263.0 3842.0
1542.0 2705.0
3175.0 4595.0
2115.0 153.0
3016.0 3560.0
2308.0 93.0
587.0 2003.0
369.0 2035.0
3241.0 4477.0
2436.0 1346.0
2205.0 626.0
4272.0 4074.0
3078.0 4270.0
1632.0 2375.0
3358.0 3053.0
4219.0 4343.0
2954.0 3503.0
2906.0 869.0
190.0 1633.0
4380.0 4445.0
1274.0 204.0
4086.0 3932.0
547.0 1660.0
2006.0 2873.0
1394.0 2270.0
3893.0 3345.0
2215.0 2264.0
2517.0 2056.0
824.0 1857.0
213.0 1669.0
3165.0 4014.0
2195.0 956.0
1998.0 1901.0
771.0 1609.0
4274.0 4349.0
198.0 4477.0
3125.0 4553.0
1724.0 1067.0
2021.0 2873.0
3022.0 4670.0
2169.0 266.0
1790.0 949.0
437.0 2635.0
1529.0 1702.0
393.0 975.0
1750.0 1100.0
2875.0 4477.0
627.0 3280.0
3097.0 3429.0
357.0 243.0
236.0 806.0
1532.0 2604.0
3789.0 4502.0
2693.0 2777.0
4173.0 3243.0
242.0 1148.0
3039.0 3359.0
2785.0 2869.0
3985.0 3817.0
3726.0 4083.0
2854.0 587.0
539.0 2263.0
4519.0 3349.0
1687.0 2145.0
1993.0 1084.0
2978.0 3808.0
2591.0 56.0
2225.0 2483.0
1341.0 195.0
1760.0 2257.0
3957.0 4341.0
4392.0 3001.0
2600.0 4477.0
1682.0 2870.0
297.0 104.0
2332.0 1310.0
48.0 368.0
3292.0 4527.0
3850.0 4393.0
1346.0 3106.0
1119.0 1406.0
1255.0 2769.0
1113.0 2252.0
3858.0 4477.0
3616.0 4502.0
2261.0 1141.0
4283.0 4517.0
551.0 2515.0
4489.0 4502.0
1827.0 1097.0
2433.0 2705.0
3547.0 3195.0
621.0 1485.0
3090.0 4477.0
1106.0 2621.0
1353.0 550.0
4535.0 3168.0
558.0 4477.0
393.0 1308.0
3947.0 4484.0
1437.0 1260.0
1944.0 2113.0
1609.0 2236.0
1117.0 2044.0
11.0 187.0
1808.0 4477.0
1102.0 1397.0
1855.0 1895.0
1207.0 1339.0
3108.0 4477.0
1233.0 2527.0
2023.0 2780.0
4277.0 3330.0
788.0 1762.0
2179.0 2518.0
3643.0 4047.0
1786.0 1231.0
2781.0 853.0
4428.0 3782.0
4503.0 4595.0
983.0 1617.0
3253.0 4649.0
3898.0 4645.0
4263.0 4395.0
4289.0 4477.0
2247.0 2253.0
1862.0 413.0
3528.0 3917.0
678.0 2850.0
1363.0 1840.0
4276.0 3795.0
3608.0 3826.0
2961.0 3014.0
2036.0 904.0
4446.0 3213.0
2922.0 4561.0
389.0 1500.0
124.0 2191.0
2455.0 2750.0
144.0 2900.0
1444.0 425.0
194.0 1979.0
2972.0 3231.0
4256.0 3976.0
2169.0 1122.0
841.0 2607.0
726.0 2368.0
2079.0 2109.0
497.0 429.0
955.0 761.0
827.0 2159.0
1538.0 2875.0
759.0 1292.0
2226.0 4477.0
2365.0 1230.0
313.0 287.0
2257.0 1286.0
4320.0 2926.0
4411.0 3113.0
4384.0 4611.0
1055.0 1831.0
1205.0 194.0
1798.0 2809.0
3015.0 3736.0
1195.0 2278.0
3016.0 2999.0
4202.0 3888.0
184.0 1485.0
3563.0 4133.0
2284.0 2571.0
478.0 4477.0
4291.0 3330.0
4122.0 3904.0
294.0 386.0
239.0 1760.0
3515.0 4460.0
64.0 1640.0
176.0 4477.0
3420.0 4477.0
3604.0 4007.0
4441.0 3762.0
3046.0 4477.0
4331.0 4620.0
1398.0 94.0
3412.0 3490.0
1399.0 1168.0
2519.0 1253.0
3279.0 4577.0
225.0 1529.0
777.0 294.0
2681.0 2417.0
1039.0 2182.0
807.0 104.0
2038.0 1398.0
2586.0 2636.0
3648.0 3498.0
619.0 2884.0
4629.0 4139.0
4049.0 4477.0
1964.0 2440.0
2903.0 2113.0
153.0 2176.0
457.0 768.0
3056.0 4081.0
3796.0 4406.0
2178.0 83.0
4663.0 4250.0
1642.0 2120.0
858.0 2417.0
1961.0 2320.0
1089.0 1088.0
2268.0 423.0
1835.0 1021.0
3562.0 3365.0
4468.0 4271.0
3378.0 3962.0
2332.0 2262.0
483.0 2139.0
773.0 2687.0
2206.0 2563.0
2364.0 1340.0
2124.0 4477.0
2473.0 1352.0
366.0 2287.0
874.0 1389.0
1262.0 549.0
1218.0 1284.0
814.0 2560.0
389.0 1704.0
810.0 1289.0
1254.0 4477.0
1034.0 1605.0
1437.0 2391.0
650.0 1481.0
168.0 107.0
1795.0 1732.0
1579.0 4477.0
1593.0 1339.0
3107.0 4646.0
2223.0 2441.0
1701.0 1741.0
1629.0 2037.0
3145.0 4029.0
469.0 2485.0
443.0 1745.0
1370.0 44.0
3082.0 4316.0
2035.0 1105.0
890.0 2876.0
1224.0 2330.0
4525.0 4477.0
1191.0 1893.0
3683.0 3174.0
4642.0 3526.0
612.0 4477.0
3108.0 3012.0
2676.0 2101.0
3831.0 4094.0
1012.0 1346.0
2923.0 3393.0
3179.0 3632.0
3550.0 2924.0
82.0 1745.0
2192.0 4477.0
234.0 1017.0
683.0 1106.0
3547.0 3566.0
622.0 179.0
3367.0 4095.0
3145.0 3296.0
4077.0 4545.0
2500.0 2677.0
703.0 1486.0
2765.0 138.0
1411.0 197.0
3063.0 3021.0
1378.0 1662.0
3523.0 4363.0
35.0 3431.0
2991.0 4106.0
3242.0 4608.0
4483.0 3069.0
3612.0 4589.0
2673.0 3088.0
2553.0 2126.0
391.0 2174.0
1370.0 2253.0
308.0 854.0
2383.0 2415.0
2747.0 1088.0
2792.0 1590.0
4488.0 4499.0
487.0 382.0
128.0 192.0
2365.0 1640.0
3262.0 3177.0
2813.0 2805.0
954.0 171.0
1555.0 2322.0
2634.0 76.0
461.0 612.0
2704.0 664.0
3779.0 3908.0
44.0 577.0
173.0 197.0
902.0 2475.0
1217.0 1914.0
2591.0 1631.0
1985.0 1088.0
1479.0 4477.0
643.0 1491.0
3435.0 4014.0
880.0 427.0
3225.0 3316.0
3749.0 3168.0
3242.0 3056.0
1865.0 2213.0
2418.0 158.0
513.0 1825.0
121.0 2205.0
1696.0 517.0
4218.0 3065.0
671.0 2074.0
428.0 1704.0
1706.0 2164.0
124.0 1990.0
2819.0 351.0
214.0 1395.0
280.0 4477.0
64.0 1279.0
3670.0 3582.0
3301.0 4477.0
2420.0 1745.0
4257.0 3097.0
2832.0 696.0
2173.0 2679.0
1509.0 2726.0
2298.0 2475.0
2981.0 3531.0
637.0 1207.0
2546.0 1956.0
3041.0 3665.0
1191.0 2794.0
3628.0 3456.0
2167.0 1116.0
1989.0 2524.0
3694.0 4188.0
306.0 396.0
873.0 2673.0
2345.0 1232.0
3600.0 4477.0
3118.0 4274.0
1254.0 2557.0
721.0 2189.0
3687.0 3792.0
3285.0 4226.0
3794.0 3953.0
417.0 1533.0
2231.0 1475.0
356.0 1119.0
1638.0 2591.0
133.0 244.0
3043.0 4230.0
3883.0 3222.0
750.0 2444.0
3638.0 4350.0
2174.0 2330.0
658.0 2039.0
2911.0 3630.0
809.0 1980.0
2038.0 2528.0
1243.0 2280.0
1226.0 1561.0
1762.0 515.0
249.0 1462.0
1768.0 472.0
678.0 2664.0
766.0 2119.0
1297.0 2401.0
4496.0 4477.0
1169.0 2029.0
3648.0 3731.0
190.0 833.0
3385.0 4477.0
2024.0 2345.0
3821.0 4456.0
3703.0 4208.0
1529.0 1977.0
465.0 879.0
3512.0 3389.0
3645.0 3292.0
4476.0 4108.0
4190.0 4020.0
2994.0 4220.0
93.0 2479.0
4632.0 4484.0
2442.0 2217.0
3786.0 3907.0
1242.0 1477.0
3822.0 4024.0
3212.0 4335.0
4498.0 4118.0
1479.0 1580.0
959.0 236.0
2180.0 2517.0
3586.0 4674.0
1641.0 4477.0
568.0 2828.0
4625.0 3166.0
1351.0 613.0
509.0 1346.0
194.0 4497.0
1189.0 1383.0
4221.0 3528.0
3656.0 4477.0
4165.0 3820.0
101.0 4020.0
3298.0 4014.0
992.0 1617.0
862.0 1433.0
3461.0 3694.0
1198.0 1704.0
1878.0 2039.0
366.0 333.0
946.0 549.0
3808.0 4382.0
1100.0 2278.0
2967.0 3150.0
2134.0 2500.0
861.0 1067.0
879.0 2423.0
2280.0 2496.0
2815.0 924.0
2876.0 1989.0
764.0 1817.0
1693.0 2692.0
1888.0 1388.0
2871.0 1499.0
2803.0 1574.0
1956.0 3121.0
1496.0 2497.0
4339.0 3345.0
375.0 531.0
2184.0 2679.0
2053.0 2488.0
819.0 1040.0
2412.0 2001.0
118.0 2227.0
1408.0 4477.0
113.0 2829.0
2826.0 1021.0
2400.0 2513.0
726.0 2251.0
895.0 2294.0
2197.0 1889.0
3252.0 3851.0
2935.0 3783.0
4452.0 4270.0
2853.0 410.0
852.0 2824.0
2731.0 817.0
1161.0 522.0
247.0 4477.0
1320.0 2260.0
822.0 863.0
2963.0 4349.0
3950.0 3885.0
3318.0 3987.0
1693.0 2167.0
2761.0 2805.0
76.0 4477.0
1844.0 1231.0
655.0 2188.0
748.0 3969.0
1524.0 2483.0
2428.0 185.0
621.0 2295.0
1992.0 4020.0
3656.0 3077.0
1622.0 2795.0
1946.0 933.0
2668.0 2420.0
1800.0 1959.0
3961.0 4159.0
4038.0 3373.0
1988.0 2003.0
898.0 1961.0
629.0 1897.0
887.0 2262.0
1285.0 2744.0
3879.0 3727.0
2968.0 4445.0
3676.0 3702.0
4649.0 3107.0
1517.0 929.0
2973.0 3392.0
551.0 2814.0
2373.0 1062.0
804.0 1231.0
2299.0 4477.0
895.0 2895.0
4011.0 4181.0
4365.0 3601.0
3794.0 3217.0
2590.0 2891.0
2355.0 2755.0
1191.0 1899.0
3825.0 3627.0
2273.0 1756.0
3501.0 3894.0
1542.0 532.0
4614.0 3798.0
4174.0 4049.0
1246.0 2479.0
2373.0 2572.0
3835.0 4533.0
4655.0 2994.0
1834.0 928.0
4490.0 3768.0
2347.0 201.0
1353.0 2873.0
4158.0 4101.0
61.0 4477.0
684.0 4576.0
3219.0 3538.0
809.0 1938.0
3013.0 4241.0
671.0 1401.0
3969.0 3895.0
1581.0 1314.0
849.0 2628.0
4414.0 3157.0
3645.0 4371.0
1202.0 481.0
3748.0 4293.0
2362.0 243.0
3577.0 4602.0
325.0 1518.0
1028.0 1021.0
3994.0 3999.0
1701.0 2540.0
2982.0 4287.0
812.0 1427.0
3261.0 3787.0
1233.0 1200.0
845.0 2497.0
1352.0 1054.0
4675.0 4097.0
2463.0 2164.0
1682.0 1258.0
842.0 2658.0
2973.0 3785.0
3247.0 3566.0
2385.0 706.0
610.0 360.0
1263.0 605.0
2690.0 1541.0
777.0 2797.0
2591.0 2525.0
4339.0 3995.0
619.0 2347.0
1034.0 1494.0
326.0 1952.0
1836.0 1855.0
759.0 4020.0
1693.0 4477.0
4030.0 4549.0
1746.0 1540.0
4307.0 3021.0
1285.0 1605.0
2273.0 1088.0
2777.0 2902.0
2092.0 3431.0
3822.0 3819.0
2199.0 2167.0
3891.0 4081.0
3014.0 3373.0
1102.0 2428.0
3213.0 4477.0
176.0 1139.0
3553.0 3684.0
736.0 2545.0
1675.0 1903.0
4185.0 4298.0
1545.0 2131.0
4215.0 4293.0
2301.0 2329.0
2293.0 437.0
3167.0 4471.0
4151.0 3606.0
2011.0 1377.0
4519.0 4175.0
620.0 1444.0
407.0 2439.0
11.0 919.0
440.0 1754.0
3637.0 3768.0
243.0 2695.0
639.0 214.0
2961.0 2995.0
3779.0 3445.0
1581.0 2456.0
3702.0 4083.0
4165.0 4680.0
953.0 4477.0
114.0 876.0
608.0 931.0
3150.0 3663.0
3956.0 4277.0
239.0 1220.0
344.0 2759.0
538.0 1181.0
204.0 2723.0
2373.0 1474.0
417.0 4477.0
1463.0 4477.0
2665.0 1884.0
2652.0 2576.0
4421.0 4175.0
1618.0 2892.0
475.0 155.0
1577.0 1638.0
1374.0 1572.0
1953.0 4477.0
3157.0 4347.0
3009.0 3362.0
1404.0 2280.0
310.0 549.0
2650.0 2043.0
3750.0 3932.0
1000.0 1124.0
980.0 2890.0
2280.0 2731.0
3493.0 3217.0
4389.0 4413.0
400.0 2574.0
3054.0 4393.0
629.0 1815.0
543.0 1147.0
1098.0 1096.0
4492.0 3050.0
4641.0 3445.0
414.0 2156.0
309.0 2185.0
1006.0 2591.0
1809.0 2814.0
317.0 1604.0
4327.0 3348.0
1866.0 1779.0
913.0 2143.0
156.0 2665.0
3225.0 3258.0
2020.0 1572.0
4035.0 4020.0
1722.0 943.0
1720.0 2304.0
1359.0 1574.0
435.0 702.0
947.0 2876.0
3722.0 3509.0
3505.0 3022.0
3137.0 4622.0
1143.0 1529.0
4198.0 4405.0
3383.0 4215.0
726.0 1098.0
3812.0 3374.0
3267.0 4469.0
831.0 2144.0
1578.0 1928.0
4187.0 4526.0
1431.0 1286.0
4146.0 4468.0
353.0 1775.0
490.0 2900.0
3663.0 3329.0
399.0 1967.0
1601.0 664.0
4468.0 2957.0
4301.0 3630.0
3782.0 4502.0
4015.0 4164.0
1165.0 2591.0
3102.0 3572.0
1535.0 2505.0
4235.0 4647.0
442.0 2253.0
2237.0 2775.0
422.0 1427.0
1328.0 2528.0
291.0 2316.0
2063.0 2185.0
4151.0 3345.0
1421.0 1309.0
4557.0 4477.0
1586.0 149.0
2258.0 1605.0
2033.0 1087.0
497.0 2803.0
544.0 1437.0
336.0 3059.0
1923.0 1572.0
576.0 1306.0
3020.0 3329.0
3298.0 4361.0
2625.0 1495.0
2894.0 2520.0
2007.0 1346.0
4577.0 3859.0
3721.0 4484.0
3467.0 3079.0
2683.0 4020.0
1816.0 1346.0
1672.0 1794.0
537.0 1400.0
2194.0 2611.0
2611.0 1310.0
3314.0 3905.0
2584.0 2792.0
2293.0 1346.0
501.0 1549.0
877.0 920.0
4043.0 3203.0
4367.0 4678.0
1961.0 1899.0
2955.0 3256.0
2363.0 2483.0
2165.0 2517.0
3297.0 3917.0
3274.0 3490.0
3212.0 3847.0
2184.0 2235.0
2920.0 3795.0
3523.0 4489.0
2700.0 1393.0
3582.0 3940.0
1119.0 2651.0
3844.0 4392.0
801.0 4477.0
2510.0 2420.0
364.0 1399.0
33.0 1021.0
2090.0 1980.0
4412.0 3961.0
116.0 1011.0
3664.0 4676.0
1041.0 731.0
121.0 4477.0
1783.0 2760.0
3249.0 4501.0
2118.0 826.0
411.0 1699.0
3830.0 3537.0
336.0 2914.0
4120.0 3039.0
2207.0 4466.0
233.0 2670.0
3140.0 3459.0
667.0 517.0
4009.0 4477.0
140.0 502.0
438.0 1371.0
4169.0 3443.0
3042.0 3574.0
2829.0 36.0
2898.0 653.0
1265.0 2141.0
1932.0 1979.0
2854.0 1510.0
1335.0 2374.0
368.0 1507.0
3066.0 4194.0
2642.0 1596.0
669.0 4477.0
3645.0 4024.0
339.0 2814.0
278.0 2124.0
4133.0 3346.0
1106.0 1021.0
60.0 2709.0
2812.0 1202.0
556.0 1478.0
1928.0 1785.0
4389.0 3609.0
2961.0 3494.0
3260.0 3566.0
610.0 1403.0
2829.0 2329.0
3979.0 4648.0
2429.0 2874.0
4257.0 3721.0
844.0 2067.0
1550.0 2704.0
3022.0 3372.0
428.0 353.0
1382.0 1492.0
1716.0 2064.0
2994.0 4307.0
1192.0 1802.0
4200.0 4208.0
1621.0 1569.0
725.0 502.0
267.0 1353.0
1980.0 2176.0
3169.0 3473.0
534.0 1965.0
4438.0 4381.0
1927.0 4020.0
61.0 2551.0
937.0 2035.0
1491.0 2154.0
4240.0 3907.0
737.0 3446.0
2205.0 284.0
2868.0 1729.0
2650.0 284.0
2570.0 2628.0
4339.0 3917.0
1862.0 2197.0
986.0 368.0
1619.0 1111.0
537.0 1868.0
3580.0 3785.0
114.0 2043.0
2240.0 454.0
1276.0 1284.0
1359.0 62.0
1037.0 2161.0
1702.0 2417.0
2757.0 1491.0
656.0 2576.0
1507.0 358.0
1867.0 4548.0
1060.0 1529.0
362.0 1830.0
3930.0 3998.0
3023.0 3514.0
1180.0 2642.0
3499.0 4340.0
365.0 2226.0
48.0 2561.0
4133.0 3981.0
146.0 787.0
1804.0 1863.0
1762.0 2672.0
2585.0 2146.0
91.0 944.0
222.0 1555.0
1366.0 1388.0
3975.0 3335.0
1971.0 2667.0
362.0 93.0
3358.0 3759.0
4615.0 3570.0
3745.0 3764.0
2571.0 652.0
4028.0 3161.0
1907.0 2424.0
3809.0 4038.0
996.0 2739.0
1277.0 2452.0
1678.0 2253.0
704.0 1286.0
1472.0 1353.0
1358.0 351.0
812.0 1555.0
791.0 769.0
1782.0 1704.0
152.0 2045.0
871.0 1202.0
4343.0 3993.0
1233.0 923.0
4490.0 4243.0
3796.0 3904.0
4041.0 4014.0
69.0 2131.0
739.0 2294.0
433.0 2877.0
1662.0 97.0
4232.0 3377.0
4369.0 4477.0
3116.0 4213.0
1138.0 1926.0
4400.0 3630.0
3332.0 4005.0
2493.0 2840.0
383.0 1123.0
3148.0 2944.0
4682.0 3570.0
3973.0 3397.0
2843.0 2389.0
3233.0 3888.0
3140.0 4486.0
2095.0 2605.0
3844.0 4673.0
833.0 728.0
389.0 1846.0
3943.0 3088.0
963.0 1802.0
2591.0 959.0
1704.0 2905.0
1018.0 454.0
2284.0 1959.0
264.0 2287.0
4318.0 3768.0
1586.0 281.0
3570.0 4354.0
2210.0 1279.0
2927.0 4655.0
2621.0 1529.0
812.0 2226.0
763.0 1291.0
3373.0 3428.0
3479.0 3208.0
356.0 205.0
3320.0 4270.0
1875.0 2668.0
547.0 2182.0
3764.0 4177.0
918.0 2424.0
2382.0 2457.0
3907.0 4477.0
938.0 1149.0
1357.0 1758.0
1491.0 744.0
3477.0 3416.0
992.0 4020.0
2913.0 3513.0
184.0 1359.0
954.0 1402.0
102.0 2805.0
4539.0 2995.0
3894.0 4321.0
3115.0 3469.0
4081.0 3264.0
285.0 2024.0
3511.0 3203.0
2012.0 1462.0
1100.0 2482.0
2343.0 1316.0
91.0 2823.0
3779.0 3738.0
935.0 1474.0
780.0 1982.0
3400.0 4020.0
3196.0 3705.0
331.0 2283.0
3163.0 3570.0
3567.0 4599.0
4588.0 3528.0
3976.0 3514.0
3888.0 3933.0
2600.0 849.0
1294.0 2424.0
952.0 2654.0
3342.0 3879.0
3409.0 4088.0
3949.0 3667.0
2802.0 661.0
3723.0 2972.0
1921.0 677.0
4148.0 4057.0
4641.0 3280.0
2670.0 2161.0
3702.0 3521.0
3776.0 4393.0
449.0 2526.0
376.0 2045.0
4517.0 4602.0
2933.0 4477.0
822.0 2554.0
1317.0 262.0
2194.0 2785.0
1231.0 423.0
1663.0 1955.0
1336.0 1134.0
3758.0 4270.0
4315.0 4627.0
184.0 279.0
3898.0 3349.0
3272.0 4477.0
3894.0 3026.0
1042.0 2846.0
3420.0 4300.0
1019.0 2485.0
1528.0 185.0
3522.0 3036.0
3755.0 3472.0
659.0 1607.0
550.0 2200.0
3089.0 3727.0
3924.0 4263.0
4444.0 3760.0
1235.0 2588.0
3963.0 3983.0
3387.0 4108.0
1397.0 2316.0
1209.0 1541.0
968.0 2129.0
653.0 940.0
4272.0 3653.0
4115.0 4477.0
3927.0 4299.0
2240.0 1947.0
3995.0 4477.0
1340.0 2805.0
3819.0 4477.0
57.0 4477.0
1187.0 1659.0
306.0 1958.0
2611.0 2312.0
2054.0 2713.0
623.0 1405.0
2961.0 3428.0
551.0 1130.0
1986.0 2906.0
2902.0 1066.0
516.0 1541.0
3939.0 3519.0
2727.0 1623.0
1176.0 1743.0
1474.0 1595.0
1402.0 2817.0
2853.0 328.0
2194.0 524.0
1828.0 205.0
3490.0 3345.0
1378.0 1773.0
3075.0 3918.0
4483.0 3349.0
3536.0 3203.0
2002.0 1759.0
51.0 1518.0
170.0 1054.0
513.0 2607.0
4588.0 3443.0
2163.0 2495.0
158.0 527.0
1438.0 2451.0
3550.0 4129.0
1946.0 1669.0
1013.0 2335.0
2277.0 2279.0
141.0 1204.0
3820.0 4680.0
2822.0 1426.0
1451.0 1503.0
2371.0 504.0
1064.0 1213.0
1401.0 2812.0
379.0 1859.0
4490.0 4502.0
2522.0 4477.0
1582.0 2182.0
3603.0 3892.0
4291.0 4315.0
551.0 2733.0
4270.0 3039.0
2125.0 548.0
3052.0 4460.0
621.0 1301.0
1019.0 1717.0
849.0 1101.0
1608.0 2659.0
575.0 926.0
2954.0 3653.0
428.0 2811.0
3665.0 4028.0
4657.0 4477.0
118.0 2209.0
2615.0 1010.0
4273.0 3588.0
727.0 2709.0
169.0 1611.0
3327.0 4129.0
3975.0 3584.0
612.0 1855.0
3163.0 3731.0
2559.0 2131.0
4098.0 3038.0
3153.0 3720.0
524.0 2874.0
3553.0 3768.0
4621.0 3888.0
3125.0 3630.0
3722.0 4376.0
3100.0 3522.0
3821.0 4512.0
3196.0 4426.0
3018.0 3131.0
1169.0 1701.0
1394.0 2664.0
2652.0 675.0
1391.0 2064.0
1549.0 2329.0
1953.0 2381.0
2411.0 2207.0
2103.0 1497.0
801.0 637.0
913.0 1389.0
1544.0 1842.0
270.0 551.0
1446.0 1784.0
2022.0 1297.0
3114.0 4264.0
2741.0 1642.0
4565.0 4477.0
810.0 816.0
1132.0 182.0
3568.0 3735.0
3906.0 4020.0
2156.0 2314.0
467.0 524.0
922.0 650.0
4081.0 4066.0
3078.0 3574.0
3912.0 3474.0
3959.0 4545.0
233.0 2773.0
885.0 2799.0
388.0 1542.0
2345.0 1916.0
4249.0 4256.0
2647.0 1956.0
1368.0 2481.0
3611.0 3950.0
428.0 2042.0
194.0 1965.0
4417.0 3119.0
3762.0 4477.0
4564.0 3998.0
1421.0 2389.0
3294.0 4167.0
1795.0 2753.0
725.0 1437.0
1230.0 1436.0
2248.0 2590.0
3587.0 4336.0
1431.0 130.0
3550.0 3047.0
1042.0 2737.0
2230.0 2087.0
718.0 4477.0
3771.0 4128.0
4088.0 4605.0
3060.0 3802.0
719.0 1063.0
497.0 2355.0
4059.0 4650.0
1928.0 2899.0
1009.0 2071.0
2427.0 2607.0
30.0 2682.0
1076.0 116.0
3156.0 4000.0
1842.0 2354.0
3786.0 4015.0
4274.0 3402.0
497.0 1605.0
601.0 2246.0
536.0 858.0
548.0 1103.0
1770.0 2528.0
1633.0 1081.0
3213.0 4083.0
3135.0 3276.0
198.0 2098.0
4290.0 4463.0
3907.0 3474.0
1255.0 2040.0
3497.0 3268.0
1452.0 4477.0
3510.0 3138.0
3606.0 4502.0
337.0 597.0
4397.0 4681.0
890.0 62.0
2070.0 2129.0
342.0 2238.0
1682.0 467.0
2232.0 289.0
775.0 4477.0
177.0 333.0
1668.0 650.0
831.0 367.0
4527.0 4085.0
686.0 2566.0
3561.0 4656.0
1823.0 1896.0
884.0 2291.0
1708.0 2855.0
921.0 2145.0
56.0 1462.0
647.0 1427.0
4062.0 3213.0
2585.0 4477.0
3505.0 4037.0
4318.0 4367.0
1621.0 1142.0
3935.0 3592.0
4257.0 3566.0
3673.0 3886.0
1926.0 2165.0
3660.0 3227.0
931.0 2795.0
2494.0 1584.0
875.0 252.0
588.0 1609.0
2780.0 4477.0
1903.0 2782.0
1509.0 2501.0
544.0 2777.0
1314.0 2505.0
4055.0 4477.0
3576.0 4113.0
2654.0 874.0
4436.0 3380.0
2254.0 565.0
2945.0 4588.0
3432.0 3582.0
3557.0 3900.0
810.0 385.0
4022.0 3189.0
3457.0 3574.0
3389.0 4652.0
507.0 1639.0
3136.0 4641.0
4623.0 3430.0
2501.0 722.0
421.0 1173.0
1914.0 2073.0
2223.0 2559.0
4542.0 4108.0
3716.0 3646.0
1755.0 2135.0
1311.0 1662.0
4026.0 3574.0
1150.0 4477.0
2167.0 839.0
2738.0 4477.0
1359.0 1605.0
1353.0 2297.0
2793.0 2206.0
1827.0 2277.0
1905.0 2179.0
686.0 2688.0
3695.0 4020.0
906.0 2888.0
1384.0 1669.0
2857.0 4477.0
2522.0 1743.0
1721.0 247.0
312.0 307.0
2905.0 4477.0
3332.0 3192.0
575.0 201.0
3760.0 3282.0
3824.0 4477.0
2487.0 1924.0
2880.0 1346.0
4272.0 3642.0
2546.0 2286.0
3874.0 3637.0
1673.0 577.0
955.0 1868.0
4509.0 2995.0
1684.0 2617.0
2768.0 4477.0
4675.0 3646.0
1342.0 683.0
884.0 2006.0
3330.0 4139.0
291.0 1402.0
4308.0 4588.0
309.0 1201.0
4593.0 4568.0
4383.0 4237.0
1254.0 1323.0
3592.0 4466.0
2388.0 1889.0
599.0 4020.0
2665.0 2031.0
4448.0 4683.0
1443.0 4477.0
3439.0 4489.0
3037.0 3238.0
864.0 4576.0
1421.0 2656.0
659.0 2305.0
4545.0 4381.0
1649.0 2602.0
2343.0 2076.0
3754.0 4140.0
4598.0 4477.0
3966.0 3780.0
3063.0 4097.0
3088.0 3273.0
1682.0 1393.0
1754.0 2424.0
226.0 2792.0
1530.0 1534.0
4663.0 4174.0
3479.0 4477.0
3840.0 4156.0
3638.0 4117.0
3480.0 3247.0
3247.0 3660.0
3843.0 3157.0
778.0 1662.0
4490.0 4650.0
3598.0 4528.0
2378.0 1066.0
685.0 713.0
4376.0 3771.0
3348.0 3170.0
2829.0 2794.0
489.0 1949.0
609.0 1142.0
4675.0 3731.0
963.0 1704.0
3455.0 3425.0
1420.0 4477.0
1341.0 721.0
2205.0 1771.0
4560.0 4077.0
2150.0 306.0
965.0 2687.0
901.0 2212.0
524.0 2184.0
316.0 4477.0
3543.0 4020.0
195.0 2900.0
1427.0 179.0
4509.0 4338.0
3219.0 4367.0
1582.0 1203.0
237.0 1597.0
297.0 2195.0
1353.0 665.0
1830.0 2681.0
2292.0 731.0
2947.0 4477.0
3528.0 3360.0
686.0 1071.0
152.0 2206.0
114.0 1295.0
4141.0 4177.0
4625.0 3528.0
3601.0 3280.0
3992.0 4477.0
3929.0 4138.0
1969.0 1979.0
3688.0 4607.0
2041.0 796.0
884.0 588.0
3846.0 3177.0
3301.0 4349.0
2530.0 728.0
4109.0 4591.0
2557.0 2892.0
1422.0 1204.0
3489.0 4382.0
382.0 2073.0
2833.0 1445.0
1947.0 2196.0
1084.0 2287.0
834.0 2175.0
3982.0 3753.0
407.0 2378.0
1417.0 2739.0
1535.0 1019.0
4417.0 2965.0
4542.0 4534.0
845.0 900.0
3155.0 3592.0
1058.0 2274.0
2835.0 2721.0
3955.0 3509.0
2045.0 102.0
2741.0 529.0
870.0 2158.0
3850.0 4097.0
2203.0 1729.0
2667.0 1395.0
2139.0 2432.0
2035.0 2161.0
3799.0 4021.0
1790.0 1162.0
175.0 693.0
3906.0 4072.0
1902.0 1591.0
4350.0 4020.0
995.0 2017.0
1254.0 2236.0
4421.0 4477.0
3949.0 1713.0
1718.0 2188.0
4207.0 3653.0
2688.0 770.0
2973.0 3364.0
2636.0 796.0
4247.0 4488.0
1657.0 2452.0
932.0 2619.0
3886.0 3035.0
4616.0 4014.0
4151.0 4404.0
3055.0 3764.0
4198.0 3929.0
1613.0 264.0
2594.0 1339.0
2413.0 541.0
168.0 2774.0
818.0 1497.0
4195.0 4123.0
1177.0 1290.0
2144.0 367.0
4248.0 4108.0
4407.0 4449.0
959.0 1247.0
2970.0 4477.0
1747.0 582.0
3556.0 3993.0
4058.0 3855.0
4426.0 3990.0
3221.0 3859.0
909.0 1321.0
684.0 1252.0
477.0 4477.0
3526.0 4375.0
2918.0 3614.0
113.0 36.0
661.0 1794.0
3025.0 3942.0
1921.0 4477.0
1086.0 1872.0
2967.0 4324.0
3776.0 2995.0
4004.0 4193.0
903.0 2369.0
1884.0 1098.0
1650.0 2405.0
467.0 1639.0
1998.0 2242.0
4637.0 3764.0
3263.0 3354.0
3289.0 4024.0
3075.0 3115.0
4271.0 3874.0
682.0 2355.0
4519.0 4655.0
1448.0 581.0
2096.0 1934.0
894.0 2314.0
3720.0 4582.0
1181.0 4477.0
1420.0 1106.0
1193.0 1658.0
3349.0 3498.0
2142.0 1021.0
1789.0 2899.0
1378.0 2149.0
3757.0 4502.0
648.0 2253.0
605.0 2664.0
3958.0 4020.0
1453.0 4477.0
240.0 554.0
3531.0 4020.0
3443.0 4213.0
48.0 2812.0
1897.0 2027.0
988.0 1463.0
531.0 2796.0
2671.0 538.0
2205.0 908.0
2945.0 3393.0
3023.0 4256.0
2388.0 195.0
859.0 2075.0
104.0 318.0
3153.0 4477.0
2629.0 1515.0
3868.0 2948.0
1182.0 2347.0
2357.0 816.0
2624.0 2207.0
3248.0 4234.0
1615.0 2518.0
1381.0 2053.0
2245.0 1600.0
4366.0 4338.0
163.0 333.0
2937.0 3022.0
2800.0 818.0
4644.0 3649.0
1369.0 1134.0
4393.0 4477.0
114.0 1436.0
3666.0 3832.0
860.0 48.0
1820.0 2674.0
1936.0 667.0
1870.0 2650.0
2497.0 2282.0
4077.0 4270.0
536.0 1896.0
4577.0 4071.0
1092.0 1876.0
2290.0 2644.0
2833.0 1499.0
2003.0 1663.0
587.0 1889.0
2449.0 1322.0
283.0 2457.0
348.0 266.0
3535.0 3794.0
1223.0 1487.0
892.0 2274.0
4215.0 3607.0
3683.0 4094.0
1681.0 795.0
3408.0 3199.0
4509.0 3570.0
830.0 1864.0
2547.0 2614.0
2168.0 2797.0
2361.0 849.0
3113.0 3209.0
2538.0 1503.0
4315.0 3444.0
996.0 287.0
738.0 2531.0
3958.0 4522.0
1399.0 1419.0
847.0 4034.0
2008.0 2526.0
3381.0 4300.0
3014.0 3910.0
3628.0 3842.0
4241.0 4137.0
2001.0 1765.0
2128.0 1746.0
82.0 333.0
64.0 2479.0
3557.0 3752.0
1536.0 1162.0
1268.0 2811.0
1010.0 2746.0
1231.0 2672.0
3569.0 4477.0
3463.0 3085.0
2021.0 1437.0
3088.0 4011.0
1066.0 1523.0
827.0 1797.0
4407.0 3199.0
601.0 44.0
152.0 859.0
1048.0 2135.0
2038.0 1639.0
1127.0 2031.0
467.0 1798.0
4022.0 3444.0
783.0 1812.0
239.0 1427.0
123.0 921.0
2391.0 1168.0
3179.0 3321.0
1341.0 413.0
1390.0 454.0
956.0 1289.0
4496.0 3296.0
1050.0 1718.0
2679.0 1745.0
3720.0 3335.0
2038.0 4477.0
646.0 1736.0
3149.0 4113.0
2780.0 2777.0
588.0 1058.0
4462.0 3574.0
259.0 1893.0
173.0 668.0
952.0 1377.0
3026.0 3445.0
528.0 199.0
1427.0 2410.0
1064.0 2792.0
3439.0 3409.0
4197.0 3488.0
780.0 1056.0
536.0 1573.0
3295.0 3769.0
2859.0 1045.0
1076.0 247.0
3959.0 4527.0
1749.0 2382.0
3215.0 4271.0
1282.0 932.0
2786.0 1429.0
3630.0 3653.0
73.0 524.0
4119.0 4300.0
465.0 2327.0
951.0 1462.0
1110.0 2185.0
1878.0 1049.0
1090.0 1621.0
1515.0 2328.0
824.0 253.0
2136.0 1410.0
609.0 2664.0
3163.0 3054.0
1258.0 2809.0
2382.0 2561.0
4420.0 3649.0
2610.0 1812.0
1677.0 2624.0
1039.0 1972.0
3677.0 4598.0
3742.0 4537.0
3335.0 3271.0
3474.0 4235.0
2319.0 810.0
100.0 2150.0
606.0 2821.0
556.0 2683.0
152.0 2028.0
3236.0 3414.0
1916.0 799.0
2251.0 1208.0
3751.0 4477.0
334.0 4477.0
2181.0 2425.0
3432.0 4438.0
4413.0 4409.0
2430.0 1312.0
3678.0 4477.0
820.0 839.0
1477.0 2656.0
3520.0 3457.0
3681.0 4648.0
3878.0 4069.0
1397.0 1990.0
2044.0 2591.0
926.0 2650.0
3163.0 4684.0
1235.0 2672.0
2218.0 1881.0
1374.0 1003.0
3505.0 3785.0
4509.0 3653.0
4381.0 3609.0
257.0 1301.0
297.0 1309.0
2547.0 1236.0
388.0 2512.0
2406.0 2003.0
3447.0 3217.0
3755.0 4150.0
2216.0 2524.0
3352.0 3054.0
253.0 1705.0
2680.0 981.0
274.0 454.0
2319.0 348.0
448.0 2292.0
461.0 1037.0
3156.0 4066.0
2951.0 3290.0
4416.0 4648.0
489.0 614.0
4364.0 3472.0
810.0 1945.0
3606.0 4477.0
3789.0 4682.0
160.0 2080.0
2682.0 2612.0
1769.0 2100.0
409.0 4477.0
1028.0 1812.0
662.0 1139.0
3464.0 3702.0
2186.0 2417.0
3977.0 3377.0
815.0 2395.0
388.0 662.0
1276.0 2299.0
410.0 4020.0
992.0 3594.0
1884.0 2698.0
647.0 1873.0
2470.0 4477.0
3335.0 3917.0
2396.0 1602.0
4322.0 3117.0
1477.0 1952.0
4096.0 3726.0
3274.0 3768.0
3364.0 3002.0
4625.0 4670.0
3477.0 3639.0
3589.0 4100.0
264.0 2726.0
4434.0 3296.0
1763.0 2007.0
4026.0 4415.0
2628.0 826.0
829.0 2772.0
2360.0 338.0
174.0 4477.0
322.0 817.0
1041.0 1732.0
3538.0 4057.0
1612.0 2281.0
2032.0 2663.0
2846.0 1202.0
1106.0 1989.0
3923.0 4375.0
454.0 2401.0
2506.0 318.0
3697.0 3029.0
3127.0 3859.0
4508.0 4477.0
2595.0 1279.0
3443.0 4415.0
2064.0 2664.0
3764.0 4020.0
260.0 843.0
1958.0 1066.0
1664.0 943.0
3315.0 3843.0
3702.0 4577.0
2816.0 2020.0
2968.0 4207.0
2788.0 4477.0
1526.0 2487.0
1120.0 920.0
3414.0 4441.0
1073.0 1202.0
1163.0 1401.0
4056.0 4674.0
4663.0 3432.0
674.0 2157.0
3279.0 3001.0
2304.0 4477.0
652.0 2053.0
342.0 744.0
2197.0 1790.0
3161.0 3549.0
3811.0 4212.0
4038.0 3021.0
675.0 1066.0
140.0 1981.0
100.0 2539.0
3913.0 3981.0
3927.0 3715.0
2873.0 4477.0
133.0 547.0
2854.0 2814.0
372.0 1050.0
3682.0 4020.0
489.0 2048.0
3464.0 2928.0
287.0 449.0
1460.0 660.0
3797.0 4477.0
3766.0 4673.0
178.0 874.0
3439.0 3637.0
91.0 856.0
3434.0 4322.0
1353.0 698.0
4436.0 3829.0
56.0 2189.0
4457.0 4229.0
3490.0 4490.0
1127.0 2733.0
195.0 2773.0
2222.0 4477.0
567.0 4477.0
4253.0 4627.0
3719.0 3380.0
2623.0 153.0
3560.0 4502.0
4247.0 4020.0
3093.0 4493.0
2838.0 1886.0
943.0 2253.0
2537.0 968.0
4508.0 4679.0
2465.0 197.0
11.0 2591.0
2248.0 2898.0
3007.0 3105.0
3648.0 4477.0
3323.0 3347.0
2061.0 227.0
1199.0 2035.0
1516.0 2441.0
3889.0 3444.0
2939.0 4502.0
1006.0 549.0
2294.0 1616.0
2990.0 3467.0
2166.0 450.0
3334.0 3437.0
3717.0 3761.0
231.0 2726.0
4591.0 3672.0
2869.0 689.0
2537.0 3811.0
3389.0 3392.0
1128.0 1734.0
662.0 1443.0
1802.0 2754.0
3111.0 2926.0
523.0 4477.0
2021.0 197.0
4497.0 3126.0
4215.0 4591.0
1620.0 2591.0
2223.0 1685.0
368.0 2777.0
3078.0 4426.0
1953.0 2847.0
3100.0 4378.0
118.0 1538.0
3924.0 4270.0
128.0 2009.0
1708.0 2010.0
3990.0 4213.0
2786.0 626.0
1438.0 1991.0
1060.0 1959.0
2958.0 3888.0
1853.0 2263.0
1902.0 1946.0
3702.0 3887.0
3391.0 4444.0
1732.0 923.0
2142.0 2847.0
974.0 1700.0
2765.0 248.0
2182.0 1903.0
3207.0 3125.0
1147.0 2177.0
3757.0 3879.0
3554.0 4369.0
3228.0 4395.0
1762.0 2520.0
2498.0 531.0
3454.0 3871.0
4131.0 4349.0
320.0 445.0
1104.0 1127.0
2657.0 1484.0
4169.0 4477.0
2843.0 1142.0
3031.0 3227.0
1349.0 1258.0
1441.0 4477.0
3497.0 4094.0
1329.0 1134.0
1844.0 1067.0
1403.0 497.0
3429.0 3865.0
1538.0 2591.0
3009.0 4438.0
176.0 1881.0
3635.0 4553.0
200.0 1303.0
1083.0 418.0
1025.0 1204.0
3676.0 3584.0
2777.0 2863.0
2805.0 2417.0
3515.0 4606.0
3568.0 3880.0
2569.0 2205.0
4098.0 4023.0
333.0 1258.0
4509.0 3984.0
3979.0 3297.0
835.0 307.0
3107.0 4111.0
3454.0 4489.0
67.0 2309.0
2965.0 4147.0
4338.0 3282.0
1836.0 672.0
202.0 1142.0
3443.0 4426.0
818.0 1038.0
4169.0 4378.0
1666.0 2726.0
1498.0 1569.0
650.0 1436.0
2007.0 1977.0
1049.0 2235.0
3183.0 3866.0
2273.0 672.0
3136.0 3887.0
4351.0 3375.0
692.0 4477.0
583.0 1754.0
4023.0 4502.0
3822.0 4409.0
3550.0 3170.0
249.0 2428.0
3670.0 4454.0
1840.0 1902.0
3531.0 4477.0
2349.0 4477.0
2418.0 527.0
121.0 2312.0
4268.0 4498.0
2866.0 2590.0
1986.0 1286.0
4392.0 3879.0
3497.0 4376.0
136.0 929.0
314.0 713.0
3054.0 4645.0
4600.0 3522.0
1878.0 2561.0
51.0 2444.0
1195.0 1716.0
1449.0 4477.0
4489.0 3768.0
641.0 4477.0
45.0 1910.0
4626.0 4228.0
365.0 2255.0
3794.0 4006.0
4218.0 3348.0
863.0 2726.0
274.0 421.0
2058.0 2611.0
3961.0 3228.0
937.0 2225.0
2172.0 2591.0
593.0 2149.0
3352.0 4312.0
2535.0 1160.0
3862.0 3800.0
3745.0 4316.0
486.0 1865.0
3008.0 4223.0
3645.0 3330.0
4315.0 3771.0
756.0 781.0
707.0 1021.0
2827.0 2774.0
326.0 367.0
3077.0 4521.0
2138.0 4477.0
119.0 2162.0
30.0 110.0
1196.0 2029.0
1902.0 482.0
319.0 488.0
2480.0 992.0
1620.0 995.0
3572.0 4020.0
2375.0 1436.0
748.0 4477.0
3226.0 3785.0
1778.0 781.0
1308.0 2401.0
84.0 1397.0
382.0 2206.0
208.0 569.0
3616.0 4175.0
2230.0 1799.0
2948.0 4351.0
1799.0 1021.0
1242.0 1952.0
2494.0 2606.0
2106.0 2457.0
2744.0 1216.0
588.0 1687.0
1142.0 1139.0
534.0 1282.0
1059.0 2884.0
4003.0 4486.0
623.0 1617.0
1060.0 2551.0
2357.0 2639.0
282.0 1437.0
2094.0 1997.0
2439.0 1474.0
479.0 2591.0
3083.0 3351.0
241.0 4477.0
2115.0 652.0
4246.0 4129.0
2947.0 4390.0
1622.0 1780.0
549.0 2640.0
3445.0 3726.0
3058.0 4430.0
1420.0 1268.0
59.0 590.0
951.0 195.0
2060.0 4477.0
3368.0 4289.0
1024.0 2649.0
1264.0 2873.0
806.0 454.0
3315.0 3334.0
1315.0 1437.0
467.0 1571.0
2612.0 2614.0
45.0 1080.0
1953.0 183.0
3038.0 4532.0
4174.0 4094.0
2504.0 4020.0
819.0 2850.0
2071.0 3500.0
1176.0 2665.0
2145.0 710.0
357.0 287.0
3208.0 4673.0
3370.0 3375.0
2429.0 1571.0
200.0 2423.0
2091.0 1605.0
3393.0 3528.0
813.0 989.0
3248.0 4453.0
4186.0 3374.0
3560.0 4605.0
1375.0 1431.0
3560.0 3124.0
1857.0 1705.0
2753.0 848.0
1953.0 638.0
1326.0 639.0
879.0 2031.0
679.0 1717.0
918.0 1132.0
3510.0 3055.0
3672.0 4118.0
1623.0 1529.0
1184.0 2673.0
3145.0 3280.0
2935.0 3736.0
4510.0 4096.0
3128.0 4342.0
3898.0 3653.0
686.0 2737.0
4146.0 3119.0
812.0 1211.0
204.0 775.0
4601.0 4222.0
3682.0 4117.0
408.0 1341.0
2463.0 1636.0
4267.0 4049.0
2304.0 93.0
2665.0 72.0
3713.0 3001.0
2737.0 1955.0
3534.0 3950.0
519.0 2280.0
3872.0 4110.0
2650.0 2749.0
23.0 2680.0
3635.0 4477.0
4273.0 4610.0
3158.0 4065.0
1524.0 1470.0
388.0 2711.0
3709.0 3293.0
168.0 971.0
3289.0 3324.0
3779.0 4422.0
1614.0 1754.0
3138.0 4633.0
3827.0 3891.0
425.0 1873.0
2771.0 2512.0
970.0 2834.0
408.0 1790.0
3604.0 4288.0
2650.0 650.0
650.0 1771.0
1422.0 179.0
393.0 1073.0
2809.0 4477.0
4182.0 4358.0
3556.0 4481.0
2969.0 4130.0
3298.0 4201.0
4330.0 4477.0
2936.0 3572.0
3506.0 4020.0
3382.0 4261.0
366.0 1745.0
768.0 1532.0
2216.0 2075.0
4594.0 3894.0
922.0 201.0
2820.0 2292.0
1062.0 1809.0
4195.0 3384.0
4249.0 4474.0
350.0 553.0
217.0 4477.0
710.0 2308.0
1366.0 1506.0
889.0 1865.0
3643.0 3459.0
3822.0 3001.0
2919.0 4087.0
4315.0 3433.0
537.0 1881.0
4202.0 4682.0
617.0 1680.0
1064.0 1648.0
1647.0 4020.0
1382.0 1639.0
208.0 168.0
457.0 1524.0
120.0 1967.0
2153.0 1952.0
947.0 1266.0
4339.0 4588.0
841.0 1659.0
1962.0 4477.0
321.0 2236.0
461.0 1427.0
994.0 1119.0
2725.0 2691.0
4394.0 4477.0
1256.0 817.0
1781.0 2452.0
3348.0 3549.0
456.0 1296.0
4570.0 4020.0
2820.0 1719.0
453.0 896.0
3947.0 3726.0
1778.0 2873.0
3674.0 3642.0
1633.0 1510.0
279.0 2511.0
391.0 2632.0
1427.0 1833.0
778.0 852.0
1952.0 2512.0
1583.0 127.0
1842.0 2508.0
1683.0 1916.0
3040.0 3876.0
807.0 1952.0
1619.0 2044.0
3546.0 2972.0
2552.0 2113.0
3151.0 3928.0
3482.0 4643.0
4098.0 3100.0
878.0 2858.0
758.0 1620.0
2049.0 1851.0
160.0 1355.0
3258.0 4297.0
638.0 1981.0
2502.0 1286.0
2945.0 3904.0
3930.0 1499.0
1893.0 2794.0
1168.0 2511.0
537.0 4477.0
408.0 2179.0
2844.0 637.0
1326.0 168.0
3175.0 4668.0
819.0 1100.0
3937.0 4090.0
2115.0 1980.0
4218.0 4477.0
3232.0 4504.0
2302.0 97.0
2518.0 4477.0
900.0 1339.0
1701.0 1257.0
2084.0 2107.0
3162.0 4477.0
2045.0 2551.0
2035.0 1402.0
1198.0 1478.0
1884.0 64.0
4158.0 4477.0
4397.0 3950.0
3322.0 3553.0
2085.0 2628.0
3861.0 2951.0
338.0 350.0
1786.0 2520.0
2810.0 1470.0
3459.0 4251.0
1147.0 2793.0
4661.0 3587.0
3170.0 4108.0
1034.0 1179.0
2670.0 479.0
374.0 2618.0
1800.0 4477.0
561.0 616.0
3872.0 4229.0
4539.0 4553.0
674.0 1704.0
1369.0 1328.0
587.0 1946.0
370.0 869.0
4363.0 4508.0
191.0 1054.0
3053.0 3735.0
4559.0 3429.0
1390.0 2196.0
3352.0 3794.0
2558.0 4477.0
746.0 1889.0
3104.0 4498.0
4267.0 4022.0
4675.0 3984.0
1534.0 2069.0
1430.0 120.0
647.0 1855.0
988.0 2516.0
2136.0 126.0
3329.0 3619.0
3393.0 2957.0
123.0 771.0
1207.0 2880.0
2313.0 4477.0
4681.0 3950.0
200.0 2659.0
3731.0 4307.0
1179.0 1623.0
190.0 1842.0
3015.0 3685.0
762.0 172.0
3577.0 4667.0
225.0 2805.0
2582.0 155.0
4120.0 3707.0
1424.0 2274.0
1988.0 1510.0
4545.0 3289.0
3156.0 3146.0
2699.0 1516.0
1000.0 4020.0
1931.0 2161.0
3978.0 3597.0
854.0 1145.0
4146.0 3904.0
2295.0 4477.0
564.0 1096.0
1952.0 361.0
2100.0 2628.0
639.0 665.0
1507.0 2251.0
1352.0 1249.0
1279.0 2726.0
1290.0 4477.0
3843.0 3208.0
3158.0 3217.0
2768.0 661.0
4138.0 4267.0
952.0 4020.0
100.0 1842.0
3814.0 4477.0
462.0 2722.0
1401.0 1947.0
1579.0 2466.0
4228.0 4477.0
1947.0 454.0
519.0 2873.0
122.0 2726.0
3140.0 3703.0
3123.0 4325.0
977.0 2332.0
3028.0 4477.0
2806.0 307.0
2263.0 1082.0
4125.0 4386.0
442.0 1274.0
3323.0 3875.0
1114.0 2188.0
606.0 1204.0
3013.0 4188.0
4150.0 3486.0
2104.0 2640.0
1427.0 2428.0
2942.0 3250.0
1230.0 502.0
3634.0 4020.0
2977.0 3443.0
551.0 454.0
364.0 1193.0
2240.0 2777.0
2652.0 2814.0
833.0 454.0
3575.0 3716.0
3124.0 4088.0
4504.0 3296.0
3746.0 3465.0
1633.0 2530.0
1246.0 243.0
628.0 2276.0
2718.0 1558.0
1356.0 719.0
2765.0 2210.0
592.0 2089.0
1507.0 4477.0
1213.0 4477.0
4270.0 4273.0
1640.0 2601.0
601.0 1876.0
2579.0 1310.0
3224.0 4072.0
280.0 2006.0
1353.0 1770.0
1884.0 797.0
4583.0 4371.0
4084.0 4683.0
2891.0 2545.0
1427.0 2782.0
3923.0 4529.0
3153.0 4139.0
4241.0 4478.0
4406.0 4449.0
668.0 698.0
1369.0 2516.0
3634.0 3859.0
3253.0 4298.0
297.0 4477.0
4424.0 4628.0
289.0 1910.0
4219.0 3413.0
251.0 431.0
4080.0 3309.0
4322.0 3457.0
501.0 1310.0
3056.0 4502.0
4626.0 4499.0
1187.0 235.0
3228.0 4273.0
3623.0 4485.0
1098.0 1934.0
297.0 295.0
4033.0 4477.0
2264.0 4020.0
4008.0 3932.0
536.0 1975.0
2439.0 2577.0
3004.0 4339.0
4501.0 3854.0
1763.0 2594.0
1339.0 2013.0
3489.0 3144.0
745.0 1905.0
429.0 1975.0
2137.0 1196.0
4058.0 4489.0
268.0 2595.0
2932.0 3435.0
3412.0 4271.0
1152.0 1967.0
3528.0 3824.0
3878.0 4177.0
1683.0 1232.0
1274.0 2340.0
293.0 1888.0
1187.0 2195.0
287.0 1147.0
1261.0 1879.0
4330.0 3989.0
1391.0 1026.0
3966.0 4490.0
4438.0 4477.0
2205.0 708.0
1880.0 284.0
2839.0 1346.0
1988.0 2224.0
984.0 522.0
2076.0 1338.0
1991.0 4477.0
1639.0 2874.0
1836.0 2273.0
2251.0 2256.0
361.0 2253.0
69.0 1613.0
3196.0 4213.0
1127.0 2048.0
1915.0 2294.0
4270.0 4480.0
4115.0 4108.0
1090.0 2064.0
1235.0 2079.0
33.0 1830.0
3534.0 4271.0
4001.0 4529.0
2443.0 4477.0
4389.0 4407.0
448.0 4477.0
4514.0 3264.0
2085.0 1834.0
4013.0 3266.0
3294.0 3107.0
3806.0 3330.0
1893.0 2528.0
556.0 1606.0
4653.0 3792.0
1388.0 1249.0
651.0 844.0
12.0 2551.0
2478.0 1584.0
804.0 2894.0
3138.0 3507.0
354.0 1662.0
344.0 1645.0
3163.0 3454.0
2975.0 3631.0
2389.0 104.0
4151.0 3688.0
2665.0 454.0
279.0 1919.0
1142.0 2672.0
1217.0 2524.0
2105.0 2873.0
768.0 2483.0
4245.0 4477.0
669.0 1238.0
3359.0 4680.0
2522.0 243.0
3440.0 3495.0
1878.0 2043.0
1032.0 2453.0
1547.0 1605.0
3075.0 3884.0
2587.0 107.0
1608.0 1437.0
3259.0 4210.0
2932.0 4405.0
876.0 1596.0
494.0 1812.0
146.0 289.0
1092.0 2253.0
2388.0 2314.0
1345.0 4437.0
666.0 2814.0
541.0 1139.0
3794.0 4483.0
908.0 1044.0
4417.0 4178.0
1517.0 1664.0
1747.0 4477.0
2611.0 1492.0
1885.0 2676.0
1076.0 2053.0
1953.0 2873.0
3032.0 4381.0
4000.0 4628.0
2098.0 295.0
976.0 869.0
3643.0 4173.0
1355.0 2570.0
246.0 1448.0
144.0 949.0
3650.0 4321.0
127.0 1553.0
4584.0 3404.0
4150.0 4002.0
2125.0 475.0
3578.0 4408.0
124.0 904.0
2492.0 2646.0
2242.0 2588.0
3033.0 4477.0
3796.0 3157.0
4507.0 3472.0
2992.0 3916.0
932.0 4477.0
2515.0 358.0
4663.0 3444.0
736.0 2865.0
2220.0 2814.0
3918.0 3404.0
3625.0 3662.0
2001.0 639.0
2535.0 454.0
2579.0 650.0
2377.0 1605.0
4034.0 4467.0
1112.0 284.0
3290.0 3444.0
2932.0 4430.0
3391.0 3340.0
1184.0 2626.0
1783.0 1281.0
326.0 361.0
3665.0 2934.0
3779.0 4016.0
1034.0 4477.0
3495.0 3284.0
4648.0 3451.0
736.0 1321.0
3140.0 3134.0
2530.0 1081.0
4096.0 3764.0
524.0 2870.0
3830.0 4354.0
1526.0 1924.0
2622.0 2898.0
3355.0 3341.0
3825.0 3962.0
3143.0 4065.0
3059.0 3245.0
225.0 2774.0
128.0 1499.0
3249.0 3429.0
937.0 2889.0
1227.0 2442.0
4324.0 4477.0
410.0 2673.0
1427.0 929.0
123.0 364.0
3215.0 3904.0
3684.0 3843.0
1299.0 1773.0
341.0 2472.0
1350.0 1542.0
3760.0 3118.0
3606.0 4404.0
3515.0 3649.0
2476.0 564.0
208.0 1106.0
4584.0 3731.0
724.0 1474.0
3243.0 4298.0
1315.0 2074.0
67.0 1107.0
1224.0 1632.0
419.0 2253.0
4470.0 3991.0
4257.0 3213.0
756.0 811.0
2793.0 1605.0
3235.0 3730.0
1783.0 1751.0
27.0 404.0
677.0 609.0
407.0 2149.0
3412.0 4379.0
3141.0 4111.0
4351.0 3865.0
2280.0 1410.0
3812.0 4210.0
399.0 2600.0
778.0 935.0
404.0 563.0
3327.0 3886.0
4256.0 4495.0
467.0 1159.0
78.0 4477.0
4166.0 3009.0
2534.0 2734.0
675.0 2048.0
539.0 1645.0
2218.0 2725.0
851.0 1621.0
2097.0 2214.0
2712.0 2867.0
3032.0 4545.0
4465.0 3662.0
3784.0 3474.0
175.0 2423.0
401.0 2301.0
222.0 193.0
3940.0 4344.0
3334.0 3753.0
3257.0 3764.0
3158.0 3447.0
1039.0 1375.0
4207.0 3402.0
1667.0 2798.0
3887.0 3145.0
2823.0 581.0
1798.0 2312.0
2853.0 141.0
486.0 506.0
1084.0 4477.0
3546.0 3794.0
2882.0 943.0
3434.0 3609.0
987.0 1587.0
2095.0 653.0
85.0 1470.0
3812.0 4393.0
2851.0 1848.0
565.0 1216.0
3626.0 4229.0
1610.0 1021.0
449.0 639.0
4459.0 4074.0
4643.0 4502.0
1976.0 153.0
3882.0 4477.0
4388.0 4317.0
4054.0 4591.0
1016.0 2574.0
4039.0 3573.0
3023.0 3913.0
2372.0 1066.0
2612.0 1190.0
2045.0 2115.0
2206.0 4477.0
3733.0 2950.0
4505.0 4529.0
228.0 345.0
977.0 2330.0
3452.0 3377.0
297.0 2098.0
110.0 1263.0
1240.0 367.0
4063.0 4139.0
393.0 656.0
118.0 185.0
374.0 1602.0
4065.0 3089.0
1778.0 2585.0
1092.0 2227.0
2145.0 2046.0
2132.0 1289.0
3043.0 4279.0
2131.0 2849.0
2973.0 3611.0
4646.0 3309.0
2006.0 114.0
1965.0 932.0
3080.0 4364.0
4122.0 3274.0
2278.0 2850.0
2549.0 1073.0
4420.0 4516.0
1864.0 1561.0
3453.0 4117.0
1975.0 2417.0
3991.0 4219.0
1586.0 1843.0
168.0 1543.0
608.0 1232.0
2901.0 2223.0
2021.0 2145.0
2587.0 153.0
1858.0 894.0
2419.0 509.0
3840.0 4030.0
4506.0 4477.0
932.0 2952.0
2871.0 2405.0
4645.0 3014.0
4539.0 2972.0
3622.0 4320.0
3469.0 4528.0
946.0 2451.0
4495.0 4649.0
4608.0 3296.0
1063.0 1752.0
3840.0 4477.0
3526.0 3690.0
3924.0 4094.0
1056.0 4477.0
536.0 1276.0
3088.0 4477.0
1303.0 1202.0
2691.0 419.0
338.0 4477.0
1000.0 1550.0
4076.0 4151.0
1136.0 236.0
1949.0 1558.0
1328.0 492.0
3731.0 3809.0
782.0 931.0
3542.0 4652.0
1786.0 2467.0
1806.0 2467.0
4154.0 4298.0
2986.0 3205.0
144.0 233.0
3528.0 3117.0
2902.0 454.0
97.0 1066.0
4412.0 3178.0
1370.0 422.0
1764.0 2479.0
2795.0 269.0
636.0 1630.0
2843.0 1271.0
989.0 1446.0
719.0 2354.0
3811.0 4556.0
2894.0 906.0
48.0 2236.0
129.0 1827.0
4254.0 4477.0
1816.0 925.0
4655.0 3054.0
895.0 2855.0
1281.0 1139.0
136.0 526.0
694.0 2645.0
1369.0 2524.0
3513.0 3370.0
3075.0 4058.0
4527.0 4128.0
339.0 1344.0
3253.0 4129.0
4363.0 3653.0
984.0 431.0
413.0 587.0
1908.0 224.0
56.0 2012.0
4176.0 4301.0
4190.0 3001.0
1217.0 1501.0
3520.0 3117.0
3106.0 4283.0
3100.0 4060.0
3058.0 3149.0
3698.0 4456.0
2832.0 1107.0
2996.0 3591.0
461.0 2036.0
1201.0 2253.0
3536.0 4140.0
3107.0 3395.0
607.0 1513.0
2177.0 322.0
2971.0 4623.0
408.0 56.0
783.0 1610.0
2360.0 2665.0
1814.0 4477.0
2535.0 1066.0
3057.0 4348.0
3215.0 3950.0
4464.0 3917.0
276.0 983.0
3267.0 3775.0
155.0 531.0
2996.0 4261.0
2665.0 465.0
1422.0 929.0
3550.0 3563.0
360.0 1214.0
2754.0 503.0
1318.0 2262.0
3777.0 3381.0
1147.0 1021.0
3229.0 3800.0
4094.0 4101.0
2360.0 1066.0
138.0 2726.0
1055.0 4477.0
191.0 2800.0
3947.0 4637.0
3777.0 4666.0
3743.0 4525.0
2956.0 4291.0
200.0 1608.0
348.0 880.0
2277.0 1214.0
3475.0 4041.0
93.0 2186.0
1124.0 420.0
1326.0 2584.0
4143.0 3292.0
4429.0 3227.0
989.0 386.0
44.0 2836.0
449.0 650.0
337.0 1131.0
1030.0 1133.0
48.0 396.0
3503.0 4074.0
2947.0 3209.0
2382.0 2043.0
2454.0 2013.0
560.0 2467.0
11.0 161.0
3249.0 3784.0
1858.0 1917.0
1189.0 2632.0
4478.0 3452.0
3422.0 3469.0
824.0 1881.0
4218.0 2924.0
679.0 1954.0
1213.0 1702.0
1659.0 2305.0
2551.0 1849.0
2239.0 1263.0
1258.0 322.0
3840.0 4365.0
4553.0 4349.0
2932.0 3567.0
3532.0 4641.0
3901.0 4654.0
282.0 2015.0
3579.0 4477.0
663.0 2575.0
2978.0 4129.0
4034.0 3368.0
1006.0 1889.0
2591.0 2353.0
1862.0 1889.0
3513.0 3800.0
448.0 2158.0
2673.0 522.0
3454.0 3587.0
1356.0 1417.0
2332.0 1492.0
1394.0 2810.0
3512.0 4597.0
1431.0 943.0
830.0 2721.0
3685.0 4123.0
2318.0 2381.0
2395.0 1230.0
4501.0 3649.0
1441.0 2056.0
969.0 278.0
4444.0 4097.0
3253.0 4208.0
4483.0 4685.0
3692.0 4684.0
3813.0 3889.0
84.0 2883.0
142.0 725.0
3461.0 3114.0
2890.0 2223.0
1215.0 2831.0
4364.0 3525.0
1100.0 738.0
1235.0 2109.0
38.0 2732.0
3127.0 4660.0
3158.0 4655.0
1834.0 2367.0
1230.0 2317.0
4427.0 4108.0
3279.0 3727.0
3522.0 3681.0
567.0 853.0
4269.0 3555.0
3273.0 4328.0
1527.0 1534.0
1250.0 2126.0
2034.0 1906.0
3777.0 3490.0
1393.0 2280.0
4520.0 4441.0
3522.0 4060.0
4082.0 3282.0
4297.0 4414.0
4367.0 2957.0
1224.0 1310.0
284.0 2726.0
924.0 1301.0
1556.0 2253.0
2921.0 3014.0
1142.0 2705.0
3815.0 3659.0
3498.0 4607.0
1070.0 1755.0
2398.0 1916.0
511.0 2111.0
1903.0 1033.0
1206.0 4429.0
2644.0 2027.0
3941.0 4020.0
3047.0 4298.0
4467.0 4477.0
3490.0 3782.0
1282.0 2788.0
1193.0 2204.0
2903.0 4020.0
2018.0 497.0
3022.0 4216.0
2889.0 1402.0
3323.0 4289.0
2365.0 287.0
2021.0 2382.0
1512.0 2597.0
36.0 1191.0
3796.0 3001.0
642.0 2696.0
4493.0 4129.0
976.0 4477.0
2370.0 2064.0
3497.0 3113.0
1157.0 1831.0
3132.0 4477.0
3097.0 3195.0
3485.0 4264.0
3226.0 4143.0
177.0 1398.0
2115.0 2823.0
2010.0 515.0
3018.0 3763.0
1181.0 2091.0
3541.0 4018.0
4247.0 3255.0
3078.0 3434.0
1246.0 1604.0
3672.0 3640.0
2395.0 2749.0
3399.0 3707.0
126.0 1978.0
3343.0 4134.0
4674.0 3029.0
3002.0 4670.0
3283.0 3930.0
4035.0 4002.0
4073.0 4372.0
3795.0 4425.0
3492.0 4477.0
1153.0 2416.0
891.0 1391.0
1724.0 2664.0
3498.0 4184.0
4655.0 4033.0
406.0 1766.0
3988.0 3280.0
1086.0 987.0
644.0 1815.0
3681.0 3117.0
3512.0 3560.0
168.0 2805.0
639.0 2696.0
2848.0 849.0
2190.0 2918.0
114.0 1310.0
1477.0 318.0
335.0 914.0
658.0 921.0
939.0 2451.0
3444.0 4117.0
48.0 2544.0
1084.0 2205.0
1921.0 404.0
318.0 2531.0
2700.0 2769.0
3448.0 4448.0
4247.0 3829.0
1220.0 1582.0
986.0 1970.0
319.0 2870.0
1688.0 3188.0
2484.0 2576.0
1436.0 2297.0
1354.0 2293.0
1648.0 2830.0
514.0 1421.0
2841.0 345.0
3643.0 4382.0
3077.0 3516.0
44.0 1427.0
727.0 2778.0
951.0 2325.0
998.0 1786.0
771.0 1303.0
659.0 4477.0
1903.0 1286.0
3838.0 3705.0
1860.0 4020.0
2954.0 3873.0
947.0 122.0
4271.0 3251.0
3617.0 4134.0
4275.0 3715.0
1416.0 1101.0
4337.0 3243.0
3339.0 4239.0
788.0 2402.0
900.0 1478.0
3798.0 4037.0
1159.0 2524.0
1527.0 386.0
986.0 1796.0
2510.0 502.0
1328.0 2448.0
3107.0 3362.0
1472.0 1811.0
1531.0 1889.0
2843.0 1621.0
2073.0 2551.0
3365.0 3826.0
912.0 1643.0
4022.0 4410.0
962.0 1422.0
1873.0 185.0
3524.0 4406.0
2554.0 2440.0
997.0 855.0
2625.0 1437.0
3288.0 4683.0
1095.0 1183.0
4330.0 4023.0
2193.0 1732.0
1323.0 243.0
1685.0 2027.0
278.0 2135.0
1341.0 1493.0
1148.0 2680.0
3880.0 3213.0
452.0 1058.0
2301.0 2762.0
3741.0 3409.0
2846.0 2452.0
3587.0 4477.0
3062.0 3156.0
1652.0 2304.0
4146.0 4648.0
162.0 149.0
3742.0 4674.0
3455.0 3510.0
3285.0 4261.0
822.0 502.0
3678.0 3700.0
370.0 1555.0
603.0 1328.0
1059.0 1436.0
3490.0 4414.0
4601.0 4492.0
3226.0 4648.0
1230.0 2241.0
3283.0 4477.0
3381.0 4516.0
339.0 933.0
786.0 2551.0
1623.0 2470.0
1042.0 1657.0
850.0 2373.0
1996.0 1697.0
657.0 1838.0
743.0 1605.0
131.0 1952.0
295.0 560.0
1778.0 2449.0
4505.0 3311.0
231.0 1511.0
1998.0 2109.0
4597.0 4209.0
3267.0 3173.0
3450.0 3703.0
93.0 1084.0
404.0 824.0
1401.0 2354.0
2178.0 2228.0
1066.0 1175.0
4668.0 4261.0
3916.0 3488.0
372.0 2807.0
858.0 1097.0
1458.0 1397.0
95.0 1952.0
2388.0 2591.0
3171.0 3537.0
1649.0 2003.0
667.0 2714.0
155.0 164.0
2530.0 1809.0
543.0 642.0
702.0 1961.0
310.0 2431.0
327.0 4477.0
1835.0 2726.0
3438.0 4208.0
1087.0 817.0
2830.0 153.0
1170.0 1492.0
3065.0 4251.0
3723.0 3014.0
3335.0 3320.0
4218.0 3459.0
489.0 1417.0
1301.0 900.0
566.0 250.0
1890.0 1889.0
4050.0 3190.0
879.0 1743.0
4539.0 3873.0
2539.0 1437.0
682.0 2811.0
1618.0 197.0
232.0 1379.0
4244.0 4426.0
3459.0 3065.0
954.0 2491.0
3919.0 3714.0
716.0 197.0
1711.0 1382.0
798.0 2382.0
1678.0 2413.0
3238.0 4477.0
445.0 214.0
1669.0 2814.0
2370.0 2386.0
222.0 775.0
3510.0 4637.0
1369.0 1258.0
366.0 2869.0
3063.0 4477.0
4444.0 3570.0
2196.0 1743.0
3060.0 4228.0
1608.0 97.0
2811.0 1574.0
3214.0 4025.0
1435.0 2184.0
1528.0 1729.0
4666.0 2965.0
224.0 968.0
728.0 482.0
2093.0 93.0
232.0 744.0
4392.0 4059.0
2942.0 3311.0
3997.0 4666.0
2473.0 191.0
1183.0 652.0
1408.0 1337.0
400.0 705.0
4205.0 4479.0
1266.0 1065.0
2372.0 2726.0
4350.0 4477.0
3009.0 4270.0
3703.0 3277.0
2354.0 2508.0
972.0 363.0
3522.0 4648.0
936.0 2195.0
93.0 138.0
1160.0 800.0
3915.0 3811.0
4375.0 4637.0
3165.0 3489.0
2760.0 1972.0
3758.0 4395.0
2986.0 3568.0
3307.0 4414.0
1365.0 1729.0
1969.0 2264.0
4421.0 4379.0
2159.0 328.0
1661.0 2656.0
3626.0 3145.0
830.0 2398.0
506.0 2517.0
2610.0 1894.0
3786.0 4490.0
3446.0 3293.0
3335.0 3989.0
2125.0 2407.0
1034.0 2792.0
4167.0 4646.0
1202.0 1889.0
2932.0 3628.0
4065.0 3762.0
1418.0 1889.0
1672.0 2408.0
2804.0 167.0
1864.0 386.0
4571.0 4020.0
3005.0 3634.0
3568.0 3571.0
3053.0 4500.0
1648.0 2053.0
3083.0 4019.0
4414.0 4243.0
619.0 1155.0
1822.0 3244.0
143.0 2054.0
4531.0 4265.0
44.0 1876.0
4111.0 3663.0
3068.0 855.0
3421.0 4645.0
3339.0 3763.0
3023.0 2978.0
1554.0 2135.0
258.0 2826.0
1776.0 737.0
905.0 2141.0
458.0 2660.0
1180.0 2399.0
4266.0 4679.0
2819.0 2417.0
721.0 2406.0
133.0 239.0
3643.0 4356.0
2246.0 1876.0
3306.0 3887.0
1504.0 234.0
2612.0 2110.0
4018.0 4245.0
2288.0 99.0
2453.0 2167.0
1312.0 1818.0
3462.0 4617.0
1501.0 1543.0
1659.0 1067.0
595.0 4477.0
821.0 2302.0
4173.0 4041.0
2145.0 709.0
2866.0 2248.0
1660.0 4477.0
1511.0 1066.0
3913.0 4133.0
3748.0 4118.0
2921.0 3686.0
2972.0 4082.0
1809.0 2401.0
3192.0 3156.0
4315.0 4409.0
2610.0 103.0
4625.0 3645.0
3227.0 3968.0
3880.0 3968.0
1633.0 1171.0
3944.0 3989.0
480.0 861.0
1509.0 2699.0
3887.0 4071.0
3909.0 3121.0
3236.0 3766.0
593.0 1390.0
2184.0 2681.0
917.0 4477.0
3547.0 3891.0
1620.0 1788.0
890.0 674.0
3055.0 3354.0
2638.0 2091.0
1492.0 2027.0
1127.0 1417.0
1523.0 1970.0
2729.0 2477.0
1673.0 1599.0
2553.0 1686.0
282.0 2106.0
1341.0 2012.0
3840.0 3947.0
4148.0 4477.0
1700.0 1066.0
2359.0 2314.0
3513.0 3868.0
3503.0 4065.0
4591.0 4502.0
1195.0 2512.0
4290.0 2964.0
1137.0 1575.0
1684.0 984.0
4362.0 3164.0
1045.0 2325.0
1530.0 2450.0
2085.0 111.0
4498.0 4020.0
1803.0 1902.0
3005.0 3721.0
3843.0 3124.0
1716.0 361.0
4329.0 4650.0
1792.0 1893.0
3136.0 3764.0
2187.0 2564.0
3253.0 3243.0
3472.0 4477.0
3304.0 3929.0
3231.0 4380.0
256.0 265.0
4425.0 3377.0
742.0 1422.0
3683.0 4166.0
1747.0 1743.0
1471.0 4477.0
3634.0 4394.0
404.0 2533.0
2644.0 2849.0
13.0 2078.0
3851.0 3442.0
1748.0 2192.0
2492.0 2377.0
398.0 2223.0
36.0 977.0
233.0 1438.0
4571.0 3840.0
3005.0 4671.0
521.0 4020.0
3812.0 3731.0
4504.0 4293.0
3054.0 3692.0
327.0 1957.0
4657.0 4545.0
1593.0 2684.0
4542.0 4260.0
4356.0 4477.0
2076.0 281.0
297.0 936.0
508.0 799.0
519.0 1164.0
4218.0 2978.0
1610.0 1630.0
4535.0 4609.0
275.0 1288.0
1315.0 2274.0
4271.0 4547.0
4268.0 4477.0
264.0 2479.0
4166.0 4477.0
819.0 2218.0
2107.0 1978.0
4428.0 3524.0
2605.0 2160.0
4248.0 3149.0
2981.0 3310.0
3771.0 3509.0
2431.0 1493.0
642.0 2621.0
1480.0 2240.0
3481.0 4354.0
4022.0 3052.0
743.0 153.0
827.0 1468.0
2217.0 2839.0
3224.0 3429.0
702.0 1398.0
828.0 1801.0
3308.0 3858.0
3779.0 3120.0
3757.0 4151.0
4109.0 3089.0
3950.0 3272.0
156.0 338.0
3064.0 4031.0
2114.0 2884.0
1649.0 4477.0
107.0 1243.0
4589.0 3456.0
1239.0 1621.0
3462.0 3477.0
981.0 2552.0
4577.0 3381.0
3474.0 4647.0
242.0 791.0
946.0 1117.0
1147.0 1989.0
3939.0 4083.0
465.0 1609.0
3454.0 4033.0
628.0 545.0
3141.0 3516.0
1866.0 2251.0
1543.0 2524.0
2659.0 2544.0
530.0 1121.0
65.0 421.0
905.0 2619.0
2099.0 4477.0
2652.0 495.0
425.0 1427.0
136.0 1824.0
4324.0 4154.0
3232.0 4457.0
671.0 1495.0
2144.0 2389.0
2513.0 2814.0
3494.0 4380.0
1576.0 2812.0
4055.0 4474.0
906.0 2169.0
2667.0 2551.0
2084.0 4477.0
4312.0 4033.0
2715.0 2645.0
1158.0 1778.0
2074.0 1743.0
2816.0 2714.0
1384.0 2814.0
2236.0 2561.0
3586.0 4590.0
443.0 467.0
4042.0 3787.0
867.0 1745.0
128.0 2840.0
3005.0 3903.0
3288.0 3430.0
1424.0 1522.0
2913.0 3682.0
3043.0 4567.0
1024.0 2877.0
3659.0 3689.0
102.0 153.0
1539.0 765.0
285.0 2345.0
2037.0 532.0
1370.0 2172.0
467.0 817.0
1424.0 698.0
181.0 2091.0
3217.0 4231.0
3293.0 3188.0
2495.0 1088.0
4030.0 3255.0
3492.0 3784.0
208.0 1914.0
1881.0 2512.0
2942.0 3578.0
879.0 1437.0
2722.0 1139.0
540.0 1746.0
733.0 834.0
963.0 1284.0
1576.0 1175.0
4077.0 4415.0
1347.0 1874.0
4530.0 2957.0
3348.0 4249.0
3106.0 4477.0
2445.0 2381.0
161.0 1125.0
226.0 168.0
1489.0 2575.0
4409.0 3330.0
3450.0 4158.0
777.0 1683.0
2288.0 145.0
3448.0 3217.0
934.0 2352.0
545.0 269.0
2893.0 848.0
310.0 1619.0
2767.0 4477.0
248.0 2479.0
4513.0 3355.0
194.0 759.0
85.0 2606.0
321.0 1935.0
2847.0 502.0
609.0 2722.0
4543.0 4500.0
2634.0 4477.0
751.0 2645.0
1085.0 4477.0
937.0 1876.0
266.0 2628.0
810.0 1520.0
1659.0 2278.0
3386.0 4354.0
4258.0 4065.0
3664.0 3610.0
884.0 2173.0
615.0 643.0
4107.0 3597.0
1158.0 1737.0
3620.0 4249.0
2553.0 1830.0
1070.0 2705.0
4527.0 4139.0
1279.0 825.0
304.0 2441.0
273.0 2181.0
2224.0 4477.0
2689.0 3436.0
273.0 2726.0
1421.0 1736.0
2989.0 3818.0
151.0 1011.0
895.0 2127.0
339.0 1390.0
1562.0 4576.0
2539.0 400.0
1437.0 2285.0
4682.0 3404.0
4218.0 4495.0
374.0 2534.0
1667.0 1895.0
2902.0 1743.0
870.0 475.0
2283.0 2497.0
1880.0 2174.0
2930.0 3339.0
3171.0 3830.0
3510.0 4443.0
1246.0 1362.0
350.0 1401.0
1199.0 2359.0
1792.0 333.0
2194.0 36.0
4650.0 4647.0
1608.0 879.0
2992.0 3185.0
2205.0 1799.0
1341.0 2197.0
3228.0 3842.0
3646.0 3809.0
2189.0 1462.0
461.0 1855.0
958.0 1258.0
1345.0 3188.0
1202.0 2149.0
4166.0 4291.0
3110.0 4162.0
1964.0 1319.0
19.0 1470.0
1715.0 2265.0
2793.0 2805.0
2780.0 800.0
959.0 2019.0
955.0 1139.0
283.0 1958.0
710.0 2740.0
958.0 1328.0
4233.0 4114.0
3827.0 4081.0
2829.0 1189.0
939.0 1635.0
3370.0 3705.0
3831.0 4389.0
919.0 1619.0
998.0 295.0
3633.0 3771.0
2913.0 4259.0
3918.0 4336.0
3881.0 3268.0
2071.0 3446.0
144.0 2591.0
1751.0 4477.0
4362.0 4129.0
1935.0 4477.0
3170.0 3164.0
1982.0 96.0
2547.0 2591.0
950.0 1974.0
677.0 1621.0
1537.0 1882.0
858.0 581.0
2687.0 129.0
3020.0 4154.0
3671.0 4516.0
3455.0 3296.0
1039.0 976.0
4341.0 4245.0
2003.0 1889.0
4291.0 3320.0
3083.0 4254.0
898.0 2084.0
2550.0 4477.0
1882.0 385.0
725.0 2877.0
2292.0 2710.0
4365.0 3347.0
3088.0 4401.0
3772.0 3232.0
593.0 2023.0
3943.0 4472.0
2184.0 2177.0
3802.0 3540.0
2290.0 287.0
3141.0 3156.0
1975.0 2094.0
2583.0 1907.0
2332.0 650.0
756.0 1158.0
301.0 4556.0
1044.0 1146.0
179.0 3724.0
1438.0 2035.0
4388.0 3504.0
2376.0 2382.0
548.0 1206.0
2506.0 2850.0
4289.0 3605.0
3369.0 4551.0
501.0 2884.0
3968.0 4020.0
162.0 2867.0
1902.0 2708.0
1092.0 2682.0
3802.0 4342.0
85.0 44.0
1013.0 1906.0
530.0 2410.0
3379.0 4477.0
4392.0 3727.0
1691.0 4020.0
3955.0 3633.0
2525.0 1474.0
2722.0 1918.0
1069.0 2552.0
779.0 287.0
1383.0 2632.0
3835.0 4651.0
3327.0 3913.0
3705.0 4094.0
462.0 1139.0
421.0 1149.0
2386.0 1088.0
981.0 1061.0
3981.0 3243.0
3432.0 4426.0
4315.0 3466.0
1558.0 4477.0
4679.0 4477.0
2225.0 4477.0
1817.0 1812.0
3733.0 4020.0
2927.0 3246.0
246.0 598.0
131.0 1139.0
3194.0 4487.0
732.0 2324.0
2919.0 4088.0
4680.0 3983.0
2725.0 824.0
3379.0 3600.0
2961.0 2994.0
4552.0 4100.0
1456.0 4477.0
526.0 1103.0
3806.0 4213.0
1780.0 570.0
3681.0 3720.0
2216.0 1978.0
1760.0 2428.0
2997.0 4477.0
166.0 126.0
1531.0 2110.0
4624.0 2987.0
2372.0 2585.0
3861.0 3961.0
2180.0 1704.0
3741.0 4312.0
3902.0 3998.0
1546.0 102.0
4432.0 3544.0
3260.0 4190.0
2474.0 2726.0
222.0 1201.0
675.0 1523.0
4413.0 4477.0
3078.0 4487.0
365.0 1470.0
1274.0 2723.0
3335.0 3819.0
93.0 1483.0
1687.0 2726.0
4475.0 4520.0
1335.0 2253.0
1847.0 2214.0
404.0 2705.0
1074.0 1599.0
2516.0 2809.0
3973.0 4636.0
2825.0 1669.0
871.0 4477.0
115.0 347.0
3145.0 4083.0
3629.0 3822.0
2324.0 168.0
3626.0 4029.0
3071.0 3909.0
3069.0 4282.0
1227.0 4477.0
103.0 1021.0
62.0 2876.0
2587.0 1573.0
143.0 525.0
3201.0 3509.0
464.0 1141.0
606.0 209.0
3092.0 3779.0
3008.0 2995.0
1136.0 1788.0
76.0 2448.0
4247.0 3802.0
2805.0 4477.0
4549.0 3255.0
2832.0 2163.0
1529.0 1214.0
4508.0 3551.0
369.0 1125.0
274.0 1669.0
4226.0 3432.0
2001.0 2641.0
1311.0 2378.0
4365.0 4568.0
946.0 1876.0
1168.0 2096.0
2303.0 809.0
1359.0 1704.0
118.0 147.0
4145.0 3238.0
2309.0 485.0
3846.0 3217.0
4665.0 3697.0
4629.0 4426.0
3056.0 4118.0
1504.0 1045.0
204.0 2340.0
686.0 2846.0
936.0 2268.0
2363.0 1074.0
3045.0 3540.0
3430.0 3597.0
3227.0 4477.0
3828.0 4020.0
504.0 1303.0
467.0 1349.0
2687.0 2013.0
831.0 4477.0
4384.0 3680.0
3032.0 4606.0
122.0 1279.0
3385.0 3714.0
694.0 343.0
2187.0 606.0
3163.0 3494.0
1334.0 2836.0
4487.0 4213.0
2391.0 1640.0
3505.0 3611.0
2921.0 3816.0
693.0 1315.0
4307.0 4645.0
3162.0 3422.0
2074.0 197.0
3913.0 2988.0
790.0 2725.0
1923.0 2170.0
4260.0 3243.0
846.0 122.0
1437.0 197.0
1315.0 2382.0
4077.0 3609.0
2068.0 2292.0
610.0 2876.0
4680.0 3658.0
972.0 2170.0
812.0 2322.0
1041.0 1681.0
2084.0 1258.0
791.0 1672.0
857.0 992.0
1598.0 84.0
306.0 1743.0
2549.0 1118.0
1153.0 358.0
1192.0 218.0
202.0 361.0
4154.0 4477.0
125.0 2533.0
504.0 2400.0
2373.0 2003.0
3961.0 3842.0
810.0 2895.0
1792.0 1745.0
4118.0 4419.0
3078.0 3806.0
2142.0 781.0
2216.0 2027.0
1105.0 1615.0
614.0 48.0
2238.0 4477.0
1218.0 676.0
3071.0 4020.0
439.0 1081.0
4467.0 4070.0
4302.0 4515.0
3524.0 4614.0
1660.0 1678.0
1009.0 2030.0
4159.0 3444.0
731.0 1482.0
2306.0 1365.0
642.0 2186.0
316.0 557.0
2429.0 524.0
2141.0 4020.0
2457.0 2863.0
2241.0 2642.0
2308.0 4477.0
3476.0 4346.0
1242.0 1736.0
3009.0 4477.0
449.0 2027.0
4474.0 3035.0
1115.0 1527.0
1494.0 2805.0
1899.0 4477.0
1610.0 2472.0
3578.0 3057.0
2438.0 4477.0
3493.0 4477.0
2005.0 1812.0
3085.0 4454.0
84.0 1667.0
1130.0 2780.0
1593.0 1605.0
3447.0 3731.0
1732.0 2453.0
443.0 1682.0
712.0 2649.0
4151.0 4560.0
359.0 1933.0
3521.0 3947.0
2836.0 1895.0
4001.0 3908.0
3219.0 3315.0
117.0 2814.0
745.0 2403.0
1104.0 306.0
1954.0 2485.0
283.0 2106.0
3226.0 3112.0
3352.0 3630.0
282.0 2669.0
3754.0 4393.0
1948.0 2165.0
3462.0 4013.0
3112.0 3308.0
1318.0 1937.0
1601.0 1133.0
4054.0 2974.0
1042.0 4477.0
56.0 1862.0
1390.0 2484.0
2622.0 4556.0
1400.0 1848.0
3779.0 3321.0
1980.0 2443.0
4558.0 4504.0
2145.0 2699.0
601.0 549.0
30.0 365.0
1226.0 347.0
2560.0 1139.0
3779.0 4375.0
1878.0 2649.0
977.0 2347.0
3387.0 3497.0
1436.0 4477.0
2638.0 676.0
58.0 4477.0
4223.0 4553.0
412.0 1156.0
2388.0 576.0
1777.0 796.0
1124.0 559.0
1403.0 1214.0
1192.0 2754.0
2813.0 2551.0
2820.0 2188.0
1705.0 2722.0
1548.0 1377.0
489.0 48.0
164.0 1107.0
3290.0 4315.0
3440.0 3598.0
2655.0 4020.0
858.0 966.0
1782.0 2766.0
437.0 900.0
807.0 1750.0
1336.0 1360.0
2584.0 1543.0
2765.0 4477.0
1092.0 2446.0
2644.0 2008.0
3744.0 3999.0
4031.0 4477.0
273.0 1417.0
2017.0 2314.0
87.0 1230.0
3136.0 2929.0
312.0 749.0
2438.0 4020.0
3934.0 3489.0
2681.0 1765.0
3212.0 3400.0
3391.0 4307.0
574.0 4477.0
1217.0 1147.0
129.0 1505.0
2549.0 504.0
4560.0 4477.0
3064.0 3673.0
2561.0 2699.0
4017.0 3176.0
2504.0 1500.0
4378.0 3119.0
135.0 1437.0
338.0 97.0
1693.0 2796.0
3635.0 4074.0
3239.0 4665.0
3510.0 3521.0
3139.0 3672.0
1060.0 2279.0
4418.0 3780.0
421.0 800.0
3469.0 2954.0
2388.0 2900.0
1595.0 358.0
3874.0 4574.0
2553.0 1106.0
3333.0 4477.0
2808.0 2141.0
3899.0 3897.0
2657.0 1015.0
1855.0 2858.0
2094.0 1920.0
1919.0 2171.0
2195.0 98.0
123.0 4477.0
3022.0 2973.0
2939.0 3731.0
48.0 2650.0
3464.0 4071.0
4545.0 4610.0
1283.0 243.0
4248.0 4352.0
3804.0 3114.0
3778.0 3217.0
3893.0 4460.0
2994.0 3428.0
685.0 4477.0
490.0 1531.0
4669.0 4477.0
2383.0 1478.0
4338.0 4477.0
2479.0 1279.0
3408.0 4026.0
2777.0 213.0
2983.0 3963.0
34.0 4477.0
3684.0 4347.0
1914.0 2186.0
4306.0 3058.0
3611.0 3528.0
4440.0 3173.0
1565.0 1204.0
2359.0 1889.0
1403.0 2417.0
417.0 4020.0
2086.0 2658.0
4405.0 3929.0
101.0 1499.0
2144.0 1100.0
4478.0 2920.0
4312.0 4552.0
274.0 1946.0
4639.0 4477.0
2887.0 1939.0
2474.0 1208.0
4482.0 4210.0
3622.0 4482.0
321.0 1230.0
1228.0 1601.0
3561.0 3354.0
2444.0 431.0
1335.0 2705.0
1353.0 2332.0
2357.0 266.0
3731.0 4038.0
1108.0 2528.0
1704.0 4571.0
1374.0 2260.0
693.0 2726.0
3806.0 4085.0
575.0 2021.0
1777.0 2636.0
2200.0 709.0
2650.0 1516.0
3838.0 3189.0
4540.0 4020.0
1607.0 4477.0
2937.0 4023.0
3494.0 3570.0
3528.0 3271.0
3175.0 3370.0
301.0 276.0
2069.0 2214.0
3391.0 4477.0
780.0 2298.0
2642.0 2297.0
3520.0 3434.0
689.0 1654.0
65.0 1902.0
348.0 1289.0
3411.0 3514.0
761.0 4477.0
3794.0 4238.0
4389.0 3457.0
2033.0 1745.0
1657.0 1645.0
549.0 2591.0
636.0 835.0
603.0 2528.0
3776.0 3760.0
1239.0 1705.0
2131.0 2524.0
4560.0 3609.0
2531.0 2482.0
921.0 2204.0
2596.0 2777.0
4185.0 4249.0
4420.0 3444.0
326.0 2253.0
1477.0 2278.0
4330.0 4464.0
489.0 1743.0
2024.0 1683.0
3163.0 3642.0
548.0 4020.0
693.0 698.0
4271.0 3843.0
3564.0 4321.0
602.0 2622.0
2145.0 1318.0
1246.0 1926.0
3275.0 3675.0
3922.0 4437.0
2565.0 1497.0
321.0 1411.0
2057.0 2893.0
1045.0 1635.0
1108.0 4477.0
4306.0 3497.0
1822.0 3651.0
752.0 2645.0
668.0 2479.0
3800.0 3429.0
93.0 2230.0
3236.0 4477.0
2852.0 1353.0
1505.0 2805.0
2777.0 358.0
1198.0 4020.0
2960.0 3580.0
2375.0 2611.0
4497.0 737.0
3582.0 3399.0
1659.0 104.0
4389.0 4527.0
2130.0 1471.0
1307.0 2400.0
501.0 867.0
232.0 2517.0
1135.0 1165.0
593.0 852.0
3643.0 4486.0
4615.0 4621.0
706.0 2680.0
2985.0 4038.0
4600.0 3393.0
3001.0 3221.0
3386.0 4202.0
1125.0 44.0
3962.0 4288.0
293.0 344.0
2393.0 1475.0
219.0 1834.0
4621.0 4477.0
2358.0 2401.0
600.0 1968.0
2088.0 349.0
675.0 2814.0
2553.0 1359.0
175.0 400.0
1350.0 2851.0
121.0 1654.0
768.0 1470.0
4184.0 4502.0
1053.0 195.0
4360.0 3209.0
1241.0 2092.0
3118.0 3325.0
3123.0 4675.0
123.0 716.0
112.0 1683.0
2635.0 4477.0
379.0 1107.0
2938.0 4515.0
3097.0 3968.0
616.0 2447.0
1173.0 2900.0
4100.0 4418.0
44.0 2179.0
1103.0 2664.0
986.0 879.0
3684.0 3381.0
4560.0 3001.0
2292.0 2724.0
1749.0 287.0
606.0 713.0
3880.0 3726.0
656.0 2240.0
3420.0 4245.0
2376.0 2649.0
956.0 1196.0
121.0 626.0
1807.0 454.0
984.0 1153.0
1964.0 1322.0
311.0 2880.0
2220.0 2484.0
4459.0 4645.0
4592.0 4477.0
1076.0 1410.0
4340.0 3894.0
3093.0 3643.0
764.0 1704.0
1882.0 2137.0
1379.0 2405.0
3522.0 4477.0
4578.0 3230.0
3522.0 4464.0
3289.0 4273.0
3407.0 3650.0
100.0 2434.0
3603.0 3921.0
4208.0 3669.0
4150.0 4477.0
2960.0 3004.0
4468.0 3366.0
4126.0 4182.0
1178.0 1801.0
4618.0 3895.0
2437.0 2309.0
335.0 1521.0
3372.0 3989.0
3700.0 3845.0
952.0 4477.0
4380.0 3680.0
3224.0 4020.0
3564.0 4477.0
1130.0 2302.0
3210.0 4020.0
3379.0 4672.0
3846.0 3124.0
1193.0 2395.0
1668.0 2806.0
3039.0 4460.0
2745.0 4477.0
4138.0 3821.0
490.0 2670.0
3688.0 4650.0
3159.0 4477.0
3093.0 4010.0
3943.0 4081.0
4022.0 4208.0
1394.0 2374.0
1711.0 312.0
3022.0 3629.0
1370.0 4477.0
3468.0 3378.0
1387.0 4020.0
4400.0 4100.0
433.0 1193.0
1509.0 2395.0
3357.0 3419.0
1459.0 2837.0
4493.0 3460.0
3464.0 4083.0
51.0 251.0
1588.0 1841.0
2315.0 943.0
1307.0 1842.0
4549.0 4365.0
3939.0 4350.0
306.0 1066.0
3777.0 4406.0
2558.0 2524.0
3335.0 3609.0
3226.0 3956.0
4315.0 3434.0
4128.0 3588.0
4675.0 3503.0
1170.0 1435.0
4129.0 3170.0
1199.0 1931.0
3010.0 3282.0
1969.0 534.0
1378.0 2240.0
2454.0 4477.0
2184.0 2873.0
3779.0 3690.0
4267.0 3842.0
1661.0 851.0
3466.0 4477.0
4397.0 3904.0
2720.0 1445.0
243.0 1216.0
3309.0 4477.0
187.0 1889.0
3324.0 4213.0
3408.0 4221.0
193.0 2772.0
3383.0 4502.0
376.0 2727.0
1946.0 1889.0
3710.0 3086.0
782.0 1630.0
2371.0 544.0
2104.0 195.0
4414.0 4502.0
220.0 4314.0
1672.0 1854.0
1353.0 2634.0
116.0 944.0
2029.0 2127.0
3720.0 4477.0
4678.0 3217.0
4452.0 3234.0
476.0 2451.0
3151.0 4280.0
1504.0 4477.0
4283.0 4541.0
4601.0 3050.0
4565.0 3172.0
2098.0 1736.0
435.0 2822.0
1418.0 2388.0
2371.0 1437.0
4186.0 4553.0
977.0 2884.0
4577.0 3308.0
267.0 1880.0
948.0 1377.0
3995.0 4309.0
2429.0 1328.0
1134.0 1317.0
2870.0 2280.0
2924.0 3861.0
2591.0 721.0
501.0 2329.0
231.0 1065.0
457.0 1673.0
730.0 1282.0
2368.0 2372.0
1122.0 2321.0
1394.0 694.0
2996.0 4596.0
2293.0 4477.0
3215.0 2999.0
1432.0 2263.0
442.0 1203.0
384.0 1516.0
2696.0 665.0
2043.0 2420.0
411.0 59.0
1479.0 2130.0
1375.0 1015.0
1406.0 651.0
3806.0 4371.0
3643.0 4108.0
4006.0 4231.0
884.0 822.0
3410.0 4673.0
3599.0 4020.0
677.0 1026.0
3862.0 4117.0
4431.0 4446.0
4122.0 3157.0
4615.0 4354.0
1964.0 2847.0
651.0 2873.0
1190.0 2772.0
2498.0 606.0
4275.0 3881.0
316.0 1261.0
3014.0 4184.0
581.0 1590.0
298.0 2568.0
3080.0 4194.0
2085.0 348.0
2627.0 2777.0
4119.0 4085.0
1212.0 1491.0
3528.0 3157.0
4077.0 3990.0
1770.0 765.0
3620.0 4477.0
3146.0 4252.0
1742.0 2417.0
2668.0 2301.0
1750.0 1881.0
1706.0 471.0
3840.0 3526.0
116.0 809.0
1958.0 2400.0
3073.0 4477.0
3363.0 3221.0
3044.0 3516.0
404.0 678.0
357.0 1935.0
4043.0 4445.0
3742.0 4020.0
1596.0 2726.0
3357.0 3970.0
2661.0 1953.0
604.0 177.0
3796.0 4414.0
2118.0 720.0
3680.0 4349.0
238.0 2211.0
1039.0 1831.0
186.0 2161.0
1118.0 1842.0
1567.0 2574.0
490.0 1149.0
278.0 455.0
4077.0 4438.0
1760.0 185.0
2541.0 1617.0
2984.0 4361.0
3363.0 4477.0
4143.0 4477.0
2553.0 1268.0
3136.0 3082.0
1421.0 738.0
667.0 1091.0
4584.0 3570.0
819.0 609.0
1354.0 1339.0
3549.0 4495.0
806.0 2602.0
2179.0 2883.0
520.0 2897.0
3354.0 3406.0
2431.0 2179.0
4016.0 3179.0
3641.0 3709.0
4263.0 3466.0
73.0 835.0
998.0 98.0
2279.0 2761.0
1532.0 687.0
2136.0 4477.0
3238.0 3826.0
4468.0 3274.0
3352.0 4483.0
2395.0 703.0
1987.0 1852.0
2985.0 3642.0
3860.0 4628.0
1672.0 2113.0
1739.0 2664.0
3288.0 3316.0
833.0 587.0
491.0 1010.0
4599.0 3999.0
648.0 1033.0
387.0 1220.0
989.0 2447.0
2690.0 2726.0
2342.0 1499.0
543.0 4477.0
400.0 1065.0
483.0 2432.0
2887.0 2711.0
1642.0 529.0
350.0 97.0
2976.0 4212.0
4412.0 4430.0
3873.0 4651.0
2246.0 2451.0
2284.0 226.0
32.0 2906.0
986.0 1163.0
827.0 2485.0
1466.0 1970.0
4166.0 4381.0
1130.0 48.0
122.0 4477.0
1403.0 1485.0
1659.0 1637.0
898.0 1770.0
3320.0 3705.0
3497.0 3838.0
196.0 1339.0
1422.0 2269.0
4503.0 4546.0
1840.0 2708.0
3486.0 4067.0
3088.0 3003.0
3335.0 4409.0
593.0 1988.0
3114.0 4477.0
4434.0 3632.0
1189.0 2694.0
551.0 1523.0
1954.0 1717.0
3203.0 3282.0
2931.0 4384.0
3143.0 4510.0
3864.0 3272.0
1982.0 1415.0
4326.0 3661.0
698.0 1541.0
4327.0 4362.0
4596.0 3433.0
2293.0 311.0
4044.0 4476.0
3862.0 3247.0
4378.0 3002.0
381.0 613.0
436.0 4359.0
1733.0 2575.0
3507.0 3213.0
3791.0 3545.0
3421.0 3570.0
194.0 2720.0
2179.0 2836.0
537.0 2711.0
3555.0 4521.0
1237.0 1594.0
2372.0 1743.0
1433.0 2162.0
807.0 1479.0
4139.0 4433.0
4149.0 4460.0
3437.0 3846.0
1592.0 4477.0
1626.0 1713.0
103.0 640.0
3855.0 3888.0
2687.0 764.0
3673.0 4108.0
3859.0 4187.0
2019.0 2311.0
555.0 1360.0
3609.0 3574.0
2367.0 655.0
3862.0 3138.0
2605.0 2685.0
1172.0 4477.0
262.0 2087.0
2232.0 1759.0
1086.0 769.0
2108.0 932.0
1203.0 2645.0
1006.0 1125.0
2110.0 2817.0
2673.0 2504.0
727.0 2111.0
573.0 2626.0
3959.0 4270.0
1113.0 217.0
739.0 1915.0
342.0 4477.0
277.0 2855.0
128.0 573.0
3635.0 3680.0
926.0 550.0
1353.0 1804.0
312.0 808.0
1633.0 2713.0
2615.0 848.0
1141.0 317.0
675.0 2812.0
1075.0 1714.0
4489.0 3177.0
705.0 710.0
2960.0 4308.0
377.0 2545.0
2111.0 1021.0
134.0 2506.0
4629.0 4648.0
1162.0 2713.0
3723.0 2995.0
313.0 2852.0
2957.0 4607.0
224.0 2232.0
4097.0 3402.0
3335.0 4216.0
3961.0 4376.0
1790.0 2003.0
3100.0 4670.0
3764.0 4292.0
3080.0 4002.0
3012.0 3128.0
3035.0 3144.0
1536.0 979.0
19.0 30.0
465.0 1063.0
821.0 2703.0
1949.0 2048.0
3224.0 3229.0
382.0 1410.0
569.0 2876.0
3963.0 3658.0
4559.0 3800.0
1468.0 1647.0
793.0 2841.0
1437.0 2015.0
1494.0 1529.0
165.0 1812.0
2766.0 2250.0
3964.0 3349.0
2151.0 538.0
2986.0 4477.0
535.0 1906.0
3937.0 3051.0
414.0 1150.0
358.0 4477.0
3020.0 3152.0
311.0 1704.0
839.0 4020.0
2006.0 550.0
2930.0 4477.0
2519.0 2457.0
2114.0 2330.0
3954.0 4477.0
812.0 869.0
4503.0 3631.0
4009.0 3652.0
1710.0 2309.0
34.0 1045.0
1372.0 1410.0
1174.0 2091.0
2586.0 1787.0
3030.0 3246.0
1403.0 2803.0
3950.0 3337.0
1875.0 2510.0
4151.0 3893.0
2144.0 318.0
1402.0 1555.0
4444.0 2995.0
234.0 2608.0
1507.0 699.0
2006.0 1330.0
3305.0 4659.0
1541.0 2046.0
1897.0 2206.0
1301.0 2497.0
3360.0 4409.0
1173.0 1474.0
1969.0 2009.0
2549.0 1297.0
4468.0 4605.0
2111.0 2781.0
359.0 713.0
3972.0 4512.0
3274.0 4015.0
2726.0 502.0
1418.0 959.0
3127.0 3701.0
77.0 1559.0
360.0 1547.0
4265.0 3613.0
604.0 2822.0
348.0 2628.0
1224.0 2874.0
4260.0 4208.0
2688.0 4477.0
755.0 2187.0
1186.0 1794.0
3134.0 3976.0
990.0 1169.0
3091.0 4477.0
1185.0 4502.0
582.0 2777.0
1136.0 1493.0
878.0 1820.0
1581.0 2853.0
1483.0 2027.0
1276.0 1920.0
3533.0 4577.0
2552.0 4020.0
1017.0 4477.0
4344.0 3771.0
4054.0 4334.0
511.0 835.0
2185.0 4477.0
4585.0 3746.0
4302.0 3662.0
909.0 2545.0
2273.0 2306.0
4146.0 2957.0
3831.0 4085.0
4109.0 4502.0
577.0 2614.0
4486.0 3504.0
513.0 4477.0
1143.0 1494.0
1254.0 502.0
3005.0 4632.0
2049.0 2079.0
4664.0 3247.0
829.0 2875.0
4076.0 3606.0
3235.0 3993.0
702.0 1336.0
4345.0 3726.0
3866.0 4477.0
4678.0 4490.0
2114.0 1310.0
1417.0 4477.0
1705.0 2664.0
2357.0 4477.0
4038.0 4274.0
1951.0 2873.0
4050.0 4463.0
4604.0 3445.0
2220.0 4477.0
2291.0 1310.0
4558.0 3748.0
3705.0 4545.0
3919.0 4209.0
3779.0 3286.0
449.0 2644.0
3209.0 4250.0
1857.0 1139.0
1147.0 1799.0
1579.0 2201.0
2329.0 2330.0
3297.0 3117.0
867.0 1084.0
790.0 367.0
44.0 171.0
1134.0 2631.0
640.0 875.0
1966.0 216.0
2184.0 2809.0
663.0 2281.0
1408.0 2647.0
894.0 2017.0
1870.0 2200.0
3941.0 4117.0
4507.0 4067.0
1253.0 2274.0
677.0 1142.0
3801.0 4667.0
4271.0 4347.0
2186.0 1529.0
4394.0 4083.0
3076.0 4020.0
224.0 4477.0
1833.0 869.0
719.0 1077.0
3125.0 3284.0
3565.0 3847.0
2201.0 4477.0
1741.0 1695.0
3497.0 4573.0
3717.0 4458.0
1344.0 236.0
875.0 760.0
627.0 2673.0
3962.0 4032.0
1131.0 4477.0
368.0 4477.0
4380.0 3010.0
3134.0 4256.0
4330.0 3574.0
1404.0 2107.0
2034.0 345.0
3397.0 4020.0
867.0 2632.0
1353.0 2290.0
2986.0 4295.0
470.0 1474.0
1661.0 1716.0
1161.0 2479.0
3874.0 4347.0
1437.0 922.0
3053.0 3300.0
1437.0 2690.0
2569.0 4477.0
34.0 1262.0
935.0 1297.0
1450.0 1139.0
1084.0 201.0
205.0 2168.0
2651.0 2797.0
1823.0 1856.0
538.0 2238.0
1040.0 1100.0
343.0 462.0
2378.0 1947.0
4133.0 4382.0
819.0 677.0
366.0 626.0
2094.0 2774.0
1894.0 1405.0
1130.0 97.0
798.0 4477.0
799.0 2032.0
1076.0 2045.0
1292.0 1965.0
404.0 2645.0
2271.0 1745.0
351.0 1896.0
1968.0 2588.0
3001.0 4081.0
234.0 2572.0
1749.0 693.0
2820.0 1088.0
2296.0 2035.0
3681.0 3574.0
3497.0 3861.0
4561.0 4349.0
3174.0 3715.0
2653.0 4477.0
1104.0 2665.0
639.0 2470.0
412.0 2856.0
4259.0 4479.0
694.0 1139.0
1353.0 2632.0
3846.0 4477.0
2427.0 1430.0
390.0 1868.0
861.0 1844.0
2737.0 1497.0
3645.0 4409.0
591.0 1704.0
2299.0 2417.0
3991.0 3478.0
3014.0 3217.0
234.0 1889.0
368.0 1323.0
4151.0 3221.0
497.0 196.0
3612.0 4317.0
442.0 2502.0
4486.0 4616.0
30.0 1039.0
2195.0 348.0
2205.0 2809.0
2457.0 698.0
4011.0 3213.0
202.0 1705.0
3308.0 4650.0
1624.0 1745.0
1591.0 4502.0
3094.0 3562.0
674.0 965.0
1066.0 2515.0
3381.0 4229.0
3161.0 3861.0
4657.0 3052.0
723.0 2010.0
724.0 2314.0
2786.0 2235.0
4567.0 4551.0
3005.0 4498.0
798.0 2327.0
2153.0 1881.0
96.0 158.0
4614.0 2973.0
1870.0 2285.0
2577.0 1591.0
3067.0 4434.0
2515.0 2263.0
248.0 2726.0
819.0 1868.0
4439.0 3699.0
3160.0 3663.0
4596.0 4480.0
2145.0 1084.0
1538.0 2772.0
2560.0 4477.0
62.0 2211.0
500.0 1269.0
442.0 185.0
3926.0 4184.0
4539.0 3680.0
1953.0 243.0
1908.0 882.0
2227.0 577.0
3487.0 4093.0
3528.0 3345.0
3591.0 3433.0
666.0 495.0
3365.0 3227.0
2339.0 2041.0
3005.0 3545.0
1159.0 1685.0
3734.0 3179.0
4626.0 4634.0
2656.0 318.0
3442.0 3952.0
2732.0 2709.0
3562.0 4145.0
4035.0 4364.0
1404.0 1398.0
4536.0 2899.0
1868.0 761.0
4111.0 4492.0
3102.0 3930.0
3073.0 4020.0
1039.0 1599.0
844.0 2675.0
53.0 4020.0
1364.0 179.0
1104.0 2371.0
2937.0 3611.0
4669.0 3498.0
1715.0 1478.0
3259.0 3646.0
2960.0 4648.0
4648.0 3582.0
1189.0 2040.0
134.0 609.0
1882.0 2132.0
2060.0 2088.0
2684.0 1284.0
2783.0 2260.0
616.0 1966.0
1760.0 2175.0
1760.0 2182.0
1689.0 1731.0
4285.0 4047.0
3872.0 4083.0
3561.0 3726.0
3950.0 4037.0
2439.0 2401.0
2206.0 1605.0
1203.0 1286.0
963.0 1605.0
1052.0 1531.0
2049.0 1070.0
587.0 1162.0
490.0 1474.0
494.0 1113.0
171.0 4477.0
4465.0 3673.0
1320.0 2085.0
2349.0 1737.0
4401.0 4156.0
3538.0 3753.0
391.0 2301.0
1253.0 2579.0
1731.0 2019.0
4131.0 4065.0
4305.0 4020.0
166.0 323.0
3580.0 4502.0
2186.0 2621.0
2479.0 2529.0
3887.0 4504.0
2307.0 1889.0
1056.0 1910.0
87.0 2241.0
287.0 2529.0
2433.0 4477.0
4493.0 3818.0
3163.0 4685.0
1246.0 660.0
115.0 2091.0
3822.0 3132.0
875.0 1758.0
295.0 895.0
2770.0 2151.0
468.0 1920.0
749.0 2548.0
3107.0 4315.0
2329.0 2874.0
4478.0 3377.0
725.0 1609.0
1848.0 2664.0
2181.0 1071.0
3258.0 3441.0
1308.0 2814.0
4530.0 3038.0
2861.0 139.0
2195.0 723.0
2696.0 2805.0
507.0 467.0
2192.0 859.0
4217.0 3176.0
4301.0 3021.0
2621.0 2563.0
1076.0 1011.0
4258.0 4334.0
686.0 792.0
4278.0 4020.0
705.0 2308.0
1149.0 1062.0
2871.0 3431.0
1932.0 1445.0
3850.0 3896.0
313.0 947.0
4100.0 4386.0
3630.0 4082.0
321.0 2365.0
2048.0 1160.0
1557.0 1810.0
1535.0 985.0
4273.0 4381.0
1498.0 2064.0
1327.0 1980.0
2691.0 2705.0
3289.0 4213.0
1270.0 1437.0
2553.0 1605.0
4190.0 3492.0
861.0 1477.0
3552.0 4020.0
1274.0 775.0
2560.0 1967.0
1307.0 1401.0
751.0 1490.0
1490.0 2506.0
1886.0 2214.0
948.0 522.0
267.0 2114.0
494.0 2721.0
3995.0 4322.0
3297.0 4389.0
2317.0 2726.0
3167.0 4354.0
306.0 4477.0
62.0 2355.0
212.0 1393.0
4018.0 4139.0
3533.0 4029.0
2765.0 2660.0
1781.0 1999.0
4257.0 4443.0
165.0 2721.0
4087.0 4329.0
1250.0 1268.0
212.0 1639.0
2156.0 1081.0
1418.0 2900.0
85.0 118.0
2659.0 879.0
263.0 1234.0
1354.0 2774.0
1906.0 1284.0
3107.0 4080.0
2312.0 384.0
3290.0 3052.0
4329.0 4678.0
208.0 497.0
467.0 1624.0
3840.0 4069.0
239.0 309.0
2679.0 1899.0
4452.0 4480.0
1709.0 2591.0
2445.0 2566.0
44.0 84.0
1024.0 2382.0
1524.0 2363.0
2439.0 358.0
364.0 879.0
2917.0 4282.0
1108.0 2822.0
3345.0 4139.0
822.0 1024.0
4326.0 3712.0
2476.0 402.0
3775.0 3065.0
2402.0 4477.0
2656.0 1090.0
3224.0 3031.0
3204.0 4477.0
2476.0 330.0
210.0 1415.0
4629.0 4582.0
4258.0 3089.0
4138.0 4094.0
2162.0 185.0
1547.0 1500.0
1158.0 1511.0
3757.0 3824.0
3310.0 3526.0
2511.0 243.0
850.0 195.0
931.0 271.0
4391.0 4495.0
4064.0 3449.0
3293.0 4437.0
2935.0 4544.0
408.0 2373.0
3357.0 3170.0
4152.0 3029.0
639.0 2526.0
2932.0 4411.0
3582.0 4462.0
376.0 1721.0
198.0 1834.0
408.0 2836.0
4494.0 4117.0
320.0 2496.0
1168.0 2356.0
2643.0 557.0
2977.0 4178.0
4370.0 3179.0
1523.0 454.0
418.0 2776.0
1844.0 2098.0
838.0 4477.0
2100.0 2243.0
1556.0 1470.0
1297.0 1474.0
1583.0 2442.0
2670.0 2275.0
3438.0 3931.0
1542.0 2664.0
3562.0 4020.0
544.0 2326.0
3399.0 4213.0
1798.0 2087.0
3179.0 4020.0
2514.0 2561.0
173.0 313.0
3909.0 4284.0
4049.0 3234.0
651.0 717.0
3966.0 4367.0
2156.0 1038.0
4306.0 4108.0
2111.0 2873.0
168.0 2681.0
87.0 1260.0
4218.0 3134.0
1292.0 4020.0
1465.0 4477.0
1864.0 1784.0
761.0 1490.0
2316.0 2817.0
159.0 1812.0
1382.0 333.0
1213.0 1590.0
2463.0 782.0
1921.0 761.0
1180.0 2786.0
604.0 1745.0
3730.0 3341.0
3394.0 4521.0
3189.0 3399.0
4043.0 3301.0
1680.0 3147.0
4539.0 3284.0
149.0 2259.0
4498.0 3179.0
171.0 1962.0
2073.0 4477.0
350.0 1007.0
49.0 2428.0
1163.0 2031.0
615.0 4477.0
1935.0 1279.0
3055.0 4656.0
36.0 177.0
2402.0 1736.0
2294.0 1845.0
621.0 1604.0
4509.0 3503.0
3313.0 4208.0
4281.0 3036.0
1700.0 2378.0
1186.0 3011.0
2634.0 2794.0
3026.0 3296.0
2591.0 2773.0
2851.0 1015.0
135.0 2326.0
3348.0 3999.0
3824.0 4243.0
686.0 2381.0
2343.0 570.0
2289.0 2344.0
2812.0 1077.0
711.0 1725.0
2638.0 1704.0
425.0 1729.0
3563.0 4337.0
1507.0 660.0
696.0 1121.0
3439.0 3412.0
1039.0 1394.0
268.0 1609.0
4011.0 4069.0
3267.0 4158.0
4225.0 4555.0
2150.0 4477.0
2882.0 1103.0
152.0 1721.0
660.0 1153.0
2366.0 2708.0
2752.0 75.0
674.0 1340.0
3328.0 4336.0
692.0 1907.0
1908.0 1513.0
3143.0 3766.0
3427.0 3904.0
287.0 2317.0
2411.0 4020.0
4085.0 4409.0
4596.0 3052.0
3746.0 3992.0
3670.0 3444.0
4407.0 4526.0
2501.0 502.0
2361.0 848.0
1175.0 1743.0
3089.0 4477.0
311.0 637.0
4159.0 4315.0
1273.0 2895.0
704.0 2711.0
64.0 1065.0
2741.0 869.0
856.0 1980.0
3315.0 3727.0
3014.0 4489.0
1766.0 1791.0
673.0 4477.0
3385.0 4175.0
643.0 1316.0
3136.0 4401.0
3891.0 4020.0
526.0 1824.0
4482.0 3598.0
1585.0 1839.0
1702.0 4477.0
3105.0 4020.0
391.0 2794.0
4376.0 4477.0
1228.0 2183.0
2931.0 4349.0
306.0 2574.0
2784.0 770.0
4326.0 4477.0
3668.0 3774.0
1659.0 1952.0
3085.0 4526.0
4268.0 4257.0
892.0 2690.0
2229.0 1519.0
3966.0 3982.0
1423.0 713.0
248.0 846.0
991.0 4477.0
2221.0 517.0
210.0 2124.0
2662.0 2213.0
4558.0 3740.0
716.0 1315.0
2090.0 581.0
4057.0 4184.0
3226.0 4582.0
1576.0 1773.0
775.0 430.0
3716.0 4043.0
3986.0 3029.0
1875.0 114.0
44.0 647.0
2053.0 2573.0
1414.0 950.0
2503.0 2591.0
3285.0 4317.0
3280.0 4083.0
2843.0 851.0
3265.0 4021.0
2547.0 4477.0
2166.0 4020.0
2778.0 567.0
2519.0 2145.0
569.0 1021.0
3121.0 4540.0
682.0 2042.0
934.0 446.0
3766.0 3410.0
2756.0 335.0
1165.0 2772.0
1289.0 2134.0
926.0 2457.0
110.0 1528.0
3664.0 4621.0
4163.0 3932.0
748.0 4020.0
2523.0 1377.0
2548.0 2679.0
3641.0 4550.0
268.0 1254.0
1049.0 2043.0
833.0 1062.0
1686.0 1914.0
4186.0 4349.0
4336.0 4650.0
1953.0 335.0
4506.0 4064.0
4446.0 3726.0
2985.0 3778.0
265.0 2145.0
3459.0 4173.0
3089.0 4033.0
169.0 2536.0
3568.0 4500.0
3298.0 4298.0
3437.0 4103.0
2512.0 1967.0
644.0 262.0
3663.0 3050.0
2750.0 2496.0
1218.0 311.0
4681.0 3157.0
3264.0 4066.0
3259.0 4384.0
3061.0 3981.0
3549.0 4094.0
2301.0 2347.0
1030.0 4477.0
678.0 1026.0
1297.0 770.0
2288.0 2151.0
3913.0 4055.0
234.0 1045.0
829.0 1470.0
2479.0 2317.0
2687.0 2744.0
1117.0 2446.0
2818.0 609.0
3261.0 3615.0
3180.0 4480.0
201.0 4477.0
4577.0 2993.0
3838.0 3649.0
2187.0 179.0
1872.0 1852.0
4185.0 4129.0
1312.0 1603.0
3103.0 4020.0
2890.0 2382.0
3777.0 3182.0
4401.0 3690.0
548.0 526.0
3040.0 4623.0
1251.0 1010.0
3078.0 4322.0
4400.0 4483.0
4265.0 3212.0
21.0 1583.0
209.0 2113.0
1203.0 2182.0
3846.0 3874.0
780.0 2590.0
929.0 1664.0
4259.0 3676.0
2308.0 2479.0
1860.0 395.0
2334.0 1451.0
1064.0 2623.0
4133.0 3086.0
445.0 467.0
2228.0 679.0
3477.0 3932.0
1632.0 4477.0
1072.0 1592.0
445.0 2631.0
822.0 2146.0
3158.0 4053.0
2516.0 1170.0
1222.0 437.0
1527.0 2862.0
245.0 1132.0
1393.0 2027.0
502.0 1021.0
3349.0 4282.0
240.0 899.0
4472.0 4672.0
3012.0 3807.0
2625.0 1063.0
629.0 168.0
927.0 813.0
2695.0 2198.0
3018.0 4217.0
3325.0 4380.0
2815.0 2405.0
4372.0 3170.0
2809.0 2078.0
2964.0 3579.0
1433.0 4477.0
2558.0 1914.0
2338.0 2769.0
1329.0 740.0
745.0 1895.0
2051.0 1050.0
2150.0 719.0
1760.0 1734.0
4118.0 4110.0
486.0 1775.0
1692.0 2774.0
1599.0 774.0
370.0 1370.0
880.0 2127.0
746.0 1199.0
2181.0 2661.0
3154.0 3712.0
4352.0 3173.0
4205.0 2948.0
4544.0 4408.0
3894.0 3406.0
3368.0 4280.0
4431.0 3764.0
4107.0 4447.0
2261.0 4020.0
4410.0 4139.0
2386.0 2410.0
3722.0 4410.0
2925.0 3537.0
1768.0 236.0
3763.0 3478.0
1330.0 650.0
1130.0 666.0
221.0 1021.0
4088.0 4243.0
81.0 819.0
2657.0 1281.0
2394.0 1753.0
3432.0 3771.0
4390.0 3705.0
2167.0 2987.0
1281.0 2906.0
1650.0 1801.0
1615.0 2836.0
3064.0 3079.0
4159.0 3705.0
4208.0 4101.0
1078.0 1769.0
175.0 1253.0
1130.0 1576.0
1026.0 2482.0
3562.0 3300.0
2194.0 626.0
3456.0 4452.0
4234.0 3829.0
489.0 2150.0
3713.0 3584.0
4151.0 3474.0
1422.0 1824.0
3016.0 4367.0
3161.0 4094.0
1935.0 710.0
908.0 322.0
559.0 1192.0
3396.0 4369.0
3156.0 4130.0
1299.0 2814.0
3022.0 3002.0
1846.0 2042.0
1005.0 1241.0
152.0 116.0
2438.0 1294.0
3733.0 4593.0
1662.0 2401.0
4167.0 3313.0
2200.0 2579.0
4579.0 4610.0
4635.0 3762.0
3110.0 3056.0
200.0 2371.0
2152.0 4477.0
4366.0 4679.0
4367.0 3385.0
507.0 1994.0
1147.0 4477.0
3004.0 3528.0
3259.0 3873.0
1302.0 1410.0
1477.0 1100.0
2058.0 1571.0
3084.0 4441.0
3494.0 3653.0
519.0 2870.0
4004.0 4112.0
2125.0 1107.0
136.0 1833.0
4365.0 3540.0
3505.0 3950.0
4031.0 3981.0
786.0 382.0
4258.0 3741.0
3086.0 4108.0
1086.0 2903.0
129.0 1276.0
46.0 2747.0
78.0 1393.0
4054.0 4118.0
2114.0 2375.0
3443.0 4579.0
4300.0 4477.0
2047.0 1352.0
827.0 1061.0
108.0 1094.0
1598.0 1105.0
3723.0 4477.0
2374.0 761.0
1684.0 1138.0
2778.0 1028.0
2471.0 4477.0
3681.0 3917.0
194.0 534.0
477.0 1423.0
4327.0 4185.0
860.0 2371.0
247.0 652.0
1147.0 1476.0
2767.0 1466.0
407.0 2022.0
3815.0 3894.0
3723.0 4393.0
1367.0 1932.0
229.0 4020.0
4659.0 4661.0
3671.0 4259.0
3688.0 3751.0
467.0 2731.0
3571.0 4228.0
3149.0 3775.0
3069.0 3014.0
1295.0 201.0
2154.0 221.0
2992.0 4172.0
574.0 817.0
3927.0 4477.0
4266.0 3349.0
1988.0 454.0
4121.0 4020.0
2347.0 1486.0
326.0 2064.0
4270.0 3588.0
3490.0 3157.0
2843.0 2305.0
4151.0 3463.0
1985.0 2260.0
251.0 1185.0
3510.0 3872.0
647.0 1325.0
2037.0 548.0
1429.0 2222.0
3389.0 4607.0
4187.0 4117.0
3495.0 2926.0
4190.0 4498.0
996.0 2308.0
756.0 2381.0
1779.0 1558.0
1902.0 495.0
1176.0 2777.0
1695.0 1122.0
183.0 4477.0
2519.0 1651.0
2518.0 186.0
180.0 2598.0
2843.0 2506.0
3058.0 3497.0
2710.0 3114.0
564.0 1098.0
755.0 1422.0
3532.0 3055.0
3631.0 3178.0
1591.0 358.0
767.0 2766.0
1154.0 1317.0
1038.0 1475.0
3480.0 4477.0
539.0 1377.0
284.0 1486.0
3165.0 4158.0
1411.0 2021.0
675.0 1902.0
442.0 2723.0
936.0 688.0
1334.0 2159.0
12.0 581.0
1989.0 2479.0
2702.0 317.0
1431.0 1470.0
1246.0 2673.0
1632.0 1880.0
3560.0 4125.0
513.0 1806.0
47.0 1700.0
1981.0 2381.0
2788.0 932.0
2402.0 1637.0
3733.0 3525.0
391.0 1144.0
241.0 361.0
1833.0 119.0
3005.0 3521.0
1597.0 1948.0
3004.0 3372.0
92.0 1115.0
3886.0 4047.0
3310.0 3179.0
1661.0 2389.0
4029.0 4660.0
3874.0 3727.0
174.0 3377.0
4487.0 4409.0
1841.0 2157.0
4164.0 4681.0
3546.0 3054.0
2985.0 3391.0
2250.0 325.0
3673.0 4201.0
363.0 1923.0
3518.0 3720.0
530.0 1824.0
3008.0 3021.0
2611.0 2786.0
3056.0 3479.0
1549.0 2679.0
501.0 2174.0
1919.0 565.0
12.0 856.0
4558.0 4635.0
3350.0 3508.0
4400.0 4584.0
4042.0 4105.0
3022.0 4369.0
3600.0 3738.0
4190.0 2928.0
1341.0 236.0
1613.0 1516.0
3103.0 3719.0
415.0 1088.0
1412.0 345.0
157.0 1294.0
3879.0 4235.0
206.0 194.0
3700.0 3969.0
856.0 2823.0
2488.0 2573.0
50.0 848.0
3251.0 3272.0
921.0 1878.0
2644.0 4477.0
958.0 492.0
3083.0 3281.0
3328.0 4558.0
3779.0 3455.0
2984.0 4055.0
4504.0 3055.0
1184.0 4477.0
544.0 582.0
3439.0 4475.0
3181.0 4487.0
1672.0 1852.0
3729.0 3651.0
3889.0 4072.0
749.0 2794.0
3975.0 3784.0
36.0 2785.0
2553.0 497.0
3153.0 3956.0
960.0 1456.0
1389.0 2788.0
511.0 753.0
3449.0 4477.0
324.0 2286.0
3035.0 4161.0
1218.0 2333.0
1560.0 2579.0
426.0 1108.0
2925.0 4042.0
3878.0 4370.0
602.0 2014.0
3878.0 3179.0
585.0 1410.0
1556.0 2138.0
2802.0 1956.0
1857.0 253.0
3308.0 3824.0
2846.0 2318.0
3656.0 3851.0
4596.0 3180.0
4612.0 4094.0
4431.0 3829.0
4039.0 3377.0
1854.0 3969.0
58.0 686.0
4619.0 4477.0
354.0 1633.0
1573.0 2774.0
2340.0 774.0
2284.0 973.0
3172.0 2943.0
738.0 1046.0
975.0 48.0
1089.0 1197.0
2236.0 4477.0
97.0 4477.0
3136.0 4029.0
1902.0 1669.0
2549.0 97.0
4336.0 3418.0
3368.0 4567.0
384.0 4477.0
614.0 1163.0
275.0 1347.0
1364.0 1797.0
4520.0 4477.0
4428.0 3335.0
3013.0 3613.0
1437.0 2326.0
3901.0 2041.0
1363.0 1988.0
1319.0 781.0
2283.0 446.0
123.0 2877.0
330.0 1604.0
3846.0 3014.0
4648.0 4139.0
3905.0 3193.0
238.0 2479.0
1006.0 2403.0
1144.0 650.0
4084.0 3730.0
770.0 2263.0
2760.0 1484.0
3434.0 3330.0
523.0 2854.0
2428.0 2591.0
688.0 655.0
4272.0 4043.0
1389.0 932.0
3634.0 3521.0
1032.0 1602.0
1531.0 406.0
3558.0 3802.0
4405.0 3178.0
3111.0 4651.0
3027.0 4477.0
1650.0 99.0
3962.0 4477.0
1326.0 1351.0
1704.0 2950.0
2274.0 2382.0
794.0 965.0
1883.0 1849.0
3947.0 3531.0
2843.0 2531.0
3931.0 4477.0
3984.0 3630.0
3335.0 3345.0
42.0 2762.0
2105.0 1799.0
648.0 2771.0
4620.0 737.0
1830.0 665.0
2115.0 4477.0
4470.0 3730.0
1453.0 2857.0
3310.0 4637.0
2380.0 2312.0
3930.0 3237.0
1206.0 1647.0
3847.0 3867.0
2949.0 3215.0
800.0 1853.0
3394.0 3441.0
689.0 1685.0
1353.0 2223.0
2389.0 560.0
2493.0 2683.0
2458.0 1168.0
3285.0 3290.0
4441.0 4118.0
4106.0 3809.0
1724.0 4477.0
3580.0 3528.0
3116.0 3758.0
2350.0 4477.0
1915.0 2118.0
4395.0 4409.0
142.0 1522.0
3734.0 3296.0
3088.0 3988.0
3984.0 4082.0
107.0 2078.0
3984.0 3680.0
1242.0 318.0
831.0 1479.0
4664.0 2998.0
2175.0 4477.0
4458.0 4232.0
1708.0 2029.0
1097.0 1802.0
903.0 1963.0
3960.0 3398.0
2711.0 1400.0
1579.0 2737.0
4178.0 3119.0
1819.0 2836.0
497.0 2761.0
1538.0 1599.0
2666.0 330.0
71.0 1659.0
3889.0 4227.0
4149.0 4644.0
3927.0 3480.0
3345.0 4462.0
1403.0 1339.0
4143.0 4582.0
1197.0 869.0
4396.0 3478.0
1830.0 2529.0
114.0 1330.0
159.0 782.0
1505.0 757.0
715.0 36.0
4430.0 3268.0
3761.0 4020.0
862.0 1427.0
3379.0 3968.0
141.0 1223.0
3759.0 4020.0
854.0 2865.0
3078.0 3200.0
4659.0 4684.0
412.0 791.0
1161.0 564.0
700.0 4477.0
161.0 2044.0
2118.0 1695.0
326.0 819.0
2125.0 1859.0
3958.0 4064.0
2533.0 678.0
3871.0 3884.0
1147.0 2731.0
364.0 2589.0
545.0 1950.0
4272.0 4380.0
4444.0 3282.0
762.0 2742.0
648.0 1710.0
3456.0 3032.0
998.0 1659.0
204.0 1734.0
974.0 2401.0
1598.0 2883.0
1616.0 1439.0
382.0 2563.0
4337.0 4361.0
3011.0 4132.0
333.0 1463.0
4390.0 3009.0
3467.0 3655.0
2341.0 2350.0
370.0 1220.0
1748.0 859.0
4102.0 4488.0
1033.0 2410.0
3148.0 4195.0
512.0 606.0
3705.0 4085.0
4200.0 3348.0
4195.0 3499.0
663.0 1460.0
4249.0 3178.0
3362.0 3567.0
3560.0 3385.0
2008.0 4477.0
2769.0 4477.0
608.0 1020.0
3554.0 3096.0
4110.0 3445.0
32.0 390.0
4439.0 3592.0
2757.0 2066.0
3688.0 4647.0
2929.0 4316.0
571.0 2287.0
2266.0 2059.0
764.0 1812.0
246.0 2091.0
1684.0 985.0
732.0 4477.0
2963.0 3422.0
1788.0 154.0
4362.0 4171.0
1109.0 2701.0
4517.0 4541.0
1153.0 4477.0
1646.0 2188.0
2579.0 201.0
2006.0 2223.0
4265.0 3400.0
1548.0 2654.0
490.0 172.0
3137.0 4497.0
3266.0 3932.0
26.0 1110.0
461.0 1941.0
3427.0 3393.0
378.0 2165.0
4113.0 4337.0
1117.0 1269.0
2226.0 2428.0
2522.0 1558.0
435.0 1745.0
2172.0 1085.0
2173.0 1745.0
3271.0 4610.0
3774.0 3293.0
3521.0 4083.0
1213.0 1977.0
1111.0 2012.0
892.0 698.0
4426.0 4139.0
4480.0 4477.0
3088.0 3213.0
2882.0 869.0
1455.0 153.0
689.0 2235.0
2591.0 1973.0
763.0 1757.0
585.0 1278.0
445.0 2567.0
2784.0 587.0
1903.0 4477.0
184.0 2281.0
3116.0 3335.0
2892.0 1541.0
2254.0 4477.0
4471.0 4065.0
2748.0 2524.0
4271.0 4203.0
3744.0 3107.0
841.0 318.0
3897.0 3697.0
3108.0 3407.0
1946.0 2713.0
1396.0 4477.0
3896.0 4477.0
3328.0 3208.0
3427.0 4477.0
3134.0 4251.0
1510.0 2602.0
4205.0 4081.0
2035.0 2316.0
4675.0 4082.0
486.0 1846.0
3644.0 3993.0
4496.0 4316.0
2162.0 1903.0
2067.0 4477.0
573.0 2009.0
1056.0 2135.0
2316.0 2604.0
370.0 1110.0
3359.0 4286.0
4131.0 4617.0
3561.0 3280.0
4390.0 3189.0
516.0 2106.0
3288.0 3789.0
4491.0 4019.0
425.0 1397.0
1188.0 1086.0
120.0 2672.0
351.0 1225.0
388.0 1033.0
4611.0 4640.0
593.0 1344.0
4338.0 4074.0
4338.0 3428.0
2429.0 817.0
313.0 980.0
922.0 1310.0
1794.0 3969.0
1423.0 1944.0
4488.0 3255.0
1306.0 2591.0
4012.0 3999.0
3578.0 3525.0
163.0 988.0
1185.0 1466.0
4076.0 3381.0
2834.0 218.0
1225.0 2573.0
4599.0 4477.0
2546.0 2133.0
1062.0 1889.0
2670.0 1889.0
3844.0 4520.0
3283.0 2964.0
553.0 1401.0
3813.0 4149.0
2996.0 3861.0
3969.0 3571.0
3251.0 4477.0
2989.0 4382.0
429.0 1500.0
1933.0 2273.0
3214.0 4477.0
4010.0 4047.0
77.0 2846.0
4529.0 3526.0
1418.0 233.0
3790.0 4451.0
3830.0 3639.0
4226.0 4253.0
3505.0 3798.0
223.0 169.0
640.0 2873.0
837.0 897.0
3439.0 4057.0
291.0 2868.0
955.0 2691.0
4390.0 4094.0
2945.0 3396.0
1793.0 964.0
3553.0 4347.0
421.0 2525.0
232.0 2165.0
4157.0 3619.0
1017.0 959.0
1531.0 2314.0
1490.0 1100.0
3069.0 4191.0
1797.0 981.0
1061.0 4477.0
2780.0 97.0
642.0 1605.0
924.0 1775.0
830.0 872.0
2455.0 2700.0
3756.0 3638.0
1666.0 48.0
3948.0 4502.0
147.0 2428.0
4648.0 4625.0
2923.0 3119.0
890.0 1342.0
2484.0 666.0
752.0 869.0
482.0 2814.0
3984.0 3760.0
4043.0 4176.0
924.0 900.0
3383.0 4661.0
313.0 2474.0
3150.0 4237.0
3295.0 3985.0
654.0 2353.0
3500.0 3188.0
3026.0 3526.0
4046.0 4020.0
4027.0 3292.0
4228.0 3278.0
3047.0 3243.0
249.0 4477.0
3471.0 4674.0
974.0 1118.0
3561.0 3807.0
705.0 1878.0
3396.0 4449.0
1422.0 605.0
1458.0 2226.0
4248.0 4182.0
4518.0 3051.0
3448.0 4175.0
1543.0 2761.0
1140.0 1621.0
3809.0 3503.0
499.0 2706.0
2238.0 2282.0
2206.0 2417.0
1893.0 1899.0
4501.0 3175.0
2161.0 1912.0
420.0 1133.0
1582.0 775.0
3005.0 4443.0
161.0 746.0
4098.0 4134.0
4175.0 4477.0
2558.0 2299.0
4421.0 4282.0
3494.0 3424.0
643.0 2121.0
3935.0 4458.0
1455.0 4477.0
1937.0 2262.0
2691.0 2512.0
82.0 2785.0
3549.0 4412.0
772.0 2083.0
3695.0 3449.0
1524.0 2606.0
1130.0 454.0
4293.0 4419.0
2591.0 1584.0
214.0 817.0
3501.0 4477.0
2852.0 93.0
185.0 1203.0
195.0 1889.0
3134.0 4477.0
335.0 2452.0
1528.0 4477.0
2615.0 2260.0
687.0 2591.0
2522.0 2479.0
300.0 2674.0
3105.0 4137.0
1976.0 2594.0
1639.0 94.0
3873.0 4065.0
321.0 1353.0
1882.0 160.0
391.0 501.0
352.0 2524.0
1993.0 865.0
2126.0 2601.0
4589.0 3228.0
227.0 1219.0
3455.0 3947.0
1883.0 4477.0
1565.0 2552.0
3511.0 4065.0
1433.0 752.0
136.0 1103.0
4503.0 2975.0
2823.0 944.0
609.0 2278.0
2660.0 1279.0
3978.0 3581.0
48.0 1652.0
1473.0 706.0
646.0 1786.0
3298.0 3775.0
3052.0 3771.0
2734.0 2101.0
3497.0 4412.0
34.0 1876.0
3306.0 4394.0
188.0 812.0
2861.0 2497.0
4487.0 3330.0
2840.0 670.0
756.0 1153.0
224.0 983.0
3714.0 3885.0
4162.0 4514.0
514.0 841.0
4540.0 3452.0
2459.0 1234.0
975.0 2401.0
575.0 4477.0
2407.0 2437.0
1847.0 1828.0
1733.0 2876.0
761.0 2433.0
3217.0 4065.0
533.0 882.0
48.0 338.0
4188.0 4137.0
4561.0 3873.0
2963.0 3143.0
3553.0 3874.0
904.0 1263.0
2712.0 2663.0
1542.0 1918.0
1041.0 2676.0
1292.0 2678.0
2223.0 502.0
1930.0 910.0
1016.0 2384.0
533.0 2346.0
259.0 1770.0
3523.0 3768.0
556.0 1704.0
761.0 2705.0
92.0 2219.0
2928.0 3784.0
208.0 817.0
3020.0 3655.0
4223.0 4301.0
3253.0 3489.0
2913.0 3584.0
3143.0 3299.0
951.0 2179.0
346.0 444.0
400.0 1419.0
3289.0 4413.0
664.0 2497.0
4124.0 3578.0
823.0 1021.0
3116.0 4545.0
2528.0 1258.0
716.0 2204.0
1825.0 1368.0
320.0 1328.0
3946.0 4313.0
4042.0 3537.0
1401.0 2777.0
935.0 1171.0
429.0 2299.0
3322.0 4053.0
4529.0 4477.0
3397.0 4477.0
62.0 497.0
2396.0 590.0
180.0 383.0
549.0 1462.0
531.0 179.0
4603.0 4458.0
3075.0 4645.0
4364.0 4507.0
3384.0 3870.0
3835.0 4477.0
1266.0 1900.0
555.0 1892.0
1577.0 4477.0
1280.0 2488.0
3628.0 2951.0
2028.0 2524.0
2407.0 155.0
1374.0 903.0
1965.0 4458.0
1648.0 2176.0
3078.0 4410.0
38.0 337.0
320.0 817.0
1615.0 1638.0
153.0 2377.0
1075.0 1513.0
1590.0 1605.0
4429.0 3695.0
2682.0 2247.0
4345.0 3829.0
2367.0 632.0
3025.0 3073.0
2311.0 4477.0
1343.0 2800.0
748.0 2108.0
65.0 431.0
2694.0 2084.0
1607.0 928.0
1796.0 1153.0
4272.0 3630.0
747.0 1952.0
1342.0 1686.0
524.0 2329.0
1180.0 1059.0
1993.0 264.0
3553.0 3753.0
996.0 1900.0
4566.0 4613.0
1487.0 2159.0
3209.0 4051.0
2218.0 2645.0
382.0 1812.0
3521.0 3001.0
1977.0 1605.0
82.0 2184.0
184.0 428.0
1508.0 2152.0
3630.0 3402.0
784.0 849.0
1164.0 78.0
3720.0 2933.0
4365.0 3829.0
504.0 2326.0
4065.0 4346.0
2290.0 2559.0
1382.0 1624.0
1189.0 492.0
3843.0 4414.0
2980.0 4586.0
1517.0 1033.0
1749.0 1353.0
582.0 1773.0
2422.0 2702.0
808.0 2244.0
17.0 1246.0
4000.0 3270.0
4149.0 4250.0
3505.0 4502.0
2347.0 2297.0
876.0 922.0
2463.0 2472.0
2492.0 1339.0
3459.0 4129.0
2740.0 1098.0
65.0 2353.0
1417.0 1567.0
3884.0 3014.0
3553.0 3957.0
2521.0 2214.0
415.0 4020.0
2768.0 2062.0
1315.0 1541.0
1089.0 2882.0
599.0 1774.0
1185.0 1018.0
722.0 1429.0
1391.0 2645.0
1342.0 2881.0
4065.0 3203.0
3816.0 3932.0
2530.0 2401.0
3684.0 4065.0
3777.0 3335.0
370.0 2255.0
2430.0 1478.0
1217.0 1605.0
1052.0 1462.0
3979.0 4151.0
1266.0 1737.0
4217.0 4396.0
2319.0 2677.0
750.0 2543.0
3512.0 4681.0
287.0 1545.0
1181.0 1704.0
758.0 2591.0
1731.0 2742.0
754.0 1254.0
3397.0 3769.0
4389.0 4024.0
2511.0 2726.0
975.0 1171.0
1251.0 2746.0
4266.0 4645.0
1668.0 1357.0
2010.0 2294.0
3915.0 4557.0
2086.0 1965.0
2930.0 3991.0
475.0 4477.0
3204.0 4117.0
2100.0 1967.0
2860.0 4477.0
1952.0 1239.0
4382.0 4115.0
1057.0 2673.0
1471.0 2691.0
1404.0 1258.0
3427.0 4122.0
361.0 1848.0
2968.0 3984.0
4363.0 3014.0
4077.0 4480.0
2018.0 1914.0
4553.0 4477.0
867.0 1180.0
1290.0 1474.0
4625.0 4077.0
2485.0 4477.0
3681.0 4389.0
587.0 482.0
500.0 44.0
3802.0 4345.0
4221.0 4502.0
1325.0 4477.0
3641.0 3728.0
325.0 2346.0
2642.0 650.0
1267.0 2591.0
4336.0 3553.0
820.0 731.0
504.0 2302.0
810.0 2127.0
1862.0 949.0
1484.0 2645.0
71.0 936.0
3475.0 3173.0
819.0 943.0
4022.0 4315.0
3144.0 4251.0
4221.0 3451.0
2115.0 1837.0
4470.0 3413.0
155.0 2309.0
3496.0 3540.0
3063.0 4380.0
1356.0 2434.0
3674.0 3984.0
4077.0 4139.0
345.0 1012.0
575.0 550.0
3773.0 4289.0
363.0 2127.0
3009.0 4094.0
3987.0 4160.0
1381.0 2774.0
1609.0 2382.0
819.0 1140.0
4029.0 4110.0
1609.0 4477.0
3061.0 3035.0
986.0 1957.0
2420.0 4477.0
2316.0 4477.0
313.0 1323.0
12.0 1529.0
4361.0 3514.0
1957.0 1507.0
2266.0 775.0
16.0 1339.0
4069.0 3764.0
4474.0 3079.0
4392.0 4088.0
2279.0 2524.0
751.0 761.0
1957.0 2048.0
2384.0 2513.0
3318.0 3376.0
3098.0 4088.0
2403.0 1497.0
4486.0 4298.0
2320.0 2870.0
2195.0 1769.0
4237.0 3937.0
2827.0 2377.0
1746.0 2603.0
461.0 2853.0
4251.0 3173.0
3306.0 3721.0
3802.0 3255.0
665.0 2206.0
217.0 1812.0
4370.0 4020.0
497.0 2377.0
1005.0 992.0
187.0 233.0
2967.0 3663.0
2781.0 2786.0
1010.0 2618.0
601.0 1673.0
3247.0 4350.0
2429.0 958.0
30.0 812.0
570.0 1021.0
3543.0 3101.0
2932.0 3842.0
229.0 2071.0
1087.0 613.0
2851.0 4477.0
3224.0 3638.0
2207.0 4276.0
3554.0 4389.0
413.0 1889.0
931.0 290.0
2359.0 236.0
1305.0 345.0
777.0 2463.0
504.0 719.0
4254.0 3284.0
4593.0 3875.0
2210.0 4477.0
144.0 490.0
865.0 2347.0
520.0 4477.0
767.0 4477.0
2945.0 4502.0
1420.0 428.0
668.0 93.0
2434.0 1303.0
3776.0 3021.0
533.0 2462.0
2194.0 82.0
1902.0 587.0
3112.0 3554.0
3609.0 4213.0
2999.0 3490.0
2913.0 3602.0
2514.0 1436.0
3339.0 3556.0
267.0 865.0
969.0 349.0
1876.0 2591.0
2076.0 1966.0
1065.0 1737.0
1682.0 2027.0
974.0 2854.0
1234.0 4477.0
806.0 1062.0
1941.0 2836.0
1619.0 1620.0
30.0 1220.0
93.0 2849.0
1118.0 2652.0
2662.0 178.0
4048.0 4477.0
1484.0 1286.0
3777.0 2933.0
1750.0 318.0
3055.0 3122.0
967.0 238.0
3542.0 3157.0
3267.0 3703.0
2068.0 2710.0
4270.0 4545.0
3701.0 4088.0
2416.0 1653.0
2918.0 3998.0
373.0 2644.0
564.0 522.0
569.0 1605.0
2944.0 3216.0
2864.0 4477.0
2926.0 2995.0
3941.0 4479.0
603.0 1398.0
1855.0 1033.0
1639.0 2548.0
49.0 1599.0
2542.0 4020.0
1195.0 1750.0
3006.0 3794.0
4240.0 3490.0
3349.0 3385.0
493.0 702.0
2439.0 2777.0
1969.0 2086.0
2303.0 4477.0
3697.0 3377.0
3802.0 4436.0
1339.0 4505.0
40.0 667.0
1125.0 2035.0
3909.0 4092.0
142.0 2382.0
2554.0 2262.0
1058.0 1687.0
3600.0 3887.0
3254.0 4684.0
3201.0 4139.0
941.0 1611.0
2347.0 2420.0
683.0 1279.0
2953.0 3437.0
3092.0 4477.0
2669.0 2739.0
1956.0 4020.0
2201.0 1503.0
1864.0 1916.0
1222.0 4477.0
3376.0 3441.0
1809.0 1889.0
3162.0 3254.0
1497.0 2759.0
2030.0 737.0
1227.0 2265.0
704.0 125.0
3053.0 4099.0
1187.0 1644.0
4633.0 4083.0
771.0 2327.0
3778.0 3692.0
1538.0 1236.0
1253.0 2726.0
2382.0 2863.0
1466.0 454.0
543.0 613.0
1662.0 1591.0
3032.0 3362.0
2284.0 856.0
4551.0 3829.0
3843.0 3919.0
2569.0 853.0
4383.0 3020.0
2180.0 2013.0
3100.0 4406.0
2299.0 1494.0
2911.0 4266.0
400.0 1323.0
1211.0 1427.0
2709.0 2348.0
4016.0 3055.0
1906.0 2335.0
4668.0 4159.0
3909.0 4020.0
3776.0 2972.0
3097.0 3229.0
1383.0 2174.0
4617.0 3388.0
658.0 2376.0
531.0 987.0
1153.0 317.0
1305.0 1906.0
3437.0 4574.0
2949.0 3904.0
1096.0 4477.0
1073.0 1743.0
1922.0 3709.0
1363.0 2577.0
327.0 1163.0
811.0 431.0
140.0 1451.0
856.0 1011.0
668.0 1651.0
404.0 2064.0
2235.0 2087.0
2077.0 97.0
3414.0 4065.0
904.0 929.0
1954.0 328.0
4076.0 4449.0
1339.0 1316.0
1921.0 563.0
3793.0 3350.0
4429.0 3222.0
212.0 2634.0
2023.0 2220.0
4678.0 3843.0
1176.0 2423.0
44.0 2853.0
1895.0 1269.0
3920.0 3541.0
2772.0 4477.0
3385.0 3498.0
2665.0 2423.0
327.0 1153.0
1520.0 2118.0
1311.0 1773.0
48.0 2508.0
4339.0 3367.0
2621.0 2551.0
4142.0 4477.0
3522.0 4330.0
3111.0 2972.0
788.0 2098.0
3862.0 3941.0
329.0 2091.0
848.0 1718.0
1312.0 1478.0
3107.0 3649.0
650.0 2440.0
1242.0 2153.0
469.0 179.0
3525.0 4408.0
2587.0 2206.0
2611.0 1044.0
461.0 2187.0
2228.0 2565.0
990.0 1289.0
3265.0 4477.0
1163.0 2574.0
609.0 1621.0
3281.0 4349.0
4256.0 4208.0
4397.0 3512.0
2573.0 1373.0
3412.0 3798.0
3352.0 2995.0
1315.0 1399.0
4584.0 2994.0
1576.0 2513.0
127.0 594.0
3165.0 3348.0
1506.0 4477.0
1344.0 2530.0
1643.0 4020.0
2646.0 2279.0
3343.0 4122.0
3879.0 4477.0
2050.0 1980.0
3379.0 4484.0
2390.0 4477.0
4522.0 3568.0
2389.0 485.0
2038.0 2829.0
2840.0 1754.0
3011.0 3718.0
384.0 1830.0
2266.0 1427.0
1633.0 525.0
3217.0 4057.0
1900.0 1279.0
96.0 2475.0
3781.0 4477.0
1573.0 1213.0
1037.0 1895.0
4312.0 4678.0
3722.0 3924.0
870.0 1859.0
1767.0 1101.0
2987.0 3212.0
712.0 2877.0
2849.0 4477.0
2237.0 4020.0
1480.0 2003.0
1639.0 2271.0
1437.0 2892.0
2492.0 2805.0
4680.0 4317.0
3924.0 4657.0
3290.0 4596.0
312.0 319.0
3425.0 4499.0
2920.0 4092.0
370.0 1556.0
2516.0 1146.0
4011.0 3947.0
4552.0 3637.0
1908.0 4477.0
2424.0 3773.0
1378.0 1557.0
1871.0 4477.0
1528.0 1873.0
3533.0 4118.0
1034.0 971.0
2453.0 1482.0
2415.0 2815.0
206.0 395.0
520.0 475.0
952.0 1518.0
4230.0 4020.0
1434.0 1530.0
4682.0 4346.0
1496.0 621.0
2081.0 2475.0
2643.0 1506.0
901.0 1694.0
1423.0 2062.0
4154.0 4427.0
2890.0 122.0
2175.0 1868.0
3186.0 4278.0
1231.0 318.0
3260.0 3634.0
2149.0 2814.0
2978.0 4382.0
3113.0 3515.0
3980.0 4020.0
79.0 886.0
128.0 4477.0
2247.0 2772.0
11.0 2409.0
2850.0 2064.0
536.0 2774.0
1491.0 3431.0
901.0 2845.0
3851.0 3581.0
2033.0 2078.0
2394.0 1713.0
4144.0 4020.0
465.0 2698.0
107.0 809.0
158.0 2124.0
575.0 2006.0
1364.0 1204.0
1921.0 824.0
743.0 1593.0
4238.0 4584.0
865.0 4477.0
3975.0 3001.0
270.0 957.0
610.0 1733.0
1431.0 2253.0
2670.0 2742.0
2811.0 1339.0
3001.0 3528.0
4467.0 4408.0
3084.0 3014.0
2203.0 2664.0
1821.0 877.0
239.0 1375.0
1458.0 119.0
4392.0 3381.0
4538.0 3644.0
264.0 2420.0
645.0 1617.0
995.0 1531.0
1875.0 1084.0
2587.0 858.0
250.0 2820.0
1247.0 4477.0
2881.0 2479.0
2384.0 2814.0
1441.0 2684.0
4389.0 4606.0
132.0 1065.0
916.0 459.0
3511.0 4477.0
1111.0 2451.0
3155.0 3293.0
2780.0 1902.0
1125.0 2889.0
318.0 1637.0
177.0 1770.0
3247.0 3583.0
977.0 1863.0
1325.0 1197.0
1782.0 2091.0
2161.0 1895.0
3534.0 3157.0
2739.0 2726.0
1792.0 1899.0
2727.0 168.0
3538.0 3768.0
1639.0 2769.0
2360.0 1202.0
2144.0 2100.0
3082.0 3055.0
3853.0 4502.0
2071.0 3774.0
19.0 365.0
1725.0 2283.0
4475.0 3404.0
440.0 3930.0
2412.0 168.0
704.0 2645.0
721.0 1889.0
2030.0 2089.0
4418.0 4477.0
1313.0 2591.0
3150.0 4298.0
668.0 710.0
1535.0 4477.0
1670.0 1086.0
4367.0 3926.0
1087.0 2731.0
4299.0 3097.0
3251.0 3785.0
456.0 1572.0
2308.0 122.0
3140.0 4391.0
3263.0 4604.0
473.0 199.0
1117.0 2889.0
534.0 1754.0
282.0 588.0
2038.0 36.0
348.0 2029.0
4111.0 3146.0
1714.0 1502.0
2402.0 1139.0
2535.0 1558.0
3333.0 4150.0
2288.0 1920.0
4049.0 3180.0
704.0 1431.0
298.0 810.0
520.0 696.0
4561.0 3203.0
1125.0 1462.0
4482.0 3762.0
2657.0 568.0
3018.0 4481.0
294.0 2872.0
279.0 967.0
3036.0 3784.0
2544.0 2589.0
337.0 1812.0
1353.0 1989.0
3036.0 3335.0
3327.0 3170.0
2174.0 2874.0
1419.0 1208.0
282.0 2863.0
117.0 2445.0
3303.0 4420.0
2717.0 153.0
2304.0 2529.0
1427.0 2178.0
1159.0 650.0
601.0 1190.0
1173.0 2263.0
3368.0 4551.0
1546.0 247.0
3036.0 3297.0
3316.0 4477.0
193.0 249.0
3242.0 4162.0
1836.0 4477.0
11.0 172.0
3100.0 3002.0
187.0 2353.0
1400.0 2810.0
2576.0 4477.0
3184.0 3743.0
2867.0 2214.0
2957.0 4532.0
2859.0 1889.0
3625.0 3913.0
4038.0 4207.0
728.0 2814.0
1587.0 2438.0
1479.0 1309.0
3683.0 4101.0
3809.0 4384.0
2972.0 4684.0
1170.0 1031.0
3907.0 4015.0
959.0 2900.0
3036.0 3917.0
118.0 2363.0
3276.0 4334.0
1747.0 2508.0
2096.0 2308.0
4370.0 3280.0
2760.0 204.0
522.0 1153.0
4332.0 3081.0
71.0 2402.0
716.0 2391.0
2999.0 3157.0
4605.0 4477.0
1458.0 2120.0
1288.0 2468.0
1639.0 2750.0
2206.0 2761.0
526.0 1903.0
4468.0 3611.0
3001.0 4059.0
2037.0 2495.0
1701.0 956.0
2582.0 1859.0
3497.0 4246.0
461.0 1905.0
2904.0 2628.0
3893.0 3457.0
3473.0 3353.0
960.0 1755.0
829.0 2817.0
1117.0 2025.0
743.0 2774.0
671.0 1842.0
410.0 679.0
114.0 619.0
1427.0 1675.0
1281.0 694.0
1351.0 1543.0
2954.0 4065.0
620.0 1903.0
3214.0 3540.0
1534.0 1843.0
1384.0 933.0
951.0 84.0
2955.0 3875.0
2585.0 2726.0
3078.0 4395.0
488.0 2786.0
273.0 1254.0
4549.0 3601.0
1798.0 908.0
2394.0 3059.0
3708.0 4019.0
725.0 2777.0
2539.0 338.0
3751.0 4347.0
296.0 1028.0
430.0 1641.0
1311.0 2577.0
3362.0 4545.0
1577.0 2591.0
3269.0 4629.0
1842.0 2149.0
3300.0 3608.0
306.0 2733.0
2114.0 2249.0
4248.0 4306.0
217.0 1706.0
264.0 1409.0
1643.0 2207.0
3303.0 4501.0
3127.0 3640.0
1875.0 1330.0
3512.0 4605.0
3686.0 3639.0
1251.0 2633.0
4262.0 3538.0
2944.0 3499.0
2535.0 2767.0
639.0 2621.0
645.0 1506.0
1714.0 2117.0
4086.0 3211.0
4038.0 4645.0
688.0 2481.0
3920.0 4560.0
1172.0 2777.0
3464.0 3606.0
3861.0 4411.0
2522.0 2726.0
3885.0 4502.0
678.0 1142.0
1606.0 2683.0
3575.0 4459.0
1976.0 2419.0
2165.0 506.0
4530.0 3560.0
4498.0 4083.0
2622.0 57.0
90.0 2664.0
3819.0 3609.0
4453.0 3755.0
1576.0 1902.0
3448.0 3322.0
3681.0 4588.0
3719.0 3980.0
439.0 2401.0
424.0 296.0
4527.0 4395.0
3664.0 3965.0
354.0 2022.0
3542.0 3096.0
27.0 1431.0
280.0 1159.0
514.0 1309.0
35.0 4020.0
1260.0 1516.0
1354.0 437.0
3844.0 3918.0
4373.0 4477.0
3649.0 3174.0
2718.0 1377.0
44.0 1165.0
2465.0 287.0
953.0 2764.0
2953.0 4347.0
555.0 4477.0
3423.0 4618.0
1376.0 209.0
1394.0 2711.0
1711.0 2329.0
585.0 2417.0
2868.0 1565.0
939.0 1991.0
1680.0 1832.0
352.0 644.0
541.0 976.0
72.0 1752.0
2569.0 2472.0
3822.0 4085.0
3165.0 4430.0
1114.0 2799.0
4583.0 3466.0
1751.0 2906.0
917.0 538.0
4355.0 3168.0
3297.0 4460.0
961.0 1628.0
2008.0 2567.0
2166.0 4576.0
3006.0 3391.0
3235.0 3413.0
4291.0 4606.0
373.0 2235.0
3785.0 3950.0
2700.0 492.0
1743.0 1796.0
3009.0 3567.0
2548.0 4477.0
3922.0 4359.0
459.0 2292.0
3364.0 4532.0
2324.0 2551.0
3253.0 4249.0
4552.0 4490.0
3036.0 4059.0
2889.0 84.0
4522.0 4357.0
648.0 814.0
2786.0 650.0
4641.0 3296.0
4174.0 4226.0
4577.0 3127.0
2145.0 2557.0
3796.0 3859.0
1473.0 4477.0
1200.0 2133.0
4391.0 3058.0
530.0 4477.0
3591.0 4477.0
2577.0 48.0
1035.0 2564.0
1086.0 1109.0
1353.0 69.0
2886.0 314.0
2395.0 2699.0
2206.0 1501.0
772.0 2300.0
1437.0 2046.0
3442.0 4112.0
1701.0 2080.0
80.0 2254.0
842.0 737.0
1793.0 1506.0
3924.0 4606.0
4591.0 4510.0
3250.0 3525.0
1174.0 2355.0
3261.0 3932.0
3403.0 3730.0
3620.0 3715.0
2630.0 2816.0
4119.0 4526.0
895.0 1029.0
984.0 1018.0
2949.0 3786.0
2412.0 2524.0
2043.0 865.0
2373.0 236.0
3757.0 4414.0
3777.0 4582.0
3796.0 4134.0
1498.0 1716.0
4223.0 3760.0
2913.0 3429.0
4030.0 4453.0
3315.0 3483.0
3682.0 4275.0
190.0 274.0
4655.0 4103.0
11.0 1462.0
2845.0 1374.0
3210.0 3764.0
2920.0 4020.0
4668.0 4376.0
980.0 287.0
3525.0 3894.0
1698.0 1669.0
1521.0 4477.0
3201.0 3707.0
2404.0 1852.0
2557.0 1651.0
2657.0 1203.0
462.0 1952.0
2596.0 1523.0
363.0 2628.0
702.0 2271.0
3088.0 3306.0
1535.0 2523.0
5.0 1933.0
4620.0 3774.0
1079.0 1021.0
1218.0 2880.0
288.0 4319.0
4160.0 3814.0
1505.0 2774.0
3072.0 4020.0
2469.0 1611.0
3363.0 4454.0
796.0 1677.0
2120.0 1824.0
1987.0 713.0
203.0 4477.0
2596.0 434.0
575.0 2382.0
2846.0 1503.0
839.0 3461.0
1268.0 1216.0
1881.0 2270.0
102.0 2571.0
1840.0 1297.0
571.0 2184.0
51.0 431.0
467.0 1863.0
1401.0 454.0
1169.0 2010.0
3214.0 3734.0
1582.0 2860.0
947.0 2021.0
179.0 4020.0
551.0 2023.0
4054.0 4477.0
4391.0 3497.0
377.0 1321.0
3767.0 3910.0
4160.0 4581.0
149.0 2214.0
639.0 2761.0
3414.0 3731.0
3150.0 3945.0
772.0 2582.0
944.0 2738.0
896.0 2293.0
1004.0 2445.0
2260.0 2188.0
3563.0 3327.0
1458.0 4477.0
141.0 1797.0
2184.0 2027.0
2528.0 1463.0
3485.0 3011.0
3483.0 4118.0
1152.0 1998.0
3503.0 3203.0
2422.0 2165.0
3711.0 3381.0
3343.0 4397.0
2790.0 2417.0
1582.0 2255.0
1455.0 1284.0
907.0 2900.0
4364.0 4408.0
2951.0 4101.0
490.0 1081.0
4322.0 3574.0
729.0 1555.0
2145.0 865.0
4574.0 3879.0
4281.0 3221.0
3708.0 3965.0
490.0 406.0
4552.0 3538.0
236.0 2602.0
338.0 1401.0
3448.0 3714.0
844.0 1407.0
1661.0 2278.0
2890.0 2765.0
4316.0 4477.0
2382.0 2347.0
2486.0 839.0
1257.0 810.0
1102.0 4477.0
179.0 769.0
360.0 1339.0
2099.0 1889.0
338.0 2902.0
1961.0 2634.0
628.0 205.0
3784.0 3917.0
2174.0 1745.0
338.0 2401.0
543.0 1989.0
2870.0 2748.0
4100.0 3498.0
3620.0 4455.0
153.0 351.0
72.0 2423.0
2992.0 4197.0
3902.0 3572.0
2709.0 1630.0
404.0 2664.0
593.0 2713.0
1661.0 74.0
980.0 1929.0
536.0 1906.0
1299.0 1842.0
3546.0 3404.0
3734.0 3445.0
3601.0 3179.0
2886.0 2062.0
2998.0 3453.0
2975.0 3549.0
982.0 1550.0
87.0 650.0
2284.0 4477.0
3001.0 4477.0
2983.0 4646.0
1612.0 1846.0
1122.0 2628.0
4384.0 3008.0
839.0 4039.0
3516.0 4447.0
1353.0 1571.0
3886.0 3931.0
1546.0 2551.0
3628.0 3683.0
3995.0 4027.0
1878.0 2589.0
1949.0 1507.0
2835.0 2164.0
4028.0 3058.0
3442.0 4004.0
4568.0 4477.0
3355.0 3752.0
4075.0 4317.0
3496.0 4517.0
3838.0 4094.0
931.0 269.0
2981.0 4156.0
2181.0 2445.0
1546.0 786.0
4675.0 3570.0
3840.0 4656.0
1416.0 1003.0
3640.0 4502.0
425.0 1325.0
3949.0 2041.0
310.0 2325.0
4027.0 4409.0
4281.0 3420.0
2818.0 2645.0
225.0 382.0
3307.0 4095.0
2176.0 2774.0
813.0 1446.0
1105.0 1876.0
4466.0 4152.0
178.0 2763.0
644.0 2551.0
3520.0 3995.0
3741.0 3844.0
4044.0 3669.0
3616.0 4191.0
2318.0 183.0
1063.0 2423.0
4596.0 3820.0
2601.0 1096.0
4421.0 3124.0
3563.0 4129.0
3884.0 4065.0
2951.0 3444.0
4625.0 4213.0
3648.0 3780.0
1283.0 2171.0
2125.0 2437.0
2058.0 1770.0
390.0 1139.0
1722.0 2715.0
2165.0 257.0
3140.0 2924.0
3809.0 4065.0
344.0 993.0
3813.0 3784.0
3734.0 3526.0
3434.0 3117.0
2785.0 2786.0
794.0 1359.0
121.0 322.0
4575.0 3341.0
3107.0 4167.0
164.0 1756.0
1914.0 1476.0
3104.0 4577.0
3009.0 3758.0
2650.0 2884.0
4444.0 3063.0
1855.0 1872.0
3524.0 4502.0
1163.0 2401.0
1930.0 4477.0
1384.0 1698.0
1394.0 361.0
623.0 2462.0
389.0 579.0
1752.0 2703.0
3164.0 4171.0
3936.0 3504.0
4209.0 3885.0
588.0 2391.0
222.0 147.0
1539.0 2786.0
3879.0 3858.0
175.0 2106.0
4330.0 4120.0
3547.0 4192.0
4281.0 4245.0
3027.0 4683.0
3180.0 4410.0
1682.0 958.0
3355.0 3154.0
388.0 1517.0
4307.0 3850.0
554.0 515.0
749.0 4477.0
3093.0 3818.0
487.0 543.0
3598.0 4533.0
121.0 708.0
3442.0 3921.0
1069.0 1647.0
1856.0 1896.0
1539.0 2382.0
1118.0 1401.0
163.0 4477.0
298.0 2895.0
167.0 2742.0
1073.0 1363.0
892.0 1437.0
2619.0 3506.0
3545.0 4477.0
370.0 2253.0
1068.0 688.0
4008.0 2925.0
2363.0 1532.0
2363.0 4477.0
1832.0 1361.0
3903.0 3280.0
254.0 1881.0
359.0 2300.0
2610.0 1021.0
3085.0 3370.0
42.0 1353.0
4645.0 4477.0
2080.0 1122.0
1731.0 2401.0
82.0 447.0
3189.0 3999.0
492.0 2027.0
2519.0 2317.0
842.0 2086.0
3967.0 4626.0
4539.0 3503.0
2184.0 2105.0
3056.0 3859.0
4100.0 4175.0
287.0 1106.0
4562.0 4130.0
2994.0 3424.0
2924.0 4477.0
3520.0 4339.0
2852.0 1437.0
2148.0 2035.0
4546.0 3567.0
3665.0 3504.0
2665.0 1066.0
3851.0 4447.0
119.0 752.0
3298.0 4044.0
179.0 1855.0
3753.0 4033.0
1672.0 2658.0
4633.0 3213.0
3832.0 4020.0
2611.0 333.0
4028.0 2924.0
790.0 90.0
187.0 1149.0
884.0 922.0
3714.0 4477.0
812.0 425.0
955.0 2370.0
1017.0 2591.0
3258.0 4134.0
2457.0 502.0
1180.0 2347.0
4339.0 4579.0
2195.0 2127.0
4471.0 4254.0
4675.0 3873.0
1781.0 1451.0
3630.0 3118.0
548.0 1197.0
3175.0 3435.0
3734.0 4020.0
2145.0 2561.0
3705.0 4250.0
509.0 1975.0
1750.0 4477.0
809.0 2280.0
254.0 1100.0
2257.0 2253.0
1565.0 827.0
1971.0 2641.0
787.0 517.0
2836.0 2853.0
507.0 1404.0
359.0 4477.0
2516.0 2524.0
1341.0 1462.0
1418.0 234.0
1554.0 1085.0
1873.0 2226.0
3928.0 3817.0
188.0 1110.0
183.0 638.0
1662.0 935.0
3202.0 3750.0
879.0 797.0
661.0 4477.0
1869.0 631.0
4365.0 3210.0
4448.0 4617.0
1918.0 1443.0
1118.0 1947.0
1300.0 2178.0
3844.0 3553.0
4304.0 4477.0
2539.0 719.0
3027.0 4646.0
398.0 1436.0
858.0 351.0
44.0 1531.0
2754.0 1012.0
3784.0 4162.0
400.0 2669.0
3885.0 4477.0
3943.0 4498.0
2917.0 3154.0
3928.0 3985.0
462.0 2645.0
484.0 4556.0
3244.0 4020.0
1483.0 2087.0
3214.0 4020.0
1844.0 2532.0
4635.0 4457.0
3232.0 3055.0
3181.0 3201.0
1039.0 774.0
226.0 2459.0
4478.0 3624.0
42.0 1436.0
2476.0 243.0
237.0 378.0
1352.0 4477.0
4204.0 3516.0
727.0 1028.0
3325.0 3570.0
4081.0 3073.0
2535.0 4477.0
4146.0 3490.0
4238.0 3217.0
365.0 812.0
2491.0 2817.0
1385.0 2580.0
821.0 2384.0
1992.0 2207.0
4253.0 4410.0
4326.0 3877.0
2771.0 2851.0
2300.0 2404.0
3665.0 4495.0
788.0 2427.0
3187.0 4371.0
536.0 2341.0
2114.0 2869.0
2747.0 4020.0
1230.0 4477.0
876.0 2420.0
2662.0 706.0
2516.0 4477.0
1375.0 1751.0
1411.0 1749.0
3181.0 3200.0
3202.0 3882.0
4325.0 4675.0
3437.0 3308.0
4532.0 4477.0
4666.0 3679.0
2129.0 1506.0
1342.0 1268.0
3528.0 3034.0
1751.0 1139.0
524.0 2632.0
1130.0 1523.0
1009.0 395.0
4226.0 4480.0
3913.0 3818.0
416.0 2774.0
2437.0 4477.0
1128.0 4477.0
3522.0 3997.0
1171.0 1946.0
4625.0 4666.0
1949.0 396.0
3919.0 3926.0
649.0 1617.0
4180.0 3762.0
2949.0 3907.0
3961.0 4596.0
3494.0 4223.0
123.0 588.0
2257.0 2760.0
4285.0 3438.0
516.0 1560.0
3843.0 3084.0
230.0 2617.0
4565.0 4332.0
487.0 4477.0
4068.0 3567.0
4329.0 3208.0
1344.0 587.0
3923.0 3179.0
3006.0 3404.0
886.0 882.0
3443.0 3995.0
4650.0 4088.0
2001.0 107.0
650.0 2297.0
3731.0 3723.0
2010.0 385.0
1148.0 4020.0
3144.0 3065.0
1597.0 1518.0
2111.0 4477.0
1988.0 2602.0
3501.0 3923.0
385.0 1122.0
606.0 1872.0
1664.0 605.0
1130.0 495.0
300.0 902.0
2985.0 3523.0
1250.0 1686.0
1533.0 2833.0
3163.0 3340.0
3487.0 4108.0
34.0 1006.0
1492.0 1745.0
1037.0 4477.0
3914.0 4020.0
982.0 1133.0
2035.0 4477.0
4315.0 3382.0
1106.0 2492.0
4318.0 3124.0
3982.0 4490.0
177.0 1146.0
1781.0 2756.0
1251.0 2799.0
707.0 2726.0
268.0 1870.0
2940.0 3910.0
2832.0 2306.0
1446.0 872.0
574.0 1545.0
302.0 4477.0
3374.0 3284.0
1400.0 761.0
2820.0 848.0
1491.0 1379.0
3779.0 3726.0
4656.0 4177.0
3485.0 3552.0
3329.0 3516.0
3979.0 4416.0
898.0 1353.0
2433.0 2722.0
2111.0 2262.0
3655.0 4630.0
2974.0 3532.0
3372.0 3956.0
746.0 951.0
401.0 1899.0
2035.0 2044.0
2911.0 3642.0
2322.0 1642.0
563.0 462.0
603.0 492.0
1648.0 1278.0
970.0 2754.0
3768.0 4477.0
2965.0 3360.0
4534.0 4260.0
4471.0 4116.0
1668.0 1937.0
2306.0 1107.0
733.0 130.0
1399.0 2479.0
3862.0 4664.0
1004.0 1377.0
2559.0 2441.0
427.0 2127.0
951.0 2451.0
3512.0 4477.0
2828.0 2175.0
668.0 2285.0
2233.0 1704.0
1922.0 2542.0
3434.0 3806.0
33.0 980.0
4231.0 3177.0
1723.0 1769.0
1969.0 194.0
2429.0 2632.0
1480.0 4477.0
2535.0 1466.0
1151.0 1278.0
1197.0 605.0
2888.0 4477.0
4219.0 3900.0
4211.0 4477.0
2223.0 2177.0
184.0 389.0
2301.0 2632.0
4538.0 4032.0
581.0 2488.0
2329.0 619.0
1266.0 1208.0
1601.0 4020.0
287.0 2474.0
323.0 2280.0
977.0 650.0
4559.0 3968.0
1117.0 1619.0
1430.0 1088.0
3485.0 4425.0
4475.0 3084.0
1883.0 2443.0
2223.0 1545.0
4320.0 4561.0
820.0 2486.0
3802.0 4189.0
1939.0 1517.0
2563.0 2805.0
1711.0 1654.0
3108.0 3296.0
3258.0 4120.0
2360.0 1297.0
1989.0 2681.0
2759.0 4477.0
2003.0 1955.0
2946.0 4594.0
4274.0 4074.0
3898.0 4477.0
3307.0 3617.0
4102.0 4020.0
1299.0 1401.0
3134.0 3079.0
1378.0 4477.0
553.0 821.0
4255.0 3428.0
1222.0 2497.0
2533.0 2664.0
2388.0 4477.0
3497.0 4198.0
3175.0 4411.0
2995.0 3021.0
194.0 2030.0
284.0 2420.0
3079.0 4251.0
3206.0 4685.0
472.0 1595.0
2933.0 3342.0
2771.0 609.0
3515.0 3085.0
126.0 4477.0
2117.0 2473.0
524.0 1571.0
3298.0 3491.0
1716.0 2664.0
1659.0 1569.0
1217.0 2551.0
1363.0 1902.0
4305.0 3429.0
2610.0 1406.0
3386.0 3462.0
1528.0 2322.0
1326.0 153.0
1187.0 2894.0
1308.0 2777.0
809.0 581.0
1540.0 1133.0
539.0 1973.0
3720.0 3784.0
2202.0 992.0
3927.0 3695.0
393.0 2240.0
462.0 254.0
640.0 1812.0
2290.0 449.0
1666.0 1752.0
3702.0 4502.0
462.0 678.0
804.0 1659.0
970.0 1856.0
1423.0 2768.0
373.0 1170.0
2937.0 3518.0
1007.0 4477.0
3779.0 3296.0
1790.0 1062.0
2216.0 898.0
3696.0 4544.0
610.0 168.0
2317.0 2420.0
4416.0 4629.0
3020.0 3230.0
1672.0 209.0
643.0 329.0
93.0 1545.0
2355.0 2492.0
642.0 2206.0
178.0 873.0
3966.0 4100.0
3279.0 3308.0
270.0 1363.0
2434.0 1495.0
370.0 1760.0
920.0 836.0
930.0 2002.0
888.0 1293.0
4196.0 4344.0
3221.0 4502.0
1179.0 1358.0
2682.0 2547.0
2385.0 2763.0
1891.0 2555.0
3523.0 3447.0
4232.0 4590.0
1334.0 1615.0
123.0 2204.0
3476.0 3965.0
3887.0 4477.0
3979.0 3335.0
80.0 2751.0
11.0 1125.0
501.0 1863.0
2558.0 2206.0
467.0 1830.0
3522.0 3917.0
2687.0 232.0
2457.0 1596.0
2998.0 3227.0
1033.0 2645.0
2364.0 2774.0
662.0 1103.0
4668.0 4606.0
3140.0 4474.0
4675.0 3301.0
504.0 4477.0
425.0 1470.0
2036.0 1855.0
342.0 1907.0
2549.0 719.0
257.0 353.0
3127.0 4650.0
3380.0 4499.0
1419.0 502.0
4551.0 4035.0
1607.0 2672.0
4390.0 4139.0
716.0 2557.0
4012.0 4627.0
365.0 1263.0
102.0 2152.0
3964.0 3653.0
2137.0 2369.0
3331.0 3335.0
1499.0 3126.0
312.0 1571.0
429.0 2279.0
3893.0 4477.0
3041.0 4327.0
226.0 1623.0
4248.0 4129.0
2519.0 48.0
3088.0 4156.0
2921.0 3386.0
1435.0 2087.0
3955.0 4315.0
561.0 1512.0
1295.0 1310.0
1418.0 2572.0
577.0 1538.0
1012.0 2436.0
1235.0 4477.0
1299.0 338.0
898.0 2785.0
1014.0 2743.0
2946.0 4541.0
4315.0 3309.0
4486.0 3459.0
1835.0 287.0
391.0 2874.0
3906.0 3660.0
3323.0 3431.0
3493.0 3476.0
4431.0 4488.0
989.0 2252.0
3273.0 4156.0
3861.0 3633.0
2932.0 3497.0
1945.0 826.0
495.0 2708.0
3242.0 4477.0
4303.0 3675.0
3014.0 3653.0
2694.0 4477.0
3772.0 4496.0
2340.0 1972.0
4138.0 3178.0
525.0 1689.0
4449.0 3858.0
1456.0 2705.0
980.0 967.0
4685.0 3405.0
1738.0 2393.0
522.0 1808.0
2902.0 495.0
4134.0 4414.0
2685.0 4477.0
984.0 2767.0
1001.0 4477.0
114.0 650.0
773.0 184.0
3894.0 4104.0
2299.0 1920.0
3395.0 3050.0
1170.0 1613.0
427.0 2500.0
2759.0 2263.0
3113.0 3370.0
951.0 2836.0
3094.0 3539.0
3217.0 4220.0
1412.0 1997.0
4092.0 4477.0
184.0 2601.0
2186.0 817.0
3934.0 3504.0
3898.0 4091.0
3372.0 3112.0
1897.0 2696.0
3104.0 4477.0
143.0 2019.0
2922.0 3598.0
4402.0 4317.0
1861.0 1710.0
1945.0 2294.0
4666.0 3182.0
1638.0 2836.0
2306.0 672.0
2294.0 266.0
4195.0 2942.0
2437.0 1088.0
4204.0 3329.0
4488.0 3829.0
360.0 2377.0
2254.0 2695.0
3320.0 4213.0
4090.0 4630.0
4655.0 4645.0
2864.0 2673.0
308.0 1759.0
3698.0 3504.0
36.0 867.0
3190.0 4477.0
1290.0 1081.0
2204.0 2690.0
268.0 2145.0
1241.0 2414.0
930.0 2070.0
1064.0 1605.0
3722.0 3444.0
2801.0 97.0
4386.0 3780.0
2537.0 930.0
1411.0 2173.0
2938.0 3419.0
4205.0 4020.0
2786.0 2297.0
2350.0 1207.0
1276.0 2034.0
3511.0 3282.0
783.0 60.0
1875.0 1830.0
2133.0 2207.0
3381.0 4502.0
653.0 1094.0
4655.0 4307.0
522.0 4477.0
1309.0 2305.0
842.0 2009.0
343.0 4477.0
2956.0 3189.0
2372.0 2733.0
1576.0 1066.0
1638.0 186.0
1692.0 2417.0
2041.0 2787.0
2236.0 2749.0
2083.0 2404.0
2554.0 2399.0
76.0 1463.0
3858.0 3727.0
1255.0 1770.0
2963.0 4320.0
3041.0 4306.0
2848.0 2776.0
1542.0 2064.0
2749.0 1049.0
1477.0 1844.0
1218.0 4477.0
2429.0 626.0
1542.0 2512.0
3989.0 4526.0
2311.0 2314.0
551.0 1390.0
4284.0 3227.0
3178.0 4477.0
252.0 290.0
1980.0 2774.0
2388.0 1053.0
435.0 36.0
2657.0 2711.0
3253.0 3065.0
3688.0 3768.0
1783.0 1394.0
351.0 1373.0
166.0 2028.0
3612.0 4101.0
2052.0 1010.0
2317.0 1436.0
1912.0 2314.0
2617.0 2666.0
3580.0 3757.0
1649.0 1946.0
4369.0 3784.0
3758.0 4273.0
1035.0 1088.0
1350.0 4477.0
1634.0 1432.0
212.0 1745.0
3372.0 3528.0
4151.0 3342.0
1980.0 1920.0
1742.0 740.0
2843.0 2278.0
1621.0 254.0
2553.0 683.0
4226.0 4261.0
623.0 498.0
2031.0 2703.0
3217.0 3642.0
3513.0 3224.0
3453.0 3429.0
3979.0 4339.0
82.0 2420.0
4467.0 3525.0
1010.0 2260.0
3702.0 4096.0
3994.0 4438.0
1218.0 1920.0
222.0 2547.0
203.0 2672.0
4299.0 4117.0
610.0 1588.0
1493.0 1889.0
459.0 2437.0
3124.0 4209.0
548.0 1824.0
3886.0 4010.0
1424.0 2892.0
1422.0 1365.0
3084.0 4334.0
2625.0 756.0
3115.0 3236.0
2426.0 4477.0
1754.0 1822.0
890.0 1686.0
3878.0 3947.0
2576.0 2708.0
1367.0 737.0
3674.0 3494.0
1756.0 1337.0
683.0 967.0
2409.0 2591.0
500.0 995.0
3920.0 4433.0
3017.0 3799.0
1957.0 1523.0
975.0 1073.0
3602.0 3429.0
3373.0 3551.0
71.0 2098.0
1140.0 678.0
3279.0 4243.0
156.0 200.0
1420.0 1588.0
261.0 1505.0
663.0 2171.0
693.0 1609.0
3162.0 3111.0
4542.0 4427.0
4279.0 3568.0
2556.0 4020.0
3658.0 4477.0
612.0 2059.0
3092.0 4020.0
4375.0 4641.0
1749.0 93.0
3949.0 4020.0
251.0 1018.0
1239.0 1881.0
48.0 175.0
1359.0 196.0
1307.0 2777.0
853.0 1937.0
773.0 1453.0
1557.0 1840.0
4582.0 4579.0
2760.0 390.0
814.0 1350.0
4176.0 3010.0
4217.0 2970.0
2379.0 2451.0
4227.0 4460.0
11.0 1262.0
2933.0 3112.0
3094.0 3695.0
240.0 2134.0
2693.0 2863.0
4542.0 3170.0
2777.0 454.0
3610.0 4477.0
1270.0 1744.0
4481.0 3627.0
1721.0 1742.0
830.0 2447.0
4362.0 4185.0
4376.0 4657.0
916.0 475.0
253.0 609.0
3451.0 3528.0
2771.0 2810.0
1128.0 774.0
774.0 1286.0
2633.0 2618.0
4482.0 3469.0
2463.0 2351.0
2497.0 3558.0
2890.0 2726.0
1948.0 431.0
1668.0 4477.0
357.0 980.0
1742.0 2028.0
658.0 2106.0
2284.0 2116.0
3247.0 3265.0
4256.0 3514.0
4163.0 3537.0
168.0 2644.0
3228.0 4371.0
831.0 2560.0
2906.0 361.0
1962.0 1990.0
4279.0 4399.0
996.0 197.0
1381.0 1980.0
846.0 2726.0
2651.0 1527.0
2529.0 2842.0
3657.0 4020.0
1610.0 271.0
3757.0 3389.0
4338.0 3203.0
541.0 1015.0
2218.0 462.0
2489.0 1611.0
3528.0 3574.0
577.0 2875.0
571.0 2884.0
1935.0 1106.0
821.0 2400.0
78.0 2280.0
387.0 1470.0
505.0 149.0
2994.0 3054.0
3247.0 3695.0
3175.0 4158.0
3874.0 3919.0
1608.0 2327.0
2911.0 3767.0
1351.0 381.0
2623.0 1023.0
2169.0 2481.0
3225.0 4052.0
1544.0 1297.0
4275.0 4351.0
1738.0 3147.0
4336.0 4110.0
2204.0 2382.0
4125.0 4502.0
1039.0 2906.0
3265.0 4145.0
2057.0 219.0
4532.0 4037.0
1094.0 4020.0
2932.0 3821.0
4515.0 4041.0
530.0 1350.0
3006.0 4519.0
4194.0 3384.0
279.0 1485.0
1072.0 2282.0
2229.0 2789.0
803.0 944.0
3091.0 4469.0
2870.0 323.0
4391.0 3175.0
3549.0 3620.0
2497.0 4551.0
773.0 2492.0
1020.0 1636.0
2471.0 1617.0
265.0 2274.0
3352.0 4685.0
2521.0 2648.0
3007.0 4264.0
3511.0 3301.0
2365.0 197.0
360.0 2575.0
3161.0 3435.0
2827.0 1500.0
4469.0 4014.0
4483.0 4006.0
3302.0 3107.0
1241.0 1298.0
809.0 1605.0
3979.0 3367.0
2479.0 2575.0
200.0 465.0
4129.0 3243.0
3526.0 3726.0
150.0 2292.0
1573.0 581.0
1359.0 1612.0
2815.0 1704.0
2030.0 1922.0
2887.0 1335.0
270.0 770.0
2958.0 4414.0
264.0 449.0
2935.0 3905.0
1640.0 1098.0
4367.0 4057.0
1767.0 2119.0
3035.0 3487.0
741.0 1571.0
2237.0 4477.0
48.0 1058.0
3809.0 3494.0
1892.0 2194.0
331.0 446.0
2656.0 4477.0
2239.0 529.0
1319.0 2847.0
23.0 4477.0
351.0 1213.0
3595.0 3385.0
1991.0 2670.0
1632.0 2548.0
2169.0 956.0
1806.0 2855.0
3812.0 4074.0
2562.0 2042.0
251.0 472.0
2516.0 2641.0
4073.0 4477.0
123.0 2726.0
3484.0 4477.0
3036.0 4063.0
2075.0 2641.0
93.0 287.0
339.0 806.0
346.0 2321.0
4631.0 4477.0
1925.0 667.0
3262.0 3904.0
4571.0 4453.0
4358.0 4485.0
4145.0 4671.0
38.0 636.0
3269.0 4428.0
2264.0 2089.0
2682.0 1211.0
1210.0 2605.0
2073.0 2524.0
1987.0 2300.0
2560.0 2771.0
3796.0 3688.0
93.0 642.0
2001.0 2027.0
1952.0 1637.0
2018.0 674.0
1240.0 738.0
375.0 2300.0
4565.0 3295.0
2744.0 1021.0
76.0 2084.0
2958.0 3597.0
1391.0 1921.0
1158.0 1752.0
3741.0 4229.0
900.0 2056.0
3450.0 3497.0
3489.0 4486.0
214.0 2805.0
2565.0 1653.0
1721.0 1410.0
4603.0 3647.0
2528.0 2027.0
4681.0 3389.0
1927.0 1518.0
1612.0 2171.0
1437.0 2642.0
3041.0 3173.0
248.0 138.0
1143.0 2279.0
884.0 550.0
1134.0 2075.0
4312.0 3953.0
1721.0 4477.0
4420.0 4072.0
316.0 1440.0
4457.0 3640.0
645.0 1832.0
3521.0 3003.0
1061.0 1468.0
4159.0 3649.0
1376.0 2647.0
2062.0 2108.0
2721.0 217.0
1180.0 619.0
1005.0 325.0
388.0 1350.0
955.0 1121.0
3681.0 4120.0
2410.0 1088.0
214.0 2027.0
412.0 1389.0
2665.0 1523.0
4186.0 3284.0
4438.0 4545.0
1498.0 678.0
587.0 495.0
4406.0 3611.0
4465.0 3818.0
3381.0 3606.0
1857.0 532.0
527.0 2858.0
2194.0 1170.0
1195.0 1881.0
561.0 2862.0
1429.0 2642.0
418.0 1572.0
1788.0 1889.0
4122.0 4379.0
2031.0 2326.0
537.0 1139.0
2225.0 2491.0
1713.0 1789.0
1437.0 2457.0
2216.0 2516.0
1704.0 2405.0
1939.0 2818.0
1991.0 762.0
3252.0 3264.0
1623.0 2558.0
1102.0 2226.0
187.0 408.0
1875.0 1436.0
360.0 569.0
2826.0 296.0
1068.0 1786.0
4469.0 4126.0
2031.0 97.0
2986.0 3666.0
1880.0 2330.0
1127.0 2777.0
3091.0 4014.0
1363.0 2023.0
3058.0 4246.0
2533.0 2386.0
244.0 309.0
753.0 700.0
879.0 1796.0
3979.0 4415.0
1878.0 87.0
4261.0 4014.0
462.0 761.0
3172.0 4124.0
2085.0 1289.0
3420.0 3957.0
1596.0 2046.0
1875.0 2519.0
2870.0 302.0
2325.0 549.0
1781.0 4477.0
4561.0 3284.0
3217.0 3953.0
4593.0 3870.0
4507.0 3076.0
4644.0 4094.0
3113.0 4315.0
449.0 2696.0
3868.0 3756.0
1490.0 1952.0
321.0 650.0
1902.0 2707.0
474.0 943.0
3111.0 3207.0
1403.0 1359.0
86.0 4020.0
1941.0 1314.0
256.0 658.0
4468.0 2999.0
2991.0 3111.0
2145.0 2474.0
214.0 2563.0
971.0 1529.0
1350.0 1517.0
541.0 1033.0
4614.0 3595.0
970.0 218.0
3681.0 3997.0
2501.0 284.0
2404.0 2686.0
395.0 2609.0
927.0 1864.0
2466.0 2425.0
614.0 2150.0
472.0 800.0
4350.0 3195.0
69.0 287.0
3043.0 3060.0
610.0 639.0
832.0 1139.0
2282.0 4020.0
123.0 2561.0
4201.0 4485.0
3579.0 4463.0
3352.0 4238.0
4667.0 4609.0
488.0 978.0
2662.0 1604.0
3205.0 3832.0
911.0 2628.0
739.0 2080.0
687.0 1555.0
3092.0 3540.0
510.0 1012.0
4604.0 4177.0
4303.0 3504.0
184.0 238.0
1323.0 2479.0
3918.0 3855.0
293.0 653.0
1267.0 2363.0
751.0 1139.0
62.0 238.0
4669.0 3217.0
612.0 179.0
2753.0 1003.0
479.0 328.0
4287.0 4521.0
3314.0 4507.0
3515.0 3444.0
4131.0 4254.0
4257.0 3519.0
4023.0 3574.0
1444.0 869.0
2665.0 2596.0
2305.0 1621.0
2228.0 2485.0
3231.0 3325.0
2834.0 345.0
3778.0 3503.0
1189.0 1893.0
1005.0 1617.0
639.0 2551.0
2691.0 2664.0
1912.0 1889.0
3862.0 3229.0
3735.0 4500.0
649.0 1261.0
4053.0 3385.0
585.0 1980.0
316.0 3147.0
3358.0 4671.0
376.0 2001.0
1786.0 423.0
1685.0 1745.0
1326.0 581.0
4333.0 4377.0
3368.0 4529.0
3782.0 4243.0
828.0 182.0
882.0 2066.0
4055.0 4358.0
1172.0 666.0
3813.0 3132.0
3634.0 3492.0
1315.0 1589.0
73.0 2873.0
606.0 1944.0
1490.0 1139.0
1404.0 2216.0
1523.0 1558.0
3344.0 3190.0
4111.0 4424.0
2499.0 126.0
2620.0 2238.0
4395.0 3324.0
3001.0 3003.0
279.0 243.0
1355.0 1273.0
2662.0 506.0
1473.0 2673.0
507.0 2429.0
732.0 1748.0
3206.0 3648.0
2611.0 2785.0
3447.0 3919.0
732.0 2667.0
460.0 499.0
1315.0 2699.0
3460.0 4133.0
455.0 527.0
4389.0 3194.0
458.0 1021.0
3118.0 4445.0
4496.0 4502.0
3939.0 3138.0
1842.0 4477.0
4546.0 4595.0
1660.0 1394.0
2329.0 626.0
1097.0 1305.0
1670.0 606.0
2684.0 437.0
3495.0 4651.0
1933.0 2404.0
803.0 2738.0
497.0 1588.0
1322.0 2873.0
3779.0 4529.0
192.0 1222.0
3453.0 4020.0
1007.0 1308.0
2085.0 655.0
600.0 1152.0
3630.0 4445.0
3437.0 4520.0
210.0 546.0
2566.0 431.0
1494.0 2417.0
1652.0 2391.0
1778.0 1065.0
1421.0 2427.0
938.0 2353.0
3720.0 4588.0
555.0 2822.0
2227.0 2547.0
1158.0 2181.0
4425.0 4477.0
2777.0 666.0
1544.0 1202.0
989.0 1916.0
748.0 2143.0
1255.0 2634.0
3358.0 4633.0
4198.0 3567.0
3711.0 3135.0
3907.0 3418.0
153.0 1280.0
822.0 2863.0
543.0 2027.0
1184.0 4020.0
103.0 1964.0
1019.0 1653.0
3679.0 4277.0
1844.0 4477.0
1266.0 1652.0
245.0 2414.0
2827.0 1494.0
467.0 2184.0
2193.0 923.0
3267.0 3450.0
4672.0 3127.0
992.0 2751.0
2455.0 1393.0
3439.0 3447.0
2449.0 2440.0
1398.0 2528.0
63.0 813.0
2018.0 1588.0
119.0 2203.0
288.0 2556.0
1159.0 2184.0
1536.0 806.0
1640.0 1065.0
2031.0 2302.0
1796.0 1970.0
2537.0 1826.0
3994.0 4139.0
3580.0 3396.0
996.0 4477.0
605.0 1033.0
1176.0 2434.0
1401.0 1437.0
3665.0 3173.0
1878.0 2650.0
3392.0 3182.0
224.0 2581.0
3082.0 4477.0
1662.0 2054.0
1432.0 2401.0
3251.0 3611.0
2596.0 2780.0
1134.0 1745.0
1648.0 1373.0
1059.0 4477.0
333.0 908.0
1033.0 1088.0
382.0 1605.0
2918.0 3151.0
620.0 1470.0
3156.0 4252.0
790.0 1139.0
1341.0 1790.0
448.0 2068.0
2365.0 2479.0
364.0 2726.0
3388.0 4477.0
2466.0 781.0
1603.0 2497.0
980.0 2210.0
1257.0 2029.0
4319.0 4020.0
840.0 1388.0
2391.0 2726.0
867.0 1383.0
1935.0 574.0
3706.0 3779.0
4262.0 4397.0
1472.0 366.0
2340.0 1286.0
433.0 2145.0
2444.0 1377.0
3035.0 3170.0
3786.0 3274.0
26.0 1556.0
1752.0 1065.0
4487.0 3457.0
1629.0 4477.0
1307.0 1958.0
2525.0 431.0
1504.0 959.0
4439.0 4620.0
1609.0 197.0
1647.0 2191.0
1704.0 1676.0
413.0 2900.0
4501.0 3375.0
229.0 3641.0
2152.0 2738.0
208.0 1686.0
1194.0 1434.0
1709.0 1236.0
489.0 1507.0
725.0 2423.0
1547.0 1704.0
3862.0 3695.0
2612.0 2428.0
2765.0 2726.0
2035.0 1667.0
75.0 2151.0
3784.0 4454.0
3112.0 3420.0
3137.0 3543.0
1250.0 947.0
259.0 1639.0
4378.0 2973.0
1246.0 1168.0
240.0 816.0
2204.0 1541.0
400.0 465.0
3107.0 3160.0
1552.0 4477.0
2391.0 2863.0
876.0 4477.0
821.0 2669.0
3973.0 4544.0
2945.0 3389.0
3035.0 3662.0
4259.0 4360.0
4476.0 4534.0
3086.0 4208.0
1427.0 1433.0
3333.0 3894.0
1066.0 800.0
3267.0 4208.0
4330.0 3528.0
2680.0 4429.0
2696.0 2849.0
4062.0 3507.0
2600.0 1967.0
846.0 93.0
1124.0 139.0
3270.0 4004.0
4424.0 3146.0
3815.0 3472.0
3358.0 3380.0
3946.0 2982.0
1001.0 2350.0
2977.0 3399.0
240.0 849.0
1209.0 4477.0
2945.0 3629.0
1532.0 2591.0
4478.0 4477.0
2876.0 2601.0
3580.0 4614.0
1299.0 1202.0
4648.0 4462.0
3263.0 3740.0
320.0 1393.0
194.0 4290.0
3844.0 4502.0
2838.0 2097.0
4142.0 3329.0
2229.0 2432.0
3455.0 4020.0
3149.0 4094.0
1946.0 1081.0
4517.0 4355.0
1710.0 2495.0
3430.0 3477.0
2182.0 2502.0
694.0 1335.0
2246.0 1045.0
2445.0 2146.0
4273.0 4213.0
257.0 486.0
4258.0 3208.0
2785.0 908.0
4677.0 3751.0
3209.0 3649.0
292.0 328.0
1199.0 1905.0
468.0 2761.0
2674.0 849.0
3510.0 4328.0
3112.0 3822.0
3510.0 4394.0
4676.0 3537.0
1281.0 241.0
1236.0 1462.0
3183.0 3718.0
1866.0 1153.0
2031.0 2423.0
3169.0 4477.0
2635.0 4020.0
49.0 1555.0
4514.0 4020.0
55.0 3296.0
2463.0 217.0
143.0 631.0
4514.0 3073.0
239.0 1039.0
1155.0 2679.0
810.0 1708.0
3236.0 4336.0
3513.0 4275.0
190.0 1946.0
849.0 1296.0
1446.0 2597.0
1353.0 2559.0
3693.0 3651.0
38.0 511.0
3831.0 3107.0
2473.0 1054.0
1800.0 1529.0
757.0 1529.0
1833.0 2120.0
87.0 2093.0
2761.0 1214.0
1730.0 1967.0
429.0 1529.0
1331.0 4078.0
426.0 1571.0
2465.0 2740.0
2476.0 2511.0
548.0 2495.0
1903.0 1831.0
2999.0 3534.0
1189.0 1549.0
3526.0 4637.0
2203.0 2882.0
768.0 2591.0
725.0 1419.0
3553.0 4103.0
326.0 678.0
1710.0 1664.0
2087.0 2027.0
3460.0 4010.0
1880.0 1745.0
3108.0 3564.0
2140.0 3657.0
2055.0 2070.0
1884.0 197.0
552.0 349.0
3047.0 3955.0
409.0 2253.0
4369.0 3917.0
2190.0 139.0
3634.0 4577.0
1302.0 102.0
3125.0 3374.0
1322.0 4477.0
3798.0 4605.0
1174.0 1339.0
1803.0 1768.0
3746.0 4193.0
304.0 2849.0
2201.0 844.0
3710.0 2990.0
2220.0 495.0
4275.0 4644.0
2144.0 4477.0
1279.0 1799.0
1427.0 529.0
4517.0 3525.0
4270.0 3289.0
2438.0 1099.0
1932.0 1499.0
287.0 665.0
2939.0 4477.0
1773.0 4477.0
3546.0 3630.0
504.0 2812.0
2777.0 4477.0
200.0 1743.0
3536.0 4459.0
674.0 1686.0
3368.0 4453.0
2492.0 1340.0
4656.0 3280.0
4267.0 2951.0
2920.0 3586.0
1602.0 3847.0
3838.0 4159.0
2144.0 738.0
3259.0 3809.0
2991.0 3115.0
1943.0 4477.0
966.0 971.0
3623.0 4133.0
1969.0 1499.0
849.0 1572.0
3352.0 4418.0
4097.0 4380.0
3107.0 4601.0
1289.0 1712.0
2876.0 574.0
3376.0 4107.0
4399.0 4488.0
3245.0 3291.0
1354.0 1207.0
507.0 492.0
4681.0 3904.0
4648.0 3785.0
2806.0 1799.0
3766.0 4065.0
61.0 2667.0
983.0 4477.0
2347.0 2679.0
2701.0 4020.0
393.0 2401.0
54.0 2682.0
23.0 2385.0
3483.0 3587.0
1877.0 1624.0
419.0 1831.0
2532.0 1088.0
954.0 1577.0
4106.0 4384.0
134.0 1705.0
3812.0 3873.0
1064.0 1505.0
2465.0 846.0
2143.0 4477.0
2937.0 4221.0
1199.0 2353.0
1921.0 2722.0
1187.0 2855.0
2849.0 2027.0
955.0 1881.0
2703.0 4477.0
2534.0 2453.0
3450.0 4391.0
2978.0 3065.0
620.0 529.0
2945.0 4614.0
3301.0 4074.0
4223.0 4477.0
3198.0 4486.0
2565.0 1377.0
4221.0 4477.0
1849.0 2078.0
3886.0 4201.0
679.0 2159.0
123.0 2382.0
1353.0 1349.0
2152.0 2116.0
1051.0 2253.0
4493.0 3459.0
2038.0 898.0
4433.0 4477.0
2869.0 1436.0
2584.0 2206.0
3117.0 4213.0
370.0 1599.0
1045.0 1620.0
2632.0 2634.0
2130.0 1046.0
3938.0 4477.0
1777.0 1838.0
4595.0 3683.0
998.0 1736.0
1620.0 4477.0
2021.0 693.0
3007.0 4020.0
4594.0 3801.0
3777.0 3785.0
3759.0 3213.0
1424.0 4477.0
3262.0 3350.0
1673.0 1538.0
2503.0 4477.0
272.0 3949.0
526.0 2120.0
3324.0 3330.0
11.0 1306.0
3052.0 4410.0
1474.0 1791.0
3819.0 4245.0
3297.0 4187.0
1369.0 2027.0
479.0 2161.0
3055.0 4293.0
1044.0 1654.0
1857.0 2512.0
1814.0 2261.0
2480.0 2751.0
606.0 1854.0
579.0 1359.0
2989.0 3035.0
3925.0 4477.0
1537.0 2367.0
1661.0 1705.0
4539.0 4477.0
1014.0 690.0
1961.0 2548.0
2983.0 3649.0
2959.0 3951.0
2046.0 1745.0
4496.0 4020.0
2172.0 2059.0
778.0 1840.0
1771.0 4477.0
998.0 695.0
2670.0 2353.0
4680.0 3821.0
1601.0 2833.0
588.0 921.0
1156.0 1717.0
3829.0 4292.0
350.0 1947.0
3077.0 3555.0
1632.0 2679.0
982.0 1124.0
1847.0 628.0
1154.0 2667.0
3700.0 3935.0
3959.0 3289.0
3058.0 3209.0
2511.0 2211.0
1348.0 558.0
851.0 2850.0
4183.0 3033.0
1279.0 1407.0
523.0 1363.0
1213.0 1605.0
3955.0 3842.0
4258.0 4033.0
683.0 1733.0
4250.0 4477.0
1117.0 2682.0
4410.0 3509.0
2037.0 1471.0
3338.0 3605.0
371.0 1697.0
1740.0 2349.0
2439.0 2780.0
3221.0 4407.0
3116.0 3588.0
3553.0 4088.0
2471.0 1832.0
3322.0 4574.0
1571.0 2320.0
2262.0 2399.0
3738.0 4498.0
4439.0 4458.0
1154.0 1546.0
2523.0 2165.0
1015.0 869.0
2673.0 2295.0
3435.0 4469.0
2642.0 284.0
2439.0 1634.0
1180.0 1880.0
1870.0 1260.0
321.0 1875.0
799.0 1697.0
1328.0 1398.0
2174.0 2332.0
2984.0 4649.0
747.0 1456.0
1643.0 2339.0
2251.0 132.0
15.0 917.0
3534.0 3714.0
4257.0 4029.0
805.0 1636.0
3085.0 4020.0
3285.0 3432.0
1870.0 1651.0
2566.0 243.0
688.0 348.0
320.0 1395.0
1652.0 2251.0
3191.0 4464.0
1254.0 2479.0
1125.0 1531.0
1036.0 1583.0
4347.0 3768.0
2822.0 36.0
2169.0 348.0
3266.0 4477.0
2991.0 3809.0
3328.0 2974.0
3570.0 4445.0
3432.0 4381.0
1060.0 153.0
772.0 4477.0
242.0 477.0
148.0 1832.0
1752.0 97.0
1639.0 2320.0
477.0 2768.0
1639.0 1349.0
1312.0 2282.0
3254.0 3570.0
3359.0 3627.0
2522.0 1065.0
3116.0 3009.0
199.0 499.0
48.0 2595.0
125.0 4477.0
2028.0 740.0
3601.0 4321.0
44.0 1638.0
966.0 1529.0
776.0 964.0
998.0 906.0
2080.0 346.0
4441.0 3933.0
1914.0 382.0
1035.0 1129.0
669.0 1630.0
1258.0 2008.0
1019.0 4020.0
2479.0 522.0
761.0 361.0
4464.0 4487.0
622.0 1933.0
2777.0 2825.0
4049.0 3189.0
3554.0 3036.0
401.0 2330.0
2539.0 1752.0
2985.0 2994.0
3862.0 3968.0
1751.0 404.0
4185.0 4055.0
19.0 4477.0
1266.0 2601.0
3349.0 3714.0
3048.0 4165.0
2050.0 944.0
2924.0 4469.0
669.0 830.0
3088.0 4498.0
3141.0 3309.0
2707.0 806.0
1015.0 2645.0
906.0 2672.0
1117.0 34.0
3046.0 4575.0
75.0 145.0
1029.0 1845.0
3022.0 4614.0
2200.0 2726.0
2673.0 4011.0
4493.0 3913.0
2691.0 1881.0
1975.0 1284.0
1419.0 2739.0
3439.0 3538.0
61.0 2524.0
2326.0 1077.0
1828.0 2757.0
3368.0 3369.0
2961.0 3898.0
3416.0 4153.0
3311.0 3499.0
354.0 2054.0
550.0 698.0
3641.0 3155.0
1743.0 1018.0
1176.0 1417.0
4332.0 3863.0
4415.0 3457.0
3648.0 3953.0
3432.0 3574.0
4002.0 4477.0
4436.0 4499.0
2886.0 1944.0
1276.0 351.0
1136.0 2900.0
3109.0 4091.0
2192.0 262.0
3668.0 3949.0
537.0 2691.0
1090.0 1100.0
312.0 2548.0
468.0 2299.0
1289.0 1708.0
3099.0 3504.0
2800.0 4477.0
3859.0 4526.0
773.0 62.0
4149.0 4477.0
1438.0 995.0
1933.0 1756.0
402.0 1865.0
2038.0 1353.0
3308.0 4118.0
4238.0 3069.0
4644.0 4494.0
878.0 2124.0
3648.0 4519.0
2658.0 730.0
2085.0 2127.0
2702.0 1377.0
294.0 165.0
3184.0 4477.0
3025.0 3264.0
952.0 1548.0
2329.0 1492.0
3828.0 3572.0
1700.0 1773.0
613.0 817.0
2117.0 993.0
3543.0 3579.0
1857.0 1868.0
3633.0 4410.0
1786.0 2100.0
1287.0 1704.0
1543.0 4477.0
360.0 1285.0
3874.0 4088.0
77.0 2466.0
3435.0 4261.0
3587.0 3741.0
3264.0 4477.0
3092.0 4453.0
3247.0 4020.0
1621.0 2064.0
4190.0 3791.0
3298.0 3550.0
3252.0 4304.0
3943.0 3702.0
834.0 32.0
4063.0 4018.0
3269.0 3819.0
47.0 1474.0
2407.0 4020.0
4108.0 4477.0
3448.0 4502.0
3100.0 4143.0
2412.0 215.0
1608.0 1752.0
2305.0 1271.0
4123.0 4551.0
3515.0 4166.0
3920.0 4018.0
1231.0 1046.0
969.0 1755.0
2206.0 2280.0
151.0 4477.0
1108.0 2058.0
280.0 2173.0
1100.0 1881.0
3274.0 4209.0
1576.0 2814.0
4352.0 3047.0
3908.0 3407.0
3078.0 3771.0
4357.0 3880.0
3126.0 3103.0
2065.0 179.0
828.0 1133.0
4426.0 4294.0
3692.0 3014.0
4628.0 3465.0
3482.0 3307.0
110.0 812.0
3132.0 4018.0
822.0 2039.0
4675.0 3282.0
480.0 1825.0
2395.0 709.0
2052.0 2633.0
4075.0 4477.0
4439.0 3572.0
3893.0 4526.0
2846.0 2743.0
1402.0 2640.0
1901.0 4477.0
306.0 2368.0
3139.0 4477.0
583.0 446.0
792.0 1579.0
3740.0 3748.0
3534.0 4547.0
1460.0 1098.0
4169.0 4139.0
1531.0 2900.0
2649.0 502.0
1986.0 2253.0
3879.0 3474.0
134.0 2064.0
3407.0 3564.0
4415.0 4460.0
3525.0 3652.0
3256.0 4551.0
1170.0 1258.0
365.0 586.0
1272.0 4020.0
954.0 84.0
1811.0 1539.0
1652.0 1065.0
4529.0 2944.0
3064.0 3460.0
1452.0 2680.0
3590.0 4642.0
1734.0 1972.0
1185.0 358.0
3063.0 4445.0
3001.0 3312.0
202.0 1335.0
4203.0 4347.0
192.0 417.0
1089.0 1443.0
473.0 2848.0
2978.0 4474.0
564.0 1141.0
1381.0 351.0
2382.0 2873.0
3500.0 3572.0
3711.0 4577.0
233.0 1942.0
4304.0 4252.0
384.0 2177.0
237.0 2763.0
2023.0 495.0
152.0 1326.0
441.0 1465.0
34.0 310.0
2558.0 2417.0
3013.0 3977.0
4428.0 3989.0
1297.0 2149.0
347.0 1561.0
1857.0 2386.0
990.0 160.0
352.0 2303.0
676.0 2697.0
792.0 2201.0
4196.0 4438.0
190.0 974.0
4355.0 4609.0
3207.0 4651.0
4030.0 4020.0
1150.0 191.0
603.0 1639.0
3513.0 4477.0
2658.0 2768.0
687.0 1397.0
1648.0 153.0
177.0 1336.0
233.0 1006.0
127.0 2844.0
409.0 1751.0
594.0 1012.0
4065.0 3284.0
4657.0 4415.0
2902.0 666.0
4303.0 4432.0
3058.0 4298.0
161.0 995.0
652.0 153.0
360.0 196.0
3688.0 4477.0
3363.0 3702.0
2372.0 2048.0
2210.0 2660.0
2529.0 1021.0
681.0 1617.0
3112.0 3944.0
119.0 1470.0
1041.0 1032.0
4660.0 4502.0
1544.0 393.0
1237.0 839.0
156.0 1401.0
770.0 1377.0
2204.0 502.0
125.0 2711.0
3822.0 4077.0
2294.0 928.0
2512.0 1139.0
2510.0 2184.0
4151.0 3554.0
4201.0 4285.0
1341.0 1889.0
1542.0 1139.0
3738.0 3690.0
3279.0 3036.0
1161.0 4477.0
2859.0 2451.0
4371.0 3324.0
1036.0 1133.0
3211.0 4423.0
296.0 2795.0
3113.0 4227.0
3533.0 4071.0
1634.0 454.0
3232.0 3082.0
3786.0 4148.0
2897.0 848.0
3387.0 3348.0
3027.0 3252.0
2470.0 1529.0
604.0 2634.0
231.0 2048.0
2957.0 3611.0
1582.0 2138.0
113.0 1472.0
4465.0 4129.0
2470.0 585.0
2189.0 2307.0
980.0 2308.0
3927.0 4350.0
110.0 869.0
2592.0 4020.0
4097.0 3877.0
2207.0 3377.0
3218.0 3604.0
318.0 2672.0
366.0 2347.0
4349.0 4651.0
251.0 454.0
308.0 1469.0
4315.0 4309.0
3598.0 4477.0
3523.0 3653.0
1509.0 2382.0
141.0 2191.0
1437.0 2557.0
2884.0 1436.0
4115.0 4251.0
3030.0 3964.0
490.0 2296.0
2653.0 2657.0
93.0 2621.0
3389.0 4059.0
555.0 312.0
434.0 4477.0
389.0 1574.0
2313.0 2604.0
1066.0 2362.0
1457.0 2092.0
3167.0 3965.0
1276.0 1505.0
3834.0 3211.0
1921.0 943.0
17.0 279.0
3298.0 4352.0
31.0 351.0
2859.0 236.0
737.0 4020.0
2888.0 2100.0
1833.0 1729.0
1511.0 2585.0
1266.0 2256.0
443.0 1765.0
3969.0 3239.0
226.0 1837.0
2439.0 1523.0
2983.0 3395.0
468.0 1605.0
3114.0 3847.0
603.0 2874.0
1177.0 4477.0
1964.0 1021.0
3005.0 3088.0
1139.0 1286.0
919.0 995.0
90.0 1140.0
3258.0 3528.0
4028.0 3808.0
295.0 1769.0
2924.0 4430.0
3778.0 4091.0
2397.0 2624.0
4201.0 3243.0
379.0 1756.0
3979.0 3997.0
1947.0 2366.0
73.0 2111.0
360.0 1441.0
44.0 1105.0
1105.0 2428.0
3525.0 4541.0
1948.0 2673.0
4150.0 3894.0
613.0 2524.0
3242.0 4081.0
3902.0 2918.0
2116.0 2738.0
320.0 1682.0
1217.0 2805.0
283.0 588.0
266.0 346.0
4255.0 3014.0
3495.0 4349.0
3179.0 3286.0
991.0 405.0
1931.0 2565.0
309.0 370.0
4255.0 4669.0
2778.0 782.0
1496.0 2493.0
345.0 1563.0
1136.0 2012.0
141.0 558.0
1929.0 2479.0
2194.0 4477.0
3217.0 4191.0
357.0 238.0
3566.0 4020.0
3873.0 4477.0
12.0 2279.0
608.0 2348.0
2410.0 1286.0
675.0 2196.0
1016.0 2400.0
588.0 2274.0
2048.0 1392.0
620.0 2253.0
3205.0 3380.0
3260.0 3088.0
2732.0 2778.0
3944.0 4018.0
955.0 4477.0
1915.0 2570.0
4603.0 3969.0
2533.0 943.0
2946.0 3045.0
1659.0 2645.0
1598.0 1943.0
1708.0 632.0
4478.0 3552.0
1838.0 2041.0
3358.0 3138.0
773.0 279.0
3772.0 3296.0
571.0 908.0
3607.0 4502.0
1187.0 1449.0
2564.0 606.0
1416.0 2615.0
3308.0 3989.0
4104.0 4070.0
461.0 1468.0
4118.0 4316.0
2334.0 2756.0
1407.0 2262.0
204.0 4477.0
112.0 2398.0
1419.0 2236.0
4208.0 3178.0
2669.0 2726.0
3854.0 4117.0
4660.0 4229.0
4194.0 4020.0
3887.0 3745.0
2913.0 3444.0
2506.0 2645.0
1104.0 4477.0
163.0 2786.0
1246.0 2476.0
180.0 1123.0
475.0 2426.0
3396.0 3542.0
4226.0 3509.0
962.0 1990.0
1939.0 2851.0
1593.0 2774.0
2386.0 2512.0
1045.0 1236.0
2928.0 4672.0
3640.0 4637.0
2270.0 1443.0
1283.0 2511.0
1039.0 2428.0
4148.0 3953.0
48.0 1419.0
525.0 1081.0
980.0 2726.0
3451.0 3345.0
3784.0 4187.0
48.0 798.0
1015.0 1139.0
280.0 1745.0
400.0 1158.0
743.0 1207.0
1686.0 2575.0
4333.0 4477.0
4367.0 4490.0
3102.0 737.0
2231.0 2393.0
2134.0 2127.0
1448.0 1812.0
2925.0 3597.0
2854.0 2421.0
3905.0 4104.0
3164.0 4477.0
2445.0 243.0
1354.0 1284.0
970.0 510.0
4558.0 4293.0
619.0 2679.0
1561.0 799.0
1221.0 564.0
2551.0 2755.0
1049.0 650.0
2631.0 1978.0
4471.0 3083.0
3366.0 4477.0
533.0 1617.0
528.0 499.0
3167.0 3708.0
4509.0 3546.0
512.0 2903.0
1239.0 361.0
4360.0 3085.0
188.0 1582.0
4395.0 3330.0
4464.0 3457.0
3592.0 3506.0
4324.0 3051.0
1437.0 2031.0
773.0 1214.0
589.0 958.0
1332.0 2414.0
3827.0 3547.0
3238.0 4020.0
3819.0 3132.0
98.0 928.0
4296.0 2989.0
1866.0 1168.0
198.0 2427.0
3269.0 3541.0
3047.0 4612.0
1583.0 1133.0
1062.0 1649.0
2346.0 1388.0
339.0 2220.0
424.0 1264.0
452.0 2726.0
295.0 2323.0
260.0 2500.0
764.0 1316.0
2254.0 1518.0
3328.0 4457.0
209.0 2062.0
724.0 2401.0
500.0 2591.0
4394.0 4029.0
1142.0 4477.0
81.0 537.0
4285.0 3459.0
4248.0 4094.0
818.0 1645.0
295.0 4477.0
44.0 422.0
2379.0 84.0
3435.0 4612.0
553.0 1016.0
520.0 2692.0
3328.0 4635.0
2958.0 4682.0
3432.0 3039.0
648.0 1824.0
3175.0 3683.0
3008.0 4082.0
2610.0 205.0
3365.0 3300.0
4428.0 3389.0
2440.0 2873.0
4492.0 4424.0
977.0 2301.0
4414.0 4682.0
1394.0 1484.0
313.0 2479.0
3878.0 4156.0
4601.0 3663.0
821.0 1401.0
1878.0 2200.0
1571.0 4477.0
110.0 1729.0
4513.0 4477.0
987.0 3969.0
274.0 4477.0
3148.0 3496.0
2103.0 2591.0
4217.0 3730.0
3061.0 3931.0
1089.0 1664.0
3055.0 3445.0
1242.0 1844.0
3566.0 4477.0
1621.0 318.0
80.0 2250.0
3955.0 4469.0
1279.0 2105.0
751.0 2253.0
2343.0 1966.0
1064.0 1327.0
1827.0 2417.0
3889.0 4460.0
906.0 1769.0
3796.0 3381.0
2096.0 243.0
2792.0 153.0
2437.0 548.0
636.0 727.0
1180.0 1112.0
2142.0 1407.0
4285.0 3164.0
4201.0 3981.0
4174.0 3052.0
1856.0 2090.0
1190.0 2451.0
822.0 2579.0
2148.0 34.0
3798.0 3611.0
2180.0 1339.0
407.0 852.0
809.0 585.0
484.0 2155.0
2438.0 1566.0
3232.0 3690.0
2076.0 799.0
2796.0 4477.0
1638.0 2518.0
4678.0 3753.0
958.0 2027.0
900.0 2497.0
4619.0 3669.0
166.0 2001.0
4102.0 4279.0
2996.0 4668.0
4446.0 4011.0
490.0 576.0
2781.0 2873.0
2209.0 2817.0
3249.0 4420.0
3387.0 4129.0
1843.0 2867.0
2076.0 92.0
3757.0 3528.0
1455.0 2774.0
1066.0 4477.0
957.0 1153.0
57.0 1888.0
286.0 2167.0
4145.0 3449.0
1375.0 1400.0
2557.0 1230.0
2540.0 2080.0
2319.0 632.0
1420.0 497.0
2010.0 2628.0
3163.0 4400.0
1418.0 1493.0
2996.0 2951.0
2654.0 4020.0
412.0 2886.0
3920.0 3034.0
579.0 1485.0
267.0 2301.0
4315.0 4606.0
620.0 1760.0
3907.0 3751.0
3358.0 4477.0
3628.0 3362.0
1334.0 1962.0
2044.0 2889.0
4054.0 3089.0
2511.0 1065.0
1334.0 558.0
2549.0 1378.0
2997.0 3329.0
1721.0 1151.0
188.0 222.0
1350.0 1471.0
4424.0 3050.0
2625.0 2423.0
916.0 848.0
643.0 2343.0
1566.0 1294.0
175.0 283.0
358.0 2401.0
1308.0 1743.0
4053.0 3753.0
240.0 1945.0
3513.0 4072.0
1062.0 1162.0
3274.0 3157.0
3731.0 3551.0
2097.0 2648.0
1744.0 2698.0
3036.0 3381.0
522.0 660.0
636.0 2105.0
2057.0 2188.0
699.0 4477.0
2986.0 4020.0
3491.0 4327.0
179.0 2882.0
2270.0 4477.0
3110.0 3258.0
688.0 427.0
513.0 804.0
3832.0 4543.0
3969.0 3742.0
11.0 1889.0
239.0 4477.0
3098.0 4206.0
2854.0 2054.0
4367.0 3498.0
1527.0 1338.0
3094.0 3968.0
2018.0 62.0
1384.0 1955.0
2821.0 713.0
2983.0 4167.0
3924.0 3444.0
3796.0 3713.0
4350.0 4305.0
2924.0 3178.0
11.0 1006.0
792.0 4477.0
4414.0 4643.0
2281.0 2504.0
2777.0 957.0
3312.0 4350.0
215.0 323.0
4584.0 4220.0
3767.0 4266.0
3102.0 1754.0
2304.0 2096.0
4167.0 4142.0
1420.0 967.0
4078.0 3805.0
1992.0 785.0
2049.0 300.0
1623.0 1721.0
11.0 1620.0
639.0 2206.0
4675.0 4074.0
3846.0 3926.0
3306.0 3726.0
2151.0 1275.0
724.0 1202.0
3796.0 3789.0
1444.0 2882.0
2115.0 151.0
3116.0 4273.0
3670.0 4479.0
230.0 1871.0
3868.0 3444.0
1769.0 1786.0
4028.0 4503.0
3722.0 4261.0
422.0 430.0
3787.0 3603.0
3254.0 4106.0
867.0 4477.0
192.0 2009.0
2665.0 1700.0
2077.0 2693.0
3163.0 4679.0
1624.0 1804.0
2977.0 3995.0
184.0 2511.0
3860.0 4212.0
3577.0 4609.0
535.0 1980.0
2036.0 179.0
1991.0 2451.0
2792.0 1605.0
505.0 950.0
4315.0 3574.0
4454.0 4599.0
2449.0 844.0
4003.0 4185.0
3696.0 3817.0
2786.0 121.0
1522.0 2726.0
1255.0 2528.0
639.0 4477.0
12.0 168.0
576.0 1006.0
2912.0 3454.0
979.0 2003.0
3087.0 3568.0
1086.0 1272.0
344.0 1973.0
2307.0 4477.0
4217.0 4343.0
72.0 2726.0
3966.0 4312.0
1315.0 2474.0
3563.0 4182.0
1532.0 1211.0
3578.0 4067.0
2843.0 2725.0
336.0 997.0
1039.0 1855.0
2239.0 4477.0
3194.0 3588.0
1541.0 1658.0
878.0 1157.0
4146.0 4406.0
3328.0 3607.0
1404.0 78.0
2736.0 795.0
349.0 1655.0
1819.0 328.0
2039.0 2204.0
4596.0 3313.0
2458.0 4477.0
1130.0 2484.0
2306.0 4477.0
4141.0 4370.0
3522.0 3582.0
1206.0 2821.0
244.0 1470.0
1782.0 1021.0
118.0 2483.0
4473.0 3398.0
645.0 2643.0
3091.0 3161.0
124.0 1025.0
3703.0 2978.0
522.0 1096.0
147.0 2875.0
2931.0 2954.0
3695.0 4048.0
954.0 2518.0
971.0 2774.0
3623.0 2990.0
3777.0 3864.0
3483.0 4673.0
3757.0 3777.0
417.0 2683.0
2928.0 3702.0
3372.0 3335.0
3887.0 3310.0
629.0 1748.0
2181.0 2384.0
3041.0 3243.0
3167.0 3462.0
4681.0 3843.0
3718.0 3866.0
3665.0 4218.0
807.0 318.0
3562.0 4477.0
4253.0 3432.0
3356.0 4456.0
3676.0 4281.0
116.0 2790.0
4394.0 4020.0
1621.0 4477.0
603.0 1349.0
4645.0 4210.0
2500.0 385.0
1399.0 2740.0
2659.0 1752.0
1763.0 1346.0
1127.0 1558.0
759.0 932.0
141.0 179.0
2578.0 2628.0
1159.0 908.0
391.0 1310.0
3872.0 4141.0
2387.0 1694.0
4269.0 3597.0
3055.0 3406.0
3710.0 4133.0
771.0 1878.0
1268.0 2157.0
2925.0 2971.0
1267.0 2682.0
3844.0 3014.0
47.0 975.0
2184.0 2205.0
3598.0 2954.0
3620.0 3370.0
2537.0 4556.0
3724.0 3792.0
232.0 1301.0
678.0 1952.0
2937.0 3528.0
643.0 1704.0
2945.0 3798.0
4271.0 2957.0
1751.0 1015.0
1350.0 2370.0
1856.0 2774.0
2167.0 4214.0
1764.0 93.0
4178.0 4213.0
558.0 2505.0
3128.0 4370.0
1344.0 482.0
2626.0 1499.0
4453.0 4020.0
2302.0 1077.0
737.0 893.0
3475.0 4616.0
3215.0 3389.0
3018.0 3235.0
364.0 2544.0
4259.0 3584.0
1656.0 1989.0
2303.0 1234.0
459.0 4477.0
512.0 4020.0
3934.0 4327.0
3873.0 4384.0
118.0 2208.0
2945.0 3611.0
2539.0 2401.0
3884.0 4210.0
841.0 1736.0
42.0 2786.0
1868.0 1450.0
264.0 1147.0
1884.0 2251.0
3939.0 4479.0
4119.0 3342.0
3533.0 3135.0
292.0 1497.0
4574.0 4502.0
3196.0 3320.0
2711.0 1033.0
4158.0 4649.0
3905.0 3928.0
722.0 2043.0
1294.0 1822.0
1893.0 2174.0
1714.0 4477.0
4136.0 4477.0
4546.0 4477.0
2325.0 44.0
3947.0 3296.0
3158.0 4091.0
1888.0 1038.0
291.0 1962.0
1720.0 2285.0
1072.0 868.0
1091.0 849.0
1900.0 243.0
1366.0 3594.0
4025.0 4342.0
3046.0 3900.0
3929.0 3433.0
924.0 2238.0
1833.0 526.0
370.0 1375.0
926.0 2291.0
284.0 1436.0
3720.0 4059.0
319.0 78.0
1491.0 221.0
851.0 2672.0
114.0 1804.0
67.0 2437.0
1481.0 690.0
4389.0 4438.0
3844.0 4477.0
3354.0 3740.0
1127.0 1158.0
237.0 2673.0
3791.0 3492.0
3305.0 4561.0
1777.0 2586.0
2068.0 3114.0
4182.0 4285.0
691.0 931.0
2696.0 817.0
3714.0 4088.0
1921.0 1881.0
132.0 1098.0
3007.0 4477.0
614.0 1507.0
1711.0 2786.0
2023.0 2003.0
2596.0 1466.0
1765.0 2731.0
490.0 236.0
4122.0 4597.0
822.0 1878.0
3310.0 3445.0
2623.0 803.0
1143.0 1980.0
2993.0 4477.0
2255.0 185.0
3495.0 3598.0
3234.0 4139.0
1119.0 221.0
239.0 2185.0
4364.0 4477.0
2439.0 2048.0
4098.0 2957.0
819.0 1490.0
1267.0 1673.0
3536.0 3680.0
2870.0 2472.0
192.0 2493.0
2639.0 1712.0
1239.0 1569.0
1098.0 1392.0
2809.0 1745.0
3058.0 4469.0
1237.0 2486.0
65.0 167.0
3206.0 3853.0
2024.0 165.0
3812.0 4349.0
4127.0 4477.0
2664.0 4477.0
3303.0 3513.0
306.0 2326.0
1118.0 1172.0
898.0 2809.0
1108.0 36.0
3797.0 3892.0
3196.0 3574.0
712.0 1878.0
4320.0 3207.0
72.0 1796.0
1705.0 2645.0
431.0 358.0
1962.0 2868.0
4006.0 4477.0
1254.0 1417.0
850.0 4477.0
407.0 778.0
1778.0 2726.0
334.0 1771.0
3956.0 3528.0
1382.0 4477.0
3978.0 3156.0
12.0 1034.0
4518.0 3473.0
3620.0 3268.0
934.0 1009.0
3927.0 2969.0
2565.0 2804.0
2382.0 1651.0
283.0 822.0
3113.0 2951.0
1875.0 93.0
3033.0 4492.0
3653.0 4477.0
658.0 2145.0
3621.0 4020.0
4246.0 4337.0
178.0 706.0
2920.0 3552.0
1660.0 1015.0
48.0 1511.0
3656.0 4061.0
4104.0 3057.0
4468.0 4532.0
4588.0 4178.0
2780.0 1591.0
1918.0 2270.0
4054.0 4392.0
4011.0 3759.0
4499.0 4634.0
1182.0 1654.0
2766.0 1707.0
581.0 4477.0
3765.0 4099.0
3580.0 4308.0
1377.0 4020.0
773.0 2479.0
3111.0 4210.0
100.0 1104.0
807.0 1580.0
160.0 1196.0
3634.0 4029.0
3263.0 3296.0
2268.0 4477.0
4588.0 3335.0
2875.0 2606.0
435.0 945.0
3982.0 4477.0
2125.0 155.0
3224.0 4477.0
2517.0 845.0
4506.0 4099.0
1537.0 2677.0
3528.0 4216.0
2361.0 2783.0
2820.0 2260.0
646.0 423.0
3843.0 3217.0
3362.0 3178.0
3269.0 3372.0
3785.0 4532.0
4671.0 4181.0
364.0 2749.0
3766.0 3948.0
778.0 1557.0
4306.0 3047.0
541.0 2664.0
1620.0 2745.0
2483.0 2247.0
4151.0 4407.0
778.0 2401.0
3124.0 3926.0
2145.0 2236.0
4315.0 3078.0
370.0 1831.0
1976.0 345.0
3497.0 3620.0
1064.0 1358.0
919.0 44.0
2951.0 4294.0
3950.0 4203.0
294.0 1338.0
1035.0 1025.0
1971.0 2813.0
1900.0 2391.0
3779.0 3887.0
1783.0 694.0
3185.0 3488.0
1437.0 2423.0
3834.0 4477.0
729.0 2772.0
3053.0 4181.0
4637.0 3445.0
642.0 382.0
4301.0 3118.0
4400.0 4006.0
4623.0 2958.0
4065.0 4489.0
2558.0 2774.0
1422.0 1664.0
489.0 1163.0
4309.0 4480.0
4190.0 4502.0
2986.0 4079.0
2497.0 3368.0
1598.0 2035.0
3376.0 4683.0
708.0 2235.0
219.0 1231.0
2879.0 2918.0
1546.0 2813.0
387.0 1201.0
2379.0 4477.0
1860.0 1445.0
3791.0 4117.0
3741.0 4318.0
1180.0 502.0
4456.0 4477.0
4062.0 3829.0
1105.0 2110.0
254.0 1716.0
1982.0 878.0
3379.0 4083.0
487.0 2078.0
409.0 2715.0
1474.0 2314.0
3290.0 4294.0
3529.0 3821.0
2465.0 1230.0
4582.0 3335.0
2713.0 454.0
105.0 4477.0
2951.0 3683.0
4271.0 4379.0
3232.0 3179.0
2665.0 2372.0
1856.0 2834.0
3034.0 4477.0
4636.0 4368.0
1958.0 4477.0
1875.0 2223.0
730.0 2108.0
1529.0 1704.0
298.0 880.0
669.0 1697.0
1366.0 1832.0
4118.0 3691.0
3511.0 4082.0
1234.0 652.0
2557.0 2241.0
3784.0 3824.0
200.0 1163.0
2382.0 2765.0
1427.0 405.0
1280.0 2573.0
297.0 318.0
2711.0 119.0
3140.0 3491.0
4431.0 4156.0
3372.0 4428.0
865.0 1541.0
2822.0 2634.0
1126.0 1601.0
2700.0 2027.0
173.0 2173.0
312.0 511.0
1058.0 1596.0
2843.0 2850.0
11.0 758.0
26.0 309.0
1955.0 1082.0
1171.0 2054.0
4396.0 4538.0
3391.0 3203.0
2264.0 4477.0
3681.0 3036.0
4422.0 4434.0
3982.0 4678.0
1613.0 2087.0
2075.0 2499.0
632.0 2500.0
47.0 2022.0
2981.0 3280.0
199.0 2630.0
312.0 958.0
830.0 285.0
259.0 2330.0
3967.0 3719.0
1639.0 1961.0
4490.0 4414.0
124.0 1565.0
129.0 1573.0
1406.0 717.0
4321.0 4477.0
3371.0 3824.0
3328.0 3084.0
593.0 1081.0
1766.0 1889.0
3001.0 4300.0
3640.0 4641.0
3997.0 3806.0
4597.0 4502.0
2952.0 3969.0
3588.0 4409.0
4680.0 4388.0
4492.0 3353.0
981.0 1954.0
3656.0 4304.0
1952.0 2109.0
2156.0 2737.0
500.0 919.0
4044.0 3970.0
2241.0 197.0
1542.0 1121.0
869.0 1286.0
2592.0 606.0
1329.0 4477.0
69.0 93.0
3560.0 4088.0
3523.0 3109.0
1130.0 4477.0
1392.0 431.0
1060.0 2805.0
3602.0 4149.0
3776.0 3402.0
3801.0 4477.0
2694.0 1745.0
3665.0 4503.0
217.0 1338.0
2657.0 1286.0
4153.0 4477.0
3368.0 4399.0
2003.0 482.0
2967.0 4518.0
662.0 1710.0
2030.0 1754.0
4046.0 4562.0
3219.0 3439.0
1368.0 1967.0
1062.0 2602.0
4369.0 4526.0
1522.0 2457.0
1412.0 1346.0
747.0 2253.0
1081.0 1082.0
47.0 407.0
3510.0 3519.0
226.0 973.0
2559.0 264.0
2515.0 1474.0
2812.0 2146.0
1546.0 1529.0
2535.0 1392.0
3232.0 4096.0
2474.0 1065.0
3589.0 3953.0
815.0 650.0
3224.0 3837.0
1418.0 850.0
3297.0 3609.0
4664.0 4117.0
341.0 217.0
4490.0 3381.0
3274.0 4490.0
593.0 1378.0
3116.0 4627.0
3269.0 3920.0
515.0 655.0
3381.0 4454.0
2340.0 2253.0
309.0 387.0
4255.0 4100.0
295.0 2467.0
4646.0 3044.0
2007.0 1097.0
4675.0 4553.0
91.0 2774.0
4397.0 4477.0
326.0 1140.0
2229.0 316.0
126.0 1395.0
856.0 944.0
587.0 454.0
1682.0 1745.0
1649.0 482.0
4031.0 3170.0
4533.0 4569.0
443.0 2008.0
2347.0 284.0
93.0 2529.0
3866.0 3377.0
1437.0 2106.0
2172.0 2313.0
1420.0 2660.0
4562.0 4081.0
1418.0 2670.0
4352.0 4456.0
3506.0 4674.0
4326.0 3750.0
338.0 2196.0
2472.0 2078.0
1113.0 2872.0
1690.0 36.0
382.0 2805.0
2896.0 1754.0
2739.0 1929.0
2712.0 2477.0
3072.0 3941.0
3255.0 3829.0
3265.0 3365.0
156.0 2031.0
1533.0 2282.0
1040.0 2664.0
956.0 2677.0
223.0 2022.0
4125.0 3350.0
4436.0 4488.0
3862.0 4299.0
1600.0 3114.0
304.0 574.0
2517.0 900.0
3273.0 3213.0
1902.0 933.0
2960.0 3681.0
638.0 2142.0
44.0 1615.0
3190.0 4284.0
433.0 2200.0
2382.0 1310.0
3173.0 4477.0
4410.0 4480.0
200.0 504.0
3187.0 4409.0
3408.0 3119.0
2591.0 1943.0
770.0 2814.0
4097.0 3021.0
1074.0 2446.0
3640.0 3764.0
373.0 2184.0
4426.0 4322.0
2296.0 2670.0
4227.0 4351.0
4436.0 3759.0
513.0 1421.0
375.0 1756.0
396.0 2362.0
99.0 2415.0
2812.0 1071.0
268.0 364.0
1659.0 2402.0
465.0 725.0
3162.0 3570.0
1029.0 1945.0
1863.0 619.0
2923.0 3191.0
826.0 1439.0
3425.0 4020.0
3528.0 3330.0
1397.0 1876.0
3858.0 4502.0
642.0 214.0
424.0 4477.0
1839.0 2865.0
4360.0 4117.0
1673.0 26.0
1499.0 3237.0
4591.0 4118.0
2433.0 1918.0
3886.0 3065.0
946.0 2246.0
1608.0 2150.0
2786.0 1310.0
1994.0 817.0
1248.0 2593.0
2034.0 2754.0
3111.0 3421.0
385.0 2029.0
4610.0 3324.0
3093.0 3886.0
3545.0 4020.0
2948.0 4117.0
1353.0 1880.0
2924.0 3023.0
252.0 2797.0
3830.0 3932.0
4195.0 4020.0
2623.0 1837.0
3157.0 3272.0
184.0 2042.0
4482.0 4651.0
1788.0 2359.0
1276.0 1529.0
2278.0 2664.0
4400.0 3616.0
729.0 2316.0
1960.0 1515.0
2975.0 3489.0
3401.0 4099.0
461.0 2868.0
1835.0 502.0
497.0 1686.0
3110.0 3851.0
169.0 2525.0
1788.0 172.0
2271.0 2634.0
4235.0 3858.0
4630.0 4477.0
3547.0 3238.0
2429.0 2184.0
727.0 2569.0
4468.0 3512.0
3521.0 3721.0
3550.0 4208.0
3993.0 4245.0
2923.0 3408.0
3060.0 3666.0
3038.0 3490.0
3578.0 4541.0
856.0 247.0
3791.0 4083.0
885.0 2845.0
3535.0 3405.0
593.0 1480.0
2331.0 1611.0
2125.0 2273.0
3134.0 4055.0
2876.0 93.0
988.0 447.0
3437.0 3919.0
2021.0 1830.0
11.0 310.0
3113.0 4573.0
1111.0 195.0
3767.0 4640.0
1437.0 2699.0
1437.0 865.0
3175.0 3842.0
3397.0 4544.0
3209.0 4227.0
1596.0 1436.0
4313.0 4521.0
3716.0 4477.0
1498.0 2850.0
1639.0 1893.0
4182.0 3170.0
1017.0 2314.0
1613.0 1159.0
2439.0 1066.0
1216.0 4477.0
2035.0 1876.0
3720.0 4060.0
2777.0 2812.0
1417.0 2372.0
571.0 2679.0
3646.0 3301.0
3670.0 3784.0
1112.0 2420.0
675.0 495.0
3243.0 3970.0
945.0 1792.0
1411.0 650.0
2519.0 698.0
2383.0 1704.0
4600.0 4648.0
132.0 1779.0
1217.0 2186.0
3009.0 4545.0
2083.0 672.0
1469.0 1759.0
2984.0 4477.0
2194.0 447.0
2626.0 2833.0
3301.0 3203.0
3824.0 4502.0
3523.0 3428.0
4040.0 2987.0
1893.0 2320.0
4241.0 3007.0
3516.0 4000.0
567.0 1318.0
1013.0 1553.0
945.0 2786.0
3138.0 4305.0
408.0 1053.0
4552.0 3217.0
3546.0 4065.0
1434.0 2016.0
1426.0 1745.0
589.0 2496.0
4028.0 4248.0
3856.0 3572.0
3586.0 4477.0
3064.0 3459.0
3678.0 3761.0
1591.0 1970.0
936.0 98.0
301.0 1850.0
4391.0 3178.0
131.0 2386.0
1064.0 2805.0
67.0 475.0
3638.0 3229.0
2145.0 4477.0
1084.0 1745.0
4434.0 4477.0
4436.0 4634.0
1897.0 817.0
2933.0 3001.0
819.0 1952.0
3564.0 3445.0
2981.0 4477.0
693.0 1254.0
1404.0 2631.0
2465.0 502.0
2923.0 4378.0
3290.0 4094.0
3922.0 3436.0
4231.0 4477.0
329.0 570.0
4244.0 4410.0
3758.0 4413.0
2048.0 4477.0
1097.0 2774.0
689.0 1031.0
2609.0 4020.0
2493.0 178.0
2649.0 1436.0
1391.0 1722.0
11.0 746.0
2035.0 2103.0
3991.0 3413.0
2351.0 4477.0
3827.0 3941.0
3001.0 3584.0
3643.0 4285.0
3815.0 4544.0
646.0 2520.0
3095.0 3366.0
1505.0 1692.0
48.0 2372.0
974.0 2777.0
1039.0 1829.0
1869.0 2054.0
4060.0 4059.0
608.0 1697.0
1538.0 2547.0
4359.0 4020.0
4019.0 4598.0
3311.0 3407.0
3529.0 4477.0
2491.0 2591.0
2949.0 3611.0
3934.0 4391.0
4560.0 4085.0
1921.0 1026.0
1123.0 1513.0
2277.0 966.0
2812.0 1175.0
2849.0 2177.0
2910.0 4129.0
2703.0 1743.0
2459.0 247.0
1165.0 2640.0
4417.0 4027.0
2605.0 96.0
2304.0 2479.0
3383.0 3766.0
4659.0 4528.0
3928.0 3593.0
969.0 300.0
158.0 300.0
1609.0 1744.0
1467.0 616.0
3302.0 4646.0
3016.0 4379.0
1397.0 2322.0
3989.0 4059.0
4085.0 3457.0
576.0 746.0
42.0 2375.0
975.0 1662.0
3095.0 4216.0
2116.0 4477.0
3955.0 3612.0
468.0 591.0
3812.0 4477.0
222.0 2209.0
3984.0 3402.0
3394.0 3597.0
129.0 743.0
1417.0 2777.0
2732.0 1706.0
3303.0 3671.0
576.0 758.0
3013.0 4020.0
4264.0 3377.0
3225.0 4134.0
2266.0 2253.0
2007.0 509.0
487.0 2681.0
480.0 4477.0
4505.0 3755.0
1979.0 1499.0
4324.0 3663.0
4591.0 3445.0
4404.0 4449.0
957.0 1591.0
1733.0 360.0
2386.0 2664.0
1004.0 4477.0
4068.0 4198.0
3381.0 3542.0
2259.0 2214.0
1987.0 1206.0
790.0 2664.0
3355.0 4343.0
2333.0 1284.0
1530.0 1514.0
1936.0 1911.0
581.0 1280.0
3525.0 3216.0
1224.0 1353.0
156.0 1608.0
1334.0 1895.0
502.0 2146.0
913.0 2592.0
3798.0 3542.0
3581.0 3597.0
635.0 2635.0
579.0 2211.0
4363.0 4175.0
153.0 1543.0
1112.0 2884.0
673.0 1384.0
62.0 2479.0
4100.0 4502.0
333.0 708.0
1037.0 1581.0
293.0 1094.0
163.0 898.0
3594.0 1617.0
355.0 784.0
3016.0 4597.0
3022.0 4060.0
3547.0 4477.0
558.0 679.0
3379.0 3691.0
4259.0 3085.0
394.0 107.0
1150.0 1981.0
3943.0 3464.0
2532.0 1333.0
3546.0 4584.0
1858.0 1521.0
3783.0 4002.0
3534.0 3798.0
1132.0 3431.0
4344.0 4477.0
4371.0 4477.0
4258.0 4096.0
4624.0 3573.0
302.0 2028.0
3947.0 4156.0
973.0 2045.0
2731.0 4477.0
215.0 2001.0
822.0 4477.0
843.0 1122.0
3534.0 4203.0
1948.0 1518.0
2943.0 4477.0
2283.0 1445.0
3135.0 3139.0
3798.0 3157.0
3523.0 3349.0
3136.0 3310.0
651.0 2310.0
1115.0 2797.0
841.0 1067.0
81.0 943.0
3006.0 3405.0
1493.0 1462.0
2562.0 565.0
1355.0 810.0
1927.0 2680.0
2093.0 138.0
4174.0 4263.0
142.0 2627.0
2360.0 2326.0
1740.0 522.0
100.0 1743.0
1266.0 710.0
4003.0 4477.0
393.0 1130.0
2777.0 2054.0
2635.0 1676.0
2588.0 4477.0
2295.0 2213.0
2667.0 2805.0
4366.0 3809.0
1475.0 1617.0
3995.0 3187.0
4661.0 4033.0
1022.0 4477.0
3708.0 4153.0
852.0 935.0
2036.0 526.0
564.0 1604.0
3387.0 4455.0
868.0 4477.0
3927.0 3429.0
103.0 1028.0
1071.0 2425.0
4250.0 4072.0
2380.0 4477.0
3391.0 3428.0
4675.0 4477.0
1562.0 4020.0
3091.0 3382.0
321.0 2145.0
4322.0 4480.0
4389.0 3324.0
2143.0 1944.0
4452.0 4371.0
3927.0 4664.0
200.0 2777.0
3881.0 3326.0
3455.0 3526.0
513.0 1139.0
3158.0 3014.0
2504.0 4477.0
1039.0 1470.0
3760.0 4274.0
4655.0 3918.0
401.0 2332.0
3522.0 3200.0
2424.0 3130.0
3415.0 4387.0
3898.0 3630.0
996.0 1208.0
1267.0 193.0
326.0 1100.0
4011.0 3568.0
1594.0 1940.0
1620.0 2044.0
2045.0 1410.0
3950.0 4605.0
3485.0 3866.0
3022.0 3785.0
3895.0 3647.0
3247.0 4305.0
4312.0 4336.0
1226.0 4477.0
1787.0 2207.0
3036.0 3819.0
4672.0 4096.0
785.0 1116.0
3190.0 3799.0
3757.0 4406.0
3611.0 3157.0
1828.0 1586.0
1921.0 2711.0
3172.0 3769.0
2811.0 2454.0
656.0 1081.0
2225.0 44.0
1795.0 2676.0
2559.0 2184.0
4448.0 4682.0
1353.0 1539.0
2881.0 1168.0
4310.0 3879.0
2320.0 2548.0
690.0 2146.0
106.0 221.0
2043.0 1112.0
4511.0 3062.0
1532.0 4477.0
344.0 1352.0
3489.0 3631.0
1517.0 1443.0
2730.0 538.0
3464.0 4118.0
282.0 1609.0
4466.0 4674.0
4411.0 3842.0
3916.0 4144.0
1394.0 1286.0
48.0 1437.0
3930.0 4477.0
257.0 2517.0
1149.0 1946.0
1268.0 3296.0
1988.0 631.0
4247.0 3012.0
3403.0 3644.0
1951.0 783.0
1793.0 930.0
4157.0 4556.0
4463.0 3278.0
890.0 497.0
4151.0 3782.0
919.0 2608.0
4668.0 2951.0
2439.0 454.0
4659.0 3421.0
1018.0 495.0
3127.0 3089.0
3838.0 3924.0
1738.0 2598.0
3274.0 4379.0
4549.0 4189.0
2152.0 809.0
2843.0 1952.0
850.0 1162.0
3935.0 4550.0
1388.0 2452.0
2966.0 3102.0
2903.0 606.0
173.0 2890.0
3794.0 3014.0
3080.0 4340.0
2112.0 4188.0
44.0 2591.0
121.0 2884.0
1098.0 2575.0
823.0 1656.0
3511.0 4238.0
2457.0 2574.0
2287.0 650.0
254.0 2386.0
429.0 1339.0
4158.0 4094.0
3613.0 3377.0
577.0 2606.0
4268.0 4118.0
3825.0 4477.0
821.0 1743.0
2725.0 1100.0
3633.0 4477.0
2966.0 3761.0
4243.0 4647.0
3210.0 3540.0
1782.0 1676.0
725.0 2544.0
963.0 345.0
1929.0 2660.0
2100.0 1368.0
581.0 2091.0
2596.0 1558.0
2569.0 2806.0
2426.0 4020.0
4076.0 4577.0
2145.0 1771.0
3074.0 4536.0
142.0 822.0
662.0 1664.0
1092.0 185.0
251.0 4477.0
3612.0 3961.0
2780.0 1558.0
617.0 1617.0
3861.0 4267.0
678.0 2722.0
1723.0 240.0
2682.0 4477.0
492.0 2731.0
4488.0 4062.0
4599.0 4072.0
771.0 2726.0
1988.0 806.0
480.0 2607.0
3466.0 4371.0
3815.0 3652.0
3707.0 4426.0
2226.0 185.0
717.0 1021.0
3198.0 3504.0
3745.0 4502.0
2448.0 1146.0
2162.0 1470.0
3497.0 4495.0
2638.0 2905.0
3915.0 4585.0
3440.0 3570.0
4411.0 4430.0
1149.0 1889.0
702.0 4477.0
4444.0 4380.0
3988.0 3138.0
1107.0 531.0
3442.0 4005.0
3840.0 4345.0
1351.0 2761.0
2335.0 1012.0
2723.0 774.0
4681.0 4037.0
846.0 2096.0
166.0 215.0
2087.0 4477.0
1015.0 1088.0
1410.0 2417.0
1418.0 490.0
2939.0 3918.0
3447.0 3014.0
3191.0 4477.0
536.0 4477.0
3885.0 4547.0
477.0 3011.0
3179.0 3764.0
60.0 2873.0
3979.0 2977.0
2336.0 706.0
3357.0 3623.0
3359.0 3972.0
2986.0 3043.0
3128.0 4025.0
2928.0 3533.0
674.0 2492.0
2876.0 1106.0
2575.0 1500.0
2902.0 4477.0
319.0 519.0
926.0 2726.0
1156.0 2763.0
3443.0 3582.0
3710.0 3931.0
1601.0 1445.0
864.0 1789.0
1761.0 2112.0
841.0 1844.0
3641.0 737.0
2154.0 329.0
3090.0 4179.0
802.0 1109.0
4577.0 4477.0
2973.0 3095.0
65.0 2525.0
3412.0 4015.0
3753.0 3177.0
3614.0 4477.0
3791.0 4187.0
3375.0 4477.0
763.0 997.0
639.0 1529.0
789.0 1665.0
1757.0 1928.0
3115.0 3835.0
3006.0 2994.0
4099.0 4181.0
3558.0 4020.0
2173.0 550.0
3976.0 4129.0
2194.0 2448.0
3539.0 3365.0
2182.0 1286.0
2560.0 1088.0
4065.0 4617.0
365.0 1729.0
274.0 1344.0
1866.0 132.0
4352.0 2924.0
3339.0 3478.0
644.0 2667.0
3371.0 3688.0
1953.0 334.0
3709.0 3572.0
904.0 1729.0
3964.0 3630.0
1995.0 2170.0
4178.0 3200.0
545.0 2719.0
1433.0 204.0
2655.0 670.0
2075.0 4477.0
3349.0 4220.0
4595.0 3567.0
716.0 1687.0
3072.0 3332.0
2246.0 2612.0
2122.0 1704.0
2178.0 993.0
1250.0 2018.0
2335.0 2128.0
4248.0 4101.0
1537.0 1694.0
1041.0 2534.0
3533.0 4392.0
179.0 1664.0
1798.0 449.0
1411.0 2420.0
3096.0 4095.0
1792.0 2548.0
1142.0 361.0
2395.0 284.0
1076.0 1721.0
537.0 2725.0
1877.0 467.0
2204.0 2274.0
1555.0 1876.0
2233.0 2497.0
2771.0 1015.0
582.0 2589.0
1942.0 4477.0
3097.0 3584.0
2271.0 78.0
1300.0 2263.0
602.0 653.0
687.0 1102.0
3099.0 3821.0
452.0 2627.0
320.0 4477.0
3420.0 4059.0
1066.0 1558.0
2817.0 4477.0
434.0 1066.0
2076.0 561.0
4315.0 4395.0
3912.0 4404.0
4315.0 3990.0
3027.0 3001.0
2326.0 2812.0
4642.0 4081.0
1672.0 713.0
2598.0 3147.0
851.0 318.0
542.0 581.0
1395.0 4477.0
563.0 4477.0
1573.0 1980.0
468.0 1547.0
3591.0 4480.0
2235.0 2809.0
1315.0 197.0
4068.0 4480.0
3375.0 4599.0
457.0 2446.0
3385.0 4502.0
4060.0 4369.0
56.0 1111.0
809.0 2790.0
2610.0 2873.0
3163.0 3217.0
965.0 1021.0
1775.0 4477.0
3069.0 4477.0
1902.0 2525.0
3558.0 3829.0
610.0 773.0
3779.0 4247.0
1355.0 1289.0
3046.0 3557.0
4030.0 4189.0
1770.0 2786.0
4065.0 4033.0
3357.0 2990.0
2216.0 1031.0
3981.0 4477.0
3777.0 3036.0
3571.0 4477.0
2078.0 1021.0
588.0 1424.0
4392.0 4347.0
3297.0 3670.0
640.0 1028.0
1610.0 4477.0
3124.0 4175.0
3555.0 4212.0
54.0 1267.0
208.0 2126.0
3298.0 4362.0
213.0 4477.0
85.0 84.0
2174.0 2632.0
4498.0 4660.0
36.0 114.0
3824.0 4059.0
1448.0 153.0
3519.0 3195.0
3802.0 3210.0
1988.0 4477.0
136.0 2386.0
3979.0 4095.0
4148.0 4386.0
4048.0 3429.0
1449.0 235.0
214.0 665.0
3591.0 3633.0
1140.0 1100.0
3455.0 4069.0
473.0 1674.0
309.0 1110.0
3778.0 3424.0
3057.0 3486.0
429.0 1704.0
25.0 4477.0
2792.0 2774.0
844.0 1319.0
1414.0 888.0
1786.0 4477.0
4411.0 3961.0
3454.0 4659.0
3448.0 3158.0
4351.0 4020.0
4561.0 2995.0
2360.0 454.0
1601.0 2497.0
2300.0 314.0
1206.0 2552.0
3019.0 3377.0
2427.0 1046.0
3496.0 3908.0
321.0 2510.0
1638.0 2228.0
3381.0 4088.0
412.0 2408.0
3290.0 3432.0
3438.0 3669.0
443.0 2280.0
3414.0 4502.0
1006.0 4477.0
2786.0 2569.0
2412.0 2813.0
4552.0 3926.0
3231.0 3118.0
1076.0 2774.0
1563.0 925.0
374.0 1380.0
549.0 1236.0
2868.0 755.0
1042.0 1521.0
1100.0 2850.0
4352.0 4208.0
915.0 1859.0
479.0 1912.0
3522.0 4026.0
1597.0 873.0
864.0 2636.0
3802.0 4634.0
2466.0 1202.0
4465.0 3065.0
4530.0 3508.0
2139.0 1440.0
1590.0 2774.0
374.0 1940.0
4401.0 4328.0
3389.0 4414.0
3391.0 3351.0
2232.0 1930.0
4026.0 2977.0
3927.0 3224.0
233.0 1199.0
310.0 1620.0
3279.0 4029.0
4246.0 4285.0
1610.0 1799.0
3831.0 4139.0
3301.0 3570.0
4360.0 3705.0
3144.0 4108.0
4355.0 4554.0
369.0 2179.0
2913.0 4149.0
96.0 2418.0
2085.0 810.0
2634.0 1258.0
1652.0 1900.0
2537.0 1910.0
1986.0 241.0
361.0 1456.0
3716.0 3754.0
4008.0 4477.0
3194.0 3466.0
3395.0 3156.0
2211.0 1098.0
1007.0 1063.0
1990.0 605.0
2417.0 2774.0
1343.0 4477.0
3379.0 4281.0
3072.0 3510.0
4339.0 3119.0
3452.0 3573.0
2540.0 385.0
3696.0 3905.0
264.0 650.0
4452.0 3432.0
824.0 2533.0
163.0 1146.0
3208.0 4065.0
4532.0 3528.0
3853.0 4489.0
1255.0 1745.0
3432.0 3399.0
525.0 2572.0
3001.0 3479.0
4674.0 3377.0
1152.0 1968.0
3141.0 3050.0
999.0 2064.0
1633.0 1290.0
3131.0 3962.0
1749.0 1437.0
4300.0 4085.0
3526.0 3445.0
4497.0 4477.0
967.0 287.0
1840.0 1946.0
4259.0 3939.0
1262.0 1165.0
1126.0 2190.0
2180.0 4477.0
837.0 1345.0
2557.0 2650.0
3335.0 4077.0
1932.0 4477.0
753.0 2778.0
3654.0 4252.0
4626.0 4477.0
4623.0 3477.0
1971.0 2107.0
2476.0 522.0
4629.0 4389.0
1285.0 764.0
3866.0 4563.0
1691.0 3949.0
3262.0 2957.0
2412.0 2116.0
4215.0 3084.0
3370.0 3174.0
733.0 2715.0
4499.0 4477.0
1487.0 1954.0
1390.0 2220.0
2986.0 3571.0
677.0 1868.0
4291.0 4409.0
582.0 2074.0
3918.0 4502.0
2577.0 2401.0
2181.0 2743.0
388.0 2851.0
62.0 1079.0
461.0 2103.0
3289.0 4610.0
3054.0 3021.0
91.0 1837.0
85.0 2591.0
2937.0 3393.0
1434.0 2663.0
3044.0 4477.0
1058.0 2200.0
1661.0 2130.0
2673.0 2213.0
594.0 1346.0
2793.0 2563.0
1700.0 2054.0
864.0 288.0
4056.0 4665.0
1301.0 1704.0
287.0 458.0
2509.0 2500.0
316.0 1617.0
344.0 1657.0
2165.0 1141.0
980.0 304.0
2634.0 988.0
2853.0 4477.0
2245.0 2546.0
2694.0 2769.0
660.0 402.0
166.0 380.0
1334.0 2565.0
2119.0 2188.0
2195.0 2427.0
491.0 2051.0
3165.0 4101.0
240.0 1029.0
3165.0 4246.0
3435.0 2934.0
3335.0 4477.0
4492.0 3025.0
968.0 1027.0
1893.0 2338.0
2673.0 402.0
2291.0 2347.0
2021.0 1409.0
3301.0 3503.0
1644.0 560.0
453.0 793.0
2646.0 1500.0
414.0 1917.0
2895.0 928.0
2511.0 1098.0
2463.0 1706.0
4187.0 3132.0
333.0 2027.0
2913.0 4072.0
48.0 1253.0
2981.0 3296.0
3988.0 3017.0
4186.0 3203.0
2732.0 887.0
2335.0 1563.0
4529.0 3026.0
4302.0 3467.0
884.0 201.0
3104.0 4310.0
1044.0 765.0
173.0 1609.0
3630.0 4684.0
1168.0 1737.0
533.0 2066.0
3171.0 3476.0
1733.0 208.0
1290.0 2572.0
746.0 995.0
2045.0 944.0
1326.0 1410.0
737.0 3500.0
773.0 1106.0
412.0 2658.0
137.0 2588.0
4204.0 4477.0
4268.0 3903.0
1353.0 2301.0
4411.0 4174.0
2829.0 2632.0
1437.0 1618.0
1433.0 185.0
2890.0 1830.0
3422.0 3207.0
2145.0 1112.0
775.0 1286.0
1840.0 2022.0
2372.0 2669.0
1800.0 2303.0
653.0 641.0
1666.0 2625.0
2462.0 2393.0
2567.0 613.0
710.0 502.0
298.0 1712.0
62.0 565.0
1063.0 2777.0
4055.0 4126.0
2614.0 1462.0
2605.0 2898.0
2793.0 382.0
4400.0 3404.0
1777.0 288.0
767.0 2154.0
875.0 1622.0
404.0 1335.0
4634.0 4156.0
723.0 348.0
967.0 2740.0
243.0 1208.0
2143.0 2658.0
551.0 2596.0
246.0 4477.0
282.0 822.0
769.0 4020.0
4293.0 4477.0
663.0 1359.0
309.0 1582.0
4631.0 4020.0
3540.0 4020.0
487.0 1765.0
3648.0 4483.0
4038.0 3642.0
3977.0 4478.0
4555.0 4423.0
3428.0 3282.0
1722.0 4477.0
3803.0 4083.0
48.0 4477.0
629.0 2303.0
351.0 2573.0
1124.0 2861.0
831.0 1139.0
3289.0 4409.0
2347.0 1155.0
738.0 367.0
2325.0 1105.0
2649.0 2650.0
2240.0 2814.0
1006.0 2179.0
4176.0 4444.0
226.0 247.0
506.0 2213.0
2626.0 4477.0
152.0 2001.0
345.0 1346.0
1355.0 2628.0
4363.0 4655.0
2221.0 2590.0
3060.0 4030.0
4458.0 3770.0
3454.0 3692.0
726.0 2522.0
3352.0 4679.0
3023.0 3134.0
1929.0 93.0
2972.0 2995.0
254.0 2664.0
1814.0 325.0
1661.0 2850.0
579.0 1919.0
3405.0 3217.0
3259.0 4349.0
369.0 758.0
3510.0 3001.0
3497.0 3326.0
4306.0 4246.0
1915.0 346.0
891.0 1921.0
3286.0 4568.0
3404.0 3014.0
1168.0 1640.0
103.0 1758.0
4279.0 4062.0
2027.0 1799.0
1308.0 2508.0
3584.0 3429.0
550.0 2579.0
1738.0 4477.0
2584.0 153.0
532.0 1088.0
2621.0 2279.0
3342.0 3420.0
1445.0 2497.0
3391.0 4553.0
2822.0 177.0
1900.0 1737.0
1985.0 2188.0
845.0 868.0
4619.0 4115.0
2515.0 1153.0
4049.0 4094.0
3028.0 3243.0
4389.0 3990.0
1307.0 2508.0
3165.0 4298.0
1765.0 1476.0
1238.0 1812.0
4452.0 4583.0
250.0 2486.0
2386.0 2705.0
4207.0 4074.0
3489.0 3065.0
2519.0 1878.0
3663.0 4222.0
147.0 1599.0
3247.0 3227.0
2003.0 4477.0
1253.0 1609.0
1722.0 361.0
950.0 1534.0
4221.0 3119.0
2527.0 4674.0
565.0 1707.0
4487.0 4024.0
3035.0 4108.0
343.0 2253.0
1928.0 4536.0
4270.0 4409.0
419.0 2410.0
2445.0 781.0
1530.0 2867.0
2733.0 2777.0
3524.0 4023.0
1962.0 1061.0
2811.0 2479.0
2060.0 2242.0
1632.0 1899.0
3844.0 4448.0
3868.0 4149.0
3232.0 3745.0
2696.0 2027.0
199.0 2061.0
773.0 1588.0
2691.0 1335.0
658.0 1541.0
2527.0 932.0
4133.0 4201.0
2415.0 1478.0
4529.0 3108.0
1957.0 1018.0
904.0 2120.0
3638.0 3800.0
3022.0 3528.0
3381.0 4235.0
693.0 705.0
98.0 4477.0
786.0 351.0
2493.0 378.0
1209.0 2274.0
1819.0 1954.0
4659.0 4477.0
2935.0 4364.0
4062.0 4499.0
845.0 1704.0
2701.0 1206.0
133.0 620.0
2984.0 3134.0
1172.0 2708.0
2577.0 97.0
1045.0 1125.0
754.0 1049.0
657.0 2041.0
4124.0 3057.0
3334.0 4347.0
3059.0 3074.0
1074.0 1556.0
1987.0 2686.0
933.0 1081.0
3538.0 4502.0
953.0 387.0
4414.0 3768.0
1768.0 1634.0
55.0 1246.0
1855.0 1554.0
1326.0 1543.0
4496.0 3179.0
2859.0 187.0
3221.0 4449.0
3528.0 3292.0
4338.0 3630.0
2347.0 1745.0
11.0 500.0
263.0 1225.0
2804.0 1954.0
889.0 2042.0
2528.0 2548.0
1090.0 4477.0
3519.0 3138.0
1633.0 454.0
2422.0 1518.0
2039.0 2777.0
2566.0 2661.0
2096.0 458.0
80.0 2480.0
1437.0 2376.0
4275.0 3497.0
1078.0 4477.0
1803.0 65.0
2463.0 271.0
3469.0 3598.0
4370.0 3526.0
3190.0 3365.0
2201.0 2452.0
3170.0 3313.0
4151.0 3389.0
1412.0 1920.0
1982.0 653.0
2549.0 2777.0
606.0 685.0
4623.0 3597.0
370.0 1433.0
1805.0 2267.0
2332.0 1685.0
1358.0 1590.0
421.0 406.0
433.0 2395.0
1430.0 4477.0
784.0 418.0
224.0 1826.0
1277.0 1503.0
3809.0 3203.0
2145.0 1049.0
898.0 1044.0
1698.0 4477.0
2933.0 3036.0
2142.0 502.0
3522.0 4369.0
3267.0 4094.0
2535.0 495.0
704.0 943.0
342.0 924.0
3092.0 3923.0
1725.0 4020.0
3483.0 4334.0
3346.0 4477.0
370.0 4477.0
1084.0 1330.0
2595.0 1208.0
2576.0 587.0
682.0 2479.0
1072.0 4477.0
3652.0 4477.0
3683.0 4477.0
2207.0 4590.0
3685.0 4020.0
175.0 725.0
2780.0 1743.0
2432.0 2214.0
1978.0 2177.0
675.0 97.0
3298.0 4218.0
1968.0 1901.0
1422.0 2882.0
536.0 2754.0
3124.0 4477.0
4447.0 3555.0
4673.0 3089.0
1523.0 770.0
4593.0 2944.0
3872.0 3947.0
1642.0 1729.0
674.0 2876.0
533.0 325.0
3602.0 3001.0
1565.0 2191.0
1705.0 2253.0
2620.0 2697.0
4359.0 3293.0
2920.0 4232.0
2781.0 1706.0
270.0 800.0
1025.0 2564.0
4671.0 4064.0
1948.0 2489.0
2149.0 2054.0
3139.0 3232.0
2221.0 2599.0
377.0 1585.0
1900.0 2739.0
3396.0 3524.0
2658.0 2619.0
3332.0 3943.0
2423.0 2585.0
1497.0 2263.0
1498.0 1142.0
1308.0 1437.0
2725.0 1142.0
4349.0 4477.0
1875.0 2317.0
2992.0 3019.0
1635.0 2591.0
2955.0 3080.0
1547.0 2277.0
3198.0 3459.0
3489.0 4285.0
4215.0 4502.0
2665.0 2585.0
4042.0 3830.0
1878.0 703.0
859.0 2116.0
1092.0 2313.0
47.0 551.0
2076.0 294.0
2277.0 581.0
249.0 1709.0
4291.0 4610.0
2365.0 846.0
364.0 502.0
1662.0 2149.0
4049.0 3359.0
2246.0 2547.0
214.0 2417.0
2974.0 3232.0
2132.0 1355.0
1195.0 1736.0
1576.0 2508.0
4044.0 4486.0
729.0 2379.0
2924.0 4337.0
1394.0 4477.0
1147.0 2805.0
2489.0 4477.0
3554.0 4085.0
1191.0 1639.0
4552.0 4669.0
2565.0 2742.0
603.0 1571.0
768.0 1524.0
1816.0 540.0
2184.0 2731.0
1001.0 637.0
408.0 1125.0
2447.0 1338.0
3107.0 3370.0
538.0 2635.0
2994.0 2972.0
4119.0 4341.0
97.0 1591.0
365.0 4477.0
3995.0 3434.0
3462.0 4131.0
4138.0 4546.0
425.0 4477.0
3252.0 3442.0
3071.0 4064.0
2471.0 2462.0
1382.0 2235.0
1427.0 119.0
2003.0 933.0
3363.0 3676.0
3399.0 4322.0
321.0 710.0
1039.0 1431.0
2054.0 2401.0
3021.0 4477.0
4659.0 3495.0
465.0 716.0
4571.0 4477.0
819.0 1139.0
1758.0 1780.0
4493.0 2990.0
3348.0 4477.0
1911.0 1923.0
2954.0 3536.0
1773.0 1202.0
4571.0 3779.0
2933.0 3822.0
2216.0 2001.0
3416.0 3639.0
2901.0 1685.0
1604.0 2213.0
1735.0 1601.0
3004.0 4023.0
4523.0 4477.0
853.0 1771.0
3683.0 4261.0
3004.0 4477.0
1864.0 611.0
2384.0 1743.0
4541.0 3863.0
4322.0 4371.0
3616.0 4148.0
1223.0 4477.0
3927.0 3453.0
268.0 1651.0
4355.0 4477.0
2780.0 675.0
1255.0 1398.0
3505.0 3595.0
3626.0 3727.0
3720.0 4139.0
279.0 389.0
1458.0 1873.0
1289.0 385.0
3490.0 3096.0
2382.0 2222.0
3921.0 4477.0
2956.0 3309.0
1880.0 2114.0
4308.0 4416.0
868.0 1704.0
4664.0 3227.0
2187.0 2552.0
3071.0 3527.0
76.0 988.0
1282.0 1965.0
3611.0 3288.0
4087.0 3418.0
451.0 4654.0
2686.0 531.0
394.0 585.0
1646.0 1088.0
2093.0 2479.0
3041.0 4477.0
790.0 1939.0
3883.0 3358.0
2228.0 1797.0
2406.0 1889.0
1535.0 2673.0
3064.0 3981.0
4372.0 4298.0
218.0 345.0
2194.0 945.0
1164.0 2786.0
4641.0 4177.0
3432.0 3509.0
1775.0 1339.0
71.0 297.0
581.0 2443.0
2313.0 2209.0
261.0 437.0
83.0 397.0
4511.0 4477.0
2340.0 1734.0
4232.0 4276.0
1397.0 1528.0
1882.0 2319.0
2401.0 1082.0
2418.0 902.0
1749.0 1935.0
1071.0 4477.0
516.0 822.0
719.0 1307.0
4671.0 4559.0
3619.0 4222.0
3269.0 3520.0
1339.0 1592.0
2313.0 2782.0
953.0 1470.0
999.0 1101.0
1437.0 2693.0
4044.0 4108.0
3467.0 4251.0
3461.0 4570.0
1619.0 1052.0
112.0 386.0
1357.0 307.0
4071.0 4096.0
3447.0 3926.0
2371.0 1743.0
1504.0 1635.0
2154.0 1812.0
3214.0 3894.0
3091.0 3722.0
1437.0 1486.0
4590.0 4020.0
362.0 794.0
1076.0 1938.0
3425.0 3088.0
1348.0 292.0
1995.0 849.0
667.0 787.0
2705.0 2645.0
1004.0 2452.0
2130.0 326.0
4669.0 4100.0
1760.0 1203.0
2545.0 2865.0
3128.0 4177.0
3552.0 4477.0
3890.0 3465.0
4160.0 3978.0
921.0 2382.0
3290.0 3771.0
1423.0 4020.0
953.0 2875.0
1401.0 2508.0
2985.0 4584.0
4291.0 4273.0
2279.0 1605.0
51.0 2489.0
3080.0 3736.0
1791.0 1889.0
3094.0 3638.0
297.0 2144.0
3386.0 4477.0
85.0 2379.0
1648.0 351.0
3813.0 4020.0
2665.0 1127.0
3626.0 4118.0
3922.0 4576.0
3006.0 2972.0
3191.0 2977.0
3963.0 3099.0
531.0 1244.0
72.0 4477.0
60.0 1610.0
1221.0 1153.0
1929.0 502.0
2592.0 2113.0
3501.0 3296.0
1185.0 4477.0
686.0 2466.0
1336.0 2027.0
2284.0 2623.0
3493.0 3477.0
1902.0 2536.0
2258.0 4477.0
103.0 634.0
4663.0 3924.0
3251.0 3403.0
4125.0 4318.0
661.0 1944.0
2621.0 382.0
3956.0 4416.0
4376.0 3382.0
3701.0 4477.0
3011.0 3527.0
1268.0 1764.0
2236.0 2726.0
3198.0 3491.0
188.0 2764.0
117.0 756.0
2371.0 2434.0
980.0 238.0
3443.0 4128.0
1416.0 4477.0
1353.0 1893.0
4550.0 3293.0
3025.0 4477.0
568.0 943.0
3526.0 4477.0
3560.0 3595.0
588.0 1560.0
588.0 1270.0
4447.0 4252.0
810.0 880.0
3542.0 4477.0
3725.0 3932.0
4315.0 4294.0
908.0 650.0
599.0 1859.0
836.0 1688.0
3586.0 3704.0
3100.0 3629.0
3121.0 3552.0
1329.0 2524.0
3207.0 4349.0
4472.0 4502.0
630.0 775.0
4458.0 3742.0
4464.0 4460.0
2409.0 1462.0
1771.0 2262.0
2194.0 1426.0
339.0 2401.0
2012.0 2373.0
630.0 1203.0
1485.0 2517.0
2223.0 287.0
3512.0 4209.0
3101.0 3614.0
517.0 1245.0
1268.0 2479.0
658.0 2274.0
864.0 1713.0
1660.0 2760.0
3738.0 3947.0
1143.0 2470.0
62.0 1279.0
1425.0 1617.0
3744.0 3842.0
3908.0 3108.0
3876.0 4448.0
3862.0 3519.0
2844.0 345.0
104.0 1046.0
1484.0 4477.0
4386.0 3953.0
361.0 1026.0
1153.0 1466.0
2254.0 325.0
2657.0 1431.0
810.0 1695.0
3435.0 4158.0
2007.0 2774.0
768.0 1074.0
3025.0 4157.0
2901.0 1159.0
2929.0 3738.0
2886.0 2903.0
3347.0 4568.0
4016.0 3764.0
3136.0 4118.0
3812.0 3259.0
1678.0 752.0
3095.0 4477.0
566.0 2292.0
3175.0 4068.0
3013.0 3704.0
1733.0 1588.0
73.0 2732.0
2923.0 4417.0
1225.0 2053.0
4375.0 3726.0
4520.0 4502.0
1608.0 798.0
3039.0 4309.0
3189.0 3194.0
3822.0 3917.0
290.0 545.0
2812.0 1066.0
178.0 1423.0
141.0 679.0
2203.0 1015.0
1762.0 906.0
152.0 1410.0
1613.0 708.0
881.0 2432.0
320.0 2028.0
1939.0 2370.0
3628.0 4094.0
2724.0 3114.0
3407.0 4375.0
3508.0 4477.0
3207.0 3585.0
1141.0 402.0
2054.0 631.0
254.0 2064.0
3038.0 3528.0
673.0 2530.0
917.0 3368.0
654.0 1341.0
679.0 2505.0
2262.0 2440.0
3669.0 3970.0
3068.0 3245.0
2035.0 1300.0
129.0 1529.0
3191.0 4629.0
3392.0 4477.0
3645.0 4277.0
692.0 2336.0
2111.0 887.0
2199.0 1116.0
3510.0 4229.0
2929.0 4020.0
2111.0 2332.0
945.0 1745.0
632.0 385.0
3678.0 4458.0
1163.0 2048.0
4384.0 3402.0
2184.0 708.0
2999.0 4271.0
1447.0 2840.0
3520.0 3297.0
3432.0 4344.0
3959.0 4196.0
2945.0 3022.0
2200.0 502.0
2403.0 1462.0
3285.0 3189.0
2703.0 2812.0
2444.0 317.0
313.0 1399.0
1138.0 2356.0
398.0 2093.0
3469.0 3855.0
3041.0 4391.0
142.0 1609.0
2437.0 672.0
2364.0 1284.0
3923.0 3601.0
3206.0 4584.0
183.0 2142.0
1751.0 1286.0
3512.0 4125.0
32.0 442.0
2771.0 2270.0
1740.0 1018.0
3850.0 4477.0
687.0 2316.0
524.0 2769.0
1666.0 4477.0
2085.0 2893.0
370.0 2257.0
1875.0 2287.0
406.0 907.0
2161.0 1269.0
3907.0 4088.0
3898.0 3494.0
2737.0 4477.0
3120.0 3122.0
958.0 1349.0
1404.0 2429.0
1210.0 1839.0
2862.0 216.0
4227.0 3705.0
1072.0 900.0
945.0 2634.0
3547.0 3229.0
1959.0 2459.0
2423.0 1796.0
2409.0 995.0
3893.0 4077.0
612.0 1642.0
4465.0 3144.0
4682.0 3014.0
3561.0 3531.0
4351.0 4117.0
653.0 4477.0
4170.0 4477.0
4583.0 4344.0
339.0 2707.0
1189.0 4477.0
3439.0 3919.0
311.0 2350.0
1645.0 2017.0
36.0 1571.0
3543.0 3368.0
1897.0 2280.0
4281.0 3335.0
1877.0 2786.0
4145.0 3799.0
2225.0 1262.0
805.0 2398.0
2653.0 1015.0
1255.0 2338.0
2361.0 2628.0
1437.0 1609.0
1935.0 1409.0
175.0 465.0
1335.0 1286.0
3635.0 4393.0
2431.0 2110.0
1189.0 1382.0
2777.0 303.0
109.0 1602.0
4212.0 4628.0
2859.0 2591.0
3855.0 3965.0
553.0 1077.0
3950.0 4477.0
112.0 2164.0
1984.0 1816.0
3214.0 3870.0
3624.0 3866.0
3522.0 3528.0
3770.0 4232.0
2447.0 1636.0
405.0 1554.0
663.0 2476.0
3022.0 4502.0
2462.0 1475.0
2587.0 225.0
4655.0 3409.0
674.0 2811.0
4526.0 4502.0
3198.0 4298.0
312.0 1993.0
102.0 1410.0
3448.0 4282.0
4312.0 3014.0
2887.0 1394.0
107.0 225.0
318.0 1881.0
3673.0 3913.0
1716.0 2386.0
2395.0 2726.0
2813.0 639.0
2687.0 565.0
3285.0 4477.0
2594.0 153.0
4540.0 4264.0
2756.0 1153.0
1496.0 178.0
533.0 992.0
1054.0 1973.0
2440.0 4477.0
3379.0 3545.0
3538.0 4209.0
4655.0 3731.0
3149.0 3175.0
1604.0 2042.0
4108.0 4171.0
3882.0 3932.0
264.0 2529.0
591.0 2091.0
4322.0 4460.0
3446.0 1754.0
1549.0 1624.0
1808.0 1853.0
1935.0 2365.0
507.0 1745.0
741.0 2058.0
4384.0 3503.0
1328.0 76.0
510.0 2335.0
946.0 2379.0
448.0 2710.0
1524.0 2446.0
3785.0 4143.0
1931.0 2456.0
3587.0 4312.0
1013.0 2754.0
1444.0 2253.0
4632.0 4029.0
2911.0 4679.0
2094.0 1605.0
4272.0 4477.0
1573.0 1494.0
3784.0 3989.0
2945.0 3119.0
3750.0 4598.0
4091.0 4655.0
1905.0 1895.0
4546.0 4589.0
1081.0 2314.0
743.0 1704.0
986.0 2665.0
2549.0 1171.0
1456.0 1286.0
2417.0 1500.0
23.0 2523.0
1827.0 2034.0
1191.0 2786.0
4158.0 4246.0
1372.0 2616.0
4017.0 4179.0
534.0 4477.0
2401.0 1081.0
576.0 1619.0
3120.0 3445.0
2196.0 2508.0
3270.0 3839.0
4318.0 4502.0
2178.0 991.0
260.0 348.0
387.0 2255.0
2516.0 1258.0
2936.0 3500.0
697.0 1380.0
529.0 1089.0
858.0 1605.0
1326.0 1529.0
3534.0 3904.0
1855.0 2344.0
2277.0 2774.0
3777.0 3308.0
2652.0 338.0
187.0 4477.0
710.0 2223.0
3578.0 3652.0
4007.0 4239.0
984.0 1377.0
2485.0 2159.0
1449.0 2677.0
3231.0 4097.0
4608.0 3784.0
3446.0 3572.0
2036.0 4477.0
2620.0 1704.0
3167.0 3477.0
2355.0 2091.0
3779.0 4342.0
3410.0 4477.0
2564.0 4477.0
3834.0 4587.0
1966.0 2862.0
4327.0 4477.0
1632.0 1654.0
2952.0 3909.0
1087.0 2681.0
358.0 4502.0
3518.0 3997.0
2423.0 502.0
3665.0 3134.0
1619.0 56.0
4669.0 4148.0
1230.0 2223.0
3000.0 3365.0
3738.0 4316.0
3600.0 4496.0
248.0 93.0
894.0 2473.0
622.0 1035.0
1608.0 2371.0
3657.0 3592.0
2638.0 1346.0
2537.0 392.0
3098.0 3418.0
4190.0 4083.0
934.0 2918.0
3369.0 4230.0
2300.0 2498.0
3545.0 4502.0
3189.0 4545.0
461.0 2226.0
158.0 1415.0
1319.0 4477.0
94.0 1745.0
450.0 1345.0
3424.0 3653.0
467.0 1329.0
3559.0 3436.0
2978.0 4251.0
4042.0 4580.0
1754.0 4020.0
778.0 1363.0
4038.0 4338.0
3513.0 3453.0
1026.0 2253.0
4320.0 3585.0
434.0 1591.0
3686.0 4105.0
949.0 1462.0
3198.0 3047.0
2423.0 2777.0
161.0 408.0
1509.0 87.0
858.0 1827.0
490.0 2311.0
3342.0 3371.0
1126.0 440.0
2332.0 2786.0
335.0 2310.0
2784.0 2814.0
2563.0 1529.0
510.0 503.0
124.0 2269.0
516.0 2698.0
2277.0 4477.0
4488.0 4020.0
207.0 2443.0
4520.0 4448.0
1187.0 295.0
1163.0 1437.0
752.0 2340.0
4614.0 3392.0
1603.0 1601.0
2364.0 1500.0
1779.0 243.0
502.0 2873.0
2694.0 2040.0
2784.0 2525.0
573.0 2493.0
3756.0 3480.0
4519.0 3014.0
3322.0 4088.0
400.0 1417.0
1193.0 2649.0
407.0 2777.0
954.0 1581.0
1623.0 809.0
4392.0 4477.0
3112.0 4277.0
3333.0 3689.0
2579.0 1541.0
361.0 2512.0
916.0 2309.0
2035.0 461.0
3127.0 3135.0
480.0 2402.0
972.0 2628.0
730.0 759.0
1623.0 2792.0
535.0 345.0
4190.0 4477.0
2340.0 1599.0
3991.0 3900.0
2994.0 3282.0
3196.0 3990.0
2467.0 2100.0
3482.0 4013.0
1440.0 4477.0
4520.0 3014.0
2318.0 1503.0
1698.0 2530.0
1701.0 348.0
2087.0 322.0
3842.0 3821.0
420.0 1540.0
3884.0 4336.0
3589.0 4191.0
685.0 1487.0
2590.0 4477.0
2957.0 3490.0
3460.0 4031.0
524.0 619.0
4248.0 4246.0
3873.0 3503.0
1277.0 1319.0
4648.0 4178.0
4400.0 3217.0
3700.0 3699.0
3063.0 3325.0
3838.0 4596.0
896.0 2233.0
2179.0 2798.0
3361.0 4130.0
4306.0 4129.0
2758.0 849.0
1543.0 1605.0
1356.0 2877.0
3694.0 4531.0
2712.0 2214.0
265.0 815.0
3800.0 4117.0
1000.0 4477.0
133.0 1375.0
932.0 3592.0
571.0 1436.0
4469.0 4208.0
2045.0 4477.0
801.0 1412.0
3332.0 3296.0
3549.0 4198.0
3393.0 4023.0
1057.0 2485.0
3899.0 3029.0
3298.0 3563.0
3943.0 4608.0
3414.0 3871.0
1952.0 1040.0
636.0 1028.0
3269.0 3777.0
1633.0 1731.0
2911.0 4519.0
1741.0 1196.0
4295.0 3880.0
1402.0 1905.0
2699.0 87.0
3822.0 4139.0
1969.0 2658.0
4205.0 3784.0
2456.0 2591.0
3750.0 3677.0
3134.0 3504.0
159.0 1636.0
3546.0 3570.0
3219.0 3448.0
3846.0 4057.0
2186.0 2279.0
260.0 1708.0
45.0 4477.0
1768.0 2401.0
3510.0 3003.0
4198.0 4411.0
1715.0 2233.0
3000.0 3539.0
852.0 1633.0
1014.0 2873.0
4574.0 3135.0
586.0 1470.0
1285.0 1704.0
4204.0 3839.0
234.0 995.0
61.0 2412.0
1025.0 606.0
3084.0 4392.0
110.0 2682.0
1678.0 1433.0
1416.0 2893.0
851.0 1580.0
3198.0 4249.0
4486.0 4456.0
1333.0 1967.0
2683.0 2282.0
1298.0 4477.0
3413.0 3993.0
594.0 345.0
3948.0 3208.0
2727.0 1076.0
725.0 1618.0
3033.0 4111.0
1694.0 1882.0
36.0 2694.0
3004.0 3979.0
737.0 395.0
668.0 287.0
1701.0 2628.0
1823.0 345.0
912.0 2207.0
908.0 1492.0
4248.0 3161.0
2610.0 1622.0
3633.0 4261.0
2736.0 1602.0
266.0 632.0
1257.0 1355.0
653.0 1554.0
2938.0 3623.0
1110.0 4477.0
4663.0 3009.0
1798.0 1435.0
2578.0 363.0
2784.0 2536.0
3672.0 4419.0
1329.0 2567.0
4248.0 4337.0
3923.0 4477.0
4570.0 4624.0
3071.0 3222.0
2165.0 2213.0
554.0 1196.0
3297.0 4139.0
3410.0 4502.0
2229.0 1617.0
3710.0 4477.0
1312.0 440.0
2688.0 2263.0
1137.0 1215.0
501.0 2786.0
576.0 1635.0
2562.0 1704.0
779.0 898.0
3853.0 3014.0
187.0 1942.0
2060.0 2885.0
2834.0 1906.0
728.0 1946.0
1006.0 1531.0
1642.0 1664.0
3477.0 4374.0
4541.0 4535.0
3689.0 4067.0
4339.0 3443.0
4421.0 3315.0
122.0 1330.0
523.0 2596.0
3258.0 3394.0
1173.0 4477.0
1902.0 2149.0
2418.0 2135.0
1057.0 1314.0
2336.0 2009.0
442.0 1286.0
3257.0 3445.0
313.0 2660.0
3919.0 3217.0
3769.0 4477.0
3754.0 4210.0
3718.0 4477.0
3383.0 3843.0
4290.0 4020.0
2302.0 2354.0
495.0 1669.0
3198.0 4248.0
3145.0 3872.0
3479.0 4081.0
1158.0 502.0
4320.0 4477.0
914.0 383.0
3923.0 3263.0
3920.0 3166.0
4325.0 4509.0
1666.0 364.0
1430.0 2389.0
4390.0 4663.0
4291.0 4196.0
2888.0 2467.0
150.0 848.0
1684.0 2767.0
1985.0 1416.0
3099.0 3658.0
3822.0 4526.0
3941.0 3800.0
3254.0 3424.0
282.0 1058.0
1104.0 2659.0
393.0 2814.0
782.0 296.0
4465.0 2989.0
1825.0 1333.0
1833.0 1443.0
2163.0 548.0
1344.0 833.0
2987.0 4199.0
996.0 2391.0
2465.0 1279.0
660.0 1096.0
2874.0 492.0
293.0 108.0
746.0 2314.0
1158.0 431.0
937.0 310.0
2332.0 2184.0
2149.0 2708.0
4400.0 4552.0
3542.0 4059.0
2419.0 1001.0
4133.0 3931.0
2380.0 722.0
267.0 867.0
3763.0 3993.0
190.0 2777.0
2515.0 1970.0
2999.0 4379.0
2045.0 2524.0
1510.0 1474.0
2711.0 2386.0
1229.0 631.0
4339.0 4477.0
4202.0 3388.0
3302.0 3509.0
1021.0 2873.0
4492.0 4556.0
636.0 887.0
4190.0 3702.0
3305.0 3598.0
3136.0 3306.0
344.0 1917.0
1589.0 650.0
973.0 1095.0
1500.0 1284.0
2694.0 76.0
3297.0 3893.0
292.0 1855.0
3512.0 4015.0
2957.0 3451.0
3357.0 3035.0
1804.0 2249.0
791.0 913.0
350.0 2031.0
4412.0 3567.0
1653.0 454.0
375.0 2404.0
2713.0 2003.0
2670.0 406.0
1392.0 495.0
951.0 2640.0
2303.0 2417.0
3140.0 3475.0
3367.0 4322.0
3713.0 3381.0
132.0 1737.0
3939.0 3001.0
2680.0 2775.0
1916.0 2447.0
2175.0 2645.0
4538.0 3403.0
2313.0 2428.0
2038.0 501.0
4464.0 4120.0
171.0 1876.0
2649.0 709.0
3352.0 2972.0
3249.0 3927.0
4037.0 4088.0
2035.0 84.0
4315.0 3705.0
2971.0 3888.0
3843.0 3714.0
3011.0 4284.0
3080.0 3256.0
2620.0 2635.0
3538.0 3926.0
4643.0 3644.0
579.0 1604.0
398.0 4477.0
1084.0 284.0
145.0 3431.0
3687.0 3942.0
3027.0 3597.0
3450.0 3149.0
320.0 2184.0
2513.0 2777.0
1520.0 720.0
1073.0 1297.0
3779.0 3734.0
1086.0 2886.0
1472.0 2312.0
2813.0 168.0
2388.0 2373.0
1197.0 1365.0
560.0 2323.0
3477.0 3857.0
4262.0 3098.0
1886.0 2097.0
2430.0 2293.0
1020.0 1916.0
3474.0 4243.0
2220.0 1344.0
554.0 385.0
3862.0 4559.0
3598.0 4569.0
1573.0 585.0
2128.0 1920.0
1884.0 2726.0
1848.0 1918.0
1017.0 1620.0
2219.0 2597.0
3447.0 4175.0
274.0 2023.0
4494.0 3715.0
2886.0 606.0
3378.0 4277.0
2665.0 1752.0
2954.0 3421.0
1993.0 650.0
3135.0 4441.0
1582.0 1281.0
2591.0 850.0
2096.0 1737.0
783.0 2709.0
1034.0 1529.0
519.0 4477.0
429.0 1284.0
3722.0 4477.0
4614.0 3272.0
3756.0 3695.0
577.0 2591.0
593.0 2780.0
527.0 4477.0
1582.0 2340.0
3595.0 3272.0
4356.0 3243.0
344.0 2800.0
128.0 2283.0
3953.0 4231.0
4186.0 2995.0
2625.0 2659.0
3285.0 4480.0
282.0 2039.0
3085.0 4250.0
2173.0 114.0
3157.0 4088.0
1414.0 1726.0
1830.0 2731.0
371.0 1683.0
2454.0 2056.0
4043.0 4444.0
1088.0 2188.0
4250.0 4494.0
2643.0 3147.0
3980.0 4102.0
3515.0 3683.0
935.0 470.0
2379.0 549.0
48.0 231.0
1212.0 767.0
1739.0 4477.0
1162.0 2602.0
1202.0 4477.0
2771.0 1967.0
1058.0 1437.0
1949.0 1208.0
1123.0 2598.0
829.0 1128.0
2171.0 1704.0
231.0 1523.0
4042.0 3857.0
2479.0 2492.0
1336.0 988.0
1516.0 1279.0
1935.0 1764.0
3869.0 3431.0
960.0 1820.0
1807.0 2401.0
2636.0 288.0
1731.0 1946.0
467.0 2448.0
387.0 2138.0
3226.0 4670.0
1954.0 2159.0
840.0 992.0
3189.0 3990.0
2846.0 844.0
296.0 2873.0
4655.0 4312.0
1544.0 2360.0
708.0 1745.0
2770.0 145.0
2175.0 955.0
1196.0 655.0
293.0 940.0
1627.0 799.0
2926.0 3374.0
2255.0 869.0
1300.0 1531.0
526.0 605.0
807.0 2130.0
4296.0 3035.0
2300.0 1756.0
505.0 888.0
3185.0 3847.0
3354.0 4604.0
2835.0 1630.0
1100.0 367.0
3139.0 3532.0
3678.0 3969.0
3475.0 4456.0
325.0 3841.0
3279.0 3474.0
2216.0 2184.0
422.0 2782.0
171.0 2491.0
339.0 454.0
401.0 867.0
790.0 1750.0
3851.0 3077.0
4028.0 3047.0
244.0 1660.0
3532.0 3280.0
3943.0 3721.0
492.0 4477.0
735.0 2724.0
21.0 2430.0
409.0 1281.0
2720.0 4020.0
2207.0 4056.0
1884.0 1796.0
226.0 4477.0
110.0 2226.0
607.0 1123.0
3534.0 3595.0
1090.0 1806.0
3395.0 3329.0
3158.0 3349.0
3022.0 3191.0
4296.0 4534.0
2391.0 1065.0
2565.0 1973.0
1516.0 4477.0
1957.0 2777.0
4004.0 4212.0
974.0 97.0
3878.0 4477.0
1977.0 1284.0
60.0 782.0
3494.0 4038.0
182.0 1332.0
4315.0 3009.0
1187.0 4477.0
2467.0 2672.0
774.0 775.0
593.0 1840.0
1950.0 2729.0
390.0 2860.0
3179.0 4316.0
380.0 1639.0
752.0 775.0
2036.0 1647.0
3075.0 4109.0
2779.0 363.0
717.0 4477.0
3931.0 4108.0
516.0 725.0
465.0 2423.0
4590.0 4477.0
167.0 2489.0
1984.0 1012.0
2827.0 4477.0
4283.0 3801.0
3927.0 3800.0
4400.0 3447.0
1486.0 2222.0
4417.0 4629.0
2332.0 2087.0
3004.0 4120.0
257.0 1604.0
806.0 2814.0
1404.0 2455.0
4300.0 4516.0
4518.0 4477.0
4183.0 4167.0
4669.0 3910.0
2465.0 2699.0
804.0 2268.0
1032.0 923.0
27.0 943.0
3215.0 4600.0
2945.0 3372.0
400.0 1609.0
3189.0 4462.0
3348.0 4649.0
4169.0 4648.0
3614.0 3998.0
3498.0 4502.0
1679.0 1760.0
3979.0 4120.0
1504.0 1462.0
306.0 2522.0
4390.0 4573.0
2165.0 2673.0
3410.0 4065.0
4383.0 3663.0
693.0 1522.0
2832.0 1933.0
1270.0 2703.0
1064.0 1302.0
842.0 4020.0
3034.0 4610.0
340.0 1080.0
558.0 1223.0
3796.0 3396.0
406.0 1889.0
2167.0 4473.0
635.0 2091.0
3688.0 4059.0
262.0 447.0
4007.0 4317.0
2364.0 1547.0
1491.0 80.0
4545.0 3228.0
544.0 2508.0
383.0 2598.0
1260.0 284.0
3656.0 3987.0
762.0 2311.0
3432.0 3940.0
862.0 1039.0
348.0 2010.0
1987.0 2404.0
2185.0 1470.0
309.0 1556.0
2733.0 454.0
2122.0 360.0
1547.0 4477.0
1157.0 2410.0
4367.0 3409.0
2696.0 2563.0
2650.0 2726.0
82.0 322.0
846.0 2740.0
75.0 2815.0
2373.0 2314.0
3289.0 4527.0
1159.0 1492.0
1707.0 1021.0
1040.0 1026.0
3570.0 3708.0
1809.0 2713.0
264.0 197.0
3796.0 4526.0
4682.0 3217.0
241.0 2645.0
3259.0 4651.0
3456.0 4159.0
3243.0 4014.0
2968.0 4611.0
1066.0 2048.0
1419.0 1567.0
4279.0 3380.0
4241.0 4540.0
1337.0 839.0
3904.0 4216.0
2670.0 2591.0
3235.0 3176.0
689.0 1492.0
3250.0 4541.0
3309.0 4120.0
729.0 1402.0
2361.0 2292.0
44.0 179.0
1588.0 2687.0
2351.0 2005.0
3046.0 3752.0
41.0 1602.0
3093.0 3243.0
102.0 1721.0
4093.0 4477.0
2497.0 3015.0
3198.0 3450.0
1281.0 1394.0
1179.0 966.0
3595.0 4477.0
1188.0 4020.0
1931.0 1895.0
2405.0 2905.0
19.0 812.0
4274.0 4445.0
3212.0 4155.0
2595.0 2877.0
241.0 2906.0
4268.0 4011.0
2887.0 2691.0
2551.0 966.0
1168.0 2601.0
349.0 1696.0
442.0 1281.0
1141.0 2695.0
457.0 1470.0
1358.0 4477.0
1496.0 4020.0
4150.0 3525.0
4478.0 2207.0
4235.0 4652.0
1609.0 2669.0
3532.0 3726.0
3522.0 3396.0
3150.0 3020.0
2824.0 2777.0
4438.0 4322.0
3883.0 3608.0
432.0 4576.0
188.0 1201.0
95.0 4477.0
1500.0 2056.0
3703.0 2924.0
524.0 958.0
2382.0 2884.0
90.0 2645.0
3583.0 3638.0
749.0 2874.0
628.0 269.0
3076.0 3875.0
2254.0 1808.0
2567.0 4477.0
4060.0 4023.0
3644.0 4219.0
976.0 2253.0
2591.0 2604.0
156.0 2401.0
1118.0 2902.0
1250.0 2479.0
3629.0 4648.0
822.0 2204.0
1991.0 1474.0
2591.0 1791.0
2796.0 4121.0
3655.0 3936.0
1134.0 262.0
1359.0 2562.0
688.0 1723.0
3519.0 4083.0
1084.0 865.0
2569.0 567.0
536.0 1097.0
4027.0 3528.0
3510.0 4011.0
3910.0 3780.0
746.0 4477.0
3711.0 4310.0
594.0 1553.0
2934.0 4589.0
4030.0 4436.0
1649.0 2353.0
629.0 1317.0
2194.0 366.0
3475.0 4014.0
4164.0 4100.0
1966.0 799.0
13.0 445.0
4268.0 4020.0
3372.0 3997.0
1866.0 2522.0
1847.0 29.0
1763.0 1605.0
4367.0 4100.0
1499.0 4567.0
243.0 2873.0
2069.0 1727.0
4612.0 4596.0
2257.0 2653.0
4189.0 3526.0
3257.0 3354.0
1382.0 1770.0
3066.0 2935.0
388.0 1121.0
2601.0 2740.0
913.0 2886.0
4552.0 4386.0
184.0 353.0
2899.0 3390.0
3824.0 4652.0
1935.0 2890.0
533.0 840.0
3778.0 4645.0
4306.0 3243.0
2100.0 240.0
3955.0 3433.0
3415.0 4127.0
1100.0 1271.0
2090.0 2834.0
4590.0 3377.0
4232.0 4188.0
1344.0 1474.0
234.0 2451.0
180.0 2047.0
4248.0 4327.0
4133.0 3669.0
1342.0 2553.0
586.0 541.0
2972.0 3301.0
2591.0 2772.0
1764.0 1489.0
1130.0 1842.0
462.0 2064.0
2465.0 1168.0
569.0 287.0
2954.0 3259.0
2415.0 2405.0
2881.0 980.0
1740.0 243.0
4418.0 3428.0
1471.0 2560.0
1673.0 4477.0
1838.0 4020.0
3620.0 3375.0
3772.0 3531.0
2365.0 1929.0
3673.0 4031.0
3651.0 4020.0
3476.0 3610.0
3463.0 3308.0
4397.0 3262.0
788.0 1844.0
3366.0 3392.0
4659.0 4561.0
309.0 2182.0
153.0 1278.0
791.0 1272.0
2752.0 181.0
2522.0 2574.0
1522.0 1609.0
583.0 3651.0
4571.0 4568.0
3959.0 4477.0
3778.0 3653.0
1904.0 472.0
4085.0 3588.0
2852.0 1934.0
3779.0 3306.0
1923.0 849.0
3716.0 4338.0
2116.0 1980.0
2546.0 4020.0
3432.0 4410.0
1382.0 1031.0
1169.0 1963.0
3822.0 4119.0
4199.0 3573.0
168.0 1483.0
368.0 1796.0
791.0 1109.0
3481.0 4477.0
4673.0 4033.0
1713.0 1575.0
3315.0 3919.0
3486.0 3652.0
898.0 1360.0
2701.0 4477.0
1143.0 2488.0
3733.0 3894.0
1827.0 1605.0
2681.0 2073.0
705.0 2765.0
3115.0 3414.0
1863.0 626.0
2891.0 4477.0
2982.0 4477.0
91.0 247.0
716.0 2236.0
4603.0 3592.0
1609.0 2863.0
780.0 653.0
4406.0 4037.0
1844.0 1967.0
1699.0 1032.0
202.0 2645.0
1660.0 2253.0
355.0 849.0
1866.0 1098.0
1543.0 2417.0
2996.0 4014.0
2885.0 349.0
745.0 4477.0
2363.0 1470.0
2461.0 40.0
2394.0 3074.0
1590.0 2805.0
936.0 1661.0
3368.0 4230.0
229.0 1754.0
4387.0 4127.0
1437.0 2513.0
4557.0 3811.0
3407.0 3445.0
1700.0 4477.0
129.0 1207.0
4001.0 4020.0
3974.0 4572.0
587.0 2814.0
348.0 346.0
3971.0 4102.0
3727.0 4502.0
2808.0 2108.0
650.0 2679.0
839.0 4624.0
2679.0 4477.0
2620.0 1181.0
691.0 269.0
544.0 2384.0
3702.0 4020.0
2991.0 3835.0
609.0 1918.0
4308.0 4322.0
3777.0 4369.0
56.0 1943.0
4094.0 3174.0
4580.0 4598.0
4483.0 4669.0
2448.0 1258.0
1989.0 4477.0
1896.0 2774.0
3989.0 3345.0
60.0 1028.0
45.0 902.0
1555.0 2316.0
4676.0 3932.0
2403.0 4477.0
3439.0 4015.0
1125.0 2591.0
1560.0 2291.0
1634.0 1177.0
47.0 2401.0
1571.0 2329.0
877.0 1120.0
2225.0 2606.0
2743.0 2381.0
3419.0 4047.0
1835.0 2740.0
2071.0 3641.0
603.0 2786.0
363.0 1911.0
2916.0 4476.0
3042.0 3520.0
4522.0 2497.0
1401.0 1958.0
2122.0 497.0
1769.0 2268.0
2652.0 2196.0
299.0 2146.0
3229.0 3765.0
4221.0 3345.0
969.0 2135.0
1375.0 2657.0
295.0 1078.0
1162.0 1809.0
2338.0 2634.0
1000.0 1540.0
2495.0 1824.0
3558.0 4477.0
804.0 2427.0
3333.0 3472.0
4071.0 4502.0
603.0 2320.0
1619.0 578.0
1659.0 318.0
38.0 319.0
1227.0 2430.0
2276.0 2795.0
1649.0 979.0
4670.0 4477.0
3131.0 4538.0
432.0 3188.0
230.0 1019.0
4280.0 3875.0
2313.0 2547.0
150.0 1572.0
3013.0 2207.0
4592.0 4316.0
2859.0 1531.0
3175.0 3628.0
1179.0 971.0
408.0 490.0
36.0 1383.0
408.0 1493.0
3733.0 4364.0
3161.0 3489.0
4069.0 3213.0
1162.0 4477.0
3978.0 4477.0
2000.0 1865.0
980.0 4477.0
3961.0 3189.0
270.0 2048.0
4062.0 4634.0
1531.0 1111.0
3664.0 4374.0
2125.0 164.0
3194.0 3117.0
1559.0 1202.0
1485.0 1339.0
175.0 2863.0
1512.0 2219.0
3736.0 4070.0
1656.0 2006.0
2916.0 4108.0
2169.0 2628.0
2600.0 1101.0
1931.0 2853.0
3032.0 4196.0
3840.0 3255.0
2702.0 1161.0
2255.0 1397.0
2933.0 3420.0
2194.0 1770.0
2249.0 2873.0
3090.0 4326.0
4309.0 4426.0
609.0 1569.0
2813.0 382.0
861.0 2153.0
1786.0 2888.0
2478.0 2591.0
3546.0 4238.0
226.0 581.0
1368.0 1101.0
1954.0 4205.0
1640.0 1279.0
1136.0 4477.0
149.0 1530.0
3831.0 3999.0
2843.0 2672.0
3126.0 3368.0
1440.0 1886.0
4010.0 4356.0
1005.0 2066.0
4520.0 3135.0
777.0 159.0
3273.0 4083.0
1083.0 2848.0
1268.0 4477.0
1356.0 2031.0
2901.0 4477.0
1539.0 1632.0
3729.0 3774.0
1064.0 2053.0
3923.0 3807.0
4327.0 4495.0
2240.0 1308.0
1359.0 360.0
1952.0 2482.0
3770.0 3795.0
320.0 2216.0
778.0 2054.0
4315.0 3181.0
4352.0 3775.0
3987.0 3441.0
2691.0 1139.0
3025.0 4130.0
860.0 1356.0
2557.0 2726.0
4122.0 3262.0
554.0 1289.0
727.0 1812.0
4098.0 3389.0
1253.0 2457.0
3681.0 4464.0
861.0 1637.0
3463.0 4119.0
1704.0 2282.0
2617.0 2767.0
2892.0 722.0
1773.0 1171.0
2495.0 1139.0
2357.0 895.0
567.0 2873.0
1329.0 1978.0
3553.0 4448.0
2691.0 2722.0
3612.0 3178.0
3085.0 3670.0
3797.0 3211.0
1251.0 2618.0
3884.0 4502.0
659.0 203.0
2859.0 56.0
3108.0 3650.0
3835.0 3762.0
1711.0 1353.0
1598.0 2110.0
2777.0 797.0
3575.0 4640.0
2157.0 2355.0
2564.0 1855.0
121.0 2087.0
176.0 462.0
3039.0 4410.0
3668.0 2089.0
2879.0 395.0
3606.0 3474.0
2310.0 4477.0
869.0 4477.0
3674.0 3653.0
3848.0 3613.0
748.0 2808.0
48.0 693.0
3674.0 3809.0
1735.0 2430.0
3705.0 4477.0
3775.0 4477.0
768.0 2682.0
670.0 2435.0
656.0 2149.0
1379.0 1704.0
1372.0 1351.0
2145.0 2297.0
3703.0 4477.0
3172.0 4477.0
4381.0 4480.0
2653.0 2760.0
2944.0 3384.0
1013.0 1346.0
1560.0 2274.0
48.0 2765.0
671.0 2326.0
1342.0 428.0
3069.0 3953.0
48.0 2302.0
3440.0 3812.0
2342.0 4020.0
2963.0 3305.0
1011.0 247.0
1571.0 1893.0
3728.0 3500.0
4325.0 4082.0
4384.0 3653.0
136.0 814.0
1189.0 1745.0
389.0 621.0
2497.0 2959.0
4481.0 4477.0
1870.0 2557.0
663.0 2165.0
3787.0 4313.0
4648.0 3399.0
2612.0 2889.0
3386.0 4013.0
2024.0 217.0
4113.0 4208.0
1406.0 914.0
3680.0 4393.0
3587.0 4058.0
1900.0 2660.0
3092.0 4568.0
62.0 1588.0
350.0 1016.0
3163.0 4307.0
833.0 2707.0
708.0 2087.0
1382.0 2184.0
3775.0 4158.0
1648.0 1573.0
4119.0 3036.0
626.0 2027.0
1791.0 4477.0
3312.0 3941.0
901.0 1701.0
2938.0 3673.0
1143.0 225.0
470.0 1731.0
1773.0 1297.0
1470.0 2253.0
2786.0 2448.0
3979.0 4169.0
3720.0 4085.0
48.0 1866.0
2652.0 2401.0
671.0 2574.0
769.0 1206.0
3997.0 4027.0
4567.0 4626.0
2824.0 2401.0
4326.0 4127.0
175.0 2146.0
1262.0 1598.0
3861.0 3929.0
3489.0 3549.0
3575.0 3754.0
2939.0 3447.0
344.0 170.0
1596.0 650.0
601.0 4477.0
3241.0 3672.0
2654.0 706.0
550.0 201.0
1437.0 1884.0
579.0 2562.0
221.0 1406.0
2668.0 1310.0
3219.0 3272.0
4484.0 3726.0
155.0 548.0
3601.0 3406.0
2290.0 2420.0
4549.0 3540.0
47.0 1073.0
1054.0 1377.0
404.0 1286.0
4149.0 4117.0
399.0 2188.0
958.0 2700.0
899.0 363.0
2294.0 2628.0
3700.0 3717.0
1679.0 2182.0
3868.0 3784.0
4643.0 4683.0
2098.0 2520.0
875.0 1028.0
1172.0 2652.0
3552.0 4276.0
240.0 1915.0
4504.0 4177.0
2192.0 2324.0
1537.0 1701.0
3948.0 4591.0
4608.0 3479.0
233.0 2745.0
1187.0 1825.0
3022.0 4579.0
1250.0 360.0
1268.0 1686.0
919.0 2208.0
97.0 1634.0
3303.0 3682.0
1209.0 1687.0
3454.0 4058.0
575.0 1411.0
1645.0 1917.0
4215.0 3762.0
3929.0 3509.0
4045.0 3932.0
3269.0 3036.0
3887.0 4592.0
47.0 2780.0
649.0 1832.0
3520.0 3443.0
45.0 2248.0
652.0 2738.0
2526.0 817.0
746.0 1269.0
1353.0 2874.0
2594.0 509.0
3191.0 4416.0
399.0 2163.0
3631.0 4405.0
789.0 1578.0
958.0 1994.0
2291.0 201.0
1765.0 817.0
1016.0 2812.0
4502.0 4477.0
3741.0 4678.0
3851.0 3603.0
1224.0 2347.0
1359.0 2811.0
3777.0 3272.0
3454.0 2994.0
3703.0 4391.0
2912.0 4558.0
2998.0 4117.0
1125.0 1052.0
3843.0 4209.0
2024.0 4477.0
4118.0 4637.0
3350.0 4477.0
1542.0 609.0
3612.0 4477.0
2340.0 775.0
2044.0 2208.0
546.0 902.0
2689.0 2831.0
2520.0 515.0
1267.0 2246.0
3528.0 3457.0
349.0 4477.0
3043.0 3255.0
1849.0 4477.0
1035.0 2582.0
212.0 702.0
4503.0 2934.0
3556.0 4032.0
111.0 1449.0
1211.0 2316.0
574.0 2479.0
974.0 1390.0
1016.0 2382.0
1547.0 1975.0
3969.0 4137.0
1724.0 1139.0
3729.0 4020.0
1035.0 2187.0
3023.0 3459.0
435.0 715.0
370.0 1829.0
1289.0 1741.0
4648.0 4143.0
1754.0 3869.0
3217.0 4175.0
4091.0 3014.0
1314.0 2191.0
2922.0 4106.0
1542.0 1857.0
2167.0 4624.0
1287.0 538.0
3742.0 3867.0
3550.0 3489.0
4166.0 3705.0
3897.0 3377.0
2035.0 2403.0
12.0 2823.0
3518.0 3580.0
3149.0 4361.0
1304.0 1972.0
61.0 2616.0
2169.0 1196.0
1098.0 243.0
133.0 1039.0
2125.0 1852.0
1537.0 903.0
4280.0 4020.0
2044.0 1269.0
3553.0 4520.0
407.0 1474.0
133.0 1678.0
1339.0 2905.0
338.0 2508.0
256.0 1618.0
813.0 2219.0
581.0 1225.0
1273.0 2570.0
48.0 726.0
1380.0 109.0
2359.0 1474.0
2021.0 1279.0
2889.0 44.0
3453.0 4477.0
69.0 1798.0
1561.0 2797.0
2806.0 502.0
4659.0 4210.0
1292.0 1614.0
753.0 567.0
4383.0 4372.0
2846.0 2381.0
88.0 4477.0
1302.0 1183.0
3343.0 3786.0
338.0 1958.0
3886.0 4208.0
2075.0 2084.0
719.0 1401.0
3471.0 4020.0
4401.0 4020.0
108.0 2583.0
951.0 44.0
3001.0 4514.0
3253.0 3703.0
689.0 2312.0
3153.0 4339.0
27.0 1274.0
458.0 2490.0
4626.0 3666.0
3032.0 4477.0
3385.0 4209.0
1870.0 2376.0
3997.0 3292.0
3006.0 4238.0
2322.0 1433.0
4195.0 3311.0
3941.0 3195.0
3521.0 3213.0
2075.0 2280.0
3267.0 4361.0
3226.0 3269.0
3759.0 4477.0
886.0 2751.0
2878.0 2573.0
2319.0 1963.0
1875.0 287.0
880.0 1995.0
4099.0 3507.0
4248.0 4298.0
603.0 2694.0
295.0 2100.0
2643.0 1793.0
185.0 774.0
1531.0 2017.0
3785.0 3366.0
1334.0 1314.0
4339.0 3451.0
2360.0 2801.0
3473.0 3230.0
801.0 1284.0
1041.0 1386.0
1747.0 1773.0
392.0 2289.0
4511.0 3963.0
584.0 1855.0
4621.0 4502.0
4397.0 3560.0
2395.0 1651.0
1014.0 2262.0
867.0 626.0
3434.0 4480.0
2279.0 4477.0
3941.0 4305.0
2228.0 2836.0
560.0 928.0
839.0 4477.0
1081.0 1889.0
326.0 1881.0
2739.0 2863.0
2955.0 4280.0
3745.0 4641.0
4664.0 3638.0
64.0 1208.0
345.0 503.0
3612.0 3456.0
1861.0 1739.0
2393.0 2541.0
1129.0 1987.0
4684.0 4477.0
4594.0 3578.0
1692.0 1605.0
1033.0 4477.0
3753.0 4502.0
4060.0 3798.0
4339.0 4023.0
4345.0 3764.0
3632.0 4020.0
2427.0 1231.0
1914.0 2793.0
2371.0 2508.0
1076.0 1151.0
3701.0 3784.0
747.0 1055.0
1702.0 1980.0
3646.0 3373.0
315.0 1807.0
862.0 1599.0
1609.0 1884.0
2924.0 3775.0
2085.0 2137.0
4619.0 3419.0
69.0 1685.0
832.0 2672.0
2179.0 2565.0
187.0 236.0
979.0 4477.0
464.0 2756.0
602.0 2866.0
4222.0 3146.0
501.0 4477.0
3834.0 4287.0
184.0 497.0
1681.0 2167.0
4677.0 4118.0
1408.0 2245.0
2173.0 2046.0
3526.0 3640.0
4572.0 4477.0
4225.0 4477.0
2793.0 2417.0
1624.0 2329.0
4141.0 4118.0
3226.0 4579.0
1163.0 2302.0
503.0 1920.0
1905.0 1931.0
3013.0 4265.0
3888.0 4346.0
4204.0 3146.0
1171.0 2401.0
2760.0 2860.0
2476.0 967.0
69.0 2559.0
4248.0 3173.0
2123.0 2914.0
2303.0 102.0
1792.0 1146.0
65.0 1377.0
2561.0 709.0
244.0 370.0
1347.0 2555.0
2735.0 1003.0
1253.0 502.0
4618.0 3571.0
1272.0 2680.0
2882.0 605.0
205.0 2276.0
4366.0 3373.0
305.0 633.0
3706.0 4292.0
1398.0 4477.0
601.0 2612.0
1619.0 995.0
2743.0 4477.0
417.0 2497.0
4109.0 3762.0
1378.0 1633.0
3975.0 4407.0
1094.0 531.0
2476.0 1141.0
2137.0 2845.0
265.0 1541.0
1760.0 630.0
4376.0 3052.0
3016.0 4122.0
4390.0 4477.0
17.0 2857.0
1000.0 2497.0
1080.0 308.0
3800.0 3968.0
1049.0 1260.0
532.0 1824.0
4122.0 3982.0
3915.0 3839.0
1201.0 2682.0
3215.0 4681.0
2389.0 1046.0
1498.0 609.0
716.0 502.0
2961.0 3373.0
4625.0 4085.0
1417.0 2726.0
1328.0 4477.0
401.0 2762.0
750.0 1948.0
3673.0 4477.0
1414.0 1530.0
948.0 1740.0
3107.0 4581.0
678.0 1705.0
1416.0 2783.0
369.0 939.0
861.0 2402.0
150.0 2260.0
3995.0 3330.0
185.0 1734.0
2828.0 241.0
4015.0 4652.0
3027.0 3987.0
1653.0 1167.0
273.0 2585.0
3189.0 4322.0
1896.0 2839.0
2240.0 213.0
975.0 97.0
2098.0 2672.0
4291.0 4389.0
4405.0 3567.0
1560.0 2690.0
3475.0 4486.0
3036.0 4454.0
3310.0 4375.0
2395.0 1486.0
2963.0 3162.0
81.0 2725.0
1154.0 2738.0
2803.0 1605.0
4595.0 3173.0
1359.0 1485.0
3364.0 3392.0
1496.0 2009.0
3376.0 4646.0
4268.0 3136.0
331.0 1499.0
2516.0 1463.0
293.0 4020.0
1701.0 1196.0
4190.0 3379.0
2894.0 4477.0
408.0 1631.0
40.0 199.0
4546.0 4596.0
409.0 361.0
4054.0 4336.0
3798.0 3182.0
1348.0 2403.0
2650.0 1260.0
1861.0 2306.0
2508.0 4477.0
2945.0 4406.0
3851.0 4304.0
2846.0 1521.0
1981.0 1521.0
3087.0 3765.0
4592.0 4502.0
108.0 4477.0
1205.0 2283.0
2854.0 143.0
2365.0 1021.0
1242.0 2402.0
3848.0 4155.0
1694.0 2628.0
4008.0 3946.0
1186.0 672.0
556.0 1072.0
3979.0 4428.0
2344.0 1245.0
490.0 746.0
3984.0 3642.0
200.0 2801.0
2958.0 3316.0
4388.0 4456.0
1990.0 1855.0
1735.0 2265.0
192.0 178.0
298.0 1723.0
3943.0 4642.0
3515.0 4315.0
1340.0 1339.0
501.0 1383.0
3752.0 4135.0
1582.0 1831.0
1604.0 2504.0
2616.0 1830.0
1070.0 2645.0
4417.0 3292.0
3005.0 3136.0
1823.0 2774.0
1873.0 1263.0
3254.0 4477.0
4218.0 3173.0
3528.0 3990.0
705.0 2210.0
2329.0 2287.0
588.0 658.0
68.0 2127.0
477.0 913.0
3961.0 4657.0
384.0 93.0
2195.0 295.0
1666.0 273.0
426.0 312.0
1076.0 803.0
4557.0 3197.0
1489.0 817.0
1134.0 2641.0
1040.0 4477.0
2987.0 3848.0
747.0 1755.0
1035.0 179.0
3421.0 4065.0
3400.0 3377.0
2950.0 3540.0
507.0 1682.0
47.0 2378.0
886.0 2066.0
1390.0 1066.0
2846.0 117.0
2659.0 2726.0
2439.0 4477.0
3710.0 4201.0
3222.0 3799.0
1446.0 2252.0
3881.0 4430.0
3695.0 3837.0
2530.0 587.0
948.0 1808.0
3620.0 3567.0
3672.0 3055.0
529.0 929.0
2668.0 1685.0
4264.0 4477.0
4147.0 4371.0
1496.0 1198.0
283.0 1077.0
4270.0 3228.0
3648.0 3349.0
1143.0 581.0
706.0 1184.0
2695.0 1377.0
648.0 1443.0
1382.0 2027.0
1244.0 4477.0
4629.0 4487.0
3480.0 3865.0
3169.0 3663.0
2673.0 621.0
2331.0 2536.0
93.0 458.0
3734.0 3726.0
3623.0 3438.0
2178.0 2565.0
1254.0 2765.0
1109.0 2552.0
2560.0 943.0
2810.0 1139.0
4653.0 3687.0
4249.0 4405.0
97.0 666.0
3372.0 4277.0
3868.0 4479.0
554.0 2628.0
4270.0 4139.0
4253.0 3228.0
3226.0 3989.0
575.0 1875.0
3660.0 3803.0
495.0 1466.0
4307.0 4477.0
901.0 2540.0
786.0 1381.0
366.0 2312.0
1092.0 1532.0
2625.0 1417.0
914.0 2550.0
3664.0 4448.0
4174.0 4657.0
906.0 2568.0
1323.0 1884.0
3346.0 3970.0
298.0 895.0
2211.0 2281.0
3060.0 3829.0
372.0 2746.0
562.0 2267.0
2990.0 4108.0
3635.0 4274.0
3111.0 3835.0
3376.0 3654.0
165.0 1113.0
2357.0 810.0
1064.0 1959.0
2528.0 2874.0
3745.0 3561.0
2623.0 944.0
102.0 809.0
3462.0 4477.0
3336.0 3585.0
2981.0 3772.0
3080.0 4035.0
1012.0 2128.0
3665.0 4208.0
1840.0 1432.0
4341.0 4235.0
2827.0 153.0
894.0 1645.0
2884.0 1654.0
4182.0 4201.0
3827.0 4130.0
1608.0 1567.0
1539.0 2375.0
3418.0 4502.0
2553.0 569.0
3569.0 4017.0
408.0 1093.0
3706.0 3012.0
111.0 2188.0
924.0 4477.0
4271.0 3611.0
3028.0 3170.0
3409.0 4477.0
787.0 1585.0
224.0 1027.0
1807.0 1631.0
3476.0 3855.0
128.0 2497.0
2356.0 2096.0
784.0 899.0
270.0 1591.0
1191.0 2634.0
713.0 905.0
4634.0 4477.0
1408.0 531.0
2386.0 1831.0
908.0 2524.0
2620.0 3368.0
1952.0 738.0
1643.0 2624.0
809.0 2470.0
4273.0 3360.0
733.0 1470.0
1242.0 1637.0
3143.0 3454.0
3623.0 3669.0
2592.0 2886.0
3087.0 3735.0
1149.0 1663.0
1833.0 929.0
4579.0 4409.0
3494.0 4477.0
398.0 1435.0
1134.0 1978.0
2386.0 1139.0
12.0 4477.0
362.0 458.0
2141.0 4477.0
2570.0 2895.0
2448.0 1044.0
1820.0 1755.0
175.0 2669.0
3498.0 4489.0
4176.0 4445.0
4146.0 3524.0
814.0 2386.0
3663.0 4142.0
3611.0 4532.0
3297.0 3132.0
1185.0 2048.0
3152.0 3963.0
1577.0 2853.0
4667.0 3168.0
1226.0 329.0
334.0 2847.0
2350.0 1346.0
1180.0 1224.0
2122.0 1605.0
808.0 2472.0
2791.0 1352.0
4591.0 3089.0
747.0 1235.0
2770.0 1801.0
1344.0 2406.0
4369.0 3001.0
1374.0 2692.0
3874.0 3714.0
164.0 1859.0
2422.0 4020.0
1474.0 1663.0
3101.0 2918.0
1961.0 1745.0
4003.0 4337.0
3438.0 3170.0
3886.0 3981.0
3487.0 4477.0
702.0 2769.0
1933.0 1987.0
2449.0 2146.0
1384.0 728.0
3292.0 3194.0
3871.0 2972.0
2828.0 1470.0
3757.0 3798.0
1988.0 1290.0
1675.0 1157.0
2287.0 626.0
1006.0 2614.0
4229.0 4096.0
3004.0 3582.0
4637.0 4316.0
1793.0 1617.0
1501.0 2279.0
4039.0 4188.0
3435.0 2951.0
3363.0 4020.0
3857.0 4477.0
816.0 928.0
1030.0 1735.0
2114.0 4477.0
1100.0 1967.0
3550.0 4246.0
2961.0 2985.0
1524.0 2764.0
3673.0 3981.0
3104.0 4029.0
3861.0 4469.0
662.0 1088.0
354.0 2401.0
947.0 1764.0
2113.0 1852.0
3111.0 3809.0
323.0 2116.0
3274.0 3798.0
562.0 4477.0
217.0 1630.0
4028.0 4440.0
1648.0 1590.0
254.0 4477.0
3526.0 4316.0
93.0 2696.0
230.0 2165.0
168.0 1214.0
477.0 2113.0
3225.0 4643.0
2016.0 1996.0
2835.0 1864.0
2588.0 1901.0
4404.0 4477.0
1254.0 2474.0
2829.0 1745.0
2172.0 1427.0
4666.0 3528.0
3085.0 4187.0
1731.0 2602.0
2171.0 2479.0
3182.0 3157.0
313.0 705.0
652.0 1225.0
136.0 2882.0
1501.0 2417.0
536.0 2277.0
2946.0 4340.0
1153.0 1377.0
4403.0 2986.0
1315.0 4477.0
3343.0 4146.0
749.0 2869.0
4588.0 3645.0
974.0 673.0
4173.0 3065.0
2217.0 1097.0
1741.0 385.0
393.0 2508.0
3206.0 3349.0
149.0 2867.0
2326.0 2902.0
1798.0 4477.0
421.0 587.0
1700.0 495.0
2723.0 1972.0
1172.0 2326.0
4248.0 3065.0
2707.0 481.0
2537.0 276.0
1935.0 1830.0
2913.0 4275.0
1786.0 2672.0
3383.0 3871.0
1703.0 199.0
810.0 1196.0
296.0 1264.0
979.0 1081.0
2459.0 2488.0
2592.0 4477.0
4282.0 3780.0
4600.0 3038.0
4248.0 3047.0
1661.0 1335.0
4391.0 4361.0
259.0 1961.0
1274.0 2645.0
1846.0 2504.0
1287.0 2635.0
143.0 2401.0
4001.0 3923.0
3958.0 3647.0
3938.0 4020.0
1350.0 1868.0
4268.0 4443.0
2852.0 2223.0
2312.0 2223.0
727.0 835.0
3748.0 3179.0
1858.0 2156.0
4111.0 4222.0
1271.0 1881.0
4118.0 3632.0
3592.0 3742.0
1224.0 1549.0
715.0 945.0
722.0 4477.0
3853.0 4400.0
3259.0 4082.0
4420.0 3174.0
1204.0 1487.0
446.0 1499.0
3048.0 4545.0
4386.0 3926.0
1815.0 4477.0
810.0 632.0
1431.0 32.0
295.0 2268.0
4126.0 3204.0
1299.0 1311.0
581.0 1980.0
975.0 4477.0
1593.0 1704.0
1262.0 2614.0
461.0 647.0
658.0 725.0
2378.0 1202.0
2005.0 1799.0
3163.0 3352.0
3959.0 4077.0
93.0 2492.0
370.0 2764.0
2181.0 2726.0
2145.0 284.0
1260.0 2222.0
1958.0 2574.0
1165.0 1402.0
3201.0 3574.0
233.0 2836.0
2261.0 325.0
469.0 4477.0
2785.0 322.0
3681.0 3893.0
461.0 141.0
467.0 2528.0
2209.0 185.0
389.0 1485.0
3564.0 3406.0
790.0 2771.0
1796.0 2726.0
2457.0 1541.0
4307.0 3877.0
642.0 1351.0
3314.0 4035.0
1559.0 1082.0
454.0 2814.0
4609.0 4477.0
104.0 4477.0
3721.0 4020.0
134.0 254.0
4661.0 3855.0
1064.0 1721.0
3664.0 4163.0
30.0 4477.0
4612.0 3591.0
3821.0 4402.0
4416.0 3528.0
1623.0 1980.0
824.0 678.0
1164.0 2769.0
547.0 1582.0
4010.0 4201.0
2223.0 138.0
2577.0 1902.0
288.0 3709.0
407.0 1591.0
487.0 2206.0
1855.0 869.0
1778.0 2863.0
1372.0 168.0
29.0 1457.0
3123.0 4477.0
3855.0 3284.0
2277.0 971.0
376.0 2616.0
3920.0 4277.0
1365.0 4477.0
4271.0 4681.0
3393.0 3251.0
2030.0 2556.0
1368.0 318.0
4101.0 4261.0
547.0 4477.0
3851.0 4061.0
3004.0 4330.0
916.0 1719.0
3779.0 3380.0
593.0 1669.0
1825.0 2195.0
98.0 298.0
1177.0 1946.0
309.0 2138.0
2818.0 134.0
2539.0 582.0
4281.0 4577.0
2784.0 985.0
1039.0 1201.0
2326.0 495.0
2737.0 1521.0
389.0 1301.0
3665.0 3489.0
3082.0 4502.0
658.0 2579.0
4299.0 3800.0
3274.0 4477.0
4509.0 4384.0
4529.0 3734.0
1865.0 4477.0
616.0 2252.0
2434.0 2326.0
1282.0 2678.0
4102.0 4123.0
3868.0 4420.0
1494.0 1501.0
926.0 1749.0
320.0 215.0
294.0 1446.0
1817.0 1021.0
3503.0 4684.0
2311.0 2742.0
1623.0 1410.0
2999.0 4477.0
465.0 197.0
3690.0 4316.0
3864.0 3403.0
996.0 243.0
239.0 1660.0
1793.0 2155.0
2481.0 655.0
2049.0 2674.0
2503.0 397.0
1150.0 1858.0
1507.0 2857.0
1040.0 1139.0
1800.0 2045.0
500.0 954.0
4042.0 3932.0
1811.0 1745.0
3107.0 4511.0
48.0 1878.0
4493.0 3643.0
3187.0 4024.0
2929.0 3179.0
3382.0 4477.0
388.0 2203.0
996.0 64.0
3619.0 3839.0
2443.0 2091.0
4091.0 4645.0
665.0 2567.0
1402.0 2428.0
784.0 1572.0
3201.0 4344.0
3870.0 3472.0
51.0 1460.0
4073.0 4298.0
2968.0 3063.0
821.0 2574.0
1262.0 2431.0
2798.0 186.0
3699.0 4477.0
2115.0 102.0
4003.0 4456.0
240.0 1741.0
4065.0 4118.0
85.0 1876.0
3796.0 3036.0
23.0 1518.0
728.0 2602.0
2897.0 2260.0
804.0 1661.0
3630.0 4207.0
1335.0 1400.0
1182.0 2297.0
610.0 2492.0
3145.0 4660.0
3173.0 3313.0
4386.0 3349.0
4196.0 3434.0
2791.0 1513.0
3358.0 4377.0
3276.0 4118.0
3672.0 4637.0
2999.0 3251.0
198.0 2639.0
4141.0 3764.0
1648.0 2573.0
4118.0 3727.0
2110.0 4477.0
3887.0 4118.0
948.0 984.0
1547.0 2774.0
1437.0 1958.0
1126.0 1133.0
1108.0 945.0
2463.0 2778.0
4054.0 3135.0
3794.0 4231.0
3853.0 3217.0
4458.0 4537.0
3784.0 4526.0
3665.0 4477.0
4010.0 4108.0
321.0 575.0
1315.0 502.0
1988.0 2353.0
3015.0 3256.0
742.0 2269.0
4595.0 4101.0
519.0 492.0
1295.0 1353.0
1353.0 1870.0
2607.0 120.0
839.0 4570.0
1092.0 1211.0
2206.0 2470.0
2755.0 4477.0
4379.0 4532.0
3290.0 4395.0
1885.0 848.0
1015.0 1848.0
3175.0 3362.0
226.0 1980.0
179.0 1872.0
1392.0 2718.0
4389.0 4426.0
2959.0 3706.0
944.0 4477.0
2163.0 662.0
3005.0 4190.0
4103.0 3768.0
1582.0 1211.0
1961.0 2794.0
2284.0 116.0
2457.0 2669.0
3353.0 4477.0
1073.0 97.0
1679.0 2760.0
3329.0 4222.0
3824.0 3782.0
3659.0 4002.0
821.0 1016.0
2343.0 329.0
1791.0 454.0
1129.0 155.0
3100.0 4369.0
1038.0 2452.0
1490.0 609.0
2627.0 1743.0
3212.0 3565.0
3511.0 3778.0
250.0 1337.0
3144.0 3467.0
1487.0 4020.0
642.0 2761.0
2822.0 1360.0
1542.0 2818.0
3918.0 3570.0
2154.0 252.0
3139.0 4071.0
2110.0 1462.0
124.0 2187.0
3418.0 4206.0
1736.0 1231.0
1131.0 2870.0
3401.0 3527.0
404.0 2722.0
2459.0 809.0
4147.0 4213.0
298.0 1289.0
1292.0 2140.0
3705.0 4606.0
3686.0 4448.0
4391.0 4249.0
3632.0 3764.0
232.0 486.0
2479.0 2474.0
3422.0 4210.0
823.0 1989.0
1619.0 2325.0
2243.0 632.0
870.0 1719.0
739.0 2628.0
435.0 4477.0
2933.0 4560.0
1876.0 2316.0
2205.0 2873.0
4044.0 4115.0
957.0 358.0
2843.0 1724.0
3520.0 4460.0
4296.0 4465.0
3221.0 4477.0
3778.0 3391.0
1866.0 2479.0
4678.0 4477.0
2258.0 1339.0
1102.0 2591.0
369.0 4477.0
1905.0 2591.0
655.0 1646.0
1748.0 1971.0
195.0 949.0
1021.0 4477.0
3242.0 3606.0
3138.0 4117.0
2229.0 1440.0
4262.0 3796.0
1673.0 2227.0
4669.0 3385.0
3510.0 2928.0
948.0 800.0
489.0 1356.0
1510.0 631.0
3579.0 3647.0
3873.0 3374.0
393.0 338.0
995.0 1889.0
229.0 3728.0
3451.0 3574.0
914.0 2598.0
391.0 1353.0
639.0 1989.0
2517.0 2013.0
1489.0 2417.0
2511.0 2575.0
116.0 247.0
391.0 1180.0
3026.0 4477.0
512.0 1204.0
1573.0 1605.0
2942.0 3650.0
2569.0 2262.0
154.0 172.0
2930.0 3131.0
1315.0 2698.0
4293.0 4502.0
2644.0 2177.0
3075.0 3454.0
2291.0 650.0
689.0 650.0
3428.0 3203.0
731.0 2736.0
1947.0 2401.0
3821.0 4477.0
3289.0 3360.0
1535.0 1717.0
2592.0 2808.0
1533.0 1072.0
3792.0 4089.0
414.0 1521.0
2596.0 1595.0
4119.0 4059.0
4325.0 3511.0
931.0 1264.0
1970.0 454.0
368.0 1254.0
47.0 1842.0
2959.0 4001.0
4189.0 3540.0
685.0 314.0
1114.0 2260.0
2100.0 1046.0
134.0 2722.0
1766.0 2012.0
921.0 2039.0
791.0 987.0
996.0 1866.0
554.0 2677.0
3305.0 3570.0
3150.0 4090.0
1168.0 4477.0
919.0 2612.0
3731.0 4065.0
2533.0 1015.0
4027.0 3194.0
1918.0 943.0
3475.0 4246.0
572.0 1497.0
3555.0 3860.0
3570.0 3374.0
1736.0 1368.0
264.0 2873.0
2240.0 1842.0
4146.0 3798.0
3058.0 3175.0
3929.0 3961.0
3966.0 4231.0
2273.0 2426.0
1794.0 4020.0
2292.0 2897.0
3694.0 4624.0
581.0 1920.0
914.0 2231.0
175.0 4477.0
880.0 1520.0
4111.0 4581.0
819.0 2064.0
3407.0 4477.0
3078.0 4480.0
1641.0 2135.0
657.0 2586.0
1751.0 2253.0
1140.0 2664.0
3460.0 3035.0
239.0 1394.0
1850.0 57.0
198.0 2389.0
360.0 1764.0
4506.0 4500.0
2966.0 4497.0
366.0 1880.0
3955.0 4138.0
1028.0 567.0
1728.0 2102.0
3832.0 3238.0
484.0 4477.0
4329.0 3982.0
3097.0 4117.0
1409.0 4477.0
75.0 2620.0
3908.0 4365.0
2243.0 810.0
2549.0 48.0
266.0 427.0
3492.0 3941.0
2666.0 2702.0
2687.0 744.0
4272.0 4393.0
72.0 97.0
4322.0 4139.0
2591.0 762.0
231.0 2368.0
4509.0 4097.0
2335.0 2436.0
323.0 2028.0
2455.0 958.0
2206.0 2805.0
3381.0 4650.0
2223.0 2184.0
2782.0 405.0
2015.0 2200.0
1058.0 2382.0
1124.0 847.0
2565.0 2263.0
2313.0 1051.0
1148.0 606.0
3450.0 3489.0
4464.0 3989.0
2448.0 1978.0
279.0 2171.0
3701.0 3713.0
2519.0 588.0
4370.0 4568.0
1975.0 1704.0
3407.0 3807.0
3343.0 4095.0
3294.0 3173.0
3833.0 4180.0
3576.0 4101.0
1129.0 1933.0
687.0 2817.0
807.0 1967.0
688.0 554.0
4411.0 3929.0
4091.0 4053.0
3871.0 3855.0
2735.0 2292.0
2706.0 714.0
1656.0 650.0
2961.0 3511.0
2784.0 2331.0
65.0 2003.0
1259.0 454.0
132.0 243.0
593.0 2707.0
513.0 1088.0
2983.0 3141.0
1792.0 1654.0
568.0 1431.0
217.0 296.0
3391.0 2995.0
124.0 1642.0
1417.0 1796.0
4683.0 3394.0
4391.0 3504.0
3165.0 4208.0
2184.0 4477.0
1102.0 2322.0
4251.0 4477.0
4567.0 3685.0
264.0 1084.0
1539.0 2312.0
1479.0 2850.0
3334.0 4650.0
2184.0 1279.0
255.0 2461.0
860.0 465.0
4428.0 4059.0
2961.0 4266.0
2516.0 322.0
3883.0 4020.0
4375.0 3179.0
3809.0 4393.0
790.0 1471.0
2085.0 1708.0
1802.0 1207.0
280.0 467.0
3082.0 4096.0
4644.0 3370.0
2351.0 290.0
3510.0 4641.0
4375.0 4321.0
821.0 2777.0
3054.0 3653.0
36.0 2700.0
1564.0 1099.0
3121.0 3377.0
682.0 4477.0
2591.0 1247.0
3121.0 4020.0
1153.0 699.0
1681.0 2453.0
3926.0 4502.0
193.0 1135.0
4087.0 4682.0
2691.0 943.0
686.0 2425.0
4163.0 3656.0
4675.0 4038.0
4621.0 3857.0
917.0 1704.0
1662.0 2378.0
4146.0 3528.0
2683.0 1704.0
1176.0 1063.0
669.0 2447.0
3250.0 3486.0
3392.0 3528.0
3082.0 3296.0
3616.0 3753.0
2625.0 465.0
2682.0 2428.0
2471.0 1425.0
143.0 470.0
2354.0 2513.0
4448.0 4643.0
3386.0 3664.0
753.0 307.0
865.0 1596.0
1617.0 4477.0
2167.0 3377.0
1224.0 2332.0
128.0 1198.0
3590.0 3479.0
1404.0 2499.0
4309.0 4415.0
3510.0 4484.0
953.0 2682.0
3595.0 3714.0
116.0 1508.0
1240.0 1100.0
1041.0 1602.0
844.0 781.0
1964.0 1014.0
2093.0 2559.0
62.0 1605.0
1802.0 2839.0
3116.0 3959.0
1698.0 2003.0
3685.0 4030.0
3866.0 4137.0
4428.0 4406.0
1733.0 1106.0
2466.0 1521.0
3072.0 3590.0
566.0 672.0
3276.0 3381.0
656.0 1297.0
788.0 804.0
301.0 2248.0
2103.0 2017.0
911.0 1537.0
2985.0 3731.0
1356.0 364.0
2974.0 3745.0
2887.0 361.0
2703.0 2777.0
2843.0 819.0
504.0 97.0
3681.0 4077.0
2687.0 1775.0
3674.0 3402.0
1376.0 4020.0
2521.0 1886.0
3261.0 4313.0
479.0 2518.0
2469.0 2275.0
827.0 1895.0
654.0 1006.0
1034.0 1358.0
2612.0 2491.0
4527.0 4024.0
2866.0 2898.0
2271.0 2769.0
114.0 284.0
1612.0 2165.0
3008.0 3282.0
612.0 1973.0
602.0 57.0
2744.0 1605.0
3946.0 4042.0
930.0 968.0
725.0 1878.0
3273.0 3507.0
720.0 2127.0
3676.0 4083.0
1790.0 1889.0
769.0 2821.0
3508.0 4148.0
107.0 2524.0
1782.0 1707.0
3088.0 3531.0
309.0 1286.0
721.0 4477.0
2584.0 1529.0
155.0 2292.0
716.0 2423.0
3214.0 3026.0
2125.0 2306.0
1560.0 650.0
3475.0 3808.0
947.0 1929.0
4515.0 4115.0
2551.0 2805.0
1758.0 1812.0
819.0 2705.0
3396.0 4023.0
3356.0 3596.0
929.0 1089.0
2903.0 2062.0
1185.0 1221.0
4223.0 3402.0
688.0 1231.0
449.0 543.0
15.0 1818.0
4552.0 3846.0
1305.0 1207.0
3355.0 3644.0
1223.0 1314.0
336.0 1757.0
2370.0 2664.0
1809.0 933.0
218.0 1012.0
1064.0 2587.0
2105.0 4477.0
2625.0 72.0
1680.0 2432.0
2173.0 2027.0
2130.0 1730.0
2215.0 730.0
2322.0 2817.0
1708.0 2294.0
4327.0 3173.0
1023.0 1837.0
2997.0 3663.0
4253.0 4261.0
3629.0 4037.0
2145.0 2382.0
2813.0 2524.0
426.0 2548.0
4050.0 4357.0
3270.0 4477.0
3538.0 3637.0
932.0 4458.0
2312.0 2043.0
1577.0 2518.0
1363.0 1633.0
4310.0 3784.0
2145.0 722.0
2687.0 2350.0
746.0 2670.0
2145.0 1651.0
1711.0 1745.0
3001.0 3547.0
1123.0 4477.0
3498.0 4231.0
2196.0 454.0
1460.0 4477.0
2229.0 1974.0
2981.0 3145.0
2539.0 1417.0
2292.0 3114.0
3791.0 4020.0
3420.0 3824.0
645.0 882.0
2574.0 2669.0
3254.0 3495.0
2815.0 2697.0
3825.0 4288.0
524.0 2611.0
3828.0 3935.0
4290.0 2986.0
967.0 1500.0
3285.0 3961.0
3562.0 3429.0
3995.0 3432.0
1115.0 2252.0
3053.0 4477.0
1142.0 2386.0
3560.0 4547.0
4247.0 3210.0
1598.0 2889.0
1769.0 880.0
1104.0 465.0
970.0 351.0
3104.0 3521.0
396.0 2048.0
3385.0 3926.0
1514.0 1515.0
1754.0 4359.0
2989.0 4047.0
3733.0 2944.0
954.0 2608.0
38.0 2111.0
3973.0 3057.0
1939.0 1394.0
195.0 2307.0
2943.0 3577.0
758.0 4477.0
120.0 1736.0
23.0 2422.0
3893.0 3917.0
653.0 1502.0
217.0 2873.0
844.0 2142.0
1975.0 581.0
396.0 1507.0
92.0 830.0
1704.0 1817.0
1052.0 2640.0
64.0 710.0
3533.0 3127.0
1947.0 2326.0
1141.0 1518.0
4663.0 4294.0
921.0 2200.0
1971.0 740.0
1527.0 1727.0
3152.0 3655.0
3285.0 4022.0
1001.0 1906.0
1598.0 2431.0
4050.0 3205.0
539.0 344.0
2658.0 1754.0
1156.0 4477.0
1192.0 2839.0
106.0 767.0
2067.0 781.0
4165.0 3983.0
688.0 2010.0
226.0 1529.0
1876.0 2428.0
3834.0 3615.0
2096.0 2660.0
2518.0 2591.0
3975.0 3381.0
3058.0 4361.0
4071.0 3001.0
1821.0 436.0
823.0 4477.0
651.0 1277.0
1848.0 2810.0
3303.0 4477.0
2543.0 1362.0
693.0 2200.0
3343.0 3907.0
888.0 1515.0
3806.0 4128.0
3950.0 4502.0
2684.0 2013.0
278.0 878.0
3748.0 4477.0
3602.0 2948.0
992.0 3743.0
4315.0 4480.0
3990.0 3117.0
4675.0 3723.0
1896.0 2754.0
3012.0 3407.0
3060.0 3425.0
926.0 658.0
1085.0 2253.0
259.0 2634.0
356.0 1586.0
2986.0 3719.0
950.0 2450.0
777.0 1527.0
2889.0 1165.0
1510.0 1081.0
1190.0 1462.0
3846.0 4033.0
2819.0 247.0
4359.0 4576.0
3314.0 3928.0
1418.0 11.0
1143.0 1702.0
1299.0 2508.0
2686.0 2113.0
3908.0 4529.0
408.0 1889.0
863.0 1481.0
2300.0 685.0
4415.0 3345.0
1788.0 1229.0
916.0 2119.0
4606.0 4477.0
3257.0 3526.0
2006.0 1685.0
1388.0 1999.0
2018.0 1268.0
2765.0 243.0
1661.0 1637.0
1122.0 1196.0
1627.0 1864.0
268.0 2877.0
3072.0 3784.0
2651.0 570.0
566.0 1088.0
3987.0 4683.0
2727.0 1959.0
3471.0 4276.0
69.0 322.0
453.0 4477.0
121.0 1745.0
3575.0 3646.0
4028.0 3842.0
1643.0 2199.0
1369.0 2075.0
2553.0 674.0
490.0 4477.0
857.0 4020.0
282.0 2627.0
382.0 4477.0
4422.0 4020.0
2008.0 2078.0
147.0 4477.0
1815.0 2192.0
540.0 1346.0
901.0 1963.0
2993.0 3713.0
3160.0 3020.0
3100.0 3518.0
3037.0 4064.0
870.0 2292.0
2387.0 160.0
1857.0 2771.0
1359.0 2042.0
565.0 1704.0
1369.0 1404.0
3427.0 4397.0
4372.0 4427.0
4318.0 3014.0
561.0 1864.0
148.0 1617.0
1700.0 2596.0
830.0 1113.0
2693.0 2703.0
4458.0 4020.0
288.0 592.0
196.0 1529.0
2200.0 1596.0
3549.0 3277.0
767.0 221.0
4336.0 4229.0
4623.0 4477.0
2631.0 1146.0
3352.0 3340.0
4493.0 3438.0
3165.0 4249.0
1744.0 2726.0
3994.0 3178.0
154.0 2421.0
3056.0 3606.0
171.0 2836.0
217.0 1849.0
1193.0 1509.0
1034.0 1980.0
863.0 2554.0
819.0 2664.0
1059.0 1310.0
283.0 1522.0
199.0 667.0
3979.0 4460.0
2835.0 2398.0
3334.0 3439.0
551.0 2777.0
1952.0 1139.0
3538.0 4148.0
2725.0 1569.0
3316.0 3789.0
3165.0 4495.0
712.0 2145.0
524.0 1396.0
168.0 225.0
433.0 1509.0
1417.0 1153.0
4038.0 4393.0
894.0 1657.0
3386.0 3610.0
948.0 1160.0
2325.0 2035.0
1967.0 1570.0
1136.0 850.0
2173.0 2510.0
3073.0 3156.0
4174.0 3234.0
509.0 743.0
2429.0 2332.0
3716.0 4380.0
3261.0 3952.0
2500.0 515.0
1972.0 4477.0
4019.0 4349.0
822.0 1687.0
3352.0 4363.0
865.0 2726.0
2676.0 1251.0
945.0 2528.0
3107.0 4160.0
710.0 138.0
3792.0 3942.0
622.0 1987.0
1557.0 2401.0
4341.0 4088.0
576.0 1269.0
359.0 1206.0
159.0 371.0
493.0 2634.0
3189.0 3574.0
2105.0 1021.0
1455.0 1529.0
3538.0 3154.0
3123.0 3494.0
1689.0 172.0
1140.0 2850.0
729.0 1876.0
2711.0 2645.0
3851.0 3954.0
212.0 492.0
741.0 4477.0
3465.0 4477.0
1074.0 2547.0
125.0 1484.0
370.0 2138.0
2572.0 2314.0
1618.0 2382.0
660.0 4477.0
500.0 2451.0
2856.0 2165.0
3641.0 3293.0
3929.0 4596.0
239.0 474.0
3439.0 4053.0
711.0 538.0
4151.0 3791.0
682.0 1268.0
4087.0 3616.0
3431.0 4020.0
2332.0 1021.0
3690.0 3764.0
2852.0 4477.0
1576.0 97.0
2949.0 4468.0
3729.0 4359.0
3777.0 4059.0
2662.0 3296.0
3671.0 3784.0
1684.0 2444.0
3085.0 4407.0
620.0 1263.0
1173.0 587.0
3532.0 4457.0
240.0 1289.0
1375.0 2653.0
1182.0 2222.0
2434.0 2659.0
3445.0 3764.0
778.0 4477.0
1756.0 4477.0
4190.0 3519.0
1066.0 2585.0
4349.0 4116.0
2457.0 2892.0
614.0 4477.0
3793.0 4605.0
421.0 2224.0
2509.0 2628.0
1480.0 673.0
4350.0 3800.0
4344.0 4139.0
1344.0 1669.0
2228.0 1487.0
3861.0 4412.0
1731.0 2421.0
1820.0 300.0
4604.0 3764.0
1864.0 1683.0
19.0 222.0
4614.0 3611.0
647.0 1990.0
3084.0 4502.0
4472.0 4577.0
36.0 1893.0
234.0 2745.0
3451.0 4023.0
4071.0 4592.0
1185.0 431.0
4185.0 4014.0
2039.0 2200.0
3399.0 4460.0
120.0 1088.0
2517.0 1574.0
784.0 240.0
1224.0 1624.0
110.0 2741.0
3379.0 4394.0
3124.0 3217.0
206.0 2352.0
282.0 2726.0
4663.0 4139.0
1682.0 1398.0
549.0 2612.0
434.0 1523.0
4308.0 4378.0
1195.0 1952.0
647.0 1397.0
1230.0 287.0
1378.0 303.0
3557.0 4477.0
2836.0 1487.0
648.0 2120.0
1251.0 2101.0
2197.0 195.0
4147.0 3434.0
2055.0 1506.0
2623.0 1011.0
457.0 729.0
812.0 2253.0
1342.0 208.0
4645.0 3373.0
955.0 2064.0
2431.0 1905.0
1444.0 1470.0
815.0 1589.0
3969.0 4425.0
1328.0 78.0
2262.0 502.0
269.0 2729.0
3340.0 4477.0
1857.0 761.0
480.0 804.0
1028.0 1264.0
2539.0 544.0
1596.0 4477.0
3171.0 3857.0
3355.0 3991.0
465.0 2574.0
1877.0 312.0
639.0 1501.0
626.0 2809.0
1187.0 1142.0
3214.0 4189.0
125.0 1335.0
3375.0 3444.0
1419.0 2376.0
3997.0 3457.0
3966.0 3751.0
467.0 2027.0
3922.0 3293.0
1378.0 2401.0
2419.0 1346.0
2247.0 1599.0
892.0 201.0
219.0 1046.0
354.0 2777.0
408.0 4477.0
270.0 1523.0
4339.0 4415.0
2047.0 2462.0
3991.0 3993.0
2835.0 1113.0
3510.0 3310.0
3041.0 3475.0
3463.0 4389.0
728.0 1669.0
1798.0 398.0
2105.0 2262.0
881.0 2139.0
551.0 1118.0
3310.0 3764.0
2960.0 3574.0
3873.0 4553.0
3990.0 3574.0
4547.0 4088.0
3923.0 4016.0
612.0 2178.0
548.0 4477.0
133.0 1582.0
650.0 2762.0
3784.0 3912.0
2078.0 1812.0
325.0 4477.0
1582.0 752.0
3567.0 3959.0
572.0 2117.0
3715.0 3429.0
4048.0 3300.0
1522.0 1778.0
4119.0 4516.0
559.0 1540.0
1353.0 1951.0
3886.0 4382.0
3210.0 3726.0
1128.0 1470.0
2145.0 2579.0
1199.0 2296.0
2071.0 3728.0
3629.0 4477.0
1353.0 1993.0
2966.0 3678.0
4022.0 4174.0
514.0 1195.0
293.0 992.0
1651.0 1596.0
3393.0 3389.0
119.0 1443.0
723.0 266.0
3490.0 4243.0
1661.0 1479.0
3894.0 3407.0
3832.0 4357.0
2225.0 1402.0
3673.0 4474.0
1141.0 1808.0
4285.0 4173.0
90.0 2818.0
27.0 1881.0
1093.0 1889.0
467.0 1031.0
3139.0 4656.0
1421.0 1046.0
3939.0 4305.0
3914.0 3029.0
2596.0 1902.0
4403.0 3011.0
198.0 1068.0
1414.0 1515.0
419.0 1055.0
991.0 1051.0
2280.0 2027.0
4287.0 4477.0
558.0 1452.0
3623.0 4201.0
3697.0 4144.0
2090.0 1896.0
579.0 1865.0
4312.0 3538.0
1567.0 2423.0
3424.0 4393.0
3052.0 4294.0
396.0 1523.0
2924.0 3161.0
193.0 2547.0
3125.0 4393.0
730.0 1292.0
1218.0 1207.0
3033.0 3395.0
954.0 1037.0
3941.0 3429.0
57.0 1910.0
1830.0 2235.0
3312.0 3138.0
3309.0 3441.0
1382.0 1170.0
1465.0 2444.0
4674.0 3867.0
1064.0 1623.0
3037.0 3365.0
993.0 1497.0
2486.0 1600.0
2355.0 2094.0
2584.0 168.0
3687.0 4157.0
4248.0 3643.0
3148.0 2942.0
2416.0 1611.0
1284.0 3894.0
3376.0 3581.0
1760.0 2828.0
4229.0 4647.0
1417.0 1419.0
760.0 2873.0
3871.0 4091.0
1765.0 2028.0
4407.0 4235.0
230.0 1684.0
1256.0 613.0
516.0 588.0
630.0 774.0
3550.0 4185.0
163.0 2528.0
3883.0 3011.0
2076.0 2252.0
2613.0 1506.0
635.0 2873.0
890.0 208.0
2130.0 1736.0
1225.0 2488.0
709.0 4477.0
1061.0 4020.0
4642.0 3510.0
3864.0 3798.0
4628.0 3839.0
1325.0 526.0
34.0 369.0
2329.0 2679.0
821.0 4477.0
2901.0 287.0
1846.0 2635.0
4262.0 2957.0
1793.0 1879.0
2169.0 2010.0
344.0 1038.0
351.0 1980.0
1915.0 2895.0
3379.0 4498.0
4297.0 4448.0
3484.0 4020.0
4399.0 4230.0
988.0 2499.0
2441.0 2177.0
756.0 1796.0
4022.0 4477.0
3580.0 3782.0
382.0 2078.0
4278.0 4477.0
3026.0 3734.0
284.0 2222.0
407.0 2054.0
2349.0 1153.0
1270.0 1567.0
3289.0 3330.0
4159.0 4250.0
1122.0 2029.0
936.0 1659.0
2924.0 4612.0
2148.0 2225.0
3199.0 4502.0
2246.0 919.0
3499.0 3894.0
2181.0 2449.0
2896.0 3651.0
874.0 1086.0
975.0 1842.0
489.0 1127.0
980.0 2575.0
3937.0 4630.0
2899.0 1665.0
1479.0 104.0
3425.0 4436.0
2236.0 2739.0
841.0 1477.0
1666.0 2423.0
2511.0 2349.0
1451.0 2759.0
117.0 2031.0
1661.0 1430.0
93.0 1830.0
2548.0 1899.0
92.0 281.0
2171.0 402.0
3315.0 3349.0
289.0 4477.0
3717.0 4622.0
1825.0 1580.0
825.0 1812.0
3412.0 3538.0
3262.0 4231.0
70.0 2532.0
4373.0 3365.0
2047.0 1617.0
2558.0 1529.0
2378.0 1297.0
3443.0 3399.0
3753.0 4088.0
3720.0 3893.0
2007.0 536.0
4119.0 3824.0
2914.0 3068.0
2951.0 4376.0
588.0 1315.0
2876.0 1279.0
2924.0 4405.0
4411.0 3959.0
3547.0 3941.0
938.0 1889.0
4077.0 3940.0
73.0 2332.0
926.0 1878.0
2125.0 2163.0
1733.0 1605.0
4476.0 3662.0
1281.0 1450.0
76.0 1146.0
1083.0 1296.0
1478.0 1592.0
674.0 1174.0
1334.0 4477.0
3310.0 4370.0
1185.0 454.0
2380.0 765.0
1661.0 4477.0
2969.0 3547.0
1975.0 966.0
2012.0 2900.0
974.0 933.0
1448.0 2443.0
3308.0 4341.0
1207.0 1920.0
478.0 1617.0
4348.0 3593.0
2148.0 1402.0
3920.0 3308.0
142.0 2039.0
886.0 1475.0
4527.0 3360.0
2881.0 1359.0
4485.0 4129.0
618.0 982.0
1143.0 2459.0
2533.0 1400.0
475.0 566.0
3025.0 4020.0
2330.0 2794.0
4257.0 4020.0
1118.0 2240.0
1588.0 353.0
4175.0 4282.0
2319.0 160.0
4422.0 4568.0
1712.0 2507.0
2890.0 2093.0
980.0 2765.0
366.0 1382.0
4574.0 4118.0
2984.0 3411.0
2664.0 2837.0
649.0 882.0
1830.0 322.0
784.0 2134.0
4497.0 3998.0
4639.0 4587.0
3056.0 4029.0
3497.0 4477.0
3684.0 4441.0
688.0 2268.0
4661.0 4502.0
1991.0 236.0
2410.0 4477.0
197.0 4477.0
2758.0 4477.0
2531.0 2672.0
2382.0 2699.0
3294.0 3744.0
1565.0 981.0
2894.0 318.0
3440.0 4651.0
4400.0 4058.0
779.0 312.0
4146.0 3782.0
998.0 1661.0
2130.0 367.0
2508.0 1202.0
954.0 1199.0
1939.0 2512.0
3935.0 4020.0
4444.0 4207.0
809.0 2551.0
1397.0 2604.0
1628.0 454.0
4668.0 4094.0
4567.0 3103.0
1818.0 1133.0
4312.0 3780.0
686.0 1202.0
4530.0 4164.0
1417.0 2031.0
1992.0 923.0
4119.0 4560.0
3327.0 4014.0
1507.0 1138.0
62.0 2126.0
4290.0 4626.0
870.0 2692.0
3626.0 4502.0
4207.0 4477.0
2540.0 810.0
1449.0 655.0
3110.0 4081.0
3041.0 3348.0
3243.0 3173.0
633.0 2633.0
4057.0 4477.0
1437.0 709.0
4496.0 3947.0
2591.0 1111.0
1478.0 2013.0
636.0 2569.0
273.0 1437.0
3957.0 4650.0
2676.0 1732.0
3997.0 4648.0
178.0 791.0
3853.0 3404.0
1493.0 1536.0
587.0 1649.0
254.0 2672.0
3438.0 4173.0
461.0 4477.0
822.0 1253.0
3145.0 3445.0
152.0 2303.0
171.0 291.0
1902.0 935.0
1781.0 1475.0
1778.0 2457.0
1435.0 1830.0
4145.0 3227.0
3580.0 2999.0
571.0 2222.0
1248.0 1874.0
904.0 605.0
2662.0 486.0
779.0 36.0
2033.0 4477.0
3161.0 4208.0
4027.0 3119.0
2707.0 2814.0
2657.0 419.0
1284.0 1605.0
1834.0 816.0
2583.0 874.0
3959.0 4371.0
3982.0 3418.0
252.0 545.0
3389.0 4216.0
970.0 1346.0
1369.0 1639.0
398.0 287.0
4501.0 3268.0
4559.0 4020.0
2810.0 943.0
360.0 682.0
1687.0 1596.0
318.0 1913.0
913.0 2768.0
2937.0 3574.0
2166.0 737.0
804.0 318.0
790.0 824.0
1569.0 2253.0
2918.0 3369.0
4663.0 2951.0
3189.0 4426.0
4022.0 4415.0
419.0 1887.0
2293.0 1339.0
149.0 2712.0
3385.0 4088.0
646.0 1068.0
128.0 2683.0
1906.0 1346.0
4478.0 4276.0
936.0 2098.0
1256.0 2793.0
2768.0 209.0
2202.0 1027.0
4119.0 4407.0
1588.0 1529.0
3845.0 4603.0
2318.0 2554.0
1072.0 1704.0
301.0 2866.0
3886.0 4171.0
832.0 1242.0
4436.0 4020.0
3348.0 3775.0
3301.0 3282.0
3458.0 3504.0
1437.0 2395.0
3811.0 4578.0
4161.0 4477.0
3236.0 3454.0
2137.0 2628.0
4625.0 4024.0
2956.0 4371.0
4132.0 4020.0
3238.0 3300.0
1939.0 1103.0
1596.0 1541.0
1499.0 3558.0
1310.0 650.0
3654.0 4447.0
2088.0 849.0
226.0 2823.0
309.0 1679.0
547.0 1039.0
2565.0 818.0
2287.0 908.0
585.0 1702.0
1897.0 382.0
1821.0 4576.0
1870.0 2043.0
4047.0 3970.0
4043.0 3570.0
475.0 1756.0
1467.0 1446.0
1613.0 1436.0
240.0 2895.0
44.0 1397.0
1624.0 4477.0
393.0 350.0
2225.0 2208.0
91.0 585.0
3232.0 3526.0
3060.0 3735.0
3022.0 4588.0
3524.0 4652.0
1711.0 4477.0
2875.0 1599.0
752.0 774.0
3305.0 3440.0
2737.0 2314.0
709.0 1486.0
4430.0 4101.0
1128.0 1304.0
4460.0 4480.0
1949.0 4477.0
2126.0 4477.0
1357.0 2554.0
2445.0 2726.0
4579.0 3117.0
90.0 1139.0
2169.0 2134.0
4394.0 4498.0
2832.0 67.0
883.0 4477.0
3900.0 3341.0
815.0 2557.0
1234.0 1225.0
3311.0 3012.0
2528.0 1899.0
1893.0 1961.0
4310.0 3463.0
2377.0 4477.0
556.0 2282.0
3091.0 4185.0
3116.0 4413.0
4265.0 3377.0
294.0 1812.0
303.0 2054.0
73.0 2078.0
1524.0 1555.0
576.0 2409.0
2601.0 2857.0
3848.0 3377.0
4166.0 4480.0
128.0 2282.0
3150.0 3963.0
43.0 2651.0
3983.0 4317.0
737.0 3709.0
2596.0 2708.0
1394.0 2533.0
3136.0 3526.0
3210.0 3734.0
3907.0 4206.0
360.0 764.0
3601.0 4477.0
1747.0 1202.0
3733.0 3333.0
144.0 1493.0
2094.0 2091.0
3765.0 3968.0
1450.0 1881.0
983.0 2155.0
2638.0 2333.0
1538.0 2614.0
1581.0 1615.0
2820.0 2158.0
668.0 1230.0
4315.0 4583.0
3720.0 3381.0
591.0 1529.0
847.0 420.0
1353.0 264.0
4005.0 3597.0
1686.0 1489.0
3454.0 4661.0
1902.0 1066.0
2288.0 2091.0
3641.0 3935.0
3963.0 4075.0
4553.0 3010.0
3371.0 4118.0
4280.0 3985.0
3438.0 4260.0
2149.0 454.0
1427.0 2059.0
3778.0 3404.0
877.0 2609.0
460.0 528.0
3719.0 4499.0
804.0 4477.0
2665.0 1118.0
3430.0 4013.0
970.0 2878.0
345.0 1816.0
2985.0 3428.0
3721.0 3280.0
1157.0 902.0
1857.0 2253.0
746.0 2591.0
3853.0 3158.0
2851.0 1470.0
148.0 1261.0
255.0 473.0
727.0 2806.0
2243.0 385.0
356.0 1527.0
4055.0 3514.0
3378.0 4477.0
869.0 2410.0
822.0 1209.0
3009.0 4599.0
4518.0 3963.0
2412.0 2616.0
3386.0 4441.0
662.0 1365.0
726.0 1558.0
1410.0 2774.0
2179.0 2817.0
2434.0 97.0
1915.0 2628.0
1581.0 2868.0
3229.0 4477.0
2892.0 2241.0
1833.0 2253.0
2145.0 2146.0
3279.0 3859.0
3676.0 4477.0
2608.0 4477.0
1111.0 4477.0
101.0 706.0
4009.0 4667.0
3505.0 3366.0
3372.0 4614.0
1682.0 212.0
1270.0 2368.0
1126.0 4020.0
1656.0 4477.0
4315.0 4438.0
4348.0 3817.0
3412.0 3858.0
221.0 717.0
3000.0 3265.0
36.0 1224.0
2750.0 2040.0
1496.0 1222.0
4202.0 4471.0
1483.0 2205.0
2218.0 1140.0
2375.0 2762.0
461.0 1642.0
4345.0 3128.0
3766.0 4312.0
1460.0 2096.0
1161.0 1926.0
3164.0 4108.0
1595.0 1611.0
2711.0 2664.0
3271.0 3541.0
4001.0 4477.0
4253.0 4452.0
3143.0 4558.0
1702.0 1284.0
3890.0 4004.0
4571.0 3012.0
3318.0 3851.0
940.0 2202.0
2136.0 2152.0
4412.0 4267.0
2058.0 2194.0
1698.0 2707.0
2512.0 1121.0
392.0 983.0
3414.0 4312.0
36.0 312.0
3211.0 4587.0
3139.0 3082.0
1097.0 1692.0
4452.0 3078.0
4484.0 3280.0
3239.0 3377.0
2860.0 1286.0
3194.0 3324.0
167.0 1173.0
2946.0 2950.0
1109.0 4020.0
974.0 2530.0
2085.0 2057.0
3349.0 4477.0
3553.0 3154.0
479.0 1954.0
258.0 875.0
1202.0 2814.0
2953.0 3553.0
1884.0 1168.0
1591.0 2401.0
4663.0 3705.0
3019.0 3916.0
2815.0 1339.0
4352.0 4382.0
1590.0 2417.0
1805.0 2451.0
2365.0 2210.0
3141.0 3394.0
4579.0 3196.0
3328.0 4118.0
124.0 755.0
574.0 2660.0
2362.0 1018.0
4248.0 4440.0
947.0 710.0
3959.0 4438.0
4300.0 4245.0
2034.0 1605.0
3166.0 4139.0
4037.0 3879.0
2290.0 1830.0
2785.0 689.0
32.0 4477.0
1701.0 1289.0
1586.0 1950.0
2977.0 4477.0
240.0 2127.0
3672.0 3445.0
1016.0 1567.0
4077.0 3582.0
1253.0 4477.0
2737.0 2011.0
2425.0 2401.0
2786.0 2087.0
2225.0 34.0
4253.0 3078.0
2250.0 4477.0
2442.0 1346.0
4597.0 4477.0
2318.0 335.0
1964.0 4477.0
1442.0 1556.0
3930.0 3015.0
97.0 1743.0
3684.0 4392.0
4391.0 4469.0
196.0 743.0
3004.0 4308.0
364.0 771.0
352.0 809.0
898.0 988.0
1847.0 162.0
4336.0 3727.0
4632.0 4083.0
519.0 2332.0
2370.0 2818.0
3849.0 3211.0
1989.0 2793.0
242.0 1086.0
3357.0 4044.0
1971.0 2001.0
2856.0 4020.0
1314.0 1895.0
2485.0 3827.0
69.0 2205.0
3876.0 3477.0
4031.0 4427.0
426.0 1892.0
2342.0 2424.0
361.0 1918.0
2686.0 606.0
1047.0 2613.0
4560.0 4516.0
1323.0 1652.0
445.0 2028.0
3140.0 4248.0
4149.0 4494.0
743.0 764.0
678.0 1569.0
549.0 2817.0
310.0 576.0
705.0 1640.0
3369.0 4123.0
4122.0 4477.0
1189.0 2634.0
3276.0 4071.0
2024.0 1706.0
2243.0 2677.0
3298.0 4246.0
3328.0 3766.0
937.0 44.0
806.0 2003.0
3104.0 4502.0
1788.0 1081.0
1661.0 738.0
1277.0 1322.0
3269.0 4579.0
4029.0 4334.0
326.0 4477.0
620.0 2120.0
3460.0 3818.0
3561.0 3445.0
1460.0 2511.0
1765.0 2563.0
2929.0 3887.0
500.0 1620.0
2942.0 4477.0
93.0 2793.0
829.0 4477.0
4459.0 4349.0
4120.0 4477.0
3002.0 3366.0
367.0 485.0
1721.0 944.0
1431.0 404.0
3100.0 3611.0
1092.0 147.0
2945.0 4023.0
200.0 2665.0
360.0 965.0
3327.0 4126.0
4453.0 3108.0
3064.0 3514.0
669.0 931.0
3414.0 3884.0
1909.0 2747.0
1952.0 1887.0
3124.0 3885.0
4339.0 4417.0
1395.0 2524.0
1959.0 1234.0
822.0 1618.0
4249.0 4469.0
2524.0 4477.0
4325.0 2972.0
1527.0 2447.0
2921.0 3855.0
1199.0 1667.0
3844.0 4118.0
3703.0 4430.0
3093.0 3459.0
3666.0 4228.0
2532.0 120.0
2010.0 2507.0
48.0 2327.0
4637.0 4656.0
4227.0 4117.0
2896.0 1294.0
1411.0 1541.0
4015.0 3389.0
1266.0 996.0
4169.0 3119.0
1465.0 230.0
379.0 155.0
449.0 2078.0
3874.0 4103.0
4464.0 3036.0
846.0 1934.0
2515.0 2416.0
1011.0 1837.0
614.0 1066.0
2340.0 185.0
2459.0 2623.0
4312.0 3418.0
232.0 4477.0
4238.0 4679.0
1933.0 1664.0
1449.0 1767.0
2098.0 277.0
2455.0 702.0
4421.0 4184.0
4448.0 3337.0
4160.0 3574.0
1866.0 1065.0
1690.0 898.0
2569.0 1812.0
768.0 2612.0
3038.0 4502.0
2343.0 1864.0
2322.0 1729.0
3311.0 3214.0
663.0 967.0
175.0 821.0
2872.0 598.0
4073.0 3313.0
1878.0 709.0
2225.0 171.0
1037.0 1615.0
1693.0 2292.0
1894.0 1361.0
1953.0 1279.0
873.0 2237.0
1340.0 1605.0
3674.0 4459.0
3955.0 4612.0
2290.0 93.0
2178.0 818.0
3864.0 3251.0
162.0 1457.0
3758.0 4213.0
369.0 1269.0
3451.0 4120.0
409.0 125.0
234.0 939.0
426.0 1711.0
2180.0 1485.0
3874.0 3768.0
1524.0 370.0
1382.0 2528.0
3890.0 4193.0
2819.0 1280.0
2347.0 2884.0
3966.0 4318.0
222.0 1074.0
2497.0 4102.0
710.0 1330.0
4196.0 4381.0
3273.0 3017.0
569.0 543.0
1582.0 1829.0
3042.0 3997.0
3301.0 3653.0
1086.0 2647.0
970.0 345.0
1322.0 2142.0
3348.0 3178.0
4495.0 2978.0
364.0 754.0
870.0 2309.0
2373.0 959.0
1656.0 1310.0
4241.0 4264.0
4386.0 4184.0
1164.0 1393.0
1946.0 4477.0
278.0 1820.0
4267.0 4159.0
1798.0 1830.0
2749.0 2726.0
4577.0 3342.0
2730.0 828.0
3665.0 4158.0
1650.0 1332.0
3912.0 4647.0
4163.0 3851.0
454.0 1631.0
123.0 1303.0
1357.0 334.0
1301.0 1485.0
2969.0 4562.0
1461.0 4477.0
2501.0 2222.0
828.0 1332.0
1531.0 1862.0
1209.0 1560.0
3363.0 3001.0
3163.0 3424.0
1419.0 1640.0
2050.0 803.0
3062.0 4477.0
1377.0 2263.0
1067.0 1239.0
2421.0 2401.0
4496.0 4592.0
1217.0 381.0
14.0 4477.0
871.0 844.0
618.0 896.0
1959.0 4477.0
974.0 2814.0
497.0 1489.0
4241.0 3377.0
259.0 1632.0
668.0 197.0
3643.0 4485.0
862.0 1903.0
3430.0 3656.0
1023.0 944.0
687.0 2428.0
1017.0 1788.0
4515.0 4251.0
2234.0 2309.0
696.0 1107.0
559.0 594.0
1045.0 1462.0
375.0 1107.0
4038.0 3203.0
1267.0 1074.0
4280.0 2935.0
2038.0 1745.0
2332.0 2869.0
3298.0 3489.0
4520.0 4334.0
1369.0 2084.0
3103.0 4626.0
4126.0 4358.0
2563.0 2761.0
546.0 300.0
1130.0 1743.0
640.0 1964.0
3838.0 3444.0
4044.0 3886.0
2329.0 1310.0
1314.0 2485.0
575.0 2519.0
4652.0 4647.0
3033.0 3156.0
4429.0 4671.0
1004.0 1022.0
3334.0 3919.0
2933.0 3819.0
3440.0 4349.0
1992.0 2193.0
127.0 2774.0
1939.0 2664.0
1420.0 208.0
687.0 1402.0
2274.0 2690.0
495.0 800.0
790.0 2278.0
2402.0 2656.0
2036.0 1422.0
3609.0 3132.0
3462.0 3965.0
604.0 1711.0
2591.0 2798.0
1689.0 2602.0
975.0 2484.0
2938.0 3976.0
2591.0 2307.0
555.0 36.0
937.0 1462.0
3731.0 4312.0
1048.0 4477.0
1053.0 1493.0
3058.0 4249.0
2058.0 1639.0
523.0 1474.0
2528.0 2870.0
3154.0 4057.0
3738.0 3445.0
1119.0 2168.0
996.0 2251.0
666.0 454.0
873.0 2680.0
1596.0 284.0
4098.0 4648.0
3719.0 3829.0
2085.0 240.0
3369.0 4399.0
1582.0 1678.0
142.0 716.0
1476.0 2524.0
642.0 2774.0
4593.0 3829.0
1474.0 1889.0
4390.0 3838.0
1532.0 1528.0
553.0 2812.0
3389.0 4502.0
1344.0 1698.0
1555.0 2247.0
354.0 1299.0
233.0 408.0
3528.0 3309.0
2206.0 2774.0
3287.0 4477.0
3819.0 3117.0
458.0 1106.0
693.0 1934.0
369.0 1462.0
1912.0 1269.0
2096.0 1098.0
389.0 2479.0
1532.0 1427.0
3536.0 3402.0
3342.0 4502.0
975.0 2054.0
359.0 622.0
642.0 2731.0
1742.0 4477.0
1143.0 2805.0
955.0 678.0
3335.0 4277.0
3389.0 4095.0
3036.0 3420.0
4446.0 4156.0
4291.0 4024.0
995.0 2591.0
610.0 1841.0
2118.0 2578.0
4065.0 4441.0
769.0 2113.0
2301.0 2332.0
3649.0 3814.0
1645.0 4477.0
593.0 213.0
524.0 1180.0
2434.0 2031.0
3280.0 4020.0
3038.0 3611.0
1221.0 1740.0
1968.0 2242.0
1686.0 2811.0
3843.0 4441.0
393.0 1842.0
4339.0 3199.0
3721.0 3547.0
1450.0 1484.0
2500.0 843.0
4318.0 3637.0
2970.0 3355.0
3881.0 4455.0
3236.0 3871.0
2760.0 2175.0
3830.0 4374.0
2922.0 3835.0
124.0 742.0
4064.0 3238.0
1505.0 971.0
3476.0 3888.0
3228.0 3289.0
3033.0 3107.0
2800.0 1513.0
3252.0 3597.0
3855.0 3933.0
226.0 2045.0
1882.0 1257.0
4250.0 3132.0
1418.0 4477.0
3253.0 3775.0
4132.0 4563.0
3941.0 4477.0
4417.0 3785.0
3143.0 4477.0
4525.0 4020.0
4025.0 3286.0
2657.0 390.0
140.0 243.0
1203.0 1903.0
3785.0 3034.0
4358.0 4129.0
2322.0 2604.0
220.0 2339.0
4038.0 3428.0
1643.0 1233.0
1353.0 2235.0
1440.0 2214.0
4381.0 4610.0
2094.0 1339.0
774.0 4477.0
2595.0 87.0
2086.0 2215.0
3689.0 4408.0
649.0 1680.0
804.0 2195.0
2323.0 1736.0
3681.0 4330.0
4094.0 3204.0
705.0 1279.0
2145.0 1429.0
549.0 2208.0
1113.0 2472.0
2331.0 2718.0
1116.0 3377.0
435.0 1892.0
1473.0 1551.0
4158.0 3178.0
484.0 1826.0
2395.0 2297.0
2157.0 2377.0
777.0 1864.0
2867.0 2729.0
4151.0 4650.0
3872.0 3640.0
4248.0 3435.0
4494.0 3268.0
907.0 1631.0
3043.0 4123.0
889.0 1141.0
754.0 1516.0
3951.0 4278.0
668.0 1353.0
1905.0 2103.0
1540.0 4636.0
3809.0 4082.0
4151.0 3989.0
1035.0 755.0
3424.0 4349.0
1957.0 2401.0
2673.0 1377.0
3295.0 4020.0
2290.0 817.0
2442.0 2774.0
3161.0 3929.0
256.0 2274.0
1402.0 1528.0
1914.0 1340.0
2506.0 1637.0
443.0 445.0
3524.0 3182.0
1297.0 2576.0
4401.0 3764.0
3848.0 3565.0
1656.0 201.0
3843.0 4574.0
1622.0 4477.0
432.0 2609.0
2880.0 4477.0
4401.0 3445.0
2429.0 1189.0
4263.0 3432.0
1403.0 4477.0
4240.0 4421.0
3849.0 3932.0
4195.0 4529.0
457.0 26.0
4310.0 4516.0
990.0 2319.0
3586.0 3742.0
3219.0 4502.0
1623.0 2805.0
2116.0 944.0
2999.0 4203.0
4149.0 3649.0
2109.0 2885.0
2649.0 1658.0
312.0 2870.0
545.0 1264.0
119.0 1729.0
2850.0 2672.0
1440.0 2432.0
2457.0 2474.0
4038.0 4349.0
434.0 1511.0
524.0 1189.0
3011.0 3037.0
1687.0 2291.0
125.0 390.0
2792.0 4477.0
1076.0 1243.0
313.0 1411.0
3529.0 4315.0
1820.0 2135.0
4493.0 3243.0
639.0 2567.0
2319.0 1196.0
1902.0 303.0
3318.0 3656.0
3249.0 3868.0
1143.0 2774.0
3924.0 3940.0
36.0 2271.0
2290.0 2027.0
3379.0 3941.0
1206.0 1468.0
4472.0 3784.0
80.0 464.0
4424.0 3619.0
1143.0 1648.0
4050.0 4477.0
2391.0 846.0
4657.0 4128.0
874.0 1499.0
3940.0 4410.0
4143.0 4216.0
3261.0 4477.0
48.0 1560.0
2195.0 2639.0
754.0 4477.0
56.0 1790.0
3587.0 4033.0
4509.0 3494.0
738.0 4477.0
4428.0 3554.0
3625.0 4302.0
4146.0 4134.0
1417.0 1752.0
4677.0 4448.0
2835.0 4477.0
2285.0 2529.0
1390.0 2378.0
1521.0 1503.0
2034.0 1207.0
1768.0 1902.0
1652.0 2601.0
4365.0 4342.0
417.0 1222.0
2927.0 3653.0
2964.0 3647.0
2968.0 4074.0
1039.0 752.0
425.0 1263.0
1287.0 1499.0
2145.0 703.0
625.0 1805.0
837.0 1688.0
1522.0 1744.0
408.0 1111.0
4169.0 4487.0
4428.0 4235.0
3865.0 4117.0
2651.0 294.0
3643.0 3808.0
547.0 2162.0
4244.0 4139.0
3543.0 3103.0
2780.0 454.0
219.0 2639.0
4552.0 4477.0
2523.0 2775.0
291.0 2322.0
4464.0 4369.0
3001.0 3342.0
1356.0 1158.0
1353.0 1021.0
682.0 1485.0
567.0 1021.0
4582.0 4139.0
969.0 2079.0
1123.0 2393.0
3304.0 4159.0
2462.0 4477.0
3739.0 4129.0
626.0 2087.0
1505.0 1097.0
143.0 1810.0
418.0 720.0
1947.0 1958.0
2835.0 285.0
2266.0 1085.0
603.0 2040.0
954.0 2035.0
1481.0 2440.0
2035.0 1895.0
963.0 1346.0
1597.0 1167.0
4327.0 4208.0
792.0 482.0
461.0 1025.0
3249.0 3303.0
548.0 1088.0
3510.0 3988.0
3412.0 4502.0
2336.0 4477.0
1821.0 2609.0
2933.0 3944.0
316.0 2139.0
1292.0 2264.0
223.0 4477.0
2819.0 2488.0
12.0 2417.0
1722.0 1881.0
787.0 1245.0
3577.0 4355.0
2371.0 2302.0
3992.0 4578.0
2035.0 1497.0
950.0 1843.0
2400.0 2812.0
3345.0 4477.0
487.0 1087.0
898.0 1258.0
4601.0 3044.0
871.0 2381.0
1567.0 2457.0
3629.0 3389.0
2988.0 4477.0
1505.0 585.0
1143.0 2558.0
2088.0 2588.0
4298.0 4171.0
622.0 1836.0
144.0 576.0
2231.0 3147.0
338.0 544.0
3369.0 4477.0
2457.0 197.0
3554.0 4666.0
1255.0 1893.0
822.0 921.0
3066.0 4278.0
460.0 275.0
1433.0 976.0
3636.0 4477.0
2936.0 2918.0
1279.0 1021.0
1338.0 4477.0
4383.0 3329.0
3292.0 3588.0
1106.0 2660.0
4671.0 3300.0
1404.0 212.0
650.0 700.0
374.0 1386.0
807.0 1430.0
3187.0 4213.0
3757.0 4648.0
2807.0 1050.0
1511.0 2031.0
248.0 1830.0
175.0 282.0
1223.0 2485.0
572.0 1645.0
1090.0 1724.0
4636.0 4544.0
337.0 808.0
271.0 1812.0
1075.0 1502.0
3473.0 4492.0
3518.0 3119.0
3550.0 3058.0
3253.0 3149.0
1902.0 1634.0
2961.0 4091.0
3903.0 4118.0
3315.0 4448.0
2696.0 2793.0
947.0 287.0
4407.0 4117.0
3549.0 3631.0
375.0 2582.0
492.0 2280.0
3531.0 3726.0
1877.0 2194.0
2518.0 2191.0
3528.0 3989.0
1199.0 2104.0
1580.0 2389.0
644.0 2616.0
2553.0 610.0
3237.0 3240.0
2365.0 705.0
366.0 571.0
1041.0 1940.0
3002.0 4477.0
4166.0 4270.0
1306.0 2409.0
316.0 1680.0
392.0 276.0
2479.0 1098.0
240.0 1712.0
810.0 2570.0
1606.0 1478.0
1487.0 2191.0
1311.0 1842.0
3858.0 4088.0
1019.0 1904.0
828.0 2151.0
847.0 1178.0
2843.0 1569.0
2523.0 1314.0
4116.0 4354.0
32.0 2645.0
3763.0 4477.0
1115.0 1561.0
357.0 2876.0
4668.0 4596.0
2354.0 2703.0
3777.0 3096.0
2045.0 2805.0
2681.0 2027.0
3137.0 3998.0
3267.0 4352.0
2454.0 1704.0
1677.0 1787.0
2591.0 2608.0
3822.0 3989.0
4176.0 3896.0
2531.0 1026.0
1795.0 2292.0
2802.0 1423.0
12.0 786.0
2223.0 2027.0
644.0 2075.0
1474.0 1377.0
87.0 1516.0
2709.0 853.0
3170.0 3243.0
311.0 1346.0
3701.0 4096.0
1878.0 2892.0
786.0 2558.0
901.0 2387.0
3960.0 4214.0
3180.0 3382.0
1690.0 524.0
688.0 2639.0
4327.0 4391.0
3512.0 4057.0
2320.0 4477.0
3935.0 4439.0
3118.0 3570.0
600.0 1755.0
3955.0 4068.0
2942.0 3755.0
3648.0 3217.0
2195.0 2677.0
443.0 1369.0
4636.0 3817.0
3131.0 4481.0
2429.0 2731.0
2033.0 1310.0
4090.0 3230.0
3635.0 4539.0
255.0 2630.0
1479.0 560.0
2037.0 2163.0
2407.0 531.0
874.0 913.0
4057.0 3637.0
1939.0 90.0
3997.0 4629.0
2103.0 1855.0
1775.0 437.0
2195.0 385.0
1066.0 1779.0
4428.0 4464.0
4564.0 4020.0
1363.0 2224.0
3843.0 4547.0
2520.0 318.0
3106.0 4278.0
3961.0 3821.0
3843.0 3014.0
2588.0 2672.0
3371.0 3879.0
4344.0 3574.0
1018.0 1466.0
2277.0 2299.0
249.0 1165.0
1668.0 307.0
3676.0 4454.0
3620.0 4068.0
1027.0 2424.0
3774.0 3732.0
1569.0 2645.0
635.0 2766.0
706.0 1156.0
4248.0 3165.0
4229.0 4502.0
4151.0 3917.0
1254.0 2877.0
4428.0 3490.0
4429.0 4477.0
4198.0 4546.0
4015.0 3874.0
2878.0 2176.0
4111.0 3619.0
4318.0 3418.0
3482.0 4414.0
2125.0 4477.0
2527.0 3029.0
2446.0 1555.0
1427.0 1325.0
3838.0 4253.0
3131.0 3378.0
3904.0 4502.0
231.0 1558.0
1292.0 2411.0
2001.0 2107.0
917.0 1725.0
400.0 2777.0
2657.0 2645.0
4579.0 4487.0
2565.0 1223.0
3981.0 4129.0
2490.0 4477.0
4430.0 4649.0
1606.0 2833.0
4401.0 3531.0
3126.0 4194.0
1407.0 2146.0
326.0 943.0
4152.0 3377.0
1857.0 2906.0
400.0 725.0
2860.0 2645.0
1193.0 2200.0
1625.0 909.0
3570.0 4393.0
791.0 2701.0
884.0 1541.0
4106.0 4349.0
1009.0 4020.0
757.0 4477.0
4057.0 4191.0
4367.0 4502.0
1830.0 4477.0
647.0 2239.0
175.0 1437.0
3306.0 3764.0
3590.0 3510.0
3069.0 4175.0
139.0 1133.0
1437.0 1651.0
3463.0 3819.0
2590.0 546.0
1104.0 2372.0
1876.0 2025.0
1437.0 1842.0
3201.0 3940.0
2367.0 2127.0
4143.0 3993.0
363.0 849.0
3520.0 3582.0
2096.0 2726.0
1567.0 1778.0
3569.0 4326.0
634.0 875.0
4241.0 4477.0
4501.0 3429.0
1672.0 3011.0
2908.0 4240.0
2616.0 2524.0
2631.0 2641.0
2062.0 4020.0
2557.0 4477.0
2954.0 4384.0
4474.0 3065.0
398.0 304.0
377.0 787.0
360.0 2562.0
666.0 2576.0
1582.0 2782.0
913.0 4477.0
2234.0 1967.0
752.0 1734.0
391.0 1863.0
4162.0 4477.0
3794.0 4679.0
761.0 1881.0
1404.0 859.0
513.0 1430.0
1273.0 2010.0
3532.0 4071.0
1582.0 1015.0
299.0 2181.0
256.0 822.0
785.0 2207.0
3372.0 3518.0
2961.0 3731.0
919.0 2591.0
2439.0 2784.0
3720.0 4417.0
4551.0 3998.0
4415.0 3117.0
4539.0 3731.0
1299.0 1171.0
3829.0 4477.0
3167.0 4477.0
2688.0 1474.0
621.0 4477.0
2944.0 3659.0
1737.0 1808.0
2803.0 1284.0
1880.0 2884.0
3110.0 3001.0
2674.0 4477.0
4233.0 4477.0
3077.0 3270.0
644.0 1317.0
844.0 1277.0
2786.0 2046.0
977.0 2869.0
2527.0 2207.0
3811.0 4157.0
792.0 2358.0
3777.0 4151.0
4534.0 2990.0
1103.0 4477.0
2489.0 1653.0
1547.0 1284.0
3012.0 3601.0
1104.0 48.0
173.0 175.0
229.0 737.0
4088.0 4477.0
3471.0 3914.0
1287.0 744.0
3308.0 3542.0
3810.0 3894.0
853.0 502.0
1244.0 2344.0
2374.0 1705.0
2359.0 172.0
1770.0 1258.0
3538.0 3843.0
130.0 2253.0
3558.0 4626.0
4133.0 3243.0
539.0 612.0
1717.0 4020.0
3071.0 4284.0
4315.0 3959.0
688.0 2568.0
3720.0 3609.0
4582.0 3324.0
2237.0 2701.0
4591.0 3084.0
525.0 1290.0
1260.0 502.0
904.0 1422.0
4664.0 3583.0
3438.0 3243.0
990.0 2137.0
2681.0 214.0
4552.0 3349.0
3660.0 4477.0
908.0 2087.0
1250.0 287.0
683.0 2126.0
4276.0 4020.0
62.0 674.0
3315.0 3780.0
2879.0 2497.0
3547.0 4020.0
236.0 1791.0
3533.0 4502.0
1074.0 147.0
3239.0 3770.0
1549.0 1770.0
1830.0 2644.0
4302.0 4465.0
2247.0 2322.0
2397.0 2041.0
1999.0 2198.0
134.0 1139.0
490.0 2314.0
429.0 2094.0
691.0 2729.0
1929.0 2740.0
1754.0 670.0
622.0 2552.0
1222.0 1592.0
3518.0 3777.0
3317.0 3415.0
3998.0 4020.0
2929.0 4096.0
1334.0 1223.0
1928.0 2394.0
3587.0 4489.0
398.0 650.0
1689.0 959.0
461.0 2817.0
2076.0 989.0
2423.0 2726.0
3880.0 4500.0
1583.0 228.0
3476.0 4441.0
1516.0 2205.0
214.0 2526.0
163.0 467.0
253.0 361.0
1395.0 2731.0
291.0 2491.0
4270.0 4415.0
774.0 1203.0
319.0 808.0
4142.0 4237.0
2665.0 975.0
3112.0 4670.0
1967.0 2837.0
299.0 2726.0
2242.0 2674.0
1531.0 2179.0
101.0 1496.0
1764.0 1021.0
1117.0 1262.0
4553.0 3118.0
2853.0 679.0
201.0 1745.0
884.0 1353.0
1270.0 2457.0
1935.0 1084.0
2854.0 1988.0
651.0 1319.0
856.0 581.0
1243.0 2524.0
2145.0 2749.0
2099.0 2017.0
4030.0 3829.0
1949.0 1752.0
2686.0 314.0
1258.0 2078.0
210.0 902.0
2852.0 2740.0
1214.0 1605.0
1183.0 1837.0
4509.0 3163.0
516.0 2015.0
3047.0 3161.0
2388.0 2670.0
4270.0 4606.0
3518.0 3528.0
4681.0 4547.0
4345.0 3540.0
3616.0 4100.0
4452.0 3842.0
4414.0 3394.0
2205.0 2005.0
3532.0 3145.0
2019.0 631.0
4677.0 3381.0
2521.0 2719.0
191.0 1513.0
4174.0 4410.0
3975.0 4526.0
2005.0 825.0
403.0 2627.0
179.0 2552.0
1711.0 1571.0
1445.0 1499.0
2171.0 2042.0
2922.0 4528.0
90.0 648.0
2084.0 492.0
2156.0 2688.0
895.0 1289.0
162.0 1843.0
3423.0 4477.0
1613.0 447.0
3645.0 3679.0
19.0 1582.0
1073.0 48.0
1509.0 709.0
4589.0 3178.0
4277.0 3360.0
3964.0 3014.0
3475.0 3934.0
4467.0 3783.0
3400.0 3565.0
4279.0 4488.0
312.0 1396.0
668.0 2145.0
1677.0 2207.0
3334.0 4392.0
3886.0 3913.0
115.0 2755.0
942.0 2394.0
433.0 2557.0
2945.0 3681.0
2476.0 1096.0
2847.0 2726.0
236.0 1809.0
148.0 1440.0
153.0 971.0
3379.0 3975.0
3753.0 3768.0
2274.0 2457.0
72.0 197.0
3419.0 4260.0
312.0 2375.0
635.0 2610.0
907.0 4477.0
1945.0 1845.0
2180.0 2687.0
3419.0 4285.0
61.0 376.0
3018.0 4477.0
1336.0 1745.0
4493.0 4133.0
3812.0 4106.0
57.0 940.0
1510.0 1290.0
2509.0 632.0
1690.0 312.0
4267.0 4480.0
2090.0 1013.0
2666.0 2165.0
2567.0 2731.0
860.0 582.0
182.0 2414.0
3703.0 4101.0
1281.0 1751.0
2377.0 1214.0
4088.0 4502.0
761.0 254.0
2501.0 1260.0
1217.0 168.0
1624.0 2174.0
493.0 2769.0
1277.0 781.0
623.0 1886.0
851.0 1090.0
2848.0 1296.0
1326.0 856.0
2130.0 1750.0
4648.0 4027.0
1773.0 454.0
2725.0 738.0
2445.0 4477.0
4597.0 4605.0
117.0 1778.0
2427.0 2672.0
2459.0 2738.0
500.0 549.0
898.0 958.0
2567.0 2087.0
3497.0 3854.0
1771.0 825.0
4145.0 3401.0
2007.0 2839.0
1932.0 2720.0
4037.0 4477.0
1608.0 2665.0
786.0 581.0
96.0 1415.0
1493.0 195.0
4431.0 4477.0
2306.0 2582.0
4291.0 4270.0
2042.0 1704.0
1005.0 1298.0
656.0 4477.0
577.0 2547.0
3107.0 3567.0
3459.0 3467.0
4557.0 4585.0
3036.0 4526.0
3352.0 4220.0
179.0 1365.0
2951.0 3961.0
3320.0 4381.0
2458.0 2726.0
3189.0 3633.0
1722.0 1921.0
2931.0 3716.0
4646.0 3394.0
394.0 116.0
3094.0 4048.0
2562.0 2479.0
210.0 1820.0
2002.0 289.0
352.0 1154.0
4360.0 4663.0
4484.0 3179.0
1261.0 1506.0
1962.0 1797.0
91.0 2459.0
4415.0 4462.0
3622.0 3766.0
4391.0 3489.0
4615.0 3888.0
1115.0 4477.0
400.0 1752.0
4360.0 3132.0
2830.0 581.0
316.0 882.0
90.0 2771.0
2012.0 959.0
2002.0 1617.0
401.0 501.0
3022.0 4378.0
4271.0 3157.0
1431.0 1274.0
2195.0 1289.0
4459.0 4477.0
3646.0 3873.0
1741.0 843.0
508.0 2252.0
2483.0 1402.0
2002.0 2232.0
364.0 1437.0
3525.0 3749.0
3163.0 4489.0
940.0 1888.0
3098.0 3843.0
1153.0 2695.0
2435.0 2424.0
968.0 2002.0
3492.0 3547.0
3001.0 3542.0
2569.0 1028.0
4414.0 3385.0
4629.0 3806.0
1143.0 1623.0
1623.0 944.0
2433.0 1952.0
4060.0 4670.0
898.0 2634.0
808.0 217.0
1726.0 2328.0
851.0 361.0
3134.0 3065.0
333.0 1146.0
2623.0 1234.0
3092.0 4529.0
2750.0 492.0
4428.0 3036.0
414.0 1981.0
4146.0 3396.0
537.0 1848.0
2186.0 1605.0
539.0 818.0
2612.0 1876.0
81.0 1939.0
425.0 461.0
4190.0 3676.0
2096.0 2575.0
3425.0 4156.0
347.0 4477.0
4313.0 4587.0
3352.0 3511.0
1041.0 2734.0
1353.0 304.0
1797.0 1647.0
1965.0 2089.0
2490.0 1865.0
616.0 813.0
2841.0 1746.0
1765.0 2417.0
1798.0 2287.0
1465.0 2165.0
168.0 2621.0
3023.0 3243.0
3100.0 3893.0
1437.0 2522.0
592.0 3592.0
1444.0 119.0
2988.0 3459.0
636.0 2262.0
3077.0 4000.0
3553.0 3084.0
3997.0 3574.0
432.0 3500.0
3811.0 4112.0
889.0 2504.0
4043.0 4074.0
4206.0 4647.0
1517.0 1103.0
4307.0 4338.0
4186.0 3630.0
4637.0 4177.0
3887.0 3139.0
951.0 2591.0
3563.0 4246.0
3333.0 3578.0
4203.0 4502.0
111.0 766.0
95.0 1825.0
201.0 2046.0
3354.0 3526.0
1939.0 2771.0
3528.0 3399.0
2953.0 3846.0
231.0 1417.0
4655.0 3424.0
175.0 2039.0
3023.0 3489.0
132.0 4477.0
948.0 2535.0
2416.0 1377.0
3461.0 4624.0
2813.0 809.0
428.0 1500.0
3889.0 4117.0
582.0 1303.0
3323.0 4477.0
1902.0 666.0
1599.0 1734.0
2887.0 2722.0
2795.0 760.0
1662.0 2022.0
129.0 2217.0
1342.0 2575.0
370.0 2657.0
616.0 1527.0
1207.0 1997.0
3774.0 3244.0
4253.0 4309.0
3468.0 4245.0
588.0 1016.0
2105.0 2087.0
1329.0 1994.0
1252.0 1488.0
4523.0 4020.0
674.0 1021.0
2635.0 1316.0
728.0 1889.0
3510.0 3721.0
3894.0 4067.0
2874.0 1899.0
421.0 2469.0
3483.0 4647.0
1449.0 1967.0
2958.0 4643.0
1931.0 2191.0
4290.0 4079.0
1865.0 2042.0
2384.0 2627.0
451.0 4536.0
4468.0 3560.0
1836.0 2065.0
861.0 1187.0
3463.0 4300.0
1936.0 2461.0
856.0 973.0
166.0 1395.0
2510.0 398.0
2972.0 3340.0
4582.0 4024.0
144.0 11.0
3813.0 3429.0
3138.0 3968.0
3778.0 3203.0
3236.0 3383.0
3143.0 3162.0
3536.0 4043.0
3185.0 3899.0
152.0 1971.0
3927.0 3906.0
2881.0 967.0
2073.0 2563.0
3670.0 3912.0
3684.0 4088.0
3582.0 4426.0
890.0 360.0
452.0 1541.0
3828.0 737.0
3700.0 4079.0
1935.0 2131.0
2311.0 631.0
4158.0 4337.0
851.0 203.0
3466.0 4317.0
788.0 1242.0
2074.0 2423.0
4672.0 3784.0
3417.0 4477.0
716.0 2595.0
950.0 2867.0
1906.0 2839.0
1024.0 2561.0
3412.0 4367.0
2046.0 2679.0
658.0 1560.0
306.0 1417.0
1035.0 1710.0
72.0 1437.0
1382.0 650.0
3307.0 4502.0
4591.0 3727.0
2207.0 3552.0
1375.0 943.0
793.0 1354.0
1023.0 2050.0
479.0 1667.0
242.0 512.0
1772.0 2619.0
1752.0 2698.0
2924.0 3134.0
4444.0 3896.0
4617.0 4346.0
801.0 2697.0
876.0 2241.0
302.0 2748.0
946.0 2889.0
1304.0 204.0
1497.0 4477.0
1892.0 1336.0
391.0 650.0
1390.0 2023.0
114.0 2145.0
805.0 4477.0
3093.0 4044.0
678.0 761.0
2938.0 3064.0
1394.0 1400.0
1235.0 1088.0
2965.0 3271.0
412.0 2701.0
3693.0 4020.0
350.0 2777.0
841.0 861.0
2416.0 454.0
1714.0 2014.0
3592.0 3239.0
1293.0 1515.0
3089.0 4229.0
2090.0 345.0
2917.0 3874.0
54.0 85.0
224.0 478.0
1754.0 4658.0
1935.0 2876.0
2456.0 2804.0
1640.0 1934.0
2459.0 263.0
2610.0 221.0
1879.0 2055.0
2835.0 2348.0
4632.0 4394.0
924.0 2013.0
3575.0 4207.0
36.0 391.0
2942.0 3894.0
3141.0 4601.0
2268.0 2568.0
4368.0 3817.0
2308.0 2601.0
1740.0 1808.0
2131.0 2644.0
325.0 4020.0
119.0 4477.0
1015.0 2433.0
1388.0 2759.0
1356.0 1608.0
4648.0 4023.0
620.0 1220.0
558.0 1954.0
2734.0 1732.0
3564.0 3263.0
4129.0 3164.0
2927.0 3352.0
3552.0 3220.0
4465.0 4201.0
1702.0 2774.0
2495.0 4477.0
873.0 1518.0
4661.0 3918.0
2145.0 1516.0
2894.0 688.0
1704.0 1707.0
1039.0 2185.0
486.0 2517.0
1160.0 431.0
4518.0 3020.0
142.0 2726.0
2322.0 4477.0
3561.0 4370.0
3775.0 3277.0
1198.0 2683.0
1870.0 2395.0
1581.0 141.0
3190.0 3278.0
2985.0 4645.0
3690.0 3296.0
488.0 511.0
3536.0 3873.0
1957.0 396.0
2361.0 2158.0
4259.0 4454.0
4133.0 3438.0
1068.0 295.0
1684.0 1653.0
1800.0 639.0
417.0 556.0
344.0 108.0
195.0 1790.0
3851.0 4052.0
681.0 276.0
1516.0 650.0
1438.0 1620.0
245.0 538.0
3956.0 3997.0
935.0 1869.0
2180.0 2056.0
3022.0 3226.0
1984.0 1746.0
62.0 4477.0
1878.0 1486.0
600.0 747.0
1413.0 2692.0
4412.0 4159.0
121.0 2177.0
3082.0 3764.0
3329.0 3050.0
977.0 1383.0
2349.0 243.0
3778.0 3428.0
3006.0 2995.0
3215.0 3505.0
3539.0 3562.0
1766.0 1173.0
1507.0 1185.0
2289.0 4020.0
121.0 908.0
3175.0 4430.0
1265.0 932.0
112.0 4477.0
235.0 1646.0
2824.0 1171.0
4154.0 4090.0
3063.0 3680.0
4130.0 4192.0
4627.0 4583.0
3414.0 3084.0
4557.0 3465.0
3767.0 4477.0
3836.0 4477.0
2781.0 217.0
773.0 458.0
3923.0 3764.0
1939.0 1033.0
3349.0 4607.0
1596.0 1330.0
3156.0 4269.0
1609.0 1208.0
4007.0 4032.0
1023.0 2053.0
3408.0 3681.0
3352.0 4307.0
3100.0 3366.0
48.0 364.0
3758.0 4196.0
2325.0 2451.0
2658.0 2438.0
1942.0 1531.0
2006.0 867.0
1012.0 1553.0
1086.0 2808.0
2112.0 1956.0
232.0 2662.0
2522.0 2739.0
689.0 1436.0
4118.0 4334.0
3021.0 4445.0
421.0 1902.0
514.0 1100.0
4054.0 4110.0
768.0 26.0
996.0 1737.0
333.0 1044.0
733.0 752.0
13.0 1745.0
2924.0 4185.0
1555.0 2226.0
3520.0 3574.0
4472.0 4477.0
1601.0 4477.0
1956.0 4540.0
80.0 1377.0
1522.0 2693.0
1823.0 1906.0
2362.0 454.0
3153.0 4666.0
919.0 2745.0
51.0 2673.0
4185.0 3065.0
628.0 4477.0
129.0 1593.0
1813.0 2774.0
2060.0 849.0
2235.0 322.0
3522.0 3720.0
707.0 2262.0
2021.0 1651.0
1873.0 929.0
2611.0 626.0
136.0 662.0
593.0 1842.0
2925.0 4477.0
4378.0 4629.0
3012.0 4177.0
2519.0 1596.0
1154.0 1742.0
679.0 1895.0
422.0 405.0
551.0 434.0
3016.0 3262.0
4098.0 4095.0
718.0 2674.0
3607.0 4477.0
3859.0 4029.0
282.0 4477.0
3060.0 4626.0
3943.0 4672.0
3923.0 3296.0
3249.0 4477.0
1340.0 2279.0
82.0 626.0
2342.0 2435.0
3601.0 3564.0
3262.0 4125.0
2988.0 3346.0
3270.0 3465.0
1911.0 1572.0
4146.0 3580.0
3873.0 3570.0
832.0 1477.0
3777.0 4216.0
701.0 4477.0
3292.0 3330.0
2171.0 4477.0
1404.0 740.0
1897.0 642.0
982.0 1036.0
3422.0 3440.0
585.0 966.0
3149.0 3326.0
112.0 782.0
2481.0 4477.0
3532.0 3296.0
3795.0 4092.0
822.0 2399.0
26.0 1532.0
1079.0 1835.0
939.0 1269.0
1848.0 532.0
4514.0 4066.0
3041.0 3253.0
4426.0 3609.0
2408.0 2592.0
1399.0 2465.0
3470.0 4136.0
2594.0 4477.0
3779.0 3310.0
1798.0 322.0
3303.0 3370.0
4203.0 4477.0
3861.0 4668.0
3923.0 3286.0
1011.0 2053.0
2389.0 1309.0
3893.0 3196.0
2497.0 3080.0
2961.0 4038.0
4386.0 3014.0
1460.0 2165.0
480.0 203.0
3489.0 4405.0
1619.0 2409.0
1919.0 1604.0
2355.0 468.0
3648.0 3910.0
2241.0 502.0
761.0 1026.0
3322.0 3154.0
4553.0 3325.0
3758.0 3842.0
2823.0 1837.0
705.0 996.0
2988.0 3438.0
3002.0 4213.0
3792.0 4192.0
4125.0 4231.0
101.0 2635.0
3071.0 3969.0
1524.0 222.0
1180.0 650.0
114.0 867.0
177.0 2448.0
2611.0 2884.0
3818.0 3144.0
2954.0 4645.0
1413.0 566.0
495.0 4477.0
125.0 1274.0
3929.0 4546.0
3088.0 4328.0
2740.0 2479.0
532.0 1103.0
788.0 1736.0
265.0 1596.0
199.0 2706.0
3665.0 3775.0
3006.0 4483.0
461.0 1565.0
3321.0 4020.0
2298.0 1910.0
4669.0 4231.0
977.0 1353.0
462.0 751.0
1163.0 1127.0
3102.0 3678.0
4303.0 4456.0
1396.0 2087.0
1143.0 1280.0
3630.0 3680.0
950.0 2259.0
1855.0 2410.0
1614.0 3969.0
1403.0 1704.0
1364.0 1314.0
668.0 2021.0
3495.0 3374.0
3692.0 4393.0
1712.0 2570.0
2933.0 4502.0
246.0 217.0
4684.0 4645.0
1315.0 2039.0
2869.0 2312.0
4315.0 4426.0
2911.0 3014.0
837.0 4437.0
82.0 2884.0
1399.0 1417.0
2031.0 2726.0
4063.0 4433.0
2785.0 1654.0
4389.0 3806.0
4221.0 4339.0
1311.0 48.0
4188.0 4563.0
469.0 1377.0
4166.0 4317.0
3363.0 3379.0
3943.0 4118.0
1965.0 4020.0
1408.0 4020.0
4629.0 4579.0
3997.0 4579.0
3490.0 3768.0
3607.0 4504.0
3112.0 3342.0
3967.0 3103.0
426.0 1770.0
2349.0 660.0
452.0 2145.0
3146.0 4477.0
1567.0 2031.0
385.0 655.0
1158.0 1065.0
3298.0 4129.0
2073.0 2805.0
2874.0 1745.0
367.0 4477.0
394.0 1351.0
3320.0 4409.0
1723.0 2507.0
404.0 1868.0
1281.0 361.0
4483.0 3405.0
669.0 2463.0
2077.0 2513.0
1076.0 1980.0
393.0 48.0
2745.0 1889.0
947.0 243.0
1138.0 1460.0
1375.0 1394.0
4289.0 4020.0
354.0 1669.0
3811.0 4628.0
1090.0 1952.0
1060.0 2206.0
1494.0 2377.0
3681.0 4407.0
2676.0 2167.0
4481.0 4032.0
4672.0 4394.0
4510.0 4502.0
4060.0 4245.0
702.0 2338.0
3717.0 4020.0
3095.0 3182.0
4221.0 4120.0
1170.0 2184.0
2823.0 1410.0
2175.0 1286.0
2132.0 2369.0
1953.0 651.0
1945.0 2570.0
3610.0 3857.0
4600.0 4378.0
2419.0 757.0
4428.0 4389.0
3535.0 3648.0
2676.0 2158.0
1011.0 1980.0
3643.0 3438.0
2250.0 1676.0
569.0 2479.0
1097.0 1920.0
47.0 2814.0
306.0 1558.0
577.0 2772.0
400.0 2726.0
1797.0 2191.0
511.0 2244.0
4380.0 3282.0
2694.0 492.0
3526.0 4118.0
4138.0 3633.0
3815.0 3486.0
2954.0 3630.0
3044.0 3581.0
2196.0 2825.0
1268.0 1605.0
3665.0 4327.0
4270.0 4413.0
4240.0 4532.0
1577.0 2817.0
1129.0 1088.0
1164.0 2244.0
2688.0 2759.0
2813.0 2563.0
1117.0 2591.0
4440.0 3842.0
710.0 1934.0
2616.0 2206.0
2985.0 4684.0
4381.0 3466.0
3290.0 3180.0
3355.0 4219.0
23.0 2444.0
108.0 3024.0
4306.0 2924.0
1382.0 2632.0
208.0 543.0
3955.0 4596.0
249.0 2745.0
254.0 1569.0
4224.0 4477.0
420.0 1746.0
433.0 2892.0
3969.0 4537.0
537.0 2818.0
778.0 454.0
1892.0 312.0
1854.0 4477.0
3786.0 3798.0
676.0 2905.0
1419.0 2726.0
3484.0 4259.0
240.0 2392.0
2016.0 734.0
1919.0 2042.0
1328.0 1349.0
749.0 1893.0
1510.0 2019.0
4428.0 3308.0
2345.0 1697.0
48.0 550.0
3022.0 4582.0
4529.0 3210.0
1971.0 168.0
4633.0 3507.0
4291.0 3806.0
65.0 2536.0
2801.0 2031.0
1117.0 549.0
1029.0 2855.0
4026.0 4095.0
3137.0 3621.0
2549.0 4477.0
1120.0 4020.0
2916.0 3669.0
664.0 1499.0
1589.0 2317.0
233.0 1093.0
667.0 377.0
4531.0 3013.0
4668.0 4573.0
3086.0 4171.0
3898.0 4655.0
1213.0 1980.0
3345.0 3574.0
2698.0 1743.0
1863.0 2874.0
3580.0 4235.0
4285.0 3818.0
3279.0 4477.0
1897.0 168.0
1393.0 2040.0
1588.0 1914.0
1648.0 1692.0
3904.0 3157.0
621.0 1865.0
4077.0 4409.0
3279.0 4235.0
3546.0 3217.0
2801.0 1401.0
719.0 2106.0
3776.0 3284.0
1749.0 710.0
1950.0 4477.0
3563.0 3170.0
382.0 809.0
298.0 2888.0
859.0 2027.0
416.0 1346.0
2727.0 394.0
19.0 2253.0
990.0 2085.0
1773.0 2149.0
744.0 1707.0
2516.0 2631.0
4326.0 4242.0
3665.0 3631.0
2145.0 2514.0
2605.0 300.0
3055.0 4375.0
603.0 94.0
1670.0 4477.0
1004.0 1781.0
1312.0 2415.0
1258.0 1492.0
3040.0 4448.0
4618.0 3426.0
692.0 4020.0
650.0 2105.0
2786.0 1613.0
90.0 2560.0
896.0 1346.0
4076.0 3342.0
3982.0 3553.0
4248.0 4361.0
1668.0 1396.0
3534.0 4597.0
3735.0 3507.0
556.0 4477.0
2957.0 4148.0
4417.0 4648.0
3967.0 4020.0
1952.0 1998.0
400.0 1208.0
937.0 549.0
4200.0 4477.0
1256.0 1351.0
1290.0 631.0
2246.0 2606.0
2727.0 1243.0
3958.0 3568.0
1138.0 522.0
1571.0 492.0
688.0 816.0
4351.0 3453.0
921.0 2690.0
2778.0 296.0
568.0 1470.0
1870.0 197.0
274.0 974.0
1404.0 2694.0
1157.0 430.0
1281.0 4477.0
97.0 1297.0
984.0 1138.0
369.0 500.0
1404.0 492.0
1793.0 2129.0
1399.0 2877.0
3610.0 4491.0
2115.0 2050.0
935.0 1810.0
4096.0 4647.0
3290.0 4376.0
4360.0 4420.0
2996.0 4267.0
4195.0 3540.0
2255.0 1873.0
2284.0 1410.0
1760.0 1972.0
3060.0 4399.0
382.0 2761.0
12.0 2587.0
4315.0 3994.0
3736.0 4020.0
4124.0 4332.0
2096.0 1208.0
1129.0 548.0
2539.0 2423.0
4190.0 4257.0
994.0 106.0
2718.0 454.0
2647.0 2113.0
4157.0 3050.0
1315.0 710.0
2080.0 2369.0
243.0 1021.0
93.0 2842.0
2965.0 3166.0
3641.0 4020.0
273.0 756.0
2963.0 3622.0
3538.0 4125.0
3778.0 4338.0
2382.0 722.0
4356.0 4173.0
256.0 2039.0
1150.0 2452.0
1397.0 2868.0
4082.0 4553.0
1878.0 1230.0
892.0 2200.0
4468.0 4681.0
3766.0 4661.0
1066.0 1392.0
364.0 798.0
1331.0 2787.0
332.0 2394.0
3533.0 3626.0
1764.0 2126.0
804.0 2672.0
4281.0 4516.0
482.0 481.0
201.0 502.0
2801.0 1297.0
890.0 1279.0
2037.0 1710.0
2583.0 4477.0
1704.0 1284.0
2859.0 746.0
993.0 1054.0
1848.0 1470.0
1335.0 1484.0
4096.0 4477.0
778.0 1081.0
1421.0 1844.0
1172.0 2902.0
1621.0 2672.0
3239.0 4056.0
753.0 2145.0
3888.0 4374.0
2226.0 2604.0
422.0 1855.0
3265.0 4048.0
64.0 2308.0
807.0 1090.0
3481.0 4153.0
4188.0 3573.0
984.0 660.0
4414.0 4650.0
2176.0 1284.0
233.0 500.0
3843.0 4520.0
1230.0 264.0
4562.0 3001.0
4397.0 4271.0
1444.0 4477.0
3958.0 3190.0
219.0 1967.0
2956.0 4018.0
2625.0 582.0
3543.0 4622.0
576.0 2314.0
1160.0 1808.0
1419.0 4477.0
3871.0 3809.0
123.0 433.0
1064.0 1702.0
1842.0 213.0
2972.0 4058.0
2772.0 185.0
3943.0 3634.0
432.0 1345.0
3372.0 4502.0
654.0 1531.0
2063.0 4477.0
3727.0 4477.0
518.0 880.0
3341.0 4477.0
755.0 606.0
2402.0 851.0
3892.0 3211.0
2153.0 318.0
1844.0 120.0
707.0 781.0
3904.0 4605.0
1796.0 1065.0
3387.0 4477.0
648.0 1470.0
4105.0 4477.0
1304.0 185.0
2329.0 2611.0
3175.0 4361.0
4582.0 4216.0
3979.0 3443.0
4099.0 3300.0
4522.0 3205.0
1968.0 2885.0
2254.0 1377.0
1227.0 1354.0
524.0 1994.0
2106.0 2698.0
2357.0 1712.0
1549.0 4477.0
4363.0 3158.0
2908.0 4146.0
651.0 4477.0
1276.0 1346.0
161.0 578.0
404.0 202.0
2584.0 2805.0
102.0 2116.0
1450.0 2906.0
614.0 1523.0
642.0 2279.0
3432.0 3180.0
3898.0 3158.0
3443.0 3367.0
91.0 1529.0
3731.0 4207.0
3719.0 4488.0
2008.0 2027.0
2840.0 4477.0
2412.0 1317.0
470.0 1432.0
4565.0 2943.0
2062.0 3969.0
3258.0 3978.0
1059.0 1429.0
2940.0 4477.0
1811.0 2312.0
3016.0 4681.0
1760.0 119.0
1223.0 2353.0
2620.0 2091.0
2937.0 3582.0
635.0 643.0
932.0 2141.0
2473.0 1388.0
3555.0 3952.0
392.0 224.0
3310.0 3296.0
4366.0 2985.0
106.0 2121.0
2979.0 3839.0
2938.0 4182.0
3264.0 4157.0
755.0 526.0
3493.0 4448.0
3342.0 3824.0
1493.0 1862.0
1490.0 1142.0
2284.0 1011.0
951.0 1269.0
3706.0 3296.0
3002.0 4216.0
1299.0 4477.0
1227.0 1346.0
687.0 2247.0
3372.0 3036.0
3512.0 4175.0
755.0 2564.0
4241.0 3452.0
302.0 2078.0
3505.0 4614.0
1095.0 2050.0
4342.0 4020.0
914.0 2310.0
43.0 2752.0
2883.0 2451.0
794.0 1841.0
4503.0 3435.0
3672.0 4293.0
609.0 2850.0
915.0 2692.0
3435.0 4595.0
4370.0 3445.0
592.0 1614.0
2835.0 371.0
3777.0 3528.0
2373.0 1162.0
1189.0 1994.0
132.0 564.0
3873.0 4074.0
273.0 4477.0
977.0 2329.0
2280.0 2551.0
3040.0 2958.0
3562.0 3227.0
4119.0 3096.0
2870.0 1393.0
3796.0 3522.0
3510.0 4504.0
3165.0 3497.0
135.0 2077.0
1458.0 2741.0
2145.0 2650.0
2628.0 515.0
708.0 4477.0
1731.0 172.0
1935.0 2308.0
84.0 461.0
1433.0 869.0
1532.0 44.0
2354.0 2384.0
3224.0 3800.0
1397.0 2798.0
1714.0 1850.0
554.0 2500.0
379.0 250.0
1673.0 185.0
138.0 304.0
1086.0 2408.0
2973.0 4037.0
3580.0 3389.0
3424.0 3503.0
1749.0 2223.0
3961.0 3466.0
156.0 544.0
504.0 544.0
1766.0 4477.0
4453.0 4477.0
3005.0 4020.0
1326.0 1721.0
1262.0 577.0
4024.0 4139.0
3516.0 3270.0
618.0 228.0
4674.0 4020.0
3217.0 3753.0
4237.0 4090.0
631.0 2401.0
366.0 2785.0
3381.0 4477.0
1531.0 2883.0
3260.0 3195.0
3438.0 4477.0
540.0 2603.0
1078.0 2888.0
896.0 1354.0
1546.0 581.0
1159.0 817.0
1781.0 2310.0
4043.0 4349.0
1372.0 2280.0
119.0 976.0
298.0 240.0
3788.0 4303.0
4672.0 3859.0
1010.0 1043.0
2639.0 810.0
3111.0 4477.0
773.0 1733.0
1059.0 2726.0
302.0 2280.0
2035.0 479.0
3629.0 3757.0
1860.0 737.0
3779.0 4593.0
51.0 1138.0
757.0 1494.0
3598.0 3835.0
3690.0 4118.0
212.0 1463.0
1129.0 2306.0
1806.0 1607.0
2646.0 1339.0
1661.0 2386.0
4306.0 3170.0
353.0 2042.0
4386.0 3124.0
3456.0 4317.0
4027.0 4579.0
1888.0 2473.0
1909.0 250.0
142.0 1016.0
3372.0 4143.0
978.0 2769.0
813.0 2252.0
2045.0 2417.0
4587.0 4477.0
2335.0 345.0
2190.0 2879.0
2632.0 2786.0
2948.0 3224.0
3678.0 4620.0
2421.0 2900.0
3703.0 3165.0
1125.0 1438.0
4431.0 4328.0
844.0 1322.0
4651.0 4477.0
3915.0 3197.0
305.0 2618.0
986.0 4477.0
3120.0 4375.0
2171.0 257.0
2667.0 102.0
4270.0 3806.0
2504.0 437.0
1132.0 538.0
2913.0 3927.0
2059.0 405.0
61.0 2727.0
2372.0 2698.0
3094.0 4145.0
1930.0 1469.0
2479.0 1740.0
3556.0 3627.0
2889.0 2110.0
1104.0 1608.0
2833.0 331.0
2019.0 1081.0
974.0 2484.0
2465.0 122.0
1356.0 2074.0
831.0 2130.0
3497.0 4668.0
3459.0 3164.0
267.0 2762.0
2257.0 752.0
3706.0 4340.0
1266.0 1098.0
3684.0 4502.0
1493.0 4477.0
947.0 238.0
2058.0 1893.0
1891.0 418.0
1597.0 2673.0
4493.0 3931.0
1761.0 1337.0
542.0 676.0
123.0 2327.0
1224.0 2174.0
2692.0 448.0
2497.0 3425.0
4306.0 4298.0
1055.0 2705.0
4400.0 4655.0
1862.0 721.0
3112.0 4477.0
261.0 1692.0
728.0 454.0
2039.0 2145.0
3873.0 3424.0
3095.0 4143.0
3128.0 3601.0
843.0 444.0
743.0 2803.0
1589.0 2043.0
3065.0 4616.0
3125.0 4210.0
1034.0 351.0
4503.0 2932.0
2285.0 2595.0
3988.0 4394.0
2275.0 4477.0
3656.0 4683.0
840.0 1038.0
4264.0 4020.0
3552.0 3770.0
3834.0 4313.0
3655.0 4090.0
1353.0 908.0
4210.0 4393.0
3110.0 4052.0
3705.0 4460.0
3785.0 4670.0
2058.0 259.0
2099.0 2591.0
55.0 967.0
445.0 2731.0
1692.0 2176.0
4244.0 3359.0
3091.0 3576.0
3914.0 4674.0
482.0 1889.0
3520.0 4648.0
3898.0 3646.0
4610.0 4024.0
1381.0 1938.0
1560.0 1687.0
3643.0 4014.0
2382.0 2595.0
2224.0 2263.0
4600.0 3904.0
1471.0 1088.0
1740.0 4477.0
1900.0 1153.0
810.0 1616.0
3121.0 2920.0
727.0 853.0
2179.0 2012.0
1350.0 541.0
3517.0 3390.0
1884.0 2210.0
1255.0 1571.0
4629.0 3443.0
3136.0 3179.0
402.0 4477.0
1689.0 154.0
110.0 2604.0
394.0 786.0
2625.0 2777.0
3287.0 3821.0
2932.0 3612.0
3767.0 3373.0
1102.0 1304.0
2093.0 2205.0
2993.0 3859.0
1756.0 2147.0
2874.0 1492.0
4534.0 3636.0
887.0 1799.0
3778.0 3454.0
1383.0 2375.0
1600.0 2167.0
2523.0 2159.0
668.0 693.0
4188.0 4264.0
1255.0 2320.0
357.0 2575.0
2028.0 1745.0
2312.0 1429.0
3969.0 4674.0
3923.0 3650.0
2781.0 2472.0
1436.0 709.0
688.0 2169.0
4307.0 2972.0
311.0 2013.0
1391.0 4477.0
2977.0 3330.0
3710.0 3243.0
790.0 1542.0
4522.0 2986.0
4230.0 4477.0
1760.0 976.0
2472.0 4477.0
420.0 540.0
2332.0 2806.0
3660.0 3453.0
2195.0 1708.0
3298.0 4327.0
3779.0 4234.0
1642.0 605.0
4171.0 4477.0
2534.0 731.0
2881.0 208.0
3632.0 4477.0
500.0 1125.0
255.0 496.0
2553.0 2157.0
1868.0 2906.0
3499.0 4020.0
3830.0 3416.0
280.0 2668.0
716.0 1651.0
2404.0 4020.0
2022.0 1902.0
2066.0 3147.0
1118.0 2814.0
890.0 1268.0
4327.0 3065.0
4529.0 3296.0
4415.0 3574.0
264.0 1279.0
3988.0 4633.0
79.0 533.0
3796.0 2945.0
17.0 2171.0
926.0 1411.0
4124.0 3652.0
134.0 751.0
2317.0 284.0
1878.0 2501.0
2792.0 1494.0
2916.0 4477.0
36.0 4477.0
370.0 2413.0
4223.0 3325.0
2557.0 2561.0
3008.0 3896.0
295.0 688.0
3236.0 4210.0
2210.0 243.0
1034.0 2805.0
2083.0 2582.0
462.0 361.0
2991.0 3236.0
331.0 4477.0
1169.0 1882.0
705.0 4477.0
68.0 1572.0
2771.0 1033.0
3913.0 4010.0
3845.0 3621.0
176.0 343.0
408.0 1462.0
1001.0 2034.0
1358.0 2774.0
4635.0 3139.0
2939.0 3741.0
4661.0 4489.0
1057.0 328.0
2579.0 4477.0
12.0 2045.0
2451.0 4477.0
3443.0 3528.0
97.0 2515.0
4145.0 4021.0
756.0 502.0
3454.0 4502.0
3753.0 4347.0
2557.0 1589.0
143.0 1731.0
4364.0 3928.0
48.0 1254.0
967.0 243.0
2078.0 817.0
3791.0 4479.0
896.0 1133.0
234.0 1229.0
2543.0 4477.0
2421.0 236.0
1336.0 2634.0
3475.0 4218.0
3491.0 4382.0
1420.0 279.0
683.0 1588.0
1762.0 1825.0
4584.0 3405.0
4574.0 4334.0
3175.0 3861.0
3535.0 4477.0
4150.0 3652.0
27.0 409.0
3088.0 4257.0
2843.0 1479.0
2287.0 2027.0
1884.0 1065.0
3546.0 4679.0
956.0 632.0
3281.0 4153.0
3192.0 4477.0
3439.0 3741.0
3257.0 3406.0
1113.0 1324.0
2598.0 2393.0
221.0 4477.0
3175.0 3881.0
1831.0 1286.0
996.0 2479.0
2208.0 2612.0
1410.0 2738.0
1086.0 2821.0
3033.0 3649.0
3547.0 4671.0
1260.0 2297.0
688.0 423.0
4486.0 4208.0
3038.0 3403.0
966.0 2377.0
64.0 287.0
370.0 2313.0
3963.0 4477.0
1306.0 995.0
4270.0 4344.0
1994.0 1258.0
2956.0 3999.0
1031.0 817.0
1257.0 2369.0
3191.0 3979.0
1379.0 1676.0
2985.0 4519.0
2520.0 2243.0
1749.0 1875.0
2747.0 1956.0
1554.0 2475.0
1356.0 368.0
1939.0 814.0
268.0 2650.0
3927.0 4020.0
1075.0 2014.0
147.0 193.0
2148.0 2612.0
3919.0 4103.0
285.0 2164.0
4378.0 3785.0
940.0 992.0
325.0 2198.0
661.0 2113.0
2189.0 2373.0
3449.0 3238.0
3778.0 4038.0
3181.0 4309.0
4296.0 4476.0
1651.0 650.0
2392.0 1845.0
2996.0 4612.0
833.0 2530.0
3057.0 3652.0
3631.0 3277.0
2506.0 1881.0
2009.0 1445.0
3308.0 4502.0
1639.0 1393.0
1015.0 1335.0
282.0 1522.0
2220.0 1842.0
1087.0 665.0
2808.0 4020.0
1295.0 1596.0
2154.0 1561.0
1053.0 1462.0
710.0 2474.0
1809.0 482.0
4259.0 3800.0
2528.0 2040.0
2912.0 4477.0
3522.0 3893.0
1962.0 606.0
3356.0 3790.0
215.0 740.0
4352.0 4249.0
2312.0 1745.0
3510.0 4477.0
2878.0 535.0
1285.0 591.0
3551.0 3910.0
1409.0 2177.0
704.0 1939.0
4506.0 3765.0
4615.0 3477.0
4553.0 3374.0
1947.0 2354.0
2035.0 1269.0
1615.0 2316.0
2431.0 1236.0
778.0 2777.0
3191.0 4648.0
1893.0 4477.0
3058.0 4014.0
3745.0 4118.0
2818.0 2253.0
1856.0 1013.0
27.0 834.0
3044.0 3309.0
976.0 605.0
344.0 2346.0
110.0 185.0
119.0 943.0
629.0 2280.0
1032.0 1732.0
2616.0 2280.0
1971.0 1317.0
3298.0 3669.0
2084.0 2448.0
2345.0 2164.0
2916.0 3625.0
3795.0 4477.0
13.0 2280.0
2349.0 1096.0
2780.0 2326.0
4028.0 3173.0
4623.0 3656.0
4334.0 4096.0
457.0 1074.0
937.0 1045.0
3424.0 3692.0
1125.0 1262.0
3948.0 4229.0
1319.0 2142.0
4589.0 4208.0
1384.0 1081.0
2480.0 2346.0
2256.0 2490.0
3611.0 4502.0
2727.0 4477.0
3954.0 3077.0
613.0 1849.0
959.0 172.0
2373.0 413.0
4627.0 3842.0
4302.0 3144.0
645.0 1793.0
4310.0 3381.0
404.0 677.0
1557.0 1662.0
4606.0 3174.0
250.0 1774.0
4584.0 3630.0
3112.0 4389.0
849.0 580.0
2670.0 1766.0
3005.0 4472.0
850.0 1462.0
1926.0 317.0
2984.0 3165.0
1311.0 1297.0
3738.0 3179.0
1849.0 1812.0
2739.0 4477.0
1677.0 2527.0
183.0 424.0
3252.0 3156.0
3346.0 4173.0
996.0 2304.0
191.0 4477.0
3690.0 3179.0
938.0 2836.0
2358.0 2814.0
192.0 1198.0
1763.0 1827.0
2519.0 284.0
780.0 96.0
2519.0 2223.0
4299.0 3195.0
2533.0 2253.0
3538.0 4597.0
519.0 2078.0
2748.0 1317.0
3194.0 4371.0
4125.0 4191.0
533.0 1388.0
2567.0 2078.0
175.0 1752.0
2076.0 813.0
261.0 1827.0
1967.0 4477.0
3984.0 4477.0
3225.0 3288.0
2302.0 1066.0
3114.0 4020.0
3093.0 3662.0
639.0 1214.0
2189.0 4477.0
1569.0 2672.0
2016.0 2477.0
3568.0 3507.0
2407.0 1107.0
1001.0 345.0
1047.0 2139.0
1687.0 2579.0
4113.0 4051.0
2382.0 2241.0
360.0 565.0
3810.0 3296.0
2778.0 4477.0
3832.0 3608.0
3414.0 4673.0
3576.0 4051.0
693.0 197.0
3947.0 3561.0
4331.0 4477.0
352.0 2136.0
1968.0 849.0
4163.0 3477.0
593.0 1700.0
1814.0 744.0
1174.0 2744.0
4218.0 3178.0
3568.0 4228.0
3549.0 4430.0
2318.0 2847.0
3538.0 4271.0
2801.0 2577.0
732.0 168.0
3247.0 3968.0
3127.0 4502.0
500.0 939.0
2205.0 2235.0
3671.0 4454.0
2095.0 2248.0
3884.0 3731.0
634.0 2778.0
176.0 761.0
407.0 2577.0
312.0 2732.0
3964.0 3217.0
3887.0 3947.0
4615.0 4477.0
1936.0 2848.0
3906.0 4559.0
2968.0 3402.0
231.0 1720.0
1610.0 2164.0
342.0 3323.0
1254.0 197.0
496.0 199.0
222.0 2428.0
3730.0 3991.0
834.0 1431.0
2892.0 2043.0
2370.0 2711.0
1006.0 1635.0
4612.0 4480.0
4401.0 3726.0
1634.0 1474.0
2763.0 2673.0
4402.0 4512.0
1160.0 454.0
2974.0 4477.0
2982.0 3952.0
3409.0 4502.0
1524.0 1074.0
2761.0 2417.0
3082.0 4141.0
4097.0 4349.0
1643.0 3899.0
2539.0 2326.0
4625.0 4216.0
1957.0 2439.0
4329.0 4118.0
1709.0 1462.0
4615.0 4491.0
1211.0 2322.0
4280.0 3314.0
1843.0 1726.0
3299.0 3748.0
2208.0 2110.0
279.0 360.0
4485.0 3170.0
1421.0 1659.0
1010.0 903.0
988.0 1044.0
3432.0 3052.0
168.0 381.0
2961.0 4307.0
4675.0 4338.0
2378.0 1344.0
3263.0 4419.0
961.0 454.0
1952.0 1271.0
2079.0 1070.0
1773.0 2576.0
3563.0 4358.0
4540.0 3624.0
3489.0 4108.0
1988.0 2263.0
2313.0 1903.0
3971.0 4626.0
3307.0 4134.0
1724.0 1952.0
2479.0 1208.0
2401.0 2072.0
1967.0 1088.0
4363.0 4519.0
115.0 246.0
733.0 4477.0
1046.0 4477.0
1981.0 1475.0
131.0 1121.0
2343.0 294.0
3130.0 4089.0
1661.0 1100.0
1006.0 2773.0
1476.0 817.0
1473.0 2626.0
1446.0 799.0
754.0 1509.0
2895.0 2628.0
307.0 567.0
916.0 2188.0
4203.0 4547.0
1474.0 2416.0
822.0 2384.0
2870.0 2075.0
3509.0 4477.0
421.0 454.0
3188.0 4437.0
4381.0 4085.0
1066.0 495.0
646.0 318.0
1273.0 1289.0
3335.0 4059.0
4439.0 4020.0
2562.0 1846.0
667.0 736.0
2554.0 307.0
2415.0 437.0
2687.0 868.0
4088.0 4347.0
3361.0 4556.0
351.0 1280.0
2319.0 2369.0
1270.0 1315.0
1776.0 2918.0
3735.0 4156.0
1313.0 2451.0
1095.0 1234.0
396.0 1866.0
2368.0 2777.0
2467.0 1834.0
1040.0 1881.0
2833.0 4020.0
791.0 2856.0
1243.0 153.0
391.0 977.0
4406.0 4023.0
2961.0 4655.0
4162.0 4020.0
3642.0 4477.0
3371.0 4477.0
291.0 2798.0
90.0 1857.0
2843.0 1140.0
2749.0 2241.0
830.0 989.0
619.0 650.0
44.0 2798.0
3807.0 4477.0
974.0 2825.0
3608.0 3968.0
4587.0 3932.0
2801.0 1073.0
689.0 908.0
2292.0 4624.0
1606.0 1072.0
408.0 1006.0
1935.0 2765.0
301.0 57.0
4517.0 4667.0
2638.0 2697.0
3015.0 2918.0
2174.0 2634.0
2816.0 667.0
2763.0 1518.0
646.0 804.0
2636.0 1787.0
2704.0 1312.0
3966.0 4379.0
2618.0 1482.0
134.0 1490.0
3209.0 4117.0
1700.0 1946.0
3052.0 3180.0
2316.0 2798.0
951.0 2817.0
1049.0 1230.0
656.0 2824.0
1646.0 4477.0
623.0 1361.0
3686.0 3888.0
2021.0 710.0
2331.0 1474.0
4557.0 3230.0
2698.0 2863.0
965.0 2492.0
2062.0 905.0
445.0 2184.0
2020.0 2714.0
1375.0 4477.0
3389.0 4490.0
4401.0 3872.0
2780.0 1523.0
566.0 2309.0
3577.0 4477.0
3950.0 3095.0
614.0 1957.0
414.0 894.0
3949.0 451.0
1394.0 2906.0
1879.0 1506.0
2665.0 434.0
1180.0 1481.0
4027.0 3200.0
3107.0 4477.0
477.0 713.0
577.0 1165.0
4147.0 4477.0
3345.0 4095.0
198.0 2127.0
2978.0 3178.0
1170.0 626.0
339.0 1698.0
166.0 2750.0
4360.0 3715.0
2018.0 1733.0
315.0 454.0
1767.0 4477.0
4406.0 3798.0
1363.0 1557.0
2826.0 931.0
3429.0 4117.0
793.0 1984.0
93.0 574.0
576.0 850.0
441.0 237.0
382.0 1529.0
3430.0 4084.0
719.0 1842.0
2774.0 2697.0
2920.0 3220.0
1437.0 2327.0
2246.0 44.0
1090.0 1239.0
2210.0 93.0
4257.0 4083.0
2010.0 1695.0
1132.0 2272.0
1363.0 1634.0
844.0 502.0
1358.0 1648.0
4076.0 3912.0
2366.0 454.0
2917.0 3272.0
461.0 1962.0
512.0 2113.0
4483.0 4477.0
364.0 2376.0
3042.0 4139.0
782.0 2164.0
1782.0 744.0
819.0 1621.0
642.0 2027.0
2587.0 4477.0
705.0 122.0
3864.0 4532.0
619.0 1745.0
898.0 945.0
332.0 1578.0
3944.0 4085.0
410.0 1954.0
1878.0 502.0
2528.0 333.0
4448.0 4118.0
1941.0 141.0
1117.0 2208.0
953.0 1556.0
3646.0 4640.0
1173.0 2003.0
1798.0 689.0
4366.0 3391.0
1773.0 1947.0
3251.0 3389.0
3206.0 3340.0
4418.0 4489.0
3227.0 3238.0
3701.0 4341.0
61.0 2116.0
804.0 2098.0
2857.0 1362.0
3359.0 4477.0
259.0 898.0
3940.0 4460.0
1866.0 1208.0
97.0 2149.0
1747.0 97.0
574.0 2726.0
4490.0 3542.0
650.0 626.0
3404.0 3692.0
4421.0 3512.0
26.0 1829.0
4426.0 3200.0
592.0 932.0
1104.0 1158.0
1310.0 2884.0
4553.0 3282.0
3187.0 3194.0
246.0 2872.0
3947.0 3003.0
1498.0 4477.0
1125.0 1598.0
4048.0 4145.0
3327.0 4356.0
283.0 1437.0
2649.0 1651.0
980.0 2441.0
4198.0 4094.0
2641.0 126.0
516.0 553.0
3669.0 4477.0
1644.0 1806.0
2958.0 3307.0
4444.0 4074.0
4594.0 3706.0
829.0 185.0
4594.0 2950.0
270.0 454.0
2827.0 1605.0
2953.0 4088.0
3640.0 4110.0
723.0 1741.0
2985.0 4091.0
2715.0 4477.0
4429.0 3583.0
4516.0 4117.0
996.0 1437.0
1773.0 2401.0
12.0 1064.0
2462.0 1361.0
1902.0 1177.0
1435.0 2177.0
3443.0 3806.0
2694.0 2027.0
648.0 1103.0
1156.0 1487.0
537.0 1921.0
1522.0 1541.0
140.0 1808.0
965.0 1106.0
1846.0 1865.0
566.0 4477.0
2395.0 1429.0
3600.0 4020.0
3779.0 3531.0
4562.0 4477.0
306.0 1523.0
1815.0 1134.0
4530.0 4477.0
3265.0 3401.0
3249.0 3513.0
3228.0 4317.0
845.0 2282.0
136.0 119.0
3767.0 3646.0
4060.0 3366.0
111.0 1767.0
3625.0 3035.0
984.0 2362.0
4270.0 4527.0
4362.0 3489.0
1749.0 2510.0
4414.0 3989.0
4428.0 3822.0
3488.0 4155.0
2669.0 1743.0
654.0 2012.0
3917.0 4477.0
516.0 1437.0
2192.0 126.0
4530.0 4148.0
3706.0 3210.0
2200.0 2514.0
2765.0 64.0
2300.0 713.0
4190.0 4472.0
4337.0 4101.0
4444.0 4082.0
1893.0 2040.0
3689.0 4002.0
2945.0 3824.0
4076.0 3036.0
1740.0 431.0
719.0 1437.0
4327.0 4649.0
3844.0 3135.0
533.0 3594.0
531.0 448.0
273.0 2698.0
4069.0 3507.0
3215.0 3274.0
877.0 2831.0
97.0 1171.0
2696.0 2567.0
956.0 1741.0
321.0 2890.0
2250.0 2254.0
1639.0 626.0
2620.0 1275.0
1483.0 4477.0
2203.0 2253.0
1125.0 1269.0
3111.0 2954.0
504.0 2384.0
809.0 2028.0
2924.0 3576.0
1678.0 2723.0
4632.0 3721.0
3758.0 4545.0
2497.0 3237.0
3751.0 4502.0
4405.0 4589.0
81.0 1471.0
3334.0 3874.0
3046.0 4017.0
1118.0 2378.0
1704.0 2013.0
4446.0 4020.0
1537.0 2085.0
3983.0 3821.0
4109.0 4558.0
3327.0 4201.0
748.0 1672.0
663.0 1604.0
4285.0 4260.0
610.0 1106.0
4582.0 4277.0
2302.0 2703.0
3180.0 4477.0
640.0 1758.0
2252.0 1817.0
2343.0 1812.0
2662.0 1184.0
243.0 1096.0
2039.0 2423.0
4325.0 2961.0
1775.0 845.0
1118.0 2777.0
2616.0 2027.0
3879.0 3957.0
1298.0 992.0
1607.0 318.0
3171.0 3610.0
4308.0 4629.0
3008.0 4444.0
1270.0 1743.0
4271.0 3528.0
287.0 2186.0
3246.0 4266.0
3840.0 3726.0
2444.0 4477.0
3422.0 4065.0
3100.0 3989.0
297.0 1661.0
2298.0 2605.0
4109.0 4334.0
3560.0 4175.0
3512.0 4379.0
1210.0 787.0
1993.0 287.0
3628.0 3821.0
1272.0 2701.0
3720.0 3117.0
4094.0 4036.0
1518.0 4642.0
202.0 2705.0
2996.0 3058.0
2053.0 2417.0
4412.0 4546.0
399.0 485.0
2119.0 2600.0
1620.0 1269.0
1075.0 4477.0
3259.0 4393.0
3189.0 3234.0
254.0 318.0
4443.0 4181.0
422.0 1903.0
711.0 1818.0
62.0 1216.0
4310.0 3824.0
1014.0 1481.0
1581.0 1057.0
908.0 447.0
1976.0 4517.0
3523.0 3616.0
3794.0 4175.0
274.0 1480.0
2949.0 4164.0
1348.0 2591.0
926.0 693.0
1917.0 2017.0
396.0 1127.0
1008.0 4020.0
4434.0 4523.0
1404.0 1745.0
1914.0 487.0
1830.0 2696.0
3762.0 3388.0
443.0 2696.0
4087.0 3538.0
1117.0 2483.0
2430.0 4020.0
1735.0 2497.0
998.0 2098.0
69.0 817.0
1099.0 1822.0
775.0 405.0
524.0 2320.0
3607.0 3055.0
4016.0 4020.0
2479.0 317.0
989.0 165.0
1704.0 4477.0
2372.0 495.0
3046.0 3341.0
4263.0 3633.0
3802.0 4279.0
129.0 858.0
3191.0 4417.0
601.0 2547.0
1211.0 2428.0
4597.0 4678.0
4126.0 4201.0
3280.0 3179.0
771.0 2877.0
1875.0 1804.0
3072.0 4477.0
3916.0 3986.0
215.0 1508.0
1304.0 2253.0
2673.0 889.0
1544.0 2777.0
812.0 1433.0
17.0 1485.0
3886.0 4285.0
4452.0 4273.0
3471.0 4056.0
4206.0 4477.0
3217.0 3385.0
3620.0 4094.0
3368.0 4477.0
1007.0 2031.0
1079.0 2005.0
656.0 974.0
1201.0 1829.0
723.0 2169.0
61.0 168.0
1123.0 1425.0
2517.0 1865.0
2786.0 1170.0
1115.0 2447.0
2621.0 2761.0
3344.0 3883.0
1262.0 2325.0
4476.0 4493.0
639.0 2377.0
3191.0 3518.0
122.0 2223.0
1417.0 2698.0
412.0 2763.0
3836.0 4680.0
1952.0 1026.0
3116.0 3362.0
1836.0 2113.0
801.0 1192.0
2659.0 368.0
3098.0 4477.0
3569.0 3355.0
1935.0 2287.0
202.0 1139.0
1524.0 1532.0
1830.0 2184.0
2845.0 150.0
3948.0 4109.0
3952.0 4477.0
4142.0 3156.0
133.0 1660.0
4269.0 3442.0
200.0 2539.0
4276.0 4477.0
354.0 2240.0
4076.0 3701.0
223.0 2401.0
4244.0 4309.0
1102.0 2772.0
4414.0 3381.0
212.0 1258.0
951.0 1105.0
706.0 4477.0
376.0 809.0
1713.0 2899.0
3956.0 3920.0
3136.0 3379.0
3084.0 3727.0
3813.0 4477.0
1353.0 722.0
1583.0 594.0
1110.0 2253.0
1795.0 1482.0
4384.0 4140.0
408.0 1598.0
412.0 1086.0
3698.0 4432.0
4657.0 4294.0
4469.0 4596.0
4067.0 4070.0
3723.0 4380.0
1989.0 2696.0
2455.0 1349.0
818.0 2263.0
2639.0 1289.0
3840.0 3878.0
830.0 2597.0
4198.0 4589.0
2203.0 1139.0
3560.0 3885.0
2018.0 1605.0
4350.0 4559.0
1829.0 2653.0
1567.0 2693.0
3112.0 4060.0
4166.0 3116.0
636.0 853.0
3678.0 3845.0
3231.0 3402.0
4675.0 2995.0
1651.0 2726.0
3327.0 4171.0
88.0 36.0
3239.0 4020.0
2530.0 1669.0
2901.0 2235.0
166.0 1742.0
4190.0 4151.0
1064.0 2823.0
1615.0 1931.0
797.0 2740.0
392.0 2002.0
3623.0 4047.0
3254.0 3635.0
1694.0 2369.0
30.0 370.0
2317.0 650.0
1798.0 1159.0
1752.0 2585.0
2489.0 472.0
1892.0 1745.0
634.0 2873.0
1366.0 2066.0
3561.0 4477.0
3546.0 3428.0
876.0 1310.0
1783.0 1400.0
288.0 737.0
2901.0 2559.0
539.0 4477.0
373.0 2008.0
1288.0 667.0
263.0 1980.0
1038.0 1973.0
2010.0 2127.0
4591.0 4229.0
2952.0 4477.0
1830.0 2809.0
3449.0 3227.0
401.0 2249.0
537.0 1471.0
4010.0 4285.0
2623.0 4477.0
1329.0 665.0
3696.0 3783.0
3869.0 4422.0
2098.0 318.0
4103.0 4209.0
1483.0 2849.0
704.0 1274.0
1376.0 713.0
2666.0 1653.0
2670.0 1895.0
335.0 1319.0
2565.0 328.0
975.0 2652.0
4202.0 3477.0
980.0 122.0
2420.0 1685.0
3959.0 3609.0
1433.0 1470.0
2170.0 418.0
4327.0 3165.0
42.0 1654.0
2016.0 2450.0
4352.0 3459.0
973.0 1623.0
374.0 1041.0
2549.0 454.0
2963.0 4477.0
3267.0 3348.0
2889.0 4477.0
3138.0 4020.0
287.0 4477.0
1804.0 4477.0
1675.0 397.0
3582.0 4460.0
493.0 2870.0
3777.0 3611.0
3971.0 4477.0
1334.0 679.0
723.0 2134.0
3601.0 3257.0
1868.0 2645.0
1559.0 2201.0
1396.0 1799.0
1876.0 2604.0
566.0 2692.0
3395.0 4167.0
894.0 1343.0
11.0 2296.0
3598.0 4210.0
748.0 2062.0
3720.0 4143.0
2650.0 1230.0
1159.0 322.0
179.0 1729.0
3913.0 4477.0
489.0 1158.0
675.0 2484.0
3545.0 4479.0
1383.0 1804.0
400.0 1315.0
743.0 2094.0
3187.0 4395.0
1559.0 844.0
3374.0 4349.0
1793.0 2002.0
3837.0 4477.0
1117.0 2491.0
4124.0 4517.0
1362.0 4477.0
4028.0 3631.0
426.0 555.0
2616.0 2001.0
1276.0 1975.0
1850.0 1910.0
1063.0 2031.0
3468.0 2970.0
2256.0 2479.0
2131.0 2441.0
1185.0 1740.0
260.0 956.0
1451.0 1981.0
2628.0 1101.0
1221.0 1518.0
848.0 1003.0
48.0 2251.0
1176.0 97.0
395.0 1924.0
2085.0 849.0
4465.0 3981.0
2591.0 195.0
143.0 4477.0
1839.0 2599.0
2413.0 1015.0
3414.0 3766.0
3098.0 3262.0
1827.0 1346.0
2836.0 2353.0
2622.0 2475.0
957.0 1595.0
4069.0 3179.0
3943.0 3179.0
771.0 2376.0
2829.0 2869.0
3036.0 3782.0
694.0 2906.0
2961.0 3642.0
1458.0 1433.0
3545.0 4029.0
2423.0 1743.0
4047.0 4260.0
1287.0 4020.0
705.0 1168.0
4148.0 4379.0
259.0 1255.0
332.0 2980.0
3883.0 3449.0
524.0 1770.0
3438.0 3086.0
4098.0 4600.0
4066.0 3597.0
974.0 1842.0
1661.0 1046.0
4273.0 4128.0
3342.0 4341.0
954.0 2798.0
889.0 1846.0
3181.0 3399.0
610.0 794.0
1788.0 959.0
507.0 2524.0
4339.0 3399.0
4251.0 3669.0
3043.0 4488.0
1932.0 4020.0
2247.0 2606.0
4498.0 3640.0
1597.0 2680.0
2623.0 151.0
337.0 1164.0
2554.0 700.0
1029.0 928.0
239.0 244.0
2279.0 2805.0
3641.0 3678.0
342.0 3296.0
2850.0 1271.0
1160.0 4477.0
688.0 318.0
2995.0 3850.0
3274.0 3560.0
3107.0 3009.0
3061.0 4477.0
1323.0 2251.0
4406.0 4502.0
1804.0 698.0
4030.0 4568.0
898.0 1624.0
2763.0 4477.0
3160.0 4601.0
4276.0 4092.0
1882.0 956.0
1976.0 1346.0
1749.0 2021.0
480.0 2098.0
3639.0 4639.0
1308.0 1947.0
955.0 2533.0
3155.0 4020.0
550.0 1596.0
236.0 631.0
3913.0 3079.0
618.0 1000.0
1061.0 1206.0
2577.0 2814.0
2371.0 2625.0
1768.0 167.0
3302.0 3529.0
2309.0 1756.0
2515.0 454.0
1159.0 2205.0
4154.0 3170.0
182.0 3431.0
285.0 1916.0
1673.0 222.0
1278.0 2488.0
3665.0 3703.0
413.0 4477.0
3734.0 3257.0
357.0 1098.0
3277.0 3842.0
3518.0 4139.0
4652.0 3637.0
1730.0 4477.0
1525.0 1696.0
2354.0 2627.0
4177.0 4321.0
2668.0 1745.0
4368.0 3057.0
3419.0 3710.0
3497.0 4256.0
148.0 1047.0
4487.0 3200.0
1984.0 1346.0
3080.0 3928.0
282.0 452.0
1581.0 1797.0
812.0 1903.0
1815.0 2324.0
3772.0 3139.0
3088.0 4069.0
264.0 574.0
2216.0 2526.0
3833.0 3762.0
2889.0 2591.0
283.0 1743.0
4119.0 4502.0
1189.0 1899.0
2061.0 667.0
3088.0 3721.0
3622.0 3469.0
1482.0 3847.0
2090.0 535.0
1752.0 2522.0
4530.0 4600.0
962.0 1647.0
2048.0 1153.0
4508.0 3349.0
3983.0 3504.0
3019.0 3697.0
4339.0 4178.0
2877.0 4477.0
2616.0 382.0
48.0 1900.0
1800.0 1351.0
406.0 2275.0
3962.0 4007.0
4527.0 4371.0
3564.0 3257.0
618.0 1583.0
1139.0 4477.0
3025.0 4556.0
773.0 1021.0
382.0 817.0
2301.0 2330.0
721.0 728.0
3137.0 3368.0
1723.0 2357.0
3546.0 3494.0
3947.0 4477.0
3164.0 4208.0
2104.0 2451.0
3372.0 3822.0
76.0 2107.0
968.0 3811.0
11.0 2035.0
3909.0 4132.0
4529.0 3128.0
634.0 1021.0
128.0 2626.0
1154.0 1011.0
3484.0 4664.0
2455.0 94.0
884.0 1330.0
970.0 1920.0
4244.0 4480.0
38.0 883.0
3961.0 3959.0
2851.0 2906.0
4529.0 3726.0
2995.0 4380.0
1668.0 2399.0
1011.0 153.0
1268.0 1841.0
4309.0 3200.0
2325.0 1876.0
4032.0 4477.0
2313.0 1675.0
603.0 1770.0
3174.0 3268.0
2560.0 1121.0
312.0 78.0
3430.0 4134.0
1064.0 1278.0
2630.0 1891.0
631.0 4477.0
3881.0 3204.0
4663.0 4477.0
3724.0 4477.0
4037.0 3904.0
1779.0 1018.0
1033.0 1824.0
3104.0 4071.0
1958.0 2703.0
340.0 1625.0
2228.0 1314.0
939.0 4477.0
3969.0 4064.0
3691.0 3179.0
1708.0 346.0
61.0 2813.0
1818.0 828.0
1309.0 1736.0
1213.0 1529.0
3796.0 3542.0
3643.0 2978.0
3733.0 4507.0
705.0 2699.0
790.0 609.0
3247.0 3238.0
609.0 2645.0
1971.0 445.0
2937.0 3004.0
2727.0 2470.0
2598.0 4477.0
1060.0 1605.0
3862.0 4477.0
3134.0 4161.0
489.0 1970.0
3724.0 3942.0
846.0 243.0
4549.0 3214.0
3719.0 4062.0
4592.0 3947.0
729.0 2889.0
2000.0 2543.0
1383.0 1893.0
4435.0 4548.0
3555.0 4252.0
1639.0 2528.0
1880.0 2375.0
2353.0 328.0
4128.0 4371.0
1667.0 1931.0
2923.0 4477.0
3577.0 3216.0
2806.0 825.0
17.0 330.0
3684.0 4477.0
2076.0 1812.0
4000.0 4252.0
3649.0 4080.0
4593.0 4340.0
523.0 1653.0
3511.0 3054.0
4518.0 3663.0
576.0 1493.0
488.0 2244.0
3793.0 4502.0
639.0 2492.0
1267.0 2451.0
3615.0 4477.0
2243.0 1289.0
782.0 1812.0
1398.0 1393.0
210.0 349.0
54.0 1876.0
2326.0 2368.0
3207.0 4393.0
3448.0 3439.0
890.0 1764.0
429.0 468.0
980.0 710.0
1187.0 1139.0
4355.0 4667.0
4220.0 3780.0
64.0 248.0
778.0 2439.0
2870.0 78.0
3873.0 3402.0
1169.0 2132.0
2459.0 1980.0
2105.0 1396.0
879.0 2726.0
861.0 2098.0
3853.0 4220.0
196.0 1214.0
786.0 1410.0
884.0 2519.0
4366.0 3546.0
4614.0 3389.0
3974.0 4432.0
467.0 2526.0
193.0 1538.0
1834.0 240.0
1325.0 1855.0
961.0 1947.0
1858.0 2800.0
1811.0 4477.0
739.0 260.0
547.0 204.0
1511.0 2522.0
677.0 361.0
1308.0 2384.0
1980.0 4477.0
1861.0 548.0
4632.0 3519.0
3437.0 3843.0
4137.0 3377.0
3822.0 3196.0
4464.0 3574.0
4337.0 4469.0
2591.0 482.0
2380.0 1436.0
3191.0 4221.0
915.0 2796.0
280.0 1656.0
3047.0 4477.0
2194.0 333.0
3508.0 3618.0
1834.0 4477.0
4060.0 4406.0
1400.0 1470.0
1813.0 218.0
2429.0 1031.0
1567.0 1077.0
3774.0 4466.0
400.0 2703.0
1752.0 2777.0
3078.0 4344.0
2700.0 2870.0
3535.0 4483.0
2977.0 4139.0
850.0 1247.0
2001.0 809.0
2678.0 3657.0
484.0 776.0
2655.0 2497.0
2655.0 1499.0
4659.0 3207.0
2514.0 2699.0
3223.0 4063.0
4372.0 3020.0
3084.0 3208.0
1877.0 2528.0
4267.0 3444.0
426.0 4477.0
3018.0 4470.0
614.0 1158.0
3296.0 4020.0
3672.0 3296.0
2143.0 932.0
416.0 1802.0
4072.0 4020.0
3684.0 3349.0
549.0 2025.0
1684.0 2666.0
4237.0 4372.0
2962.0 3962.0
2835.0 112.0
2655.0 2833.0
190.0 454.0
2329.0 1685.0
3898.0 3109.0
3664.0 3656.0
2838.0 2214.0
483.0 1960.0
3422.0 3570.0
1369.0 1682.0
940.0 3811.0
3137.0 3869.0
4496.0 3872.0
3410.0 3587.0
3686.0 3040.0
4116.0 4477.0
746.0 954.0
4493.0 4010.0
3855.0 3388.0
251.0 2673.0
1931.0 2228.0
3853.0 4519.0
1900.0 846.0
4000.0 3860.0
3194.0 4409.0
1749.0 650.0
3443.0 3200.0
4406.0 4681.0
179.0 1468.0
3664.0 4042.0
3369.0 3685.0
2945.0 4143.0
2519.0 502.0
2591.0 2614.0
1551.0 706.0
1090.0 1580.0
2750.0 2769.0
4027.0 3196.0
3953.0 4477.0
411.0 220.0
3629.0 3989.0
3095.0 3272.0
3372.0 4560.0
4675.0 4444.0
2117.0 1855.0
524.0 2781.0
3878.0 3213.0
2443.0 1812.0
1762.0 277.0
137.0 2674.0
1555.0 1903.0
3776.0 3680.0
4181.0 4477.0
2122.0 62.0
965.0 1362.0
538.0 1332.0
3387.0 4101.0
3731.0 3014.0
3214.0 4365.0
1476.0 2078.0
1888.0 894.0
3122.0 3762.0
1356.0 306.0
4122.0 3538.0
3016.0 3798.0
2622.0 2095.0
48.0 2376.0
1834.0 2855.0
1629.0 2837.0
2145.0 2274.0
2021.0 87.0
806.0 482.0
3323.0 4568.0
2267.0 4477.0
2591.0 2011.0
2005.0 4477.0
1071.0 2661.0
2559.0 2235.0
583.0 395.0
522.0 402.0
4519.0 4584.0
3818.0 3035.0
2670.0 1149.0
395.0 1445.0
1354.0 4477.0
563.0 2705.0
1013.0 503.0
1405.0 2393.0
3983.0 4477.0
500.0 1105.0
395.0 1499.0
536.0 757.0
3510.0 3634.0
2219.0 1784.0
2117.0 2202.0
1124.0 1227.0
3587.0 4673.0
4259.0 4477.0
1750.0 2850.0
729.0 2225.0
2498.0 548.0
3008.0 3301.0
148.0 4477.0
3671.0 4085.0
12.0 944.0
4163.0 3725.0
2730.0 2405.0
3723.0 3570.0
1510.0 454.0
3522.0 4235.0
1037.0 1667.0
830.0 341.0
2306.0 2426.0
3501.0 3526.0
2665.0 2302.0
2831.0 3436.0
4589.0 4596.0
2986.0 4062.0
1875.0 2184.0
4302.0 4477.0
545.0 760.0
684.0 1575.0
4518.0 2997.0
3189.0 4599.0
1448.0 944.0
4227.0 3444.0
1066.0 1160.0
547.0 1903.0
881.0 1519.0
26.0 188.0
2981.0 4177.0
3536.0 4349.0
3538.0 4490.0
4448.0 3476.0
230.0 2680.0
1613.0 322.0
4366.0 4038.0
17.0 2165.0
1064.0 2717.0
571.0 2087.0
2819.0 1648.0
4627.0 3178.0
366.0 1632.0
2291.0 1155.0
4369.0 4449.0
3538.0 3124.0
1538.0 1470.0
1579.0 770.0
2983.0 3160.0
4407.0 4023.0
3868.0 4360.0
4668.0 3113.0
3027.0 4162.0
4424.0 4578.0
2602.0 2814.0
1552.0 3066.0
2872.0 1849.0
2994.0 3692.0
3039.0 4139.0
776.0 1617.0
1179.0 1692.0
3116.0 3178.0
578.0 2591.0
1536.0 1889.0
627.0 2543.0
1129.0 1413.0
4253.0 3771.0
2613.0 1617.0
1152.0 2109.0
1601.0 1776.0
1009.0 1922.0
3207.0 3440.0
4258.0 4510.0
4077.0 4381.0
3774.0 3693.0
3322.0 4520.0
3626.0 3711.0
3073.0 4066.0
1902.0 833.0
3754.0 4349.0
2920.0 3770.0
3127.0 3381.0
4312.0 3982.0
3425.0 3759.0
3706.0 3894.0
1372.0 1800.0
3352.0 4065.0
1264.0 4477.0
3779.0 4195.0
4102.0 4477.0
1129.0 2437.0
809.0 2206.0
2243.0 2481.0
1207.0 4477.0
311.0 1593.0
2149.0 2530.0
1919.0 3296.0
360.0 1340.0
3151.0 3397.0
2779.0 849.0
500.0 1006.0
1842.0 2902.0
4164.0 3508.0
3656.0 3597.0
1135.0 2772.0
3134.0 4427.0
2479.0 2362.0
2613.0 2432.0
4182.0 4477.0
4258.0 3084.0
1696.0 2674.0
1187.0 688.0
589.0 492.0
1959.0 153.0
3097.0 3312.0
1008.0 923.0
3144.0 4382.0
4068.0 4477.0
443.0 4477.0
1104.0 2423.0
3267.0 4495.0
880.0 895.0
1528.0 1962.0
461.0 1528.0
768.0 2604.0
3047.0 4049.0
1290.0 1946.0
102.0 151.0
100.0 2625.0
1104.0 338.0
3390.0 3667.0
78.0 2027.0
1971.0 2116.0
2858.0 4477.0
3943.0 3280.0
168.0 2563.0
2395.0 2892.0
4588.0 3002.0
2111.0 2732.0
2811.0 196.0
2939.0 4312.0
830.0 1784.0
1431.0 2723.0
3881.0 4477.0
1661.0 462.0
898.0 373.0
4657.0 3078.0
4064.0 3826.0
2668.0 619.0
2519.0 693.0
466.0 628.0
4397.0 4600.0
901.0 2137.0
4645.0 4393.0
1224.0 2301.0
791.0 874.0
2200.0 2274.0
770.0 2401.0
1549.0 1639.0
1549.0 2632.0
1582.0 1427.0
494.0 2872.0
4105.0 4354.0
1529.0 2377.0
4015.0 3637.0
530.0 2386.0
4394.0 3003.0
4047.0 3669.0
983.0 2070.0
2021.0 2765.0
783.0 4477.0
1311.0 338.0
1661.0 203.0
4648.0 3119.0
2200.0 2376.0
2144.0 104.0
1186.0 2647.0
593.0 2825.0
2631.0 1317.0
2371.0 48.0
2175.0 404.0
1086.0 2658.0
4471.0 3014.0
2703.0 97.0
1740.0 660.0
163.0 2087.0
3219.0 4282.0
2263.0 2314.0
222.0 387.0
3381.0 3782.0
3534.0 3560.0
3054.0 4307.0
365.0 425.0
3253.0 4185.0
1774.0 1885.0
446.0 1445.0
3489.0 4337.0
327.0 1608.0
2948.0 4664.0
2882.0 4477.0
4674.0 4152.0
3606.0 3859.0
702.0 1639.0
4218.0 3775.0
429.0 2454.0
2296.0 1531.0
97.0 1175.0
4201.0 4486.0
2382.0 2650.0
3001.0 3989.0
1702.0 1605.0
3756.0 3800.0
4119.0 3893.0
3626.0 4334.0
2126.0 574.0
126.0 2107.0
1300.0 2503.0
3391.0 4097.0
2783.0 2799.0
2605.0 2124.0
2008.0 1745.0
486.0 845.0
1701.0 2118.0
3637.0 4502.0
4017.0 4575.0
4207.0 3282.0
1416.0 2387.0
1403.0 1500.0
425.0 647.0
1474.0 439.0
44.0 539.0
339.0 1669.0
661.0 1854.0
513.0 1231.0
2254.0 232.0
729.0 2148.0
4360.0 2948.0
1417.0 2445.0
1099.0 1294.0
487.0 2027.0
2961.0 4400.0
827.0 981.0
1213.0 2417.0
15.0 3869.0
1840.0 2777.0
4629.0 4024.0
319.0 524.0
752.0 2162.0
347.0 2252.0
1796.0 502.0
1723.0 346.0
413.0 1946.0
2741.0 1903.0
3722.0 3052.0
1700.0 1591.0
1045.0 2431.0
247.0 944.0
3772.0 3764.0
3602.0 3584.0
636.0 567.0
3004.0 3191.0
4277.0 4213.0
3982.0 3409.0
4537.0 4020.0
3761.0 4477.0
729.0 937.0
1959.0 1980.0
4077.0 4322.0
1037.0 2316.0
2231.0 1503.0
1031.0 2809.0
2991.0 3855.0
1437.0 2501.0
1700.0 2439.0
3550.0 4200.0
2367.0 1646.0
3682.0 3865.0
2653.0 943.0
1624.0 2874.0
3818.0 2990.0
4554.0 4609.0
441.0 1518.0
1465.0 1865.0
3838.0 4250.0
4597.0 4547.0
196.0 2013.0
2021.0 1049.0
301.0 1910.0
3901.0 4020.0
1732.0 795.0
2927.0 2961.0
1809.0 4477.0
3631.0 4546.0
951.0 1531.0
3425.0 3735.0
4166.0 4438.0
251.0 1518.0
3080.0 3905.0
977.0 619.0
524.0 2105.0
812.0 2247.0
144.0 1462.0
164.0 4477.0
246.0 347.0
155.0 4020.0
2189.0 2773.0
3294.0 3309.0
3914.0 3377.0
1108.0 2038.0
980.0 1208.0
1952.0 2060.0
2981.0 3445.0
4265.0 4199.0
3754.0 4459.0
3630.0 3203.0
393.0 544.0
3039.0 4128.0
3810.0 3286.0
3993.0 4477.0
1833.0 2203.0
3192.0 4514.0
2562.0 1574.0
4585.0 4477.0
2523.0 2617.0
747.0 361.0
1926.0 4502.0
2565.0 469.0
3022.0 3119.0
2388.0 236.0
1357.0 1028.0
3830.0 4477.0
1600.0 1116.0
200.0 2625.0
948.0 660.0
685.0 1872.0
4386.0 3217.0
675.0 2366.0
381.0 2417.0
1744.0 1065.0
3033.0 4581.0
256.0 2145.0
4056.0 4188.0
1997.0 2091.0
2519.0 658.0
4186.0 3402.0
380.0 2750.0
2375.0 2347.0
312.0 501.0
1683.0 596.0
2302.0 2326.0
3421.0 4393.0
887.0 1668.0
479.0 1497.0
513.0 2427.0
3710.0 4173.0
2944.0 4477.0
4198.0 3362.0
3493.0 4682.0
510.0 2774.0
2010.0 2509.0
228.0 127.0
947.0 1900.0
1576.0 1842.0
616.0 830.0
3984.0 2972.0
585.0 1605.0
2015.0 2274.0
3352.0 3546.0
2876.0 2660.0
4431.0 4436.0
183.0 335.0
4486.0 3065.0
3236.0 3622.0
1542.0 943.0
2120.0 605.0
2851.0 1139.0
422.0 1675.0
1339.0 1704.0
1100.0 2064.0
1480.0 482.0
3959.0 4273.0
1404.0 1682.0
2866.0 653.0
3262.0 3982.0
4232.0 3011.0
1073.0 2577.0
425.0 2239.0
1013.0 1563.0
2958.0 3617.0
2652.0 4477.0
2197.0 1536.0
4471.0 3965.0
4653.0 4020.0
3232.0 3726.0
2829.0 1224.0
2656.0 2278.0
1624.0 2301.0
1038.0 4477.0
668.0 884.0
935.0 2149.0
168.0 1765.0
364.0 4477.0
3404.0 4502.0
1156.0 2673.0
3396.0 3798.0
4169.0 3707.0
914.0 2462.0
3396.0 4235.0
1632.0 2869.0
2793.0 2551.0
2912.0 4054.0
1956.0 2207.0
3755.0 3689.0
3134.0 4649.0
2739.0 1098.0
1059.0 201.0
2000.0 1604.0
2174.0 2786.0
2749.0 2877.0
2901.0 1049.0
668.0 1315.0
3859.0 4404.0
4291.0 3196.0
2218.0 2064.0
179.0 1263.0
3611.0 4477.0
2007.0 351.0
4226.0 3234.0
3027.0 3656.0
4151.0 4118.0
3033.0 2997.0
3626.0 4592.0
4030.0 3128.0
894.0 1054.0
1695.0 444.0
510.0 1906.0
2584.0 2524.0
344.0 940.0
13.0 1258.0
4564.0 737.0
4253.0 3194.0
801.0 1346.0
3846.0 3753.0
3290.0 4480.0
2296.0 2275.0
4564.0 3572.0
1283.0 330.0
639.0 225.0
2551.0 2524.0
1743.0 2515.0
1608.0 368.0
87.0 2205.0
1311.0 2814.0
2294.0 2855.0
4593.0 3214.0
2823.0 247.0
865.0 1330.0
1052.0 4477.0
1832.0 2462.0
1754.0 3693.0
2167.0 3804.0
4109.0 4635.0
3231.0 4553.0
2057.0 1088.0
2382.0 709.0
223.0 1081.0
3604.0 4032.0
4318.0 3409.0
3336.0 4477.0
3864.0 3528.0
1612.0 2575.0
2944.0 3108.0
3107.0 4599.0
3775.0 4251.0
2732.0 1028.0
2368.0 4477.0
892.0 1424.0
3231.0 3630.0
1198.0 1072.0
2178.0 1954.0
2200.0 1651.0
3701.0 3859.0
473.0 2461.0
3483.0 4312.0
1421.0 2100.0
1249.0 882.0
3253.0 3298.0
951.0 2670.0
2587.0 581.0
975.0 1299.0
2244.0 2332.0
600.0 1998.0
1701.0 2188.0
4597.0 3595.0
43.0 106.0
380.0 1393.0
4507.0 4020.0
401.0 2632.0
1230.0 2726.0
1971.0 2412.0
178.0 2768.0
300.0 349.0
2000.0 2165.0
3250.0 3650.0
4430.0 4208.0
4151.0 3335.0
1954.0 2580.0
2058.0 1255.0
1235.0 2049.0
1227.0 437.0
1946.0 2406.0
3311.0 4189.0
919.0 549.0
3950.0 3366.0
4589.0 4477.0
407.0 1662.0
4377.0 4020.0
504.0 1842.0
1369.0 467.0
1661.0 1542.0
1949.0 1066.0
1622.0 252.0
2557.0 2749.0
3807.0 3445.0
2691.0 609.0
1815.0 126.0
2439.0 957.0
1261.0 2471.0
727.0 2244.0
3304.0 4068.0
3484.0 3715.0
3640.0 4229.0
3499.0 3870.0
3779.0 3425.0
1536.0 2003.0
178.0 2655.0
3511.0 3853.0
1225.0 1980.0
3274.0 3534.0
4164.0 4490.0
3374.0 4210.0
938.0 2373.0
4421.0 4532.0
2395.0 2043.0
3125.0 2995.0
1268.0 565.0
3497.0 3549.0
2001.0 168.0
1190.0 2817.0
2717.0 351.0
323.0 2152.0
3437.0 3879.0
852.0 1988.0
4315.0 3196.0
972.0 1995.0
824.0 1040.0
1465.0 2673.0
388.0 648.0
2596.0 1591.0
403.0 2354.0
718.0 902.0
2296.0 2518.0
1446.0 2721.0
906.0 318.0
1624.0 2287.0
3281.0 4019.0
1162.0 1889.0
4381.0 4139.0
4418.0 4685.0
2831.0 4437.0
1437.0 1596.0
2262.0 825.0
2639.0 2628.0
1189.0 1770.0
17.0 428.0
2626.0 3043.0
3134.0 3170.0
2070.0 2155.0
3924.0 4460.0
421.0 728.0
3720.0 4666.0
2700.0 2496.0
3855.0 4617.0
3175.0 3348.0
974.0 2378.0
4378.0 4588.0
482.0 933.0
3633.0 3433.0
3716.0 3809.0
118.0 1267.0
4626.0 3568.0
1623.0 1280.0
4112.0 3839.0
123.0 2589.0
1435.0 2205.0
734.0 2729.0
2922.0 3440.0
1010.0 1003.0
3077.0 3442.0
4281.0 4310.0
2167.0 923.0
2144.0 1231.0
4291.0 4077.0
3377.0 4020.0
56.0 4477.0
1865.0 845.0
2332.0 2569.0
2610.0 2550.0
4373.0 3011.0
1988.0 2536.0
1749.0 1516.0
3304.0 4174.0
4247.0 4177.0
181.0 676.0
155.0 672.0
636.0 1180.0
4596.0 3234.0
2004.0 3188.0
3892.0 3921.0
3096.0 4607.0
3178.0 3999.0
1276.0 1827.0
3883.0 4064.0
2470.0 2790.0
671.0 1007.0
1069.0 2187.0
4170.0 3044.0
1118.0 454.0
2765.0 122.0
2327.0 4477.0
312.0 524.0
4016.0 4118.0
3955.0 4094.0
3258.0 3307.0
333.0 1492.0
36.0 1624.0
3948.0 4258.0
3906.0 4477.0
1134.0 126.0
1437.0 1084.0
632.0 2855.0
60.0 2351.0
4334.0 4502.0
1598.0 2296.0
4277.0 4018.0
3182.0 4245.0
321.0 926.0
1136.0 1790.0
3571.0 4020.0
267.0 2869.0
1455.0 1976.0
4042.0 4676.0
3250.0 3801.0
3760.0 4082.0
4050.0 4403.0
4164.0 4148.0
2492.0 2761.0
589.0 2028.0
1652.0 132.0
841.0 1187.0
4577.0 4029.0
4527.0 4213.0
2691.0 1918.0
923.0 2207.0
2198.0 4477.0
4531.0 3804.0
937.0 1262.0
100.0 2031.0
1201.0 1582.0
462.0 4477.0
1533.0 1606.0
1261.0 1793.0
1258.0 2027.0
3113.0 3649.0
3155.0 2089.0
1728.0 1726.0
354.0 1202.0
1877.0 898.0
110.0 4477.0
3047.0 4014.0
1416.0 2188.0
1408.0 1852.0
162.0 2214.0
2902.0 2814.0
4386.0 4191.0
3251.0 4379.0
571.0 619.0
4475.0 3553.0
3432.0 3234.0
4666.0 4139.0
3825.0 3359.0
2841.0 1540.0
1104.0 1066.0
3786.0 4271.0
1830.0 2873.0
3966.0 4678.0
3074.0 4450.0
3318.0 4107.0
327.0 2665.0
2379.0 1876.0
99.0 1704.0
693.0 2145.0
4635.0 4293.0
4467.0 4002.0
3232.0 3640.0
414.0 1858.0
142.0 2015.0
4246.0 4486.0
184.0 674.0
2995.0 4097.0
492.0 94.0
4373.0 4020.0
3531.0 3445.0
2790.0 2053.0
500.0 2889.0
2513.0 4477.0
2667.0 1134.0
1709.0 2817.0
3653.0 4065.0
3063.0 4274.0
364.0 1509.0
3162.0 3374.0
3497.0 4337.0
31.0 1823.0
2437.0 155.0
4079.0 4477.0
3506.0 4537.0
3262.0 4100.0
1450.0 943.0
2973.0 3950.0
2765.0 197.0
3077.0 3146.0
820.0 1237.0
4502.0 4647.0
1785.0 2899.0
2793.0 613.0
3456.0 3683.0
2039.0 2561.0
3969.0 4458.0
4562.0 4020.0
2746.0 1050.0
3990.0 4139.0
3887.0 3872.0
3616.0 4367.0
2928.0 4029.0
2995.0 3404.0
2035.0 2883.0
682.0 1914.0
4054.0 3127.0
1446.0 1864.0
1881.0 2482.0
3451.0 3582.0
1708.0 1741.0
1662.0 1081.0
2527.0 4458.0
3837.0 4117.0
729.0 2491.0
3322.0 4547.0
359.0 179.0
3253.0 4182.0
3838.0 4294.0
4531.0 3573.0
3275.0 4477.0
1449.0 2057.0
61.0 1326.0
3497.0 3375.0
4381.0 3806.0
4053.0 3498.0
1791.0 1653.0
782.0 271.0
3740.0 4477.0
1538.0 2428.0
3782.0 4095.0
3741.0 4475.0
2659.0 716.0
3808.0 4477.0
3666.0 3380.0
3862.0 3547.0
3077.0 3654.0
2184.0 1492.0
2924.0 4361.0
2558.0 585.0
4668.0 4267.0
1924.0 4020.0
4391.0 4094.0
3033.0 3062.0
875.0 2873.0
256.0 2376.0
1057.0 4020.0
2049.0 2253.0
3016.0 4262.0
153.0 591.0
1848.0 2270.0
3145.0 4229.0
695.0 423.0
2514.0 709.0
766.0 235.0
3143.0 4502.0
415.0 839.0
4608.0 3492.0
4027.0 3187.0
1306.0 1788.0
1624.0 2332.0
2363.0 1555.0
3889.0 4351.0
2284.0 2823.0
1778.0 2703.0
324.0 2546.0
1153.0 1518.0
2514.0 2043.0
116.0 1243.0
1007.0 1077.0
493.0 1961.0
152.0 2727.0
850.0 1862.0
3660.0 3429.0
3978.0 3309.0
3938.0 4081.0
4131.0 4471.0
2018.0 1489.0
512.0 2408.0
4335.0 4188.0
2612.0 2591.0
1398.0 2084.0
2434.0 719.0
2298.0 96.0
4262.0 4206.0
1952.0 253.0
1268.0 232.0
4461.0 3572.0
278.0 349.0
2398.0 1238.0
504.0 671.0
1308.0 2513.0
3369.0 3829.0
1210.0 377.0
1524.0 2025.0
972.0 1923.0
2379.0 2316.0
3655.0 3945.0
1394.0 176.0
2557.0 502.0
772.0 1129.0
1473.0 2680.0
3666.0 3087.0
1525.0 902.0
2703.0 2585.0
898.0 4477.0
1560.0 2382.0
3576.0 3444.0
1604.0 1518.0
1910.0 4477.0
2033.0 650.0
2554.0 707.0
4550.0 3774.0
819.0 761.0
3427.0 4530.0
3175.0 2951.0
1127.0 495.0
3489.0 4129.0
458.0 1362.0
3634.0 4479.0
2572.0 1889.0
3772.0 4656.0
1380.0 1482.0
3690.0 3531.0
3500.0 4461.0
2616.0 2805.0
2890.0 1516.0
1568.0 121.0
3060.0 3568.0
3334.0 4448.0
4161.0 3504.0
3140.0 4430.0
2156.0 344.0
1023.0 1151.0
1764.0 2726.0
1881.0 2064.0
71.0 807.0
513.0 1644.0
1006.0 1905.0
741.0 898.0
419.0 1139.0
3099.0 4317.0
1437.0 2777.0
3079.0 3662.0
2988.0 3818.0
648.0 2386.0
1382.0 1994.0
4357.0 4181.0
1378.0 97.0
4306.0 3178.0
2850.0 318.0
4103.0 4347.0
3820.0 3972.0
2827.0 585.0
169.0 472.0
2732.0 853.0
1632.0 1770.0
2881.0 1268.0
3940.0 4415.0
2974.0 4096.0
3133.0 3932.0
3294.0 3348.0
2194.0 1382.0
782.0 2398.0
1775.0 1704.0
974.0 587.0
2212.0 2540.0
176.0 361.0
3670.0 4139.0
3222.0 3365.0
601.0 2451.0
3149.0 4337.0
4260.0 3636.0
258.0 1758.0
3265.0 3300.0
3939.0 4664.0
4259.0 4350.0
3116.0 4012.0
4344.0 4410.0
2600.0 2309.0
579.0 2281.0
4082.0 4611.0
214.0 1765.0
1213.0 2805.0
1490.0 2722.0
1366.0 1617.0
4396.0 3644.0
2535.0 1153.0
4411.0 3178.0
812.0 1470.0
173.0 650.0
2465.0 2660.0
4448.0 3857.0
1542.0 131.0
2046.0 2762.0
2930.0 4217.0
2789.0 1680.0
2215.0 932.0
2665.0 671.0
2300.0 2686.0
3425.0 4279.0
153.0 2279.0
3134.0 3808.0
4511.0 3663.0
2707.0 728.0
659.0 1309.0
3969.0 3190.0
2939.0 3587.0
955.0 943.0
575.0 1656.0
2076.0 1115.0
3492.0 3545.0
4396.0 4477.0
835.0 1028.0
2704.0 4477.0
271.0 1636.0
2551.0 2567.0
4389.0 4487.0
1170.0 619.0
44.0 249.0
1571.0 1745.0
311.0 1001.0
3046.0 3154.0
4486.0 3669.0
278.0 902.0
3598.0 3635.0
963.0 536.0
2531.0 4477.0
4567.0 3719.0
3113.0 3178.0
397.0 2081.0
671.0 2703.0
3023.0 4208.0
975.0 1378.0
3873.0 4349.0
4629.0 3645.0
1546.0 1064.0
4448.0 3610.0
2466.0 844.0
4339.0 4416.0
1423.0 1956.0
693.0 1541.0
1327.0 2830.0
681.0 1908.0
2484.0 2149.0
3274.0 3907.0
4306.0 4285.0
2687.0 1316.0
552.0 2904.0
1176.0 48.0
2021.0 650.0
3834.0 3849.0
1328.0 1745.0
1203.0 4477.0
1733.0 2811.0
1358.0 1980.0
2486.0 2292.0
4285.0 4041.0
127.0 2841.0
3678.0 1754.0
1086.0 3969.0
3028.0 4298.0
1212.0 43.0
4478.0 4590.0
4177.0 4020.0
2890.0 2317.0
2140.0 288.0
215.0 2028.0
807.0 1881.0
3747.0 4525.0
488.0 2769.0
3484.0 4360.0
4391.0 3161.0
3040.0 3851.0
1074.0 2313.0
3898.0 3014.0
72.0 1567.0
4122.0 4502.0
3226.0 4502.0
3757.0 3308.0
274.0 2825.0
326.0 824.0
1246.0 2165.0
4039.0 3013.0
299.0 1202.0
443.0 2027.0
4146.0 4681.0
2222.0 2297.0
251.0 1138.0
4120.0 3457.0
1168.0 1779.0
364.0 2777.0
2351.0 1799.0
73.0 636.0
4366.0 2994.0
1230.0 201.0
4529.0 4365.0
2312.0 626.0
1829.0 2257.0
3149.0 4014.0
1479.0 659.0
411.0 1602.0
2818.0 1335.0
2322.0 2868.0
3228.0 3234.0
3497.0 4051.0
1597.0 679.0
1211.0 1555.0
2725.0 1881.0
1639.0 2634.0
3029.0 4168.0
3297.0 4477.0
4360.0 4351.0
2834.0 510.0
4416.0 3443.0
4635.0 3607.0
2568.0 2467.0
287.0 1409.0
4141.0 4637.0
2938.0 4031.0
2914.0 3245.0
3072.0 3005.0
3033.0 3141.0
1544.0 2150.0
3886.0 3086.0
3631.0 3173.0
1743.0 2048.0
1733.0 1485.0
3022.0 3389.0
260.0 1945.0
44.0 2103.0
3053.0 4156.0
2994.0 4038.0
911.0 990.0
1841.0 1704.0
1610.0 1636.0
3722.0 4208.0
3664.0 3477.0
4614.0 3038.0
1680.0 1617.0
503.0 2774.0
3153.0 3979.0
840.0 2346.0
153.0 2573.0
4635.0 3526.0
1262.0 2591.0
1856.0 2335.0
3553.0 4574.0
3455.0 3878.0
222.0 4477.0
1814.0 2334.0
1651.0 2317.0
3065.0 4129.0
965.0 1339.0
3136.0 3280.0
4065.0 3374.0
2747.0 839.0
2843.0 1026.0
3926.0 3637.0
3758.0 4477.0
921.0 2561.0
3264.0 3442.0
234.0 4477.0
1559.0 2846.0
1582.0 390.0
3399.0 4487.0
2725.0 2064.0
3210.0 3526.0
3189.0 4139.0
3986.0 4020.0
2163.0 1517.0
3975.0 3342.0
621.0 1846.0
2145.0 2043.0
4347.0 4652.0
1639.0 2040.0
334.0 2142.0
3625.0 2990.0
259.0 2874.0
2760.0 1450.0
2179.0 2403.0
4120.0 4460.0
969.0 1055.0
724.0 1890.0
2852.0 710.0
648.0 2270.0
3497.0 4430.0
179.0 1206.0
633.0 2052.0
3876.0 3581.0
1539.0 2762.0
341.0 1324.0
531.0 769.0
3475.0 4028.0
2657.0 1394.0
3710.0 3170.0
938.0 4477.0
1342.0 4477.0
833.0 1669.0
794.0 2157.0
3712.0 4242.0
3582.0 3039.0
374.0 2453.0
1480.0 2707.0
806.0 2713.0
2985.0 3850.0
123.0 465.0
729.0 2044.0
4163.0 3603.0
2916.0 4534.0
3149.0 4246.0
2447.0 1950.0
354.0 1297.0
3556.0 4538.0
3372.0 4369.0
892.0 1596.0
818.0 4477.0
218.0 1346.0
63.0 2076.0
3828.0 3446.0
261.0 2299.0
3595.0 3611.0
975.0 2777.0
4494.0 4020.0
1256.0 2524.0
4421.0 4057.0
2158.0 2897.0
1579.0 2358.0
3516.0 4112.0
3924.0 4376.0
2650.0 1429.0
536.0 2350.0
1472.0 1804.0
3634.0 4502.0
2415.0 2238.0
1842.0 2384.0
4671.0 3799.0
2492.0 1021.0
1401.0 2401.0
569.0 2696.0
996.0 1323.0
3505.0 3272.0
2144.0 2195.0
1453.0 458.0
1622.0 2550.0
571.0 2312.0
2830.0 2774.0
543.0 2524.0
1715.0 664.0
3041.0 4218.0
4625.0 3335.0
794.0 2492.0
4109.0 4673.0
3111.0 3301.0
1736.0 1088.0
2644.0 2809.0
2935.0 3696.0
4660.0 4477.0
3139.0 3691.0
3944.0 4139.0
4625.0 4245.0
3121.0 4425.0
304.0 4477.0
1289.0 2481.0
882.0 4477.0
2892.0 1436.0
122.0 93.0
4325.0 3809.0
306.0 2669.0
1070.0 2253.0
1517.0 1088.0
4255.0 3217.0
2194.0 121.0
2657.0 704.0
3237.0 3869.0
3519.0 4633.0
2549.0 2652.0
893.0 4020.0
1334.0 1057.0
48.0 1303.0
2292.0 1859.0
2953.0 3874.0
26.0 2138.0
2940.0 3428.0
1160.0 1153.0
2733.0 1743.0
3485.0 4563.0
2322.0 526.0
1968.0 2060.0
1350.0 2560.0
1086.0 1794.0
1039.0 2760.0
1819.0 4477.0
3677.0 4153.0
2526.0 2567.0
3672.0 4510.0
345.0 2774.0
656.0 1633.0
188.0 4477.0
375.0 155.0
1130.0 2814.0
3760.0 4445.0
4659.0 3570.0
1524.0 1876.0
4241.0 4199.0
4396.0 3962.0
2798.0 4477.0
3886.0 3170.0
1296.0 1572.0
504.0 1063.0
1164.0 2781.0
1902.0 2331.0
1453.0 965.0
1452.0 2673.0
2806.0 2399.0
2019.0 1229.0
523.0 431.0
11.0 44.0
2622.0 1502.0
2513.0 1743.0
3360.0 3806.0
4550.0 3592.0
1300.0 2314.0
1138.0 1153.0
382.0 1501.0
4248.0 4486.0
3566.0 3800.0
4636.0 4364.0
2559.0 2177.0
3590.0 3784.0
607.0 2462.0
1861.0 2125.0
1039.0 1582.0
2479.0 1934.0
1498.0 1952.0
1795.0 2534.0
814.0 929.0
3946.0 4287.0
819.0 2722.0
1906.0 1920.0
3257.0 3740.0
903.0 1003.0
1649.0 2814.0
677.0 1542.0
3335.0 3542.0
2325.0 2612.0
2163.0 1107.0
4148.0 3637.0
2387.0 911.0
2818.0 4477.0
4518.0 3655.0
2177.0 2105.0
1712.0 2010.0
455.0 1415.0
3187.0 3200.0
640.0 2778.0
2225.0 549.0
1295.0 865.0
2535.0 800.0
1042.0 1917.0
3375.0 4460.0
2905.0 2091.0
3561.0 3179.0
3456.0 3842.0
506.0 2504.0
3350.0 3618.0
410.0 328.0
2882.0 1121.0
4478.0 3704.0
2132.0 810.0
1826.0 2070.0
1965.0 2788.0
867.0 1224.0
2412.0 2551.0
2493.0 2655.0
4644.0 3375.0
185.0 2502.0
2456.0 1912.0
48.0 1773.0
1940.0 2167.0
177.0 945.0
3512.0 4037.0
55.0 1168.0
1633.0 2814.0
118.0 2547.0
4189.0 3179.0
1708.0 2367.0
1351.0 1501.0
2818.0 2386.0
248.0 2740.0
461.0 904.0
351.0 535.0
1984.0 420.0
2520.0 2677.0
2180.0 1478.0
3909.0 3866.0
1053.0 2900.0
863.0 2146.0
2473.0 1038.0
4520.0 4392.0
44.0 4477.0
129.0 1001.0
1130.0 1947.0
2681.0 1476.0
509.0 1529.0
1422.0 1710.0
900.0 1592.0
4268.0 4394.0
1039.0 869.0
1773.0 2708.0
725.0 2561.0
3226.0 4369.0
3217.0 3177.0
2774.0 1284.0
3413.0 4343.0
164.0 672.0
4252.0 4477.0
3253.0 4391.0
3047.0 3091.0
366.0 1624.0
3251.0 3528.0
461.0 2564.0
604.0 4477.0
4522.0 4295.0
3018.0 2970.0
2723.0 1470.0
3469.0 4477.0
3009.0 3189.0
3379.0 3634.0
3786.0 4367.0
114.0 366.0
3440.0 4393.0
1378.0 2824.0
3807.0 4604.0
2083.0 2273.0
4319.0 4458.0
817.0 4477.0
2752.0 2414.0
694.0 4477.0
137.0 2672.0
280.0 867.0
3513.0 3837.0
2351.0 1021.0
3956.0 4308.0
2312.0 2027.0
1342.0 2126.0
3872.0 4118.0
3309.0 4527.0
421.0 413.0
3953.0 4220.0
885.0 903.0
1143.0 858.0
2696.0 1765.0
307.0 1021.0
2958.0 3789.0
1382.0 1310.0
3838.0 3959.0
1306.0 578.0
3513.0 3174.0
2352.0 2609.0
749.0 1353.0
12.0 2558.0
69.0 1830.0
3113.0 3444.0
4452.0 3959.0
3923.0 3012.0
2743.0 502.0
2044.0 1876.0
1049.0 2205.0
3143.0 3208.0
2707.0 1946.0
2785.0 1685.0
1317.0 4477.0
4257.0 4394.0
4219.0 3993.0
2388.0 2359.0
3062.0 3473.0
338.0 675.0
947.0 980.0
3568.0 4634.0
582.0 671.0
1314.0 1452.0
2391.0 243.0
2911.0 3898.0
406.0 2742.0
1969.0 1965.0
3742.0 4152.0
1609.0 2039.0
3091.0 4049.0
408.0 1149.0
3504.0 3821.0
2441.0 2660.0
695.0 1231.0
833.0 2401.0
3504.0 4402.0
2094.0 757.0
1949.0 1743.0
1919.0 2811.0
4361.0 4094.0
860.0 2625.0
212.0 2448.0
267.0 977.0
3821.0 4317.0
1577.0 2836.0
1369.0 2870.0
1528.0 1304.0
888.0 1519.0
217.0 2472.0
1254.0 1567.0
3206.0 4655.0
1221.0 317.0
2692.0 2897.0
4448.0 3308.0
3165.0 3178.0
44.0 2316.0
4315.0 3457.0
3218.0 4288.0
387.0 547.0
2295.0 2042.0
1798.0 121.0
524.0 636.0
3251.0 3950.0
4576.0 3732.0
4091.0 4065.0
1532.0 2682.0
2391.0 4477.0
4255.0 4220.0
3016.0 3215.0
1395.0 262.0
2065.0 4020.0
1348.0 2565.0
3208.0 3388.0
2582.0 1088.0
2601.0 1779.0
4248.0 3808.0
1597.0 2489.0
3822.0 3036.0
190.0 4477.0
4400.0 3014.0
1904.0 1377.0
818.0 1889.0
257.0 2295.0
2786.0 619.0
1739.0 485.0
3536.0 3282.0
2611.0 1654.0
2540.0 903.0
148.0 2613.0
917.0 1133.0
3185.0 3848.0
4145.0 3222.0
1036.0 1346.0
312.0 2105.0
1775.0 2517.0
38.0 808.0
172.0 2314.0
3560.0 4681.0
1522.0 2703.0
3991.0 4477.0
1509.0 2877.0
644.0 2805.0
243.0 2726.0
2662.0 2763.0
3506.0 3377.0
384.0 650.0
526.0 529.0
3389.0 3490.0
141.0 827.0
3263.0 4177.0
1933.0 179.0
1556.0 2682.0
733.0 943.0
81.0 4477.0
3490.0 3528.0
1118.0 2326.0
461.0 2604.0
1341.0 2307.0
922.0 2873.0
4445.0 4349.0
2433.0 609.0
1307.0 2384.0
3772.0 4096.0
198.0 513.0
2277.0 591.0
4039.0 3704.0
4069.0 4328.0
3620.0 4430.0
3408.0 4023.0
288.0 1821.0
3198.0 3550.0
196.0 1593.0
1760.0 774.0
4310.0 4029.0
4407.0 3917.0
2196.0 1175.0
1598.0 1165.0
3811.0 3992.0
3459.0 3981.0
1013.0 345.0
3285.0 4452.0
259.0 2548.0
3859.0 4341.0
2845.0 1572.0
2459.0 2819.0
2138.0 1470.0
1921.0 1140.0
3736.0 3769.0
3391.0 3850.0
931.0 2351.0
4040.0 4020.0
3050.0 4477.0
2513.0 1077.0
4336.0 4477.0
3889.0 4420.0
4358.0 4171.0
4412.0 3959.0
1247.0 2401.0
975.0 2378.0
3665.0 3178.0
3154.0 3530.0
700.0 502.0
2325.0 1269.0
4653.0 3025.0
3640.0 4477.0
4618.0 4020.0
1084.0 2184.0
48.0 879.0
2085.0 2500.0
1126.0 1754.0
4253.0 4094.0
2173.0 2519.0
3468.0 4477.0
1518.0 1377.0
3446.0 3500.0
438.0 3245.0
3408.0 3893.0
3634.0 3001.0
2972.0 3692.0
2634.0 333.0
1181.0 2238.0
3085.0 4077.0
2949.0 4397.0
1609.0 2204.0
4588.0 4139.0
261.0 1980.0
3396.0 3611.0
3951.0 4001.0
2310.0 383.0
286.0 2676.0
547.0 812.0
3198.0 3165.0
4240.0 4134.0
1406.0 1894.0
71.0 688.0
649.0 180.0
1456.0 1887.0
3756.0 4477.0
2927.0 3523.0
207.0 581.0
823.0 947.0
2929.0 3721.0
4008.0 4615.0
3717.0 4290.0
1925.0 1566.0
3550.0 3091.0
1334.0 1954.0
3366.0 3904.0
739.0 1257.0
10.0 360.0
1399.0 2391.0
3382.0 4101.0
1256.0 2563.0
1921.0 678.0
295.0 928.0
1896.0 4477.0
3560.0 4148.0
236.0 2263.0
2246.0 2446.0
2318.0 690.0
291.0 2817.0
75.0 2730.0
399.0 2119.0
628.0 2712.0
2975.0 3348.0
3028.0 2990.0
704.0 1015.0
3534.0 3611.0
3536.0 3754.0
4148.0 4191.0
4476.0 2988.0
3012.0 4568.0
2273.0 2582.0
2298.0 4477.0
2313.0 1128.0
208.0 574.0
349.0 2674.0
4193.0 3465.0
3118.0 4477.0
2549.0 2031.0
3370.0 4094.0
313.0 1764.0
3226.0 4666.0
344.0 1888.0
3253.0 4256.0
1608.0 2777.0
2752.0 2405.0
144.0 187.0
1487.0 1872.0
1542.0 361.0
546.0 2160.0
3836.0 4165.0
1508.0 2524.0
753.0 1937.0
2976.0 3230.0
132.0 2726.0
4500.0 4020.0
4401.0 3213.0
2578.0 720.0
3292.0 4024.0
1339.0 2774.0
3288.0 3337.0
4429.0 3449.0
1802.0 1284.0
3269.0 3989.0
947.0 1168.0
990.0 810.0
226.0 2115.0
3058.0 3435.0
3242.0 4514.0
161.0 576.0
1941.0 2485.0
1567.0 2585.0
4284.0 4020.0
4010.0 4358.0
3398.0 3400.0
306.0 2372.0
47.0 2777.0
2273.0 1664.0
1014.0 1318.0
303.0 1177.0
4067.0 3769.0
1147.0 1605.0
2035.0 2565.0
4411.0 4480.0
118.0 2875.0
3793.0 4477.0
2709.0 931.0
3285.0 4263.0
2021.0 2317.0
1841.0 1485.0
1493.0 721.0
3206.0 4175.0
3617.0 4477.0
2360.0 2780.0
1560.0 2457.0
1939.0 541.0
1326.0 1372.0
770.0 1653.0
1158.0 2368.0
3502.0 3696.0
4430.0 3277.0
2010.0 2134.0
3116.0 4438.0
1529.0 381.0
4449.0 4502.0
2090.0 2774.0
1277.0 1521.0
2015.0 2039.0
2237.0 1954.0
4579.0 3200.0
1260.0 2884.0
4120.0 3940.0
2130.0 738.0
4416.0 2977.0
3067.0 3605.0
2042.0 4477.0
4049.0 3052.0
514.0 2064.0
1214.0 764.0
3493.0 3855.0
554.0 655.0
1407.0 2381.0
4622.0 4567.0
4337.0 4261.0
4001.0 3840.0
4156.0 3764.0
390.0 2645.0
1403.0 2761.0
2932.0 4101.0
99.0 1412.0
2984.0 4430.0
1375.0 1470.0
1068.0 1231.0
1279.0 1318.0
1328.0 2700.0
1171.0 454.0
3357.0 4465.0
3449.0 3968.0
4476.0 3035.0
1719.0 1088.0
610.0 965.0
2375.0 619.0
3245.0 4450.0
4650.0 4347.0
3484.0 3927.0
2433.0 361.0
49.0 2604.0
2143.0 2619.0
4053.0 4209.0
1064.0 585.0
3912.0 4187.0
4503.0 4405.0
3189.0 4438.0
4271.0 3904.0
3109.0 3653.0
220.0 3029.0
3305.0 4186.0
2360.0 1363.0
3021.0 3570.0
304.0 1989.0
1430.0 219.0
3162.0 3424.0
1921.0 2725.0
852.0 1557.0
4104.0 3652.0
3442.0 3860.0
2037.0 1107.0
1647.0 4477.0
1567.0 1609.0
3455.0 4488.0
3919.0 4502.0
2726.0 2146.0
2200.0 2557.0
936.0 2656.0
1025.0 1647.0
553.0 2627.0
938.0 2745.0
603.0 2338.0
410.0 2159.0
3994.0 4094.0
4315.0 3234.0
440.0 664.0
2924.0 3881.0
2523.0 1452.0
3450.0 4503.0
609.0 254.0
369.0 576.0
272.0 4654.0
632.0 1196.0
3842.0 4101.0
1833.0 1121.0
732.0 1815.0
117.0 2812.0
3165.0 3775.0
2444.0 1653.0
2978.0 4161.0
1802.0 1553.0
4560.0 3893.0
3322.0 3753.0
1629.0 485.0
504.0 2585.0
2036.0 1204.0
3723.0 3428.0
1207.0 2013.0
1666.0 1417.0
1069.0 1565.0
514.0 738.0
2371.0 1773.0
177.0 2516.0
2286.0 4020.0
4362.0 4285.0
3174.0 3444.0
967.0 2096.0
388.0 532.0
1862.0 1062.0
1511.0 4477.0
394.0 1143.0
2717.0 2830.0
4064.0 4477.0
2010.0 632.0
2083.0 548.0
3616.0 3926.0
3510.0 3878.0
472.0 1377.0
1914.0 1547.0
4133.0 4108.0
2830.0 351.0
426.0 435.0
4481.0 3962.0
2726.0 4477.0
1999.0 4477.0
870.0 566.0
2390.0 2664.0
2111.0 2569.0
3148.0 3214.0
4182.0 4455.0
3689.0 3216.0
3903.0 4477.0
730.0 932.0
1885.0 2158.0
2313.0 775.0
2078.0 1799.0
1571.0 1639.0
898.0 1804.0
1931.0 2491.0
594.0 2128.0
513.0 861.0
3493.0 3857.0
2736.0 4473.0
3005.0 4305.0
209.0 1852.0
1650.0 828.0
3700.0 4020.0
608.0 2447.0
3085.0 4294.0
3115.0 4558.0
257.0 1485.0
1586.0 2276.0
3762.0 4293.0
668.0 550.0
1485.0 1775.0
1878.0 2595.0
3253.0 3170.0
1582.0 2764.0
1749.0 2285.0
841.0 120.0
1700.0 2577.0
1436.0 502.0
759.0 2788.0
2517.0 1704.0
3181.0 3940.0
654.0 1236.0
3840.0 4177.0
776.0 930.0
3439.0 4231.0
3418.0 4650.0
181.0 281.0
1310.0 2762.0
100.0 1356.0
1364.0 1895.0
588.0 1253.0
1444.0 1427.0
2332.0 1799.0
3918.0 4058.0
4442.0 4477.0
846.0 2210.0
3815.0 4002.0
437.0 2497.0
1698.0 482.0
4588.0 3292.0
2391.0 2479.0
1328.0 1571.0
4028.0 4261.0
163.0 2516.0
461.0 2178.0
1828.0 1843.0
3874.0 4547.0
1802.0 503.0
4657.0 4426.0
384.0 398.0
2559.0 1830.0
1256.0 1605.0
2202.0 108.0
55.0 243.0
1353.0 93.0
1869.0 1081.0
688.0 2677.0
503.0 2436.0
1850.0 2866.0
2981.0 3082.0
1415.0 2124.0
2932.0 4469.0
289.0 1566.0
3720.0 3989.0
594.0 2841.0
179.0 929.0
1700.0 2576.0
3520.0 4579.0
146.0 392.0
92.0 1966.0
1472.0 1383.0
850.0 979.0
306.0 2302.0
1125.0 2325.0
365.0 2138.0
891.0 4477.0
204.0 2182.0
2588.0 849.0
1356.0 2659.0
3155.0 3572.0
1172.0 48.0
2851.0 2270.0
3366.0 3157.0
596.0 2447.0
2308.0 1208.0
2854.0 2602.0
4267.0 3456.0
3348.0 4161.0
3085.0 4300.0
2173.0 2317.0
3526.0 3632.0
1135.0 2316.0
3273.0 4020.0
4029.0 4118.0
1340.0 2417.0
3171.0 4477.0
514.0 1881.0
1642.0 4020.0
2329.0 2027.0
1222.0 1533.0
354.0 2378.0
3598.0 3284.0
224.0 2155.0
3226.0 3720.0
1260.0 1486.0
2447.0 1232.0
1478.0 2238.0
3403.0 3176.0
96.0 641.0
1359.0 1846.0
146.0 667.0
3467.0 4108.0
3846.0 3409.0
741.0 1877.0
4291.0 3324.0
3748.0 3445.0
1905.0 2518.0
445.0 215.0
297.0 1786.0
1348.0 1377.0
3309.0 3194.0
2114.0 2301.0
535.0 581.0
4496.0 3232.0
1662.0 1840.0
4528.0 4393.0
204.0 1972.0
646.0 2098.0
1353.0 2731.0
3364.0 4216.0
3143.0 3622.0
133.0 1760.0
4327.0 4352.0
3004.0 3574.0
2994.0 4685.0
4109.0 4475.0
2258.0 2803.0
339.0 974.0
3163.0 3404.0
152.0 2805.0
1881.0 4477.0
1106.0 2857.0
2687.0 2517.0
3673.0 3976.0
3301.0 4274.0
425.0 2120.0
1743.0 4477.0
2591.0 1385.0
3028.0 3487.0
3505.0 4421.0
2034.0 4477.0
732.0 2284.0
3685.0 4230.0
191.0 1657.0
2965.0 3002.0
1392.0 1808.0
2850.0 2645.0
3491.0 3808.0
1417.0 502.0
2901.0 304.0
1129.0 672.0
2781.0 2105.0
2770.0 828.0
3091.0 3178.0
2718.0 4477.0
194.0 2071.0
1075.0 57.0
2045.0 2774.0
914.0 4477.0
274.0 2401.0
4528.0 4533.0
1413.0 250.0
3366.0 3528.0
192.0 4020.0
3181.0 4477.0
3468.0 4217.0
2969.0 4020.0
396.0 1153.0
2931.0 4640.0
1434.0 2729.0
348.0 2855.0
866.0 1891.0
2441.0 2479.0
3033.0 4494.0
1180.0 865.0
1836.0 713.0
724.0 4477.0
1811.0 2884.0
2334.0 1475.0
1840.0 4477.0
73.0 4477.0
4235.0 4243.0
2043.0 2347.0
1624.0 2884.0
4443.0 3017.0
2662.0 2295.0
1312.0 437.0
155.0 1756.0
2553.0 62.0
3267.0 3665.0
673.0 1889.0
3170.0 3086.0
2217.0 1346.0
1655.0 2674.0
3736.0 4477.0
3731.0 4210.0
4046.0 3792.0
347.0 1812.0
3488.0 3847.0
980.0 1934.0
1006.0 1619.0
2665.0 48.0
1803.0 800.0
558.0 292.0
771.0 4477.0
526.0 1206.0
3386.0 3888.0
3116.0 4291.0
896.0 982.0
4098.0 3528.0
3195.0 3229.0
524.0 867.0
1159.0 2287.0
4243.0 4502.0
3907.0 4243.0
1620.0 2409.0
3492.0 3429.0
4683.0 4477.0
1003.0 1963.0
3332.0 4514.0
510.0 1013.0
72.0 1884.0
3288.0 4477.0
3447.0 3910.0
3297.0 3196.0
1629.0 1088.0
3982.0 3637.0
2516.0 2087.0
334.0 2554.0
1437.0 2039.0
2197.0 949.0
3578.0 4340.0
973.0 1959.0
4252.0 3839.0
4320.0 3495.0
4669.0 3538.0
2659.0 465.0
946.0 1269.0
564.0 1740.0
3874.0 4053.0
1661.0 1607.0
3899.0 4144.0
3672.0 4504.0
4668.0 4460.0
1147.0 2681.0
355.0 2904.0
3981.0 4208.0
645.0 557.0
876.0 1112.0
3093.0 3170.0
3329.0 3044.0
869.0 1033.0
313.0 502.0
1328.0 2271.0
4538.0 3962.0
4238.0 4483.0
3422.0 3585.0
796.0 2527.0
4612.0 4049.0
1420.0 2126.0
609.0 2386.0
3809.0 4444.0
4465.0 3886.0
110.0 1397.0
1071.0 502.0
1751.0 1484.0
187.0 413.0
1297.0 2814.0
1191.0 1383.0
1442.0 1470.0
442.0 630.0
3843.0 3385.0
1104.0 2801.0
1064.0 153.0
34.0 2409.0
1009.0 2487.0
2325.0 2025.0
2076.0 1883.0
924.0 1846.0
2733.0 2048.0
3347.0 3286.0
3838.0 3132.0
25.0 2309.0
3725.0 4676.0
1216.0 2873.0
3457.0 3132.0
4285.0 3065.0
2623.0 2823.0
4519.0 3217.0
4478.0 3795.0
2546.0 2802.0
3001.0 3606.0
1108.0 898.0
4248.0 4495.0
576.0 1862.0
3858.0 4096.0
1420.0 2479.0
1928.0 2123.0
1437.0 1541.0
393.0 1299.0
3483.0 3858.0
2265.0 2180.0
3211.0 4045.0
157.0 3431.0
4584.0 4312.0
1870.0 722.0
3681.0 4027.0
3702.0 3784.0
4454.0 4020.0
55.0 2171.0
1413.0 475.0
898.0 977.0
60.0 217.0
2564.0 2552.0
2186.0 2563.0
433.0 2382.0
2843.0 2482.0
1154.0 116.0
1194.0 2450.0
2995.0 3340.0
3009.0 4627.0
905.0 1265.0
1014.0 1322.0
2310.0 1038.0
526.0 1365.0
3134.0 3064.0
474.0 1660.0
1847.0 2521.0
1025.0 4477.0
1732.0 731.0
3505.0 4468.0
3505.0 3389.0
1298.0 2272.0
743.0 1547.0
3084.0 4477.0
2632.0 2027.0
3560.0 4271.0
3161.0 4361.0
392.0 4477.0
1063.0 2074.0
771.0 2074.0
2031.0 1071.0
777.0 1697.0
3496.0 3659.0
2999.0 3412.0
2740.0 4477.0
1619.0 1635.0
2650.0 1486.0
1299.0 1743.0
1417.0 2368.0
4290.0 3621.0
1195.0 1967.0
2817.0 2883.0
1795.0 1602.0
4539.0 3630.0
3358.0 3300.0
563.0 1142.0
790.0 1088.0
2881.0 1106.0
1786.0 2268.0
919.0 2325.0
4118.0 4293.0
2012.0 413.0
512.0 314.0
772.0 2747.0
3738.0 3232.0
3652.0 4535.0
413.0 2003.0
403.0 822.0
169.0 454.0
1279.0 613.0
3529.0 3348.0
2979.0 4477.0
2129.0 1617.0
4053.0 4033.0
168.0 543.0
4530.0 4532.0
1942.0 249.0
2449.0 1407.0
4186.0 4274.0
2850.0 1139.0
277.0 266.0
2777.0 1171.0
1656.0 1353.0
443.0 665.0
2820.0 1114.0
4076.0 4300.0
751.0 2722.0
355.0 1572.0
3935.0 4564.0
1149.0 1474.0
3184.0 3792.0
2721.0 4477.0
4475.0 4033.0
3246.0 4679.0
1140.0 2064.0
3389.0 3785.0
1063.0 1773.0
2270.0 1470.0
4498.0 4592.0
102.0 116.0
4247.0 3445.0
3100.0 3904.0
4037.0 3182.0
2566.0 1377.0
2106.0 2382.0
55.0 279.0
1819.0 1895.0
1267.0 2446.0
1258.0 2526.0
974.0 2220.0
948.0 1138.0
318.0 701.0
2506.0 361.0
989.0 799.0
3528.0 3196.0
1263.0 1855.0
3592.0 4674.0
571.0 2611.0
1082.0 4477.0
3806.0 4610.0
291.0 1577.0
3260.0 3941.0
1600.0 2736.0
1089.0 869.0
1398.0 2271.0
3717.0 4463.0
2551.0 581.0
2351.0 1780.0
1116.0 2619.0
4006.0 3217.0
4389.0 3588.0
2957.0 3350.0
2858.0 902.0
3600.0 3764.0
648.0 532.0
3014.0 3855.0
3534.0 4037.0
520.0 2309.0
2891.0 517.0
550.0 865.0
1075.0 344.0
1581.0 1638.0
3389.0 3950.0
3439.0 3217.0
459.0 566.0
12.0 973.0
2957.0 4095.0
73.0 511.0
527.0 2135.0
3592.0 4458.0
1039.0 1833.0
1968.0 2674.0
4365.0 3255.0
360.0 674.0
2963.0 4659.0
4001.0 4345.0
1565.0 1642.0
998.0 2268.0
1597.0 1871.0
1601.0 737.0
2343.0 2651.0
2098.0 1333.0
248.0 2210.0
3160.0 3329.0
2829.0 501.0
382.0 2280.0
3710.0 4534.0
12.0 1959.0
1776.0 2833.0
3187.0 3324.0
1983.0 1133.0
1143.0 1278.0
3874.0 4209.0
683.0 2857.0
3229.0 3803.0
475.0 2163.0
601.0 2363.0
2364.0 4477.0
518.0 2568.0
1941.0 2191.0
80.0 2261.0
813.0 1115.0
884.0 4477.0
2967.0 3230.0
3561.0 4375.0
1285.0 1529.0
153.0 1702.0
244.0 2653.0
313.0 1935.0
1730.0 1121.0
713.0 4020.0
1958.0 2669.0
3665.0 3277.0
1399.0 2739.0
3524.0 4597.0
153.0 1501.0
1673.0 2313.0
1226.0 2651.0
4610.0 4477.0
1752.0 1884.0
1744.0 2863.0
2085.0 385.0
4262.0 4125.0
275.0 667.0
2093.0 4477.0
4029.0 4477.0
2533.0 1881.0
3199.0 3132.0
4068.0 4159.0
4386.0 4282.0
4254.0 4349.0
3679.0 3528.0
2972.0 3630.0
3055.0 4604.0
2926.0 4058.0
1766.0 2742.0
4060.0 4341.0
314.0 4477.0
3023.0 3673.0
4369.0 3381.0
955.0 2664.0
2664.0 2253.0
3097.0 3492.0
3923.0 3406.0
1888.0 469.0
2145.0 1310.0
2203.0 1121.0
946.0 2035.0
1472.0 4477.0
1783.0 1015.0
3539.0 4477.0
2075.0 2516.0
364.0 2465.0
3179.0 3296.0
1083.0 2776.0
1254.0 2458.0
984.0 472.0
3346.0 4382.0
468.0 2277.0
2446.0 44.0
1766.0 2275.0
741.0 1745.0
27.0 568.0
601.0 1267.0
445.0 2280.0
1433.0 943.0
1250.0 1764.0
3491.0 4456.0
1715.0 3368.0
2278.0 318.0
2739.0 1208.0
568.0 2645.0
710.0 2317.0
620.0 869.0
4262.0 4502.0
245.0 2896.0
1013.0 2128.0
4198.0 3821.0
1180.0 1745.0
3611.0 3904.0
338.0 1842.0
379.0 2692.0
1928.0 3059.0
3273.0 3547.0
3521.0 3547.0
2467.0 2639.0
4345.0 4568.0
2908.0 4502.0
1110.0 2682.0
4569.0 4477.0
93.0 1435.0
4232.0 4020.0
1211.0 1873.0
3348.0 3842.0
1359.0 1919.0
931.0 1812.0
4493.0 3981.0
1266.0 2365.0
3622.0 3835.0
3448.0 3385.0
407.0 1171.0
3215.0 4530.0
2378.0 1946.0
2103.0 292.0
3967.0 4102.0
138.0 1409.0
4552.0 4057.0
3526.0 3933.0
3205.0 4020.0
2711.0 1470.0
310.0 2409.0
2653.0 1400.0
3859.0 3782.0
3095.0 3392.0
4496.0 4096.0
1949.0 726.0
388.0 814.0
2549.0 544.0
3191.0 4579.0
3223.0 3308.0
1006.0 1598.0
353.0 1704.0
1781.0 840.0
1035.0 1664.0
4039.0 3452.0
4031.0 4285.0
3495.0 3585.0
1855.0 2485.0
4268.0 2981.0
2918.0 3685.0
36.0 501.0
4290.0 4603.0
3318.0 4683.0
2691.0 2818.0
705.0 287.0
4470.0 3403.0
2484.0 454.0
233.0 44.0
4492.0 4477.0
2924.0 3170.0
3383.0 3454.0
1774.0 2676.0
4148.0 4502.0
719.0 1308.0
2530.0 2713.0
1786.0 560.0
487.0 2524.0
131.0 253.0
3803.0 4559.0
586.0 529.0
369.0 954.0
4268.0 3088.0
1811.0 1353.0
3639.0 4477.0
1363.0 2596.0
3905.0 4507.0
2532.0 2100.0
2879.0 1499.0
1795.0 820.0
1846.0 744.0
391.0 1189.0
1803.0 2854.0
974.0 4477.0
3022.0 4330.0
1086.0 2062.0
1662.0 2439.0
2953.0 3154.0
4022.0 3509.0
4497.0 3614.0
1918.0 2645.0
4128.0 3330.0
2393.0 2066.0
3671.0 3370.0
3723.0 4038.0
3246.0 3964.0
3611.0 3272.0
1546.0 2823.0
3842.0 4477.0
3455.0 4477.0
101.0 4477.0
3352.0 4655.0
10.0 62.0
1397.0 1642.0
3701.0 4502.0
32.0 1274.0
805.0 1727.0
3824.0 4341.0
172.0 186.0
4045.0 4477.0
1034.0 2774.0
1609.0 1687.0
344.0 1343.0
342.0 538.0
437.0 2013.0
2317.0 2474.0
3463.0 4516.0
3961.0 4315.0
679.0 2680.0
4012.0 3194.0
4577.0 3420.0
1195.0 2672.0
4249.0 4649.0
4268.0 3521.0
1864.0 165.0
2479.0 2842.0
3117.0 4085.0
429.0 966.0
593.0 1474.0
3091.0 4596.0
2184.0 1031.0
3180.0 3509.0
268.0 716.0
2533.0 2645.0
3969.0 3278.0
790.0 678.0
2582.0 164.0
177.0 2528.0
3455.0 4431.0
336.0 3245.0
48.0 1687.0
2596.0 4477.0
790.0 1100.0
3923.0 4549.0
4049.0 3509.0
4044.0 4047.0
1416.0 2845.0
181.0 2405.0
1802.0 637.0
476.0 4477.0
3731.0 3570.0
1383.0 2548.0
3410.0 3483.0
503.0 1553.0
3217.0 3351.0
3543.0 3614.0
4471.0 3477.0
2922.0 3495.0
2254.0 744.0
3352.0 4255.0
1427.0 4477.0
1042.0 1038.0
539.0 1888.0
4636.0 4280.0
1958.0 2302.0
1193.0 2749.0
2939.0 4336.0
4676.0 3603.0
4286.0 4477.0
2112.0 839.0
3112.0 3036.0
2917.0 4175.0
2419.0 4477.0
4106.0 4082.0
537.0 2064.0
1771.0 2399.0
2736.0 1233.0
1092.0 2428.0
1723.0 2639.0
1525.0 849.0
976.0 2162.0
4205.0 3492.0
3212.0 3613.0
1662.0 2824.0
4176.0 3282.0
3802.0 3840.0
1148.0 2775.0
1550.0 2861.0
852.0 1840.0
845.0 4477.0
48.0 2579.0
3448.0 3498.0
3719.0 4399.0
1598.0 2316.0
468.0 1340.0
3786.0 4468.0
1419.0 2863.0
1721.0 809.0
790.0 2064.0
2497.0 4195.0
3005.0 3312.0
4621.0 3208.0
194.0 229.0
1623.0 2053.0
571.0 2420.0
3043.0 3719.0
1744.0 2669.0
628.0 1464.0
2178.0 57.0
537.0 2771.0
4663.0 4094.0
89.0 1556.0
4057.0 4231.0
4557.0 3270.0
1808.0 1518.0
2355.0 1339.0
3574.0 4477.0
477.0 2658.0
4612.0 4226.0
3586.0 4020.0
2175.0 2860.0
1417.0 1437.0
1067.0 2664.0
4270.0 4244.0
1986.0 1470.0
1407.0 1021.0
1053.0 413.0
3448.0 3349.0
2501.0 87.0
1307.0 2354.0
3600.0 4177.0
2829.0 1571.0
1302.0 2115.0
4065.0 4673.0
3319.0 3377.0
2154.0 2091.0
11.0 34.0
2674.0 517.0
2890.0 710.0
1750.0 1952.0
2971.0 3851.0
1810.0 2401.0
1416.0 2361.0
2967.0 3655.0
2933.0 3528.0
156.0 1773.0
2179.0 1497.0
1935.0 2205.0
773.0 93.0
2725.0 2386.0
918.0 1754.0
1315.0 2204.0
382.0 1243.0
984.0 454.0
2984.0 3326.0
1704.0 2091.0
1991.0 172.0
2367.0 515.0
2561.0 2726.0
2303.0 1959.0
1004.0 2566.0
551.0 2439.0
2141.0 2286.0
726.0 454.0
3327.0 4477.0
606.0 2552.0
1221.0 431.0
1966.0 1534.0
3547.0 4081.0
2868.0 1647.0
3563.0 4486.0
1017.0 1889.0
2768.0 713.0
618.0 793.0
3793.0 4367.0
73.0 2781.0
422.0 1157.0
2497.0 3719.0
1548.0 1518.0
2305.0 2064.0
3543.0 4477.0
1891.0 2020.0
807.0 1067.0
3909.0 3718.0
727.0 2786.0
4098.0 3796.0
1078.0 928.0
416.0 2217.0
1546.0 856.0
175.0 658.0
92.0 1864.0
1323.0 2739.0
3484.0 4149.0
4049.0 4480.0
1582.0 419.0
1437.0 2291.0
4207.0 4393.0
1326.0 1800.0
1729.0 4477.0
3600.0 3947.0
2859.0 2012.0
1711.0 2634.0
2829.0 2027.0
1681.0 2193.0
3126.0 4020.0
934.0 4020.0
868.0 2056.0
1090.0 318.0
161.0 2296.0
4531.0 3212.0
3995.0 4381.0
926.0 2200.0
3055.0 3748.0
746.0 1991.0
3616.0 3589.0
3705.0 4077.0
1302.0 4477.0
1382.0 1685.0
2562.0 2687.0
500.0 951.0
718.0 517.0
1168.0 243.0
3338.0 4523.0
3716.0 4074.0
3181.0 3771.0
4207.0 3373.0
101.0 538.0
1555.0 2604.0
3793.0 3618.0
3843.0 4502.0
3981.0 3170.0
2200.0 2649.0
3252.0 4170.0
3313.0 3178.0
1239.0 2064.0
3894.0 4408.0
3767.0 3109.0
2851.0 241.0
4175.0 4209.0
1522.0 2698.0
3994.0 4477.0
2543.0 1865.0
3036.0 4404.0
2065.0 1852.0
1102.0 1105.0
884.0 2579.0
4195.0 4340.0
2607.0 318.0
1939.0 2691.0
525.0 236.0
1870.0 2749.0
2786.0 2806.0
428.0 1588.0
3136.0 4502.0
4464.0 4023.0
798.0 1437.0
4585.0 3465.0
1583.0 345.0
3290.0 4128.0
998.0 423.0
4392.0 3957.0
1787.0 2624.0
4195.0 3802.0
3262.0 3508.0
4376.0 4049.0
2495.0 1967.0
2421.0 2314.0
1264.0 1464.0
949.0 1663.0
3305.0 4210.0
467.0 1994.0
1281.0 1286.0
3528.0 4024.0
2510.0 1745.0
3553.0 4650.0
4103.0 4520.0
4664.0 3968.0
2525.0 1611.0
4675.0 3778.0
1531.0 2591.0
2659.0 400.0
4530.0 2999.0
819.0 404.0
3536.0 3421.0
629.0 2412.0
665.0 2280.0
3201.0 4410.0
190.0 587.0
1437.0 1560.0
2038.0 1770.0
1312.0 4020.0
1691.0 451.0
1357.0 502.0
640.0 2262.0
2933.0 3335.0
2814.0 933.0
4632.0 3968.0
2596.0 957.0
2317.0 4477.0
2933.0 4018.0
3808.0 4108.0
36.0 1639.0
19.0 1458.0
3930.0 4551.0
3383.0 4065.0
750.0 251.0
3741.0 4673.0
1914.0 2876.0
129.0 1920.0
1877.0 619.0
3286.0 3296.0
334.0 1937.0
3021.0 3325.0
1766.0 2900.0
3196.0 3806.0
2597.0 1784.0
474.0 2253.0
2548.0 2794.0
3288.0 4134.0
1158.0 1022.0
600.0 2079.0
2318.0 2873.0
2363.0 387.0
2326.0 454.0
2747.0 379.0
3017.0 3213.0
2953.0 4392.0
110.0 1211.0
1254.0 2039.0
2499.0 2641.0
2207.0 4232.0
2591.0 1229.0
93.0 1106.0
2625.0 798.0
3761.0 3423.0
2110.0 2478.0
1404.0 958.0
404.0 1015.0
1022.0 2201.0
4268.0 3306.0
2089.0 4319.0
3463.0 3132.0
1126.0 4477.0
452.0 822.0
1987.0 4477.0
412.0 1109.0
279.0 2601.0
4268.0 3005.0
4594.0 4667.0
4491.0 3965.0
1661.0 1139.0
2257.0 1470.0
2271.0 1393.0
4436.0 4446.0
1353.0 2312.0
1648.0 1213.0
1062.0 4477.0
168.0 1476.0
2847.0 2146.0
151.0 1837.0
3924.0 3457.0
2592.0 2658.0
2981.0 4029.0
2569.0 2873.0
1543.0 2377.0
3100.0 4477.0
2563.0 817.0
3253.0 3058.0
192.0 4477.0
113.0 2786.0
3054.0 4065.0
4472.0 4118.0
2727.0 2524.0
1023.0 1225.0
1827.0 1500.0
1612.0 889.0
1262.0 1943.0
603.0 898.0
3868.0 4020.0
2976.0 3156.0
808.0 1324.0
2357.0 928.0
3845.0 4290.0
2224.0 2353.0
1125.0 84.0
674.0 2687.0
3510.0 4498.0
852.0 1474.0
177.0 2786.0
511.0 2732.0
3138.0 4083.0
2195.0 2357.0
3580.0 4023.0
3448.0 4367.0
1939.0 1918.0
1058.0 2726.0
4016.0 4477.0
3645.0 4147.0
743.0 1529.0
748.0 1265.0
1581.0 2036.0
1047.0 1440.0
3665.0 3549.0
2365.0 2285.0
4266.0 4477.0
3748.0 4637.0
3972.0 4456.0
4601.0 4646.0
3509.0 4139.0
2313.0 1555.0
2255.0 976.0
1581.0 1667.0
4325.0 4477.0
1271.0 2482.0
980.0 1640.0
1340.0 1284.0
3252.0 4477.0
3929.0 4480.0
3008.0 3063.0
99.0 1801.0
4227.0 4477.0
788.0 2195.0
1110.0 2760.0
4421.0 3403.0
4627.0 4371.0
687.0 4477.0
4384.0 4074.0
4557.0 3156.0
3822.0 3784.0
192.0 2655.0
2571.0 153.0
3088.0 3136.0
1943.0 2451.0
1437.0 2529.0
953.0 188.0
419.0 1070.0
212.0 1349.0
4196.0 4270.0
1902.0 1889.0
1387.0 4477.0
477.0 2408.0
3335.0 3196.0
1474.0 2713.0
2994.0 2995.0
3784.0 4341.0
1904.0 1611.0
4389.0 3582.0
2456.0 2853.0
1684.0 1948.0
1353.0 2420.0
4465.0 4251.0
1326.0 585.0
2617.0 1653.0
1426.0 2634.0
591.0 1605.0
3526.0 4568.0
3924.0 3771.0
321.0 1609.0
827.0 2191.0
1127.0 1523.0
323.0 2748.0
3887.0 4141.0
2994.0 3351.0
312.0 1994.0
2197.0 4477.0
2402.0 2427.0
954.0 1638.0
4253.0 3842.0
3405.0 3780.0
3822.0 4407.0
1637.0 2664.0
2403.0 1889.0
1236.0 1943.0
2421.0 1889.0
2143.0 3969.0
4682.0 4441.0
64.0 2601.0
3979.0 3096.0
4008.0 3664.0
915.0 1600.0
1564.0 4020.0
2695.0 4477.0
2459.0 4477.0
2104.0 186.0
2550.0 1361.0
800.0 985.0
2956.0 3831.0
2510.0 4477.0
2785.0 1044.0
3812.0 4539.0
2568.0 1231.0
3152.0 4477.0
4339.0 3528.0
1942.0 2403.0
737.0 3699.0
4647.0 4477.0
1000.0 2841.0
1075.0 2791.0
283.0 1016.0
136.0 1033.0
973.0 944.0
3959.0 4381.0
1103.0 1824.0
1825.0 219.0
26.0 2446.0
950.0 1194.0
4123.0 4230.0
2658.0 905.0
944.0 1980.0
3598.0 4349.0
3678.0 4564.0
1024.0 1437.0
4544.0 3749.0
1334.0 1452.0
3048.0 3836.0
291.0 2036.0
2639.0 2367.0
2808.0 4477.0
3523.0 3498.0
1046.0 1730.0
270.0 1153.0
525.0 2401.0
62.0 1704.0
1674.0 667.0
1382.0 1745.0
125.0 1015.0
4195.0 4568.0
3259.0 4645.0
1041.0 1795.0
1224.0 2634.0
1970.0 4502.0
3116.0 3567.0
3394.0 3581.0
3602.0 4250.0
2661.0 243.0
1770.0 1893.0
854.0 2545.0
2255.0 4477.0
3548.0 4020.0
314.0 1852.0
3720.0 4119.0
459.0 2158.0
1217.0 2563.0
2420.0 2726.0
1497.0 1377.0
362.0 1733.0
1921.0 2645.0
558.0 1314.0
374.0 2167.0
688.0 203.0
2881.0 279.0
387.0 2606.0
1424.0 2690.0
322.0 2809.0
4151.0 3381.0
3009.0 3196.0
118.0 2316.0
4166.0 3567.0
1710.0 1824.0
607.0 1503.0
750.0 1597.0
4596.0 4298.0
3434.0 4477.0
4295.0 4156.0
3084.0 4096.0
4010.0 3243.0
975.0 1743.0
561.0 813.0
1110.0 774.0
2006.0 2726.0
3045.0 4195.0
3267.0 4246.0
3466.0 4395.0
1472.0 2114.0
513.0 788.0
2665.0 1311.0
2364.0 2827.0
3887.0 3445.0
4378.0 4477.0
4668.0 4480.0
1246.0 2171.0
2916.0 4515.0
123.0 822.0
4436.0 4156.0
3538.0 3553.0
4042.0 4374.0
4530.0 3512.0
156.0 1176.0
1437.0 1522.0
112.0 1916.0
140.0 2873.0
977.0 1880.0
2870.0 2448.0
3903.0 3379.0
3776.0 4444.0
2102.0 4477.0
3975.0 4577.0
380.0 702.0
1835.0 2479.0
3148.0 4505.0
487.0 2417.0
1749.0 2852.0
1988.0 2713.0
2574.0 2627.0
334.0 2440.0
550.0 4477.0
1863.0 2287.0
3924.0 4487.0
2951.0 4022.0
3346.0 3065.0
3184.0 4020.0
552.0 1923.0
3116.0 4085.0
1639.0 2174.0
184.0 2687.0
4134.0 3337.0
772.0 2407.0
394.0 2417.0
1090.0 2278.0
3912.0 4502.0
2683.0 4477.0
793.0 1583.0
1083.0 1911.0
3334.0 4088.0
1507.0 1926.0
2811.0 353.0
908.0 626.0
44.0 687.0
3017.0 4633.0
952.0 2751.0
2246.0 2208.0
3796.0 2958.0
4044.0 4173.0
621.0 1141.0
3784.0 4514.0
3603.0 3597.0
1860.0 2720.0
1001.0 1346.0
1661.0 1490.0
3575.0 4611.0
1680.0 4477.0
4529.0 4593.0
3595.0 4605.0
3609.0 4085.0
3163.0 3853.0
268.0 2382.0
1404.0 2524.0
1736.0 367.0
3872.0 3179.0
49.0 812.0
175.0 1743.0
3701.0 3606.0
3738.0 4401.0
1431.0 1281.0
2057.0 2119.0
2471.0 882.0
2854.0 728.0
4376.0 3509.0
3873.0 4380.0
2047.0 1513.0
3438.0 4534.0
1205.0 331.0
2273.0 606.0
2820.0 2676.0
3834.0 3932.0
3987.0 3528.0
3564.0 4604.0
4479.0 4305.0
893.0 4437.0
2479.0 2281.0
1509.0 2204.0
3870.0 3486.0
4670.0 3272.0
479.0 2275.0
2824.0 2054.0
396.0 2733.0
2434.0 72.0
2763.0 2165.0
4257.0 4305.0
4092.0 4425.0
3149.0 4649.0
1767.0 2893.0
467.0 1170.0
3611.0 4134.0
1768.0 2469.0
2008.0 2809.0
693.0 502.0
4189.0 3445.0
2054.0 4477.0
1736.0 1333.0
489.0 1666.0
724.0 1081.0
482.0 4477.0
723.0 1289.0
99.0 4477.0
3822.0 4389.0
1334.0 1487.0
946.0 44.0
2713.0 2401.0
4526.0 3917.0
4299.0 3227.0
1798.0 619.0
3450.0 3775.0
4103.0 4477.0
1841.0 1339.0
2280.0 1395.0
2709.0 290.0
3784.0 4389.0
1304.0 4477.0
4001.0 4070.0
167.0 2263.0
2715.0 1274.0
2291.0 1541.0
42.0 2382.0
4310.0 3036.0
2220.0 2708.0
814.0 1710.0
2251.0 1934.0
688.0 2520.0
1363.0 2439.0
1334.0 2485.0
1905.0 2403.0
4106.0 4477.0
1526.0 737.0
3004.0 4416.0
2430.0 4477.0
2953.0 4053.0
2262.0 1021.0
3124.0 3154.0
3818.0 3931.0
1460.0 1740.0
2602.0 2003.0
147.0 2682.0
4169.0 4416.0
2572.0 2353.0
3535.0 3349.0
3648.0 4282.0
1009.0 446.0
1655.0 4477.0
1918.0 4477.0
668.0 650.0
3233.0 4008.0
1174.0 1285.0
3240.0 4477.0
3938.0 4525.0
4174.0 3433.0
859.0 214.0
4448.0 3888.0
980.0 996.0
175.0 2574.0
2145.0 2440.0
2365.0 1399.0
852.0 2054.0
2558.0 1505.0
4170.0 3394.0
1833.0 541.0
3297.0 4407.0
2551.0 1351.0
727.0 307.0
2760.0 241.0
3734.0 4568.0
4009.0 3216.0
3194.0 3990.0
2955.0 4194.0
3438.0 4047.0
3355.0 3266.0
3624.0 4132.0
1752.0 2372.0
1344.0 1663.0
1154.0 102.0
2725.0 2664.0
3629.0 4428.0
246.0 944.0
926.0 1651.0
661.0 1852.0
3026.0 3807.0
4493.0 4619.0
3189.0 3466.0
1460.0 1153.0
137.0 2885.0
4221.0 4464.0
3083.0 4349.0
3140.0 4352.0
2148.0 2379.0
4528.0 4210.0
2184.0 1349.0
1724.0 361.0
1394.0 2645.0
2284.0 2115.0
1319.0 2310.0
3217.0 4489.0
777.0 799.0
2948.0 4020.0
270.0 1466.0
2355.0 2774.0
3135.0 4118.0
3381.0 4652.0
3547.0 4162.0
254.0 1139.0
4179.0 3530.0
3215.0 3611.0
163.0 2184.0
3229.0 4633.0
661.0 4020.0
2511.0 287.0
2928.0 3001.0
786.0 2206.0
91.0 1410.0
1543.0 2279.0
447.0 2177.0
2120.0 4477.0
4099.0 3238.0
2142.0 4477.0
3108.0 3026.0
3760.0 3402.0
2158.0 1718.0
3777.0 4428.0
1880.0 2301.0
249.0 2110.0
3586.0 3770.0
601.0 2875.0
2927.0 3642.0
3220.0 4092.0
1205.0 2009.0
1136.0 1889.0
2156.0 2800.0
746.0 1306.0
547.0 442.0
887.0 2873.0
3519.0 4020.0
428.0 674.0
4213.0 3200.0
980.0 2601.0
3794.0 4519.0
2217.0 594.0
1935.0 1929.0
3738.0 4096.0
3806.0 3609.0
1588.0 2811.0
135.0 454.0
581.0 2774.0
350.0 1077.0
545.0 1996.0
500.0 4477.0
1767.0 1088.0
134.0 1142.0
3294.0 3529.0
2880.0 2013.0
3030.0 4065.0
581.0 971.0
4401.0 4069.0
803.0 2571.0
38.0 978.0
4052.0 3394.0
1359.0 1339.0
2995.0 4684.0
1635.0 4477.0
544.0 1063.0
3407.0 3540.0
677.0 1140.0
1764.0 243.0
1682.0 1382.0
3989.0 4341.0
2923.0 4139.0
1474.0 631.0
309.0 1220.0
2884.0 2420.0
439.0 1889.0
2845.0 1003.0
251.0 1653.0
588.0 2204.0
1831.0 2253.0
210.0 878.0
3720.0 4151.0
1821.0 3729.0
1141.0 2213.0
3260.0 3590.0
3103.0 4551.0
3184.0 4653.0
3189.0 4270.0
4629.0 3330.0
2211.0 402.0
1127.0 2368.0
3635.0 4210.0
2457.0 4477.0
965.0 2042.0
508.0 1527.0
4198.0 4138.0
2949.0 4240.0
921.0 1618.0
2853.0 1487.0
3674.0 4477.0
3678.0 3828.0
2415.0 1704.0
492.0 2567.0
3156.0 3516.0
3001.0 3308.0
1456.0 1048.0
48.0 1884.0
497.0 1841.0
3738.0 3526.0
3396.0 4647.0
489.0 97.0
671.0 719.0
1693.0 1774.0
628.0 2867.0
4060.0 3036.0
3494.0 3642.0
137.0 361.0
2869.0 1899.0
1135.0 2817.0
3143.0 4293.0
154.0 1247.0
2463.0 2709.0
4133.0 4534.0
2119.0 2893.0
2216.0 2809.0
358.0 1970.0
4124.0 3894.0
1106.0 2186.0
2244.0 2732.0
1017.0 1438.0
636.0 2164.0
4147.0 4139.0
1882.0 2540.0
1086.0 1389.0
4336.0 3751.0
836.0 4437.0
3975.0 4119.0
1059.0 1112.0
36.0 1994.0
1025.0 1565.0
3710.0 4129.0
2131.0 2177.0
376.0 1742.0
3962.0 4239.0
2944.0 3250.0
2927.0 3206.0
2043.0 502.0
3918.0 4489.0
982.0 1540.0
3555.0 3270.0
2777.0 1523.0
4240.0 4015.0
3567.0 4101.0
4097.0 3203.0
38.0 2244.0
858.0 1975.0
2913.0 3868.0
149.0 628.0
48.0 273.0
2223.0 1159.0
4198.0 4477.0
4052.0 4683.0
1080.0 2685.0
4339.0 3574.0
36.0 82.0
1040.0 2645.0
168.0 2186.0
1836.0 606.0
4545.0 4477.0
2476.0 2857.0
2290.0 1435.0
309.0 1039.0
3036.0 4407.0
578.0 2451.0
3413.0 4477.0
1875.0 698.0
2359.0 2591.0
804.0 1187.0
3863.0 4602.0
1458.0 1427.0
360.0 2479.0
1751.0 1881.0
2000.0 4020.0
4317.0 4477.0
4074.0 3284.0
1287.0 3323.0
1772.0 713.0
437.0 2056.0
2914.0 4450.0
465.0 2382.0
3166.0 3360.0
264.0 2849.0
1023.0 1095.0
1926.0 243.0
1346.0 1920.0
4615.0 3476.0
251.0 948.0
4541.0 4667.0
313.0 2317.0
3283.0 3621.0
3100.0 4464.0
2114.0 2347.0
3215.0 3251.0
256.0 1878.0
4259.0 3492.0
3387.0 4362.0
3255.0 4156.0
2395.0 4477.0
2750.0 78.0
3706.0 4529.0
303.0 454.0
1984.0 1553.0
1124.0 1133.0
3475.0 4003.0
2985.0 3352.0
325.0 952.0
1311.0 2302.0
1443.0 1831.0
3342.0 4059.0
936.0 2402.0
4369.0 4235.0
2452.0 1503.0
2428.0 4477.0
4626.0 3087.0
1106.0 1483.0
1267.0 1876.0
2931.0 3536.0
2154.0 1338.0
3903.0 4190.0
4406.0 3157.0
1678.0 1470.0
208.0 674.0
1341.0 2900.0
3605.0 4477.0
3373.0 4393.0
674.0 196.0
2598.0 1475.0
3884.0 3855.0
1058.0 1522.0
1892.0 2634.0
4247.0 4549.0
1097.0 1346.0
2459.0 2774.0
1408.0 2546.0
3297.0 3784.0
3686.0 4580.0
1306.0 154.0
741.0 501.0
4659.0 2995.0
424.0 2795.0
856.0 2774.0
3366.0 4502.0
3966.0 3907.0
559.0 1346.0
1985.0 459.0
153.0 1351.0
3283.0 3719.0
1254.0 2698.0
2012.0 4477.0
3812.0 3203.0
2659.0 4477.0
171.0 2608.0
2101.0 2618.0
91.0 2417.0
3161.0 3842.0
3844.0 3084.0
623.0 1425.0
2841.0 1346.0
3873.0 4082.0
620.0 1458.0
3918.0 3014.0
4503.0 4138.0
4424.0 3465.0
3866.0 4020.0
3646.0 4611.0
1986.0 2185.0
3804.0 3398.0
835.0 853.0
1586.0 2069.0
1230.0 1516.0
3148.0 4477.0
3497.0 3929.0
3720.0 3824.0
160.0 2628.0
4438.0 4606.0
2621.0 381.0
2348.0 1636.0
1962.0 2187.0
2924.0 3175.0
1708.0 2127.0
775.0 2253.0
2485.0 1895.0
3279.0 3879.0
3041.0 4248.0
524.0 835.0
3005.0 4633.0
3512.0 3385.0
327.0 1796.0
3861.0 4596.0
4169.0 3995.0
1736.0 738.0
563.0 1015.0
2683.0 1072.0
2356.0 2601.0
43.0 2121.0
1623.0 2790.0
593.0 454.0
3042.0 4648.0
4184.0 4209.0
4651.0 4210.0
3764.0 4477.0
2783.0 1003.0
3545.0 3784.0
3469.0 3284.0
2591.0 2883.0
283.0 452.0
832.0 1067.0
1004.0 2381.0
4356.0 3970.0
758.0 1438.0
2384.0 2508.0
2158.0 1114.0
2389.0 1088.0
2371.0 2812.0
3224.0 3480.0
834.0 1391.0
4158.0 3842.0
4149.0 4501.0
89.0 1220.0
3432.0 4322.0
4037.0 4203.0
1136.0 195.0
2215.0 2788.0
1400.0 1139.0
2925.0 3932.0
1980.0 2053.0
3087.0 3880.0
3629.0 3119.0
4209.0 4502.0
1217.0 2279.0
3975.0 4310.0
4226.0 3382.0
532.0 1967.0
3008.0 4176.0
1902.0 2530.0
3497.0 2947.0
153.0 1225.0
223.0 1474.0
1735.0 2282.0
2430.0 2497.0
1613.0 2184.0
4114.0 4477.0
2741.0 526.0
3313.0 4477.0
1947.0 2825.0
3825.0 4007.0
4504.0 3748.0
392.0 289.0
947.0 1640.0
3935.0 737.0
956.0 2010.0
4497.0 4567.0
1711.0 2194.0
2643.0 4477.0
574.0 1106.0
3462.0 3217.0
389.0 1339.0
616.0 1627.0
637.0 1346.0
3054.0 3494.0
1878.0 1279.0
3731.0 3421.0
4356.0 4047.0
291.0 1895.0
202.0 1286.0
2889.0 1876.0
2625.0 2031.0
689.0 1745.0
1192.0 1412.0
1947.0 2077.0
4407.0 4454.0
346.0 2500.0
2382.0 2649.0
157.0 4020.0
163.0 1745.0
2649.0 4477.0
3053.0 3880.0
582.0 4477.0
1035.0 2306.0
1868.0 2818.0
2879.0 1133.0
141.0 2159.0
821.0 2627.0
3777.0 3002.0
2872.0 1812.0
3982.0 3217.0
987.0 4477.0
3643.0 3170.0
3189.0 3940.0
4249.0 4411.0
475.0 2292.0
2441.0 1279.0
2393.0 1617.0
3772.0 3561.0
1823.0 2839.0
3035.0 3467.0
2727.0 809.0
13.0 1404.0
3207.0 4539.0
1880.0 2382.0
2387.0 2132.0
3779.0 3872.0
2383.0 2238.0
2038.0 2058.0
508.0 561.0
962.0 1855.0
2784.0 2263.0
1323.0 2391.0
2281.0 1500.0
810.0 956.0
1667.0 2518.0
3761.0 4463.0
3096.0 4477.0
2145.0 1230.0
3439.0 4477.0
1384.0 2707.0
226.0 856.0
1069.0 2036.0
4636.0 3502.0
4452.0 4381.0
4247.0 4568.0
1507.0 64.0
99.0 2815.0
1774.0 2292.0
3635.0 4380.0
2124.0 2135.0
3043.0 4345.0
4659.0 3125.0
1646.0 1461.0
2205.0 2644.0
1119.0 1561.0
3023.0 4474.0
4137.0 4264.0
2757.0 2789.0
1159.0 2027.0
571.0 626.0
646.0 998.0
1314.0 328.0
858.0 1494.0
3730.0 4219.0
193.0 1709.0
1749.0 87.0
4681.0 4088.0
3789.0 3987.0
2991.0 3075.0
54.0 1470.0
1032.0 2167.0
556.0 2497.0
1626.0 451.0
3558.0 4279.0
2216.0 740.0
1062.0 1946.0
4294.0 4261.0
462.0 1142.0
2360.0 1773.0
2912.0 4635.0
1180.0 1155.0
518.0 2895.0
2829.0 312.0
653.0 2117.0
2216.0 2448.0
2455.0 1745.0
3424.0 4082.0
3930.0 3369.0
1700.0 1902.0
373.0 2524.0
4588.0 4213.0
2379.0 2591.0
1765.0 2206.0
2181.0 2585.0
1384.0 4477.0
3152.0 3937.0
593.0 974.0
1197.0 2120.0
3638.0 3453.0
603.0 1549.0
3047.0 4616.0
2948.0 3756.0
4382.0 3662.0
3723.0 4338.0
1350.0 943.0
749.0 2174.0
454.0 1611.0
2915.0 4094.0
2616.0 2417.0
2180.0 868.0
644.0 1372.0
1187.0 1421.0
2964.0 4079.0
136.0 530.0
2080.0 1695.0
3021.0 4274.0
3059.0 3068.0
3281.0 3284.0
2263.0 1663.0
3638.0 4299.0
3080.0 4020.0
3166.0 3271.0
3282.0 4140.0
2418.0 1415.0
3906.0 3229.0
3368.0 3869.0
1401.0 2484.0
118.0 1092.0
12.0 394.0
4272.0 3984.0
3807.0 3650.0
454.0 941.0
3245.0 4078.0
1981.0 1503.0
576.0 1111.0
772.0 2273.0
3818.0 4047.0
3730.0 3176.0
947.0 248.0
2888.0 2672.0
19.0 1556.0
4671.0 4477.0
54.0 601.0
2760.0 568.0
3532.0 4316.0
1415.0 546.0
1672.0 2903.0
497.0 353.0
83.0 170.0
727.0 808.0
215.0 809.0
4148.0 3926.0
988.0 4477.0
192.0 1205.0
1239.0 254.0
2646.0 2417.0
1073.0 1311.0
1353.0 2287.0
3570.0 3281.0
112.0 596.0
1890.0 2737.0
4335.0 4020.0
4219.0 3176.0
4376.0 4261.0
3145.0 4637.0
3723.0 3021.0
2370.0 2691.0
4043.0 4477.0
4336.0 4058.0
2784.0 2718.0
3285.0 3633.0
232.0 889.0
141.0 4020.0
165.0 341.0
889.0 2281.0
399.0 2309.0
1659.0 254.0
2352.0 893.0
1378.0 1840.0
4664.0 3195.0
3510.0 3312.0
3681.0 3457.0
870.0 379.0
3716.0 4459.0
2465.0 64.0
4038.0 4380.0
3013.0 4665.0
582.0 2423.0
859.0 168.0
1682.0 2528.0
551.0 48.0
2786.0 1396.0
2224.0 2331.0
3599.0 3500.0
1664.0 2120.0
4248.0 3058.0
378.0 2680.0
4028.0 4208.0
4373.0 3183.0
1968.0 349.0
1039.0 1528.0
4574.0 3957.0
371.0 691.0
2938.0 4358.0
3039.0 4426.0
1117.0 4477.0
264.0 1545.0
1599.0 630.0
819.0 1015.0
3419.0 3970.0
1215.0 1488.0
3806.0 3990.0
3122.0 4293.0
1996.0 2729.0
29.0 2757.0
1479.0 1040.0
1891.0 2082.0
2019.0 2421.0
1484.0 1470.0
2684.0 1478.0
2440.0 2146.0
2607.0 2894.0
3570.0 3351.0
3113.0 4480.0
2006.0 1353.0
2505.0 4477.0
184.0 967.0
3331.0 4139.0
1954.0 2191.0
1312.0 1499.0
91.0 1959.0
1379.0 1707.0
103.0 2826.0
3547.0 3138.0
2049.0 2109.0
2108.0 2207.0
1430.0 1806.0
1904.0 2673.0
3308.0 3342.0
1359.0 1841.0
3900.0 4343.0
588.0 1744.0
2525.0 2353.0
4036.0 4101.0
151.0 652.0
1281.0 1335.0
3628.0 4101.0
1819.0 2228.0
3542.0 3182.0
3566.0 4083.0
3016.0 4530.0
926.0 1353.0
3290.0 4410.0
4502.0 4020.0
3023.0 3808.0
2922.0 3812.0
360.0 2687.0
318.0 4477.0
362.0 2857.0
2643.0 1832.0
3757.0 4023.0
132.0 1934.0
1689.0 2019.0
1159.0 1745.0
1174.0 2687.0
3097.0 3519.0
4102.0 4230.0
3616.0 4231.0
3512.0 4164.0
467.0 492.0
692.0 2635.0
2886.0 4477.0
3477.0 3537.0
990.0 1257.0
1220.0 4477.0
1299.0 1297.0
936.0 1736.0
3839.0 4477.0
899.0 418.0
3226.0 4477.0
3708.0 4349.0
683.0 674.0
3055.0 3640.0
2506.0 2722.0
362.0 2122.0
553.0 2698.0
3578.0 3472.0
3858.0 4647.0
3056.0 4162.0
407.0 1634.0
1206.0 314.0
1176.0 2659.0
3350.0 4502.0
4333.0 4020.0
4262.0 4379.0
2908.0 3786.0
3731.0 4477.0
1908.0 1617.0
649.0 623.0
2657.0 1450.0
370.0 1678.0
193.0 2428.0
849.0 2637.0
44.0 2491.0
326.0 2386.0
2786.0 2869.0
1678.0 2257.0
793.0 1346.0
2228.0 292.0
4044.0 4161.0
391.0 2329.0
1394.0 943.0
994.0 2066.0
1375.0 704.0
1329.0 2001.0
1523.0 1392.0
3153.0 3541.0
2192.0 2027.0
4177.0 4477.0
4295.0 3213.0
3215.0 3119.0
1549.0 2330.0
465.0 1884.0
4593.0 4025.0
211.0 2070.0
768.0 2606.0
1517.0 1139.0
2054.0 1474.0
777.0 371.0
469.0 292.0
1682.0 1328.0
429.0 1605.0
4145.0 3037.0
187.0 2012.0
3402.0 4445.0
1800.0 2417.0
3713.0 3221.0
2958.0 3430.0
3140.0 3253.0
1454.0 1133.0
1699.0 59.0
3229.0 4559.0
2144.0 688.0
4440.0 4317.0
1106.0 1830.0
2727.0 2417.0
91.0 2623.0
53.0 4477.0
2688.0 481.0
980.0 248.0
806.0 1162.0
1679.0 1829.0
898.0 2874.0
3063.0 3760.0
2035.0 171.0
1782.0 2154.0
429.0 2803.0
3201.0 4395.0
4389.0 4270.0
1419.0 2877.0
1573.0 1284.0
2833.0 1932.0
1307.0 2302.0
4678.0 4502.0
2767.0 985.0
1074.0 2764.0
1769.0 816.0
179.0 529.0
786.0 2819.0
326.0 609.0
1437.0 2650.0
1938.0 153.0
649.0 3147.0
2098.0 2894.0
3312.0 3566.0
936.0 998.0
2207.0 2920.0
1025.0 1855.0
26.0 1470.0
1544.0 1743.0
1413.0 1909.0
877.0 1688.0
523.0 985.0
3252.0 3077.0
409.0 1335.0
759.0 1965.0
1438.0 172.0
97.0 2576.0
2022.0 454.0
2634.0 2874.0
1835.0 1279.0
1760.0 2906.0
649.0 4477.0
344.0 1388.0
573.0 178.0
2102.0 1586.0
45.0 1056.0
2479.0 889.0
1177.0 2263.0
261.0 1001.0
2179.0 2591.0
3273.0 4633.0
3381.0 4243.0
1053.0 1111.0
4025.0 4020.0
1170.0 908.0
2749.0 197.0
980.0 846.0
1134.0 2107.0
2835.0 1812.0
135.0 675.0
1402.0 2798.0
749.0 2330.0
3139.0 4592.0
1382.0 492.0
2356.0 522.0
1409.0 1279.0
527.0 2475.0
1517.0 2495.0
1829.0 2185.0
732.0 1317.0
3174.0 4477.0
2680.0 2159.0
1640.0 2479.0
1994.0 2184.0
1648.0 2774.0
2333.0 2774.0
3670.0 3132.0
1866.0 1884.0
2167.0 795.0
2374.0 343.0
2510.0 650.0
3776.0 4477.0
3757.0 3157.0
973.0 1410.0
755.0 1565.0
3846.0 4209.0
2612.0 44.0
1836.0 4020.0
4390.0 3370.0
1399.0 1279.0
3486.0 4477.0
3196.0 4487.0
4287.0 3911.0
3202.0 3932.0
3716.0 4640.0
208.0 2524.0
830.0 2032.0
1775.0 1865.0
302.0 107.0
2071.0 4020.0
2494.0 4477.0
360.0 353.0
569.0 1147.0
2913.0 4351.0
856.0 1076.0
2558.0 2279.0
812.0 1039.0
379.0 2309.0
2558.0 2377.0
1334.0 827.0
1090.0 1139.0
403.0 2400.0
727.0 2781.0
121.0 1435.0
3807.0 3564.0
4044.0 4296.0
1285.0 1216.0
242.0 412.0
1884.0 2479.0
48.0 996.0
2840.0 2497.0
582.0 2327.0
3100.0 4417.0
3097.0 4020.0
4291.0 3432.0
3088.0 4443.0
237.0 1518.0
3087.0 3832.0
3485.0 3377.0
749.0 2634.0
1460.0 317.0
4185.0 4469.0
3468.0 3993.0
3122.0 4375.0
3613.0 4385.0
2591.0 2742.0
2476.0 4477.0
719.0 2777.0
3283.0 3971.0
559.0 1178.0
509.0 2094.0
4445.0 4477.0
2518.0 2275.0
551.0 2780.0
2161.0 4477.0
1381.0 2459.0
949.0 1162.0
239.0 2413.0
3421.0 3873.0
656.0 303.0
512.0 1487.0
3679.0 3187.0
4452.0 4596.0
830.0 1115.0
745.0 2836.0
4151.0 4281.0
2657.0 2723.0
1667.0 2275.0
2459.0 1023.0
2058.0 1353.0
1326.0 1076.0
240.0 2628.0
3746.0 3230.0
1274.0 752.0
1884.0 2372.0
1933.0 1642.0
3439.0 4502.0
3108.0 4568.0
4091.0 3731.0
2632.0 4477.0
890.0 980.0
2944.0 3578.0
3546.0 3778.0
1505.0 4477.0
3279.0 3542.0
2117.0 1094.0
726.0 1066.0
342.0 1379.0
2486.0 731.0
596.0 1232.0
3492.0 4020.0
3831.0 3189.0
1047.0 2643.0
3760.0 4553.0
1873.0 976.0
4508.0 4091.0
3129.0 4354.0
4509.0 4272.0
3485.0 4477.0
1344.0 673.0
3435.0 3178.0
343.0 761.0
3840.0 4436.0
2630.0 1083.0
1226.0 2091.0
4283.0 3250.0
1384.0 1889.0
693.0 2457.0
465.0 4477.0
1255.0 1792.0
387.0 1582.0
3256.0 4340.0
1429.0 284.0
2999.0 3274.0
38.0 524.0
3093.0 3931.0
2201.0 1981.0
1875.0 865.0
2365.0 2236.0
135.0 2708.0
291.0 2853.0
1798.0 1545.0
645.0 1047.0
3668.0 3667.0
2959.0 4571.0
2887.0 955.0
2368.0 1065.0
3943.0 3003.0
3706.0 3108.0
1526.0 1983.0
2823.0 116.0
481.0 2314.0
3523.0 3794.0
861.0 1659.0
3505.0 4532.0
4411.0 4412.0
3123.0 4384.0
4361.0 3976.0
470.0 525.0
4217.0 3478.0
3534.0 3272.0
3786.0 4164.0
2818.0 2512.0
373.0 93.0
2093.0 2420.0
2371.0 671.0
75.0 1704.0
650.0 1021.0
564.0 660.0
1509.0 2749.0
3447.0 4502.0
687.0 1135.0
1299.0 2378.0
3177.0 3768.0
442.0 2645.0
1857.0 943.0
2623.0 1151.0
617.0 4477.0
867.0 1549.0
1762.0 2098.0
1208.0 1934.0
3241.0 3622.0
3434.0 4085.0
1544.0 1591.0
3700.0 3761.0
1424.0 1437.0
2511.0 846.0
3717.0 3969.0
144.0 1136.0
3100.0 3720.0
351.0 4477.0
278.0 2674.0
1353.0 1087.0
2356.0 1098.0
2361.0 1374.0
2999.0 3637.0
1670.0 2300.0
1612.0 330.0
823.0 287.0
264.0 1159.0
2784.0 1474.0
3160.0 4492.0
1431.0 125.0
3476.0 3830.0
432.0 288.0
697.0 1482.0
1283.0 2857.0
746.0 938.0
1174.0 1268.0
389.0 360.0
4266.0 4508.0
948.0 1018.0
2519.0 2291.0
310.0 2591.0
2519.0 2650.0
1452.0 2505.0
3533.0 3001.0
2621.0 2805.0
4281.0 3463.0
4052.0 3597.0
2894.0 1769.0
648.0 1015.0
3706.0 2942.0
3706.0 4568.0
4366.0 3511.0
4614.0 4532.0
824.0 1142.0
3140.0 3178.0
4616.0 4456.0
4016.0 4321.0
282.0 821.0
2070.0 910.0
2192.0 2667.0
1399.0 248.0
675.0 666.0
1014.0 502.0
789.0 1331.0
2187.0 981.0
3414.0 4336.0
3988.0 4498.0
1840.0 303.0
1438.0 4477.0
82.0 2205.0
1507.0 2096.0
4119.0 3989.0
1015.0 1918.0
2393.0 1425.0
2553.0 947.0
4414.0 3978.0
4202.0 3476.0
2350.0 1284.0
3476.0 4617.0
2739.0 1168.0
308.0 4477.0
2844.0 1984.0
4582.0 3271.0
3760.0 3680.0
2341.0 1605.0
3759.0 3507.0
4366.0 3282.0
2419.0 345.0
45.0 2898.0
3601.0 3296.0
719.0 2400.0
662.0 1824.0
2023.0 1988.0
3387.0 3178.0
4248.0 3243.0
707.0 4477.0
4671.0 3053.0
401.0 2114.0
4181.0 4020.0
2806.0 1771.0
2804.0 1223.0
2591.0 1314.0
658.0 716.0
1952.0 2850.0
3122.0 4477.0
683.0 62.0
2923.0 3528.0
4458.0 4477.0
4122.0 4530.0
814.0 1033.0
1747.0 48.0
686.0 2445.0
1970.0 4477.0
3143.0 3055.0
44.0 1931.0
2015.0 4477.0
3649.0 4167.0
2655.0 2840.0
4145.0 3300.0
1323.0 2522.0
2915.0 3348.0
4331.0 4439.0
4397.0 3274.0
3274.0 4164.0
1163.0 1949.0
3430.0 3851.0
1378.0 2814.0
1666.0 1507.0
3720.0 3944.0
3066.0 3015.0
84.0 1037.0
2971.0 3664.0
3235.0 3991.0
2258.0 2774.0
1079.0 2744.0
1437.0 1112.0
4390.0 3999.0
1494.0 1605.0
1156.0 1954.0
3033.0 4167.0
1382.0 2329.0
1875.0 2145.0
2033.0 2668.0
279.0 1612.0
2725.0 2370.0
2110.0 2591.0
3304.0 4198.0
1516.0 2726.0
1902.0 97.0
1108.0 2786.0
1548.0 2680.0
898.0 2632.0
3042.0 4666.0
4279.0 3829.0
4376.0 3189.0
2449.0 4477.0
524.0 4477.0
244.0 2760.0
3412.0 4490.0
4608.0 4118.0
4298.0 4616.0
2277.0 153.0
116.0 2116.0
1271.0 2645.0
2356.0 564.0
3897.0 3823.0
2651.0 2752.0
3001.0 3879.0
4635.0 3748.0
1437.0 2204.0
4459.0 3642.0
3389.0 4670.0
2223.0 1279.0
2301.0 619.0
156.0 719.0
3306.0 3947.0
1935.0 2006.0
4465.0 2988.0
593.0 2854.0
2568.0 2100.0
36.0 2332.0
3417.0 4242.0
3702.0 3721.0
2251.0 1737.0
3026.0 4321.0
461.0 1729.0
848.0 1719.0
2077.0 1077.0
4349.0 4393.0
192.0 1606.0
1658.0 4477.0
609.0 4477.0
4273.0 4371.0
896.0 2265.0
1465.0 2422.0
3459.0 3662.0
3611.0 4203.0
376.0 2524.0
2459.0 153.0
2521.0 1119.0
3380.0 3255.0
2165.0 900.0
1284.0 4477.0
133.0 2413.0
832.0 4477.0
118.0 44.0
2670.0 236.0
243.0 1808.0
3419.0 3438.0
3824.0 3474.0
2781.0 1396.0
4092.0 4020.0
1000.0 2861.0
3630.0 3642.0
1909.0 1852.0
2370.0 2253.0
841.0 4477.0
2480.0 840.0
2343.0 2091.0
898.0 1792.0
3425.0 3840.0
4151.0 3451.0
4040.0 3114.0
1057.0 1954.0
3412.0 3389.0
2320.0 1745.0
507.0 898.0
1308.0 1842.0
509.0 2350.0
2779.0 899.0
164.0 1855.0
356.0 2343.0
136.0 605.0
111.0 4477.0
2434.0 544.0
2948.0 4072.0
2554.0 781.0
3496.0 3578.0
1383.0 1863.0
3297.0 3320.0
4048.0 3238.0
4185.0 4361.0
850.0 1111.0
3532.0 4177.0
1935.0 2873.0
3738.0 3887.0
3644.0 4245.0
2950.0 4517.0
2527.0 3897.0
475.0 164.0
923.0 4020.0
1266.0 2739.0
417.0 1478.0
2536.0 454.0
2395.0 2501.0
818.0 2017.0
3812.0 3570.0
4655.0 3692.0
1369.0 2694.0
696.0 1088.0
3782.0 4652.0
1618.0 2200.0
3670.0 3893.0
3438.0 3970.0
440.0 2918.0
3439.0 3274.0
2387.0 2845.0
3041.0 3140.0
3238.0 3968.0
3703.0 3348.0
2332.0 1159.0
4644.0 3204.0
3139.0 4504.0
3145.0 4477.0
1578.0 1713.0
1355.0 826.0
2374.0 2645.0
1083.0 849.0
1751.0 2645.0
3874.0 3753.0
1483.0 1545.0
1039.0 2255.0
2815.0 1275.0
1485.0 1605.0
2639.0 816.0
3944.0 3292.0
560.0 695.0
2617.0 1518.0
1921.0 2664.0
2658.0 987.0
4076.0 4281.0
3104.0 4096.0
890.0 1605.0
2645.0 1286.0
88.0 2822.0
2795.0 1996.0
1211.0 2226.0
291.0 2591.0
4094.0 4455.0
4263.0 4410.0
871.0 2401.0
1175.0 2585.0
388.0 2253.0
2764.0 1470.0
1958.0 2384.0
1282.0 288.0
1939.0 136.0
1427.0 1555.0
885.0 1963.0
980.0 574.0
1265.0 3969.0
1600.0 4020.0
3943.0 4083.0
2038.0 2320.0
3659.0 4150.0
3881.0 4361.0
3728.0 737.0
3562.0 3660.0
1643.0 923.0
3443.0 4139.0
658.0 2690.0
3656.0 3654.0
134.0 343.0
1677.0 4020.0
260.0 346.0
400.0 1884.0
465.0 2039.0
3975.0 4389.0
3108.0 3734.0
4272.0 3014.0
4450.0 3805.0
780.0 902.0
3778.0 2994.0
1161.0 2673.0
4227.0 4494.0
2665.0 2577.0
560.0 4477.0
1063.0 1202.0
465.0 97.0
3075.0 3871.0
2806.0 1396.0
1585.0 2545.0
3372.0 3864.0
3510.0 4141.0
3456.0 3178.0
2022.0 1869.0
3796.0 4023.0
4240.0 2999.0
1095.0 803.0
4280.0 3928.0
1519.0 2214.0
4676.0 3911.0
2658.0 932.0
3019.0 3029.0
655.0 4477.0
4043.0 4301.0
136.0 1729.0
1644.0 4477.0
711.0 3368.0
3887.0 4502.0
2412.0 2805.0
4203.0 3885.0
3538.0 3874.0
3870.0 4340.0
125.0 1400.0
1018.0 2416.0
1533.0 2683.0
587.0 2708.0
4274.0 4477.0
1004.0 1808.0
3439.0 3753.0
3787.0 4477.0
1111.0 1862.0
1832.0 498.0
3093.0 3981.0
976.0 943.0
1441.0 2013.0
3006.0 3340.0
4318.0 4231.0
4329.0 3157.0
2791.0 4477.0
639.0 381.0
3560.0 3904.0
654.0 1942.0
4668.0 4174.0
3814.0 4080.0
935.0 2054.0
3066.0 2955.0
3570.0 4065.0
3945.0 3937.0
1105.0 2817.0
2765.0 1929.0
1908.0 344.0
4262.0 3982.0
1893.0 2874.0
1977.0 1980.0
486.0 1704.0
4671.0 3765.0
601.0 2606.0
1035.0 2065.0
3069.0 3217.0
3335.0 4526.0
2756.0 1377.0
3946.0 4676.0
2173.0 1436.0
822.0 2457.0
1272.0 606.0
273.0 671.0
616.0 799.0
4567.0 4230.0
977.0 2287.0
3103.0 4477.0
772.0 2065.0
4201.0 3970.0
3883.0 4543.0
2418.0 4477.0
2675.0 2873.0
334.0 1014.0
1129.0 2404.0
349.0 849.0
877.0 897.0
4666.0 4245.0
3309.0 3324.0
2193.0 2167.0
2770.0 2405.0
2778.0 1780.0
2459.0 2823.0
449.0 2420.0
262.0 4477.0
2465.0 93.0
3154.0 4135.0
4315.0 4139.0
484.0 1513.0
3033.0 3516.0
807.0 4477.0
2901.0 2177.0
3544.0 4477.0
1140.0 2691.0
3563.0 3243.0
2644.0 2524.0
4268.0 4642.0
279.0 2811.0
947.0 2096.0
1857.0 131.0
3385.0 4013.0
2007.0 1920.0
1633.0 470.0
1633.0 1946.0
4464.0 4407.0
1660.0 2257.0
4491.0 4153.0
362.0 62.0
4267.0 4094.0
3185.0 3013.0
1857.0 2818.0
1276.0 1704.0
1495.0 4477.0
3432.0 4460.0
4486.0 4041.0
264.0 626.0
1254.0 1609.0
3646.0 4140.0
3859.0 4477.0
244.0 2138.0
283.0 2703.0
171.0 1402.0
558.0 328.0
1819.0 827.0
2507.0 2628.0
2687.0 1547.0
2991.0 3424.0
117.0 1153.0
1535.0 2489.0
1969.0 4020.0
1990.0 929.0
1962.0 526.0
659.0 2064.0
1775.0 2056.0
791.0 2821.0
1819.0 1941.0
2989.0 4477.0
230.0 2702.0
926.0 588.0
3797.0 4555.0
2543.0 2042.0
677.0 943.0
2969.0 4477.0
4031.0 4201.0
2415.0 924.0
1163.0 396.0
4662.0 3544.0
2479.0 2726.0
2380.0 2420.0
833.0 806.0
2701.0 2113.0
408.0 1438.0
898.0 333.0
2195.0 632.0
1654.0 2222.0
3298.0 3173.0
2458.0 2857.0
4009.0 4332.0
36.0 1360.0
1517.0 1089.0
4166.0 4395.0
3980.0 3829.0
651.0 1981.0
2544.0 2777.0
3948.0 3855.0
225.0 2470.0
2106.0 2627.0
3629.0 3366.0
4059.0 3157.0
1497.0 1973.0
2455.0 2028.0
1143.0 1358.0
3148.0 3250.0
3358.0 3735.0
754.0 1230.0
3198.0 3808.0
837.0 2609.0
3362.0 4477.0
2131.0 2479.0
3108.0 3526.0
2997.0 4237.0
2836.0 1631.0
462.0 2253.0
272.0 3901.0
591.0 1284.0
1411.0 264.0
4429.0 4145.0
3443.0 4322.0
3786.0 4681.0
1329.0 1395.0
3944.0 3528.0
3216.0 3650.0
3215.0 4146.0
511.0 853.0
179.0 584.0
4464.0 3784.0
2962.0 4477.0
325.0 1548.0
1878.0 4477.0
4663.0 4022.0
93.0 2441.0
500.0 2035.0
819.0 202.0
3757.0 3782.0
362.0 610.0
2329.0 2332.0
3850.0 3780.0
3247.0 3803.0
3871.0 4477.0
4389.0 4077.0
4277.0 4610.0
1624.0 1899.0
851.0 1430.0
413.0 1536.0
196.0 2803.0
3767.0 3653.0
1096.0 1808.0
294.0 2252.0
603.0 2679.0
3127.0 3957.0
3893.0 3320.0
3522.0 4339.0
431.0 472.0
3302.0 3178.0
3198.0 3497.0
1401.0 1077.0
297.0 2100.0
3304.0 3497.0
3513.0 3756.0
2425.0 4477.0
3005.0 3968.0
2688.0 2814.0
3365.0 4020.0
1432.0 631.0
575.0 668.0
1197.0 1263.0
688.0 2888.0
2034.0 437.0
1716.0 1139.0
2144.0 1479.0
509.0 1593.0
3494.0 3301.0
808.0 2111.0
3317.0 4477.0
1141.0 1153.0
2233.0 2265.0
3916.0 3697.0
568.0 1391.0
1507.0 2535.0
2570.0 1616.0
2186.0 2805.0
319.0 2078.0
1828.0 106.0
3267.0 3165.0
507.0 2027.0
2251.0 2601.0
4545.0 4085.0
3195.0 4020.0
3770.0 3377.0
3536.0 4651.0
3874.0 3957.0
4403.0 4477.0
4380.0 3373.0
58.0 1081.0
4125.0 4477.0
544.0 1773.0
3362.0 4094.0
553.0 2302.0
2582.0 672.0
3246.0 3349.0
4113.0 3209.0
1662.0 1810.0
3111.0 3873.0
2993.0 3784.0
2188.0 4477.0
1377.0 4477.0
709.0 502.0
531.0 1859.0
230.0 1948.0
2653.0 2253.0
231.0 1098.0
593.0 1902.0
1838.0 1789.0
350.0 671.0
82.0 467.0
666.0 2708.0
4334.0 4650.0
1441.0 1485.0
424.0 252.0
2048.0 800.0
620.0 1039.0
408.0 2189.0
3041.0 3198.0
3079.0 4115.0
95.0 1088.0
1754.0 1907.0
551.0 675.0
753.0 4477.0
1569.0 2064.0
379.0 2437.0
846.0 1208.0
3700.0 4620.0
1935.0 449.0
327.0 614.0
1533.0 2497.0
4600.0 2923.0
4637.0 4020.0
1176.0 1608.0
2937.0 3681.0
3720.0 4277.0
3956.0 4477.0
759.0 2089.0
1953.0 502.0
4496.0 3139.0
3966.0 3953.0
3737.0 4477.0
3262.0 3793.0
34.0 2025.0
3533.0 4310.0
1666.0 1208.0
1364.0 2853.0
4653.0 4089.0
4597.0 4681.0
2365.0 122.0
2769.0 2786.0
208.0 1764.0
105.0 750.0
4457.0 3208.0
3560.0 4164.0
4026.0 4487.0
4505.0 3578.0
1087.0 1812.0
150.0 1003.0
868.0 2282.0
815.0 2457.0
2522.0 1779.0
650.0 1396.0
2550.0 1264.0
3740.0 3445.0
2442.0 2034.0
2363.0 2313.0
3460.0 3673.0
131.0 2664.0
4626.0 4020.0
3806.0 3324.0
955.0 1026.0
445.0 2078.0
3352.0 3428.0
531.0 4020.0
2716.0 714.0
2256.0 2529.0
435.0 2634.0
349.0 1525.0
1658.0 502.0
2533.0 761.0
571.0 1170.0
3731.0 3918.0
1035.0 1107.0
819.0 254.0
381.0 4477.0
4614.0 4477.0
2543.0 2490.0
3316.0 3014.0
184.0 4477.0
828.0 1275.0
4567.0 4399.0
742.0 4477.0
958.0 1745.0
2413.0 2851.0
3809.0 3984.0
4391.0 2978.0
4668.0 4663.0
3391.0 3008.0
2060.0 2672.0
309.0 4477.0
796.0 3029.0
1069.0 1962.0
4226.0 3180.0
2661.0 1153.0
3658.0 4317.0
728.0 1062.0
3139.0 4637.0
285.0 1697.0
2156.0 1497.0
90.0 1542.0
3100.0 4330.0
833.0 482.0
3026.0 4375.0
3813.0 3001.0
356.0 2651.0
2535.0 1460.0
2437.0 2582.0
235.0 1088.0
2058.0 2786.0
1363.0 65.0
2934.0 3178.0
4166.0 3466.0
3408.0 3582.0
2144.0 1967.0
2054.0 482.0
4273.0 4477.0
2239.0 755.0
321.0 268.0
3267.0 4391.0
4355.0 3216.0
3941.0 4081.0
1642.0 1157.0
3197.0 3992.0
3297.0 3705.0
758.0 2044.0
3756.0 3453.0
1086.0 4477.0
1988.0 1474.0
3220.0 4188.0
27.0 2645.0
4542.0 3086.0
1629.0 1121.0
1958.0 1743.0
449.0 2131.0
2130.0 1195.0
4041.0 4208.0
3154.0 4175.0
1141.0 1846.0
179.0 1204.0
3049.0 4354.0
3006.0 4400.0
1279.0 1771.0
1114.0 1088.0
3474.0 3751.0
3837.0 3227.0
2892.0 1059.0
3539.0 3227.0
1130.0 1172.0
3965.0 4477.0
4246.0 3643.0
2216.0 2280.0
516.0 1618.0
36.0 2794.0
3336.0 3598.0
3041.0 4129.0
2884.0 1745.0
1429.0 650.0
936.0 4477.0
12.0 2623.0
2994.0 4338.0
2402.0 2672.0
2566.0 1808.0
2829.0 1994.0
2421.0 172.0
1571.0 1258.0
2533.0 1470.0
1060.0 2417.0
108.0 325.0
176.0 1484.0
3298.0 3459.0
544.0 719.0
984.0 1185.0
4061.0 4477.0
4344.0 3234.0
571.0 650.0
3796.0 3757.0
875.0 1021.0
4616.0 3669.0
4376.0 4480.0
3334.0 4334.0
1110.0 2182.0
437.0 1478.0
480.0 2195.0
2204.0 4477.0
4428.0 4477.0
1136.0 2189.0
1007.0 1743.0
1704.0 1605.0
1012.0 1563.0
4256.0 4337.0
4331.0 4458.0
4154.0 4211.0
3596.0 4432.0
213.0 2814.0
2951.0 4094.0
3796.0 4597.0
2760.0 1274.0
2104.0 4477.0
2010.0 843.0
1486.0 1658.0
4414.0 3957.0
4459.0 3630.0
2092.0 1617.0
4260.0 3669.0
353.0 4477.0
1510.0 2054.0
99.0 801.0
2295.0 2517.0
868.0 2013.0
452.0 516.0
134.0 361.0
1687.0 2457.0
700.0 2440.0
173.0 48.0
3964.0 4065.0
2827.0 971.0
2818.0 176.0
1356.0 2777.0
509.0 1284.0
1716.0 2278.0
798.0 1303.0
2085.0 2367.0
36.0 2769.0
639.0 1476.0
3423.0 3190.0
3096.0 4502.0
2346.0 4477.0
3551.0 4640.0
2154.0 2766.0
2691.0 2645.0
3037.0 3968.0
2879.0 1445.0
1635.0 2314.0
2754.0 345.0
654.0 4477.0
870.0 2897.0
284.0 1155.0
2096.0 4477.0
2096.0 287.0
1523.0 4477.0
2768.0 2886.0
91.0 2805.0
1342.0 2660.0
1353.0 2330.0
1006.0 2208.0
4185.0 3243.0
2035.0 2179.0
1134.0 1395.0
2234.0 2119.0
2917.0 3014.0
200.0 582.0
918.0 538.0
4612.0 3382.0
2037.0 1121.0
3522.0 3629.0
100.0 4477.0
466.0 1847.0
2461.0 1911.0
1202.0 2585.0
3126.0 4399.0
967.0 2660.0
4655.0 4053.0
1113.0 2721.0
1571.0 2634.0
3422.0 4659.0
431.0 522.0
416.0 2034.0
425.0 526.0
198.0 998.0
3698.0 4303.0
3663.0 3963.0
3891.0 4130.0
29.0 994.0
2676.0 1114.0
2319.0 2367.0
2774.0 2905.0
1019.0 2489.0
728.0 1809.0
136.0 1471.0
3068.0 3291.0
257.0 4477.0
1353.0 2347.0
4327.0 3497.0
2945.0 3757.0
3682.0 4644.0
4643.0 3308.0
4151.0 4462.0
487.0 1989.0
3069.0 4057.0
1364.0 1615.0
4088.0 4652.0
3577.0 4535.0
705.0 716.0
3118.0 3010.0
1187.0 766.0
2931.0 4272.0
468.0 1975.0
4338.0 4207.0
3524.0 4369.0
3201.0 3234.0
2634.0 2785.0
1877.0 1770.0
2759.0 1377.0
1192.0 594.0
1340.0 2646.0
3171.0 4471.0
3338.0 4477.0
113.0 2038.0
2650.0 502.0
3860.0 3839.0
284.0 1396.0
2565.0 292.0
1141.0 4477.0
19.0 110.0
350.0 2354.0
1344.0 2576.0
3191.0 3681.0
3881.0 4126.0
1935.0 2479.0
3787.0 3211.0
2995.0 3692.0
4561.0 3421.0
3082.0 3690.0
4271.0 4037.0
2901.0 264.0
2279.0 2774.0
698.0 197.0
3058.0 3861.0
4281.0 4407.0
4412.0 3821.0
3909.0 4477.0
1333.0 4477.0
4483.0 4255.0
2892.0 1589.0
1547.0 2827.0
3305.0 2922.0
2871.0 1704.0
2284.0 1234.0
73.0 650.0
1274.0 1281.0
1864.0 799.0
527.0 1855.0
323.0 2524.0
4465.0 3460.0
2204.0 2877.0
430.0 4477.0
3048.0 3962.0
1057.0 1895.0
1000.0 2183.0
4227.0 2948.0
4186.0 4477.0
1465.0 1604.0
1372.0 809.0
4684.0 4393.0
2671.0 4020.0
3412.0 3688.0
871.0 2846.0
1732.0 1602.0
4302.0 4619.0
3475.0 4158.0
4407.0 4477.0
1212.0 2092.0
2100.0 816.0
198.0 1844.0
3143.0 3585.0
1308.0 1576.0
1633.0 1869.0
3518.0 4417.0
3959.0 3178.0
2501.0 2347.0
3676.0 3001.0
743.0 1339.0
1932.0 737.0
2991.0 3570.0
4560.0 4625.0
976.0 1422.0
1060.0 639.0
3184.0 4631.0
2676.0 839.0
865.0 922.0
1239.0 2722.0
239.0 1829.0
1163.0 2539.0
1102.0 1528.0
1019.0 1452.0
4609.0 3863.0
4003.0 4208.0
874.0 987.0
1196.0 444.0
3707.0 4480.0
2811.0 1846.0
449.0 2287.0
1597.0 2165.0
350.0 2326.0
4420.0 4454.0
1931.0 1314.0
282.0 1016.0
4337.0 4208.0
1577.0 1895.0
4507.0 3928.0
389.0 889.0
1769.0 2855.0
2423.0 1208.0
2194.0 2786.0
568.0 1722.0
2193.0 1233.0
572.0 2591.0
659.0 318.0
3964.0 4679.0
479.0 1300.0
2273.0 2300.0
1897.0 1351.0
2412.0 2667.0
1848.0 943.0
1871.0 1518.0
2954.0 3716.0
2216.0 2731.0
1049.0 264.0
2487.0 4020.0
3775.0 4249.0
3063.0 3231.0
172.0 1474.0
3018.0 4219.0
2859.0 11.0
4369.0 3221.0
2984.0 3149.0
4123.0 4342.0
1517.0 1121.0
404.0 1139.0
4253.0 4477.0
2439.0 303.0
495.0 2718.0
1505.0 581.0
755.0 1647.0
3122.0 3748.0
374.0 2676.0
1212.0 1457.0
3402.0 4074.0
1411.0 1935.0
1544.0 2549.0
3469.0 4539.0
190.0 2401.0
4505.0 3923.0
1552.0 1499.0
2948.0 3939.0
3356.0 3698.0
3260.0 3988.0
3297.0 3335.0
3094.0 3429.0
2227.0 2363.0
48.0 1399.0
1068.0 2467.0
3098.0 3217.0
824.0 1139.0
3033.0 3619.0
1001.0 1802.0
4308.0 3582.0
863.0 1021.0
2804.0 1895.0
3075.0 3143.0
1866.0 64.0
4299.0 3229.0
3809.0 4645.0
539.0 894.0
3666.0 4477.0
3022.0 4406.0
2389.0 695.0
1897.0 2524.0
78.0 126.0
668.0 2173.0
587.0 933.0
1130.0 2401.0
2782.0 430.0
3918.0 4673.0
1391.0 1881.0
897.0 3188.0
286.0 731.0
583.0 2609.0
3464.0 4577.0
2212.0 655.0
44.0 1211.0
4044.0 3419.0
3012.0 3210.0
2846.0 183.0
4586.0 3390.0
3057.0 4067.0
3924.0 3432.0
3590.0 4081.0
1317.0 2524.0
3221.0 3784.0
3522.0 3119.0
1417.0 1778.0
1473.0 2336.0
3598.0 4186.0
980.0 93.0
3111.0 4106.0
1656.0 1087.0
1689.0 1474.0
1576.0 2196.0
2132.0 2029.0
2168.0 2795.0
159.0 1683.0
4353.0 4020.0
208.0 4477.0
2795.0 2214.0
4595.0 3456.0
87.0 2559.0
755.0 1642.0
4370.0 3690.0
378.0 706.0
3017.0 3566.0
416.0 1920.0
947.0 1279.0
228.0 594.0
735.0 2637.0
2244.0 2320.0
4517.0 3749.0
1214.0 4477.0
1180.0 1295.0
1559.0 1071.0
278.0 4477.0
3861.0 4159.0
3706.0 3214.0
824.0 955.0
3886.0 3818.0
1434.0 2069.0
2935.0 4477.0
3121.0 3718.0
366.0 650.0
3127.0 4118.0
3171.0 3965.0
1581.0 2191.0
3716.0 4207.0
2308.0 1279.0
4659.0 4186.0
510.0 1346.0
1722.0 1274.0
364.0 716.0
3511.0 3391.0
4259.0 4516.0
1408.0 1761.0
2200.0 2382.0
1998.0 2672.0
3496.0 2950.0
2254.0 2198.0
4050.0 4500.0
540.0 925.0
303.0 1474.0
639.0 1106.0
4392.0 4118.0
3512.0 4502.0
3681.0 4169.0
178.0 1499.0
3411.0 4477.0
4492.0 4157.0
1457.0 1617.0
2801.0 48.0
3569.0 3530.0
4205.0 3939.0
4678.0 3637.0
1305.0 2839.0
939.0 2044.0
3671.0 3715.0
1649.0 454.0
1664.0 532.0
3292.0 3806.0
1705.0 2705.0
1538.0 4477.0
3646.0 4477.0
4132.0 4477.0
1359.0 674.0
3868.0 4454.0
738.0 2064.0
4490.0 4607.0
765.0 1745.0
3214.0 4292.0
1952.0 1070.0
1402.0 2741.0
794.0 1588.0
3335.0 3342.0
2403.0 195.0
663.0 4477.0
1328.0 2516.0
2482.0 2645.0
1400.0 1450.0
682.0 2687.0
3057.0 3689.0
2539.0 465.0
276.0 4477.0
779.0 1472.0
4285.0 3970.0
1633.0 2401.0
453.0 1133.0
3523.0 4220.0
168.0 4477.0
4558.0 3122.0
136.0 4477.0
3731.0 4349.0
1557.0 2577.0
198.0 2144.0
3482.0 3611.0
1715.0 4477.0
3630.0 4074.0
323.0 859.0
2360.0 1591.0
1619.0 1462.0
1349.0 4477.0
2919.0 3888.0
3104.0 3702.0
1555.0 185.0
3636.0 3669.0
3513.0 4420.0
3311.0 3026.0
3580.0 3979.0
2329.0 689.0
2310.0 1521.0
1109.0 1487.0
87.0 2420.0
2445.0 1065.0
2634.0 1463.0
1471.0 1730.0
144.0 2189.0
3136.0 4141.0
1524.0 1673.0
1557.0 4477.0
711.0 1312.0
1653.0 1853.0
796.0 1787.0
1177.0 454.0
787.0 1839.0
357.0 93.0
405.0 430.0
3489.0 4171.0
1522.0 2627.0
1933.0 4477.0
104.0 2305.0
934.0 893.0
2099.0 2178.0
4262.0 3793.0
3166.0 4610.0
2682.0 193.0
842.0 1969.0
720.0 1572.0
2064.0 2315.0
1399.0 2765.0
1758.0 570.0
358.0 800.0
1800.0 2584.0
3016.0 3904.0
2341.0 1207.0
258.0 1622.0
4586.0 3436.0
3710.0 4485.0
3929.0 3456.0
2894.0 723.0
2476.0 2479.0
231.0 434.0
3872.0 4477.0
1326.0 2279.0
3459.0 3035.0
3915.0 3465.0
3063.0 3118.0
3478.0 4239.0
2497.0 4247.0
3396.0 4404.0
3927.0 3756.0
1086.0 1186.0
2340.0 2723.0
4634.0 4020.0
1427.0 2604.0
1342.0 1588.0
2019.0 2401.0
716.0 771.0
2523.0 558.0
1222.0 1478.0
3260.0 3213.0
1320.0 2540.0
1290.0 1889.0
107.0 1765.0
753.0 2105.0
954.0 2179.0
668.0 922.0
890.0 2126.0
4432.0 3275.0
2993.0 3381.0
951.0 1402.0
504.0 1576.0
1490.0 1239.0
1079.0 1279.0
3055.0 3179.0
3349.0 3926.0
3702.0 3381.0
44.0 2110.0
107.0 214.0
1326.0 1501.0
1014.0 2067.0
3085.0 3174.0
2832.0 1088.0
1711.0 2548.0
1607.0 2855.0
467.0 69.0
4035.0 4477.0
4167.0 3170.0
2043.0 698.0
3003.0 4477.0
4122.0 3798.0
1804.0 2241.0
3533.0 3711.0
2225.0 919.0
3277.0 4595.0
1272.0 4477.0
694.0 2386.0
3545.0 3584.0
1743.0 1065.0
4585.0 3811.0
727.0 1706.0
3082.0 4370.0
1328.0 1639.0
67.0 399.0
310.0 2208.0
850.0 1149.0
2378.0 2652.0
4481.0 3478.0
2804.0 4477.0
2789.0 2432.0
3386.0 3476.0
3416.0 3965.0
2904.0 418.0
1322.0 502.0
3467.0 4161.0
2015.0 2690.0
3896.0 3282.0
44.0 2209.0
1875.0 1437.0
501.0 749.0
3923.0 3026.0
2511.0 64.0
3092.0 3214.0
4032.0 3627.0
772.0 2125.0
3439.0 4367.0
3616.0 4255.0
535.0 1896.0
2340.0 1470.0
4392.0 4650.0
3494.0 3014.0
1406.0 2550.0
1049.0 1409.0
798.0 1495.0
3779.0 4020.0
175.0 2698.0
3134.0 4154.0
1798.0 1685.0
49.0 1760.0
3288.0 3307.0
2670.0 172.0
785.0 2527.0
199.0 275.0
4060.0 4216.0
3306.0 4020.0
3851.0 3725.0
2227.0 147.0
2220.0 454.0
1369.0 1398.0
194.0 1367.0
3518.0 3611.0
2313.0 2875.0
2985.0 3794.0
1890.0 1082.0
393.0 1743.0
313.0 1266.0
342.0 1704.0
3648.0 4400.0
2113.0 4477.0
4648.0 2977.0
3165.0 4337.0
178.0 2856.0
336.0 1928.0
2656.0 1952.0
3538.0 3982.0
4657.0 4460.0
177.0 988.0
3318.0 4134.0
3872.0 4641.0
2330.0 4477.0
1449.0 2188.0
374.0 1795.0
498.0 3147.0
4387.0 3877.0
3080.0 2944.0
2384.0 2777.0
842.0 194.0
3574.0 4139.0
890.0 1733.0
4271.0 3950.0
105.0 2864.0
647.0 1263.0
1195.0 1139.0
3070.0 4653.0
2388.0 408.0
2870.0 2027.0
2121.0 2154.0
3305.0 3125.0
1001.0 1207.0
1507.0 2048.0
2537.0 224.0
1424.0 2457.0
1266.0 1640.0
2076.0 347.0
3358.0 3832.0
433.0 921.0
348.0 956.0
4030.0 4102.0
765.0 1463.0
1537.0 2319.0
3368.0 3685.0
2169.0 2367.0
2868.0 2191.0
2023.0 2854.0
2595.0 2726.0
904.0 1990.0
3312.0 3429.0
3598.0 3259.0
3085.0 3320.0
4519.0 3428.0
2358.0 1202.0
3674.0 3014.0
506.0 1775.0
3941.0 3566.0
2702.0 1141.0
2655.0 1754.0
144.0 2314.0
2782.0 1286.0
4113.0 4094.0
1069.0 1581.0
1835.0 817.0
1405.0 4477.0
2130.0 2664.0
3633.0 4480.0
1588.0 1485.0
2530.0 1162.0
4129.0 4616.0
373.0 322.0
1276.0 1547.0
3982.0 3874.0
330.0 1740.0
4518.0 3230.0
2054.0 1081.0
1296.0 2776.0
36.0 1398.0
1994.0 2230.0
1311.0 2401.0
3041.0 3934.0
1212.0 1119.0
1408.0 661.0
3208.0 3089.0
2372.0 97.0
3183.0 4188.0
1013.0 1920.0
4411.0 4668.0
4123.0 4399.0
4107.0 4304.0
4028.0 4469.0
2530.0 2602.0
2422.0 1161.0
2190.0 1133.0
106.0 1491.0
1432.0 1474.0
4352.0 4391.0
1206.0 1855.0
3135.0 4457.0
549.0 2883.0
58.0 724.0
2163.0 1664.0
11.0 1635.0
3738.0 3139.0
1490.0 2253.0
1921.0 2370.0
3838.0 3009.0
3464.0 3145.0
3171.0 3639.0
3822.0 4516.0
3584.0 4477.0
688.0 906.0
3894.0 4355.0
1078.0 423.0
2383.0 3869.0
2170.0 720.0
3620.0 4412.0
2901.0 626.0
1972.0 775.0
3497.0 3881.0
4414.0 4621.0
4681.0 3595.0
4465.0 4619.0
1253.0 201.0
4372.0 3945.0
265.0 1209.0
1205.0 1447.0
396.0 1743.0
123.0 2423.0
1498.0 1881.0
668.0 1749.0
393.0 1118.0
4023.0 3917.0
2319.0 2243.0
4619.0 4515.0
1544.0 303.0
47.0 1130.0
3600.0 4401.0
3575.0 4272.0
261.0 1276.0
2818.0 2722.0
2306.0 548.0
671.0 2698.0
131.0 2512.0
3532.0 4504.0
2692.0 2158.0
3681.0 3609.0
1504.0 2859.0
3475.0 3669.0
2030.0 893.0
4407.0 4502.0
891.0 404.0
3143.0 4336.0
602.0 1714.0
1435.0 322.0
92.0 561.0
4401.0 3310.0
459.0 475.0
483.0 1506.0
410.0 1314.0
4431.0 3878.0
1110.0 1201.0
2923.0 3989.0
3779.0 4292.0
4248.0 3348.0
4366.0 3428.0
4288.0 4317.0
1135.0 1402.0
4324.0 4383.0
361.0 2386.0
1190.0 2614.0
280.0 2510.0
375.0 2125.0
3755.0 4477.0
2867.0 2477.0
2827.0 966.0
3860.0 3465.0
3058.0 3955.0
461.0 2322.0
3263.0 3406.0
1918.0 1286.0
2733.0 431.0
3254.0 2926.0
2915.0 3649.0
824.0 943.0
954.0 2296.0
520.0 379.0
1532.0 2255.0
2846.0 1277.0
507.0 1328.0
3023.0 4361.0
3745.0 4457.0
1402.0 2322.0
1459.0 943.0
4300.0 4389.0
3322.0 3684.0
34.0 2325.0
815.0 2514.0
3803.0 4477.0
3040.0 4042.0
716.0 1567.0
1217.0 543.0
226.0 1410.0
3674.0 3646.0
116.0 1721.0
204.0 185.0
830.0 1446.0
4344.0 3466.0
107.0 1410.0
2038.0 1571.0
3510.0 3280.0
3929.0 3633.0
1955.0 1889.0
4085.0 3324.0
4458.0 4618.0
64.0 2210.0
1782.0 1216.0
3746.0 4212.0
297.0 804.0
3810.0 3923.0
3912.0 4407.0
4295.0 4477.0
1392.0 1737.0
2510.0 619.0
361.0 4477.0
369.0 44.0
1542.0 2560.0
4579.0 3187.0
613.0 4477.0
812.0 862.0
2153.0 1067.0
2010.0 1122.0
1143.0 1573.0
3483.0 4502.0
4221.0 3582.0
1571.0 626.0
2549.0 407.0
3274.0 4148.0
812.0 687.0
1842.0 2513.0
3425.0 3510.0
2778.0 2262.0
4138.0 3961.0
364.0 2561.0
4029.0 4502.0
1569.0 318.0
2565.0 4477.0
2657.0 130.0
2872.0 217.0
1457.0 1828.0
552.0 972.0
2033.0 1994.0
394.0 581.0
3474.0 3782.0
2251.0 2479.0
1417.0 2391.0
1404.0 1639.0
1762.0 4477.0
424.0 290.0
1613.0 650.0
2496.0 4477.0
4378.0 4487.0
3036.0 3221.0
1412.0 2697.0
1201.0 2760.0
3322.0 3714.0
457.0 953.0
346.0 843.0
1441.0 437.0
4148.0 3780.0
2360.0 1523.0
1610.0 2262.0
1500.0 4477.0
3000.0 3429.0
1875.0 2173.0
1035.0 4477.0
3899.0 3986.0
2138.0 2185.0
1041.0 820.0
299.0 781.0
442.0 1734.0
36.0 603.0
1656.0 1875.0
3039.0 4487.0
1840.0 1634.0
2973.0 3366.0
297.0 1231.0
2316.0 1895.0
2777.0 2149.0
617.0 2229.0
509.0 2827.0
200.0 2302.0
3720.0 3182.0
4187.0 4300.0
2228.0 827.0
3283.0 4290.0
4159.0 3009.0
228.0 2844.0
3286.0 3321.0
3943.0 4020.0
4087.0 2958.0
1261.0 964.0
958.0 1571.0
74.0 1724.0
3333.0 4408.0
158.0 2475.0
2553.0 2881.0
2526.0 4477.0
1405.0 3147.0
1615.0 1905.0
3843.0 3177.0
2516.0 333.0
814.0 2771.0
3379.0 3003.0
716.0 725.0
2968.0 4380.0
408.0 195.0
203.0 1067.0
512.0 685.0
3864.0 3389.0
185.0 1903.0
1986.0 2063.0
3421.0 4384.0
4577.0 4526.0
2294.0 2509.0
4280.0 4035.0
4195.0 3210.0
1001.0 2217.0
2901.0 2420.0
2578.0 1995.0
1202.0 1082.0
3347.0 4477.0
963.0 2091.0
3488.0 4385.0
2930.0 3468.0
3786.0 3389.0
125.0 442.0
1623.0 2459.0
11.0 654.0
2253.0 2606.0
762.0 186.0
1461.0 2188.0
3490.0 4379.0
1593.0 1485.0
3550.0 3243.0
3018.0 3468.0
437.0 1997.0
153.0 1097.0
1456.0 2645.0
1661.0 1239.0
55.0 1283.0
2427.0 2100.0
4590.0 3011.0
1471.0 1967.0
167.0 454.0
4653.0 4477.0
879.0 2479.0
4414.0 3824.0
1656.0 2510.0
4541.0 3216.0
1496.0 1533.0
2237.0 1717.0
2830.0 1977.0
737.0 4461.0
746.0 1017.0
1311.0 2240.0
1006.0 2640.0
2405.0 2697.0
1063.0 1495.0
1466.0 1653.0
689.0 2184.0
800.0 1558.0
2484.0 2902.0
174.0 1956.0
821.0 2698.0
523.0 2331.0
4318.0 3874.0
2434.0 2539.0
400.0 1743.0
418.0 2628.0
2497.0 3101.0
3021.0 4380.0
2010.0 1845.0
4187.0 4407.0
2361.0 2188.0
4558.0 3607.0
3454.0 4312.0
4636.0 4348.0
1207.0 1284.0
3962.0 4286.0
1741.0 2500.0
3796.0 3912.0
963.0 509.0
729.0 2246.0
4257.0 3229.0
2184.0 2087.0
3864.0 4037.0
447.0 4477.0
202.0 751.0
1069.0 827.0
3352.0 3853.0
4531.0 3847.0
1998.0 4477.0
312.0 366.0
1392.0 1558.0
3677.0 4477.0
4236.0 4477.0
462.0 1881.0
2195.0 427.0
1342.0 2876.0
3660.0 4020.0
1560.0 1541.0
784.0 2127.0
2371.0 1842.0
3140.0 4382.0
3673.0 3061.0
1390.0 2777.0
4248.0 4256.0
2005.0 570.0
3829.0 4422.0
880.0 2010.0
3969.0 3121.0
1099.0 2424.0
4076.0 3713.0
120.0 2664.0
1014.0 2142.0
1248.0 1703.0
4257.0 3634.0
593.0 1698.0
2727.0 116.0
1736.0 4477.0
3679.0 4477.0
2687.0 743.0
36.0 1880.0
1478.0 2497.0
2789.0 888.0
1395.0 2107.0
1362.0 2490.0
404.0 761.0
1240.0 2850.0
2212.0 2369.0
4560.0 3335.0
1169.0 1257.0
2726.0 2575.0
4215.0 4065.0
698.0 2726.0
814.0 1088.0
996.0 2601.0
4583.0 3509.0
306.0 1158.0
2156.0 2759.0
4392.0 3701.0
510.0 345.0
2100.0 2639.0
4467.0 3057.0
617.0 1457.0
4329.0 4477.0
406.0 1791.0
4010.0 4129.0
2356.0 1740.0
4633.0 4020.0
4530.0 3950.0
428.0 2687.0
1154.0 1508.0
4315.0 4381.0
833.0 1698.0
4196.0 3201.0
582.0 1401.0
4164.0 4318.0
3040.0 4163.0
157.0 245.0
565.0 2635.0
4140.0 4477.0
730.0 4477.0
1763.0 129.0
2687.0 2905.0
4539.0 4074.0
4306.0 4003.0
1973.0 2759.0
475.0 2582.0
4190.0 3104.0
3234.0 4410.0
1322.0 2554.0
1393.0 1745.0
3908.0 4568.0
856.0 2738.0
457.0 2682.0
3116.0 3831.0
3959.0 3434.0
3731.0 3653.0
134.0 761.0
3154.0 4326.0
2801.0 1773.0
3582.0 4415.0
692.0 1222.0
2512.0 943.0
4106.0 4074.0
2532.0 2389.0
1230.0 1279.0
4306.0 3459.0
2643.0 1440.0
2540.0 2845.0
261.0 858.0
992.0 478.0
3544.0 3675.0
1039.0 2657.0
188.0 1678.0
4358.0 3459.0
3960.0 4040.0
2110.0 2451.0
1300.0 2403.0
3036.0 4029.0
4464.0 3119.0
3679.0 3166.0
3546.0 3850.0
3269.0 4666.0
2766.0 717.0
1242.0 1661.0
2828.0 442.0
1597.0 2523.0
1622.0 760.0
121.0 2235.0
3075.0 3208.0
4082.0 4074.0
2878.0 351.0
2171.0 889.0
1129.0 531.0
2961.0 3794.0
177.0 1170.0
117.0 299.0
2693.0 2726.0
1007.0 2077.0
2828.0 4477.0
3443.0 3330.0
1412.0 1802.0
963.0 2333.0
554.0 632.0
2652.0 1202.0
3009.0 3032.0
4683.0 3978.0
893.0 897.0
1181.0 1379.0
4038.0 3896.0
1075.0 2473.0
656.0 482.0
4584.0 4418.0
334.0 1021.0
2167.0 3212.0
3634.0 3791.0
2530.0 2003.0
1549.0 2874.0
3808.0 4115.0
2521.0 2789.0
3305.0 4477.0
4096.0 3727.0
429.0 1547.0
2054.0 1946.0
1828.0 1119.0
2779.0 2904.0
2196.0 2326.0
202.0 2064.0
2149.0 1081.0
1635.0 2296.0
3930.0 4020.0
2382.0 2690.0
3469.0 4561.0
1779.0 1153.0
188.0 1039.0
2073.0 817.0
1508.0 2028.0
1319.0 914.0
3254.0 3680.0
1988.0 2742.0
2069.0 1996.0
2844.0 594.0
4495.0 3277.0
662.0 2386.0
1957.0 2665.0
2034.0 1802.0
2735.0 1050.0
459.0 848.0
237.0 2662.0
2411.0 3592.0
2715.0 1286.0
3555.0 4477.0
4216.0 4477.0
3786.0 4087.0
2833.0 2840.0
2279.0 381.0
515.0 2481.0
325.0 1999.0
4075.0 4402.0
721.0 1062.0
740.0 2496.0
1280.0 2774.0
4464.0 3443.0
1729.0 1855.0
2025.0 1462.0
832.0 2850.0
1898.0 1602.0
3198.0 4129.0
951.0 171.0
867.0 201.0
2980.0 3059.0
2931.0 3259.0
1855.0 1443.0
2080.0 2118.0
884.0 658.0
4156.0 3179.0
1554.0 4477.0
916.0 2692.0
3477.0 3816.0
2371.0 2665.0
1962.0 2036.0
3141.0 4581.0
4341.0 4407.0
3274.0 4271.0
2996.0 4469.0
3297.0 3457.0
2258.0 2454.0
410.0 4477.0
4369.0 3989.0
2139.0 557.0
1562.0 2089.0
3623.0 3459.0
1716.0 318.0
4367.0 4547.0
36.0 1539.0
630.0 4477.0
3396.0 4614.0
1326.0 2774.0
831.0 2389.0
3995.0 4344.0
2844.0 503.0
1563.0 1816.0
3840.0 4549.0
3493.0 3610.0
2200.0 1230.0
2929.0 4401.0
3012.0 3561.0
2887.0 1470.0
3432.0 4139.0
3064.0 4129.0
1255.0 1639.0
3489.0 3886.0
3926.0 3177.0
3988.0 3521.0
3583.0 4020.0
1143.0 1505.0
1300.0 2591.0
1426.0 1770.0
3448.0 3447.0
1117.0 1402.0
3760.0 4477.0
1688.0 2004.0
3150.0 4372.0
82.0 2869.0
4259.0 3429.0
926.0 201.0
2794.0 1899.0
1099.0 4020.0
3435.0 4267.0
4464.0 3297.0
3777.0 3989.0
4257.0 3312.0
33.0 2726.0
2419.0 1305.0
4421.0 4669.0
2178.0 1385.0
4329.0 2958.0
3499.0 3540.0
1958.0 2812.0
4682.0 4617.0
4267.0 3567.0
1417.0 1022.0
3464.0 3379.0
115.0 1849.0
1325.0 1089.0
2499.0 2631.0
994.0 1457.0
82.0 121.0
3078.0 3039.0
3855.0 4349.0
3774.0 4319.0
4360.0 4187.0
978.0 2320.0
3692.0 3653.0
3055.0 3296.0
2876.0 287.0
321.0 668.0
3536.0 4477.0
1307.0 1077.0
2796.0 1852.0
1557.0 303.0
4552.0 3177.0
2610.0 640.0
589.0 2027.0
334.0 424.0
401.0 2786.0
2205.0 2262.0
3567.0 4627.0
1016.0 2106.0
2568.0 4477.0
418.0 2714.0
1303.0 2031.0
2944.0 3755.0
3959.0 3117.0
819.0 462.0
329.0 1812.0
2854.0 2900.0
3864.0 4502.0
3032.0 4273.0
3966.0 4015.0
568.0 2253.0
267.0 401.0
230.0 431.0
111.0 2119.0
3116.0 3032.0
876.0 1993.0
3943.0 4632.0
835.0 4477.0
849.0 2714.0
4309.0 4487.0
1035.0 606.0
3127.0 3606.0
1065.0 502.0
798.0 2074.0
3785.0 2965.0
687.0 2772.0
2015.0 2145.0
2539.0 2665.0
642.0 2479.0
4238.0 2972.0
2609.0 3293.0
536.0 153.0
4432.0 4477.0
348.0 1122.0
614.0 306.0
1619.0 2591.0
1884.0 1900.0
3648.0 3069.0
3056.0 3308.0
159.0 386.0
1548.0 2751.0
3102.0 3543.0
1036.0 1228.0
2240.0 1773.0
2358.0 1889.0
2280.0 2755.0
2785.0 2884.0
983.0 2002.0
368.0 2739.0
480.0 1661.0
4077.0 4487.0
2800.0 1917.0
831.0 2850.0
2122.0 238.0
3483.0 3014.0
3657.0 288.0
2852.0 1989.0
1068.0 1736.0
3017.0 3765.0
2447.0 2797.0
1491.0 79.0
1875.0 2873.0
1280.0 2053.0
1353.0 2650.0
4273.0 4527.0
3784.0 4477.0
1690.0 2058.0
2223.0 201.0
1591.0 1474.0
3840.0 4328.0
4017.0 4326.0
482.0 2401.0
1381.0 1590.0
175.0 1687.0
2201.0 1377.0
3398.0 3114.0
4079.0 3571.0
2079.0 1901.0
2805.0 1605.0
2795.0 2719.0
195.0 4477.0
1342.0 287.0
3039.0 3574.0
1411.0 2457.0
1986.0 1450.0
2995.0 3301.0
3093.0 4208.0
2180.0 437.0
3524.0 3879.0
3684.0 4103.0
1612.0 2601.0
4575.0 4477.0
3009.0 3178.0
1855.0 405.0
2429.0 898.0
3396.0 4681.0
4249.0 3107.0
3686.0 3664.0
1086.0 713.0
3226.0 3096.0
319.0 1745.0
3017.0 4020.0
134.0 678.0
2077.0 1066.0
950.0 1293.0
486.0 1301.0
3022.0 3366.0
2613.0 1440.0
1648.0 1702.0
2749.0 1516.0
152.0 2284.0
354.0 2814.0
2591.0 2267.0
2023.0 1474.0
4319.0 3592.0
168.0 2526.0
228.0 1346.0
3655.0 3170.0
1164.0 2320.0
898.0 1189.0
681.0 1388.0
4339.0 3200.0
1006.0 2612.0
858.0 1590.0
4357.0 3507.0
3924.0 4426.0
268.0 1279.0
3754.0 4477.0
3779.0 3829.0
363.0 418.0
4242.0 4524.0
196.0 1574.0
1778.0 2181.0
2015.0 2726.0
130.0 752.0
705.0 1315.0
3017.0 4181.0
90.0 814.0
667.0 2599.0
1984.0 925.0
3298.0 4003.0
4657.0 4480.0
2276.0 2097.0
2866.0 45.0
2240.0 2378.0
1128.0 752.0
1952.0 609.0
1580.0 367.0
835.0 2786.0
3310.0 4316.0
4546.0 3178.0
339.0 1480.0
3676.0 4117.0
3861.0 3178.0
361.0 419.0
758.0 1619.0
4139.0 4480.0
4631.0 3067.0
80.0 108.0
799.0 1812.0
388.0 2664.0
350.0 2812.0
563.0 1490.0
326.0 2691.0
293.0 1855.0
3491.0 4218.0
1100.0 2531.0
4591.0 4334.0
1329.0 859.0
3016.0 3157.0
453.0 1227.0
327.0 1104.0
4182.0 4208.0
1389.0 2086.0
3676.0 4472.0
4226.0 4410.0
225.0 1938.0
2184.0 2524.0
2827.0 2279.0
2553.0 362.0
4381.0 4460.0
310.0 2044.0
2772.0 2817.0
3033.0 3169.0
1939.0 1400.0
3401.0 3799.0
3427.0 3907.0
3404.0 4489.0
265.0 2382.0
2732.0 2873.0
723.0 632.0
728.0 2406.0
3486.0 3216.0
2397.0 1787.0
861.0 2656.0
1066.0 358.0
38.0 519.0
2334.0 2198.0
469.0 1973.0
533.0 2751.0
1289.0 2118.0
551.0 1558.0
1201.0 1556.0
981.0 4477.0
36.0 749.0
3038.0 3389.0
4514.0 4061.0
188.0 1599.0
661.0 1956.0
2657.0 1335.0
89.0 2257.0
2751.0 4020.0
3710.0 4108.0
413.0 2602.0
2684.0 1339.0
484.0 2791.0
2803.0 1500.0
2920.0 3377.0
1144.0 201.0
1216.0 1021.0
3408.0 4339.0
4119.0 4245.0
3640.0 3445.0
3582.0 4139.0
2001.0 2028.0
535.0 1097.0
3969.0 3909.0
95.0 367.0
2935.0 4368.0
212.0 2075.0
3734.0 3807.0
4389.0 3009.0
730.0 2207.0
2687.0 2333.0
18.0 4477.0
2230.0 1812.0
1403.0 1841.0
793.0 2442.0
62.0 1268.0
2713.0 2814.0
2677.0 2628.0
883.0 1021.0
891.0 1274.0
4588.0 4027.0
125.0 1281.0
1608.0 2625.0
3961.0 4166.0
4505.0 2950.0
669.0 1812.0
670.0 1499.0
588.0 1437.0
2668.0 2027.0
2712.0 1950.0
4285.0 4616.0
1237.0 1774.0
3930.0 3614.0
344.0 894.0
2184.0 613.0
1739.0 2309.0
1474.0 2602.0
4397.0 3618.0
3274.0 4125.0
1994.0 665.0
3181.0 4128.0
128.0 417.0
758.0 1462.0
1840.0 1869.0
1669.0 4477.0
2122.0 1588.0
911.0 160.0
85.0 2246.0
4274.0 3203.0
176.0 2253.0
4266.0 3109.0
2395.0 502.0
4591.0 4635.0
4428.0 3528.0
47.0 1743.0
4265.0 4020.0
4337.0 4014.0
3078.0 3234.0
3143.0 4054.0
4394.0 3213.0
1668.0 634.0
1798.0 333.0
1350.0 2203.0
3101.0 3685.0
3538.0 4477.0
1711.0 2027.0
2417.0 1605.0
3403.0 3752.0
1610.0 217.0
4549.0 3012.0
966.0 1501.0
3348.0 4158.0
895.0 2507.0
3224.0 3695.0
767.0 2610.0
2071.0 583.0
1334.0 141.0
534.0 932.0
2216.0 214.0
3947.0 3764.0
477.0 1944.0
1218.0 2697.0
3443.0 4477.0
187.0 2373.0
4055.0 4182.0
3843.0 4103.0
3620.0 4573.0
634.0 1812.0
2408.0 2113.0
3137.0 3845.0
1131.0 2781.0
977.0 1180.0
3784.0 4250.0
4306.0 4337.0
231.0 1127.0
658.0 2457.0
222.0 1599.0
2950.0 3894.0
2199.0 3377.0
3913.0 3144.0
2006.0 650.0
3997.0 4308.0
3505.0 3864.0
1666.0 1437.0
1155.0 2420.0
1254.0 2423.0
4579.0 3324.0
1230.0 2043.0
1946.0 979.0
3376.0 3394.0
1935.0 2173.0
3511.0 3424.0
4614.0 3490.0
461.0 1615.0
3066.0 4070.0
1072.0 2056.0
3123.0 3511.0
2634.0 94.0
3510.0 3738.0
3001.0 3957.0
3643.0 4041.0
47.0 1378.0
1962.0 141.0
543.0 2479.0
3879.0 4652.0
1704.0 2959.0
3451.0 4139.0
3510.0 4577.0
2290.0 398.0
882.0 1617.0
4394.0 3726.0
504.0 2508.0
1006.0 193.0
1747.0 1842.0
163.0 1258.0
2190.0 395.0
2385.0 1717.0
2587.0 2805.0
1328.0 2075.0
110.0 529.0
875.0 2826.0
3493.0 3014.0
3862.0 3195.0
4339.0 3457.0
3372.0 3522.0
4126.0 3326.0
3136.0 3464.0
253.0 1139.0
802.0 2552.0
2878.0 1980.0
3868.0 4351.0
2685.0 2545.0
1138.0 2673.0
1076.0 2805.0
2658.0 4403.0
1216.0 2091.0
4653.0 3130.0
465.0 2726.0
2859.0 654.0
2075.0 1317.0
3927.0 2998.0
4547.0 4347.0
236.0 1432.0
867.0 977.0
1744.0 2522.0
3243.0 3669.0
793.0 982.0
493.0 1463.0
1379.0 2091.0
4503.0 4477.0
634.0 1357.0
4272.0 4207.0
3343.0 4600.0
316.0 649.0
4677.0 4647.0
3589.0 4148.0
3853.0 4584.0
3494.0 4349.0
3308.0 4235.0
3905.0 4368.0
3054.0 3570.0
4506.0 4224.0
2999.0 3272.0
1401.0 2196.0
277.0 928.0
1255.0 2786.0
768.0 1555.0
689.0 619.0
2924.0 3058.0
1675.0 2782.0
4459.0 3731.0
4355.0 4602.0
3997.0 3679.0
745.0 1889.0
156.0 48.0
3397.0 3905.0
3451.0 4477.0
4614.0 2999.0
3219.0 3385.0
4517.0 3216.0
2657.0 176.0
3100.0 3524.0
2829.0 867.0
129.0 468.0
4617.0 3477.0
3674.0 4140.0
3280.0 3531.0
4268.0 3510.0
3505.0 3528.0
1863.0 2330.0
4368.0 4348.0
1798.0 2290.0
1159.0 4477.0
3243.0 4171.0
147.0 185.0
3036.0 4449.0
3254.0 3760.0
219.0 1646.0
1087.0 4477.0
645.0 649.0
399.0 1629.0
2615.0 1963.0
1266.0 846.0
4552.0 3014.0
3392.0 3993.0
3290.0 3078.0
2510.0 2668.0
929.0 1855.0
3563.0 4616.0
3820.0 3821.0
173.0 1411.0
413.0 1809.0
1310.0 201.0
2329.0 2184.0
4110.0 3296.0
4517.0 3755.0
340.0 2590.0
4536.0 4586.0
2094.0 4477.0
469.0 1054.0
209.0 2647.0
2023.0 1066.0
3915.0 4477.0
2646.0 2761.0
894.0 1973.0
4059.0 4235.0
3629.0 3681.0
2843.0 1498.0
61.0 644.0
3964.0 4266.0
2740.0 2575.0
874.0 1754.0
1260.0 1429.0
1612.0 402.0
3601.0 3764.0
2002.0 4477.0
1504.0 1889.0
559.0 420.0
1781.0 2695.0
3779.0 3347.0
1186.0 713.0
4288.0 4239.0
236.0 439.0
3932.0 4477.0
1770.0 1745.0
1544.0 97.0
3110.0 3192.0
4119.0 3420.0
913.0 1109.0
3464.0 4498.0
3469.0 3873.0
1606.0 4020.0
3153.0 4308.0
2535.0 431.0
4464.0 4027.0
1811.0 2869.0
3678.0 4550.0
3730.0 4575.0
2567.0 2809.0
64.0 797.0
3036.0 4502.0
768.0 1092.0
2384.0 2693.0
3448.0 3512.0
2923.0 4648.0
1254.0 710.0
3681.0 3320.0
699.0 941.0
2090.0 1284.0
3162.0 3855.0
2829.0 1383.0
774.0 1470.0
3700.0 4603.0
4166.0 3758.0
1935.0 1685.0
646.0 936.0
2368.0 2693.0
168.0 153.0
1146.0 1492.0
1692.0 1980.0
3053.0 3968.0
1979.0 2283.0
850.0 1081.0
3860.0 3890.0
2376.0 1230.0
537.0 2664.0
3559.0 4586.0
1524.0 1599.0
2200.0 2395.0
2412.0 445.0
3512.0 3874.0
509.0 2333.0
1624.0 2330.0
1619.0 2025.0
1945.0 843.0
1307.0 1743.0
4577.0 4660.0
2553.0 2876.0
1638.0 2191.0
98.0 2855.0
4262.0 4318.0
1975.0 1494.0
4249.0 4337.0
2911.0 3964.0
99.0 847.0
534.0 759.0
2889.0 1462.0
2982.0 4086.0
4558.0 4477.0
306.0 1127.0
1808.0 1377.0
1223.0 167.0
230.0 1161.0
3246.0 4477.0
1413.0 1107.0
541.0 2386.0
1349.0 1899.0
4271.0 4502.0
407.0 1902.0
3851.0 3394.0
2145.0 87.0
1163.0 719.0
3646.0 4074.0
360.0 1021.0
3201.0 4244.0
163.0 1463.0
4057.0 4282.0
914.0 1503.0
4283.0 4667.0
2287.0 1745.0
3787.0 3537.0
62.0 682.0
2118.0 2628.0
3569.0 3752.0
1391.0 563.0
4663.0 4226.0
1253.0 1560.0
1795.0 2453.0
4519.0 3069.0
2696.0 613.0
4152.0 3986.0
3064.0 3411.0
2079.0 1456.0
312.0 1863.0
2290.0 4477.0
4152.0 4020.0
3273.0 3510.0
649.0 1506.0
1600.0 3804.0
1105.0 1462.0
114.0 1993.0
2662.0 889.0
351.0 1920.0
3545.0 4117.0
233.0 1045.0
663.0 1919.0
2560.0 1517.0
3459.0 3487.0
4100.0 3768.0
781.0 1021.0
465.0 1752.0
3110.0 4514.0
4015.0 4678.0
3609.0 4245.0
1762.0 423.0
2673.0 317.0
2009.0 2497.0
4571.0 3908.0
1496.0 2662.0
3416.0 4354.0
13.0 214.0
463.0 2123.0
69.0 2184.0
2228.0 1855.0
677.0 2691.0
3511.0 3503.0
242.0 1672.0
3260.0 3229.0
3253.0 4469.0
140.0 335.0
2989.0 3061.0
4635.0 2974.0
2759.0 2452.0
3054.0 3014.0
3323.0 3773.0
4448.0 4477.0
3135.0 3381.0
2501.0 1436.0
3747.0 4020.0
2639.0 2243.0
852.0 1946.0
2668.0 2329.0
4536.0 3390.0
2435.0 4020.0
3595.0 3095.0
3292.0 4477.0
436.0 877.0
4098.0 3580.0
3843.0 3595.0
1842.0 482.0
4501.0 3209.0
390.0 1286.0
3225.0 3978.0
3368.0 2955.0
508.0 294.0
3674.0 4640.0
1680.0 2541.0
2678.0 1614.0
1902.0 2515.0
2890.0 197.0
2385.0 2673.0
2520.0 4477.0
3031.0 3695.0
1620.0 1462.0
2086.0 759.0
103.0 2262.0
81.0 790.0
755.0 904.0
4517.0 3863.0
4401.0 4096.0
121.0 1492.0
242.0 802.0
1612.0 4477.0
4054.0 4229.0
2852.0 2873.0
3561.0 3764.0
2373.0 1946.0
1067.0 2278.0
218.0 510.0
631.0 2353.0
3603.0 3537.0
1217.0 613.0
3056.0 3221.0
312.0 2611.0
3225.0 4448.0
311.0 4477.0
2356.0 1737.0
3311.0 4568.0
151.0 944.0
129.0 2341.0
537.0 1542.0
4220.0 4477.0
2093.0 2131.0
1323.0 4477.0
1825.0 766.0
1196.0 2481.0
4110.0 4096.0
171.0 1615.0
2255.0 2253.0
4420.0 3429.0
327.0 2659.0
968.0 2232.0
2111.0 1396.0
1917.0 4477.0
3140.0 3775.0
3038.0 3364.0
469.0 952.0
3315.0 3637.0
51.0 4477.0
2705.0 1286.0
2000.0 378.0
2033.0 2679.0
1686.0 2157.0
3997.0 3119.0
1449.0 1368.0
4560.0 3117.0
1939.0 2253.0
1056.0 1415.0
3956.0 4666.0
1437.0 1870.0
2480.0 1475.0
880.0 2118.0
3711.0 3276.0
4043.0 3282.0
1251.0 2260.0
1335.0 361.0
1398.0 2320.0
1722.0 955.0
4279.0 4436.0
98.0 1723.0
2604.0 2817.0
1661.0 2843.0
34.0 1619.0
873.0 4020.0
3036.0 3199.0
1224.0 2679.0
3022.0 3580.0
3861.0 4261.0
1751.0 2374.0
2617.0 1904.0
389.0 2211.0
394.0 2470.0
3239.0 3029.0
2819.0 1529.0
4459.0 4393.0
467.0 898.0
4118.0 3388.0
1016.0 2039.0
1359.0 1733.0
1582.0 541.0
84.0 2591.0
3596.0 3963.0
2016.0 1727.0
4139.0 4477.0
2012.0 236.0
1651.0 4477.0
2201.0 1202.0
4475.0 3217.0
3005.0 3017.0
3982.0 3385.0
3969.0 3011.0
373.0 2809.0
2205.0 817.0
2355.0 1214.0
465.0 798.0
3538.0 4547.0
1193.0 2382.0
859.0 4477.0
3823.0 3986.0
3961.0 3178.0
1255.0 1463.0
3681.0 4369.0
2395.0 650.0
1747.0 2665.0
1768.0 2525.0
3320.0 3609.0
4648.0 2973.0
585.0 1213.0
3529.0 3173.0
807.0 2402.0
797.0 2857.0
3964.0 4363.0
74.0 1090.0
3127.0 3145.0
1089.0 1824.0
398.0 1049.0
1430.0 1139.0
2665.0 2801.0
1958.0 2372.0
1844.0 1430.0
913.0 2062.0
65.0 1653.0
823.0 93.0
2258.0 2013.0
29.0 483.0
761.0 1705.0
267.0 201.0
2235.0 1685.0
2718.0 1653.0
1522.0 2039.0
502.0 2440.0
282.0 2457.0
4183.0 4494.0
2396.0 59.0
2351.0 307.0
4367.0 3349.0
3219.0 4477.0
3422.0 4561.0
2974.0 4504.0
821.0 2693.0
3883.0 3832.0
1762.0 688.0
801.0 536.0
612.0 1954.0
1179.0 2774.0
1648.0 2717.0
1507.0 1970.0
306.0 2031.0
3288.0 4013.0
3796.0 4206.0
1741.0 266.0
2009.0 2655.0
3111.0 4082.0
807.0 1825.0
1116.0 4020.0
1072.0 2165.0
2789.0 1832.0
603.0 2271.0
1092.0 222.0
3427.0 2957.0
3463.0 4018.0
2727.0 382.0
3524.0 4271.0
814.0 2664.0
365.0 1220.0
1342.0 947.0
4263.0 4480.0
1600.0 4473.0
3844.0 4334.0
745.0 1462.0
3843.0 4175.0
1243.0 1938.0
2148.0 2591.0
3370.0 4036.0
3733.0 3193.0
588.0 2574.0
861.0 2672.0
298.0 2855.0
2946.0 2942.0
865.0 2420.0
675.0 4477.0
1643.0 2397.0
110.0 1760.0
4339.0 4462.0
3430.0 3987.0
88.0 113.0
3385.0 3177.0
4195.0 3248.0
310.0 1190.0
3549.0 3173.0
321.0 2726.0
1246.0 402.0
496.0 40.0
2678.0 2527.0
4549.0 4477.0
2740.0 2726.0
3241.0 3607.0
1586.0 2121.0
1040.0 2482.0
3798.0 3364.0
2650.0 2347.0
3087.0 3968.0
2948.0 3791.0
2985.0 3546.0
3343.0 4502.0
3148.0 3650.0
642.0 1476.0
3775.0 4649.0
4663.0 4460.0
3092.0 3829.0
3454.0 2995.0
3009.0 4250.0
3969.0 4188.0
857.0 1005.0
1568.0 2884.0
2334.0 2310.0
1120.0 4437.0
3008.0 4301.0
4613.0 4477.0
225.0 1543.0
4630.0 3051.0
1770.0 2679.0
223.0 1803.0
3600.0 3139.0
330.0 564.0
209.0 1794.0
1772.0 4477.0
3687.0 4089.0
2800.0 1038.0
145.0 281.0
3722.0 4596.0
1422.0 2564.0
3786.0 3524.0
2961.0 4584.0
2512.0 4477.0
3210.0 4189.0
3979.0 4139.0
4648.0 2957.0
2157.0 2876.0
1160.0 2718.0
1621.0 1026.0
1939.0 1443.0
3041.0 4352.0
4306.0 4182.0
1496.0 1301.0
2244.0 2870.0
1739.0 1459.0
173.0 2519.0
2389.0 738.0
1531.0 1790.0
3972.0 3821.0
44.0 2518.0
17.0 1283.0
804.0 1844.0
44.0 1581.0
1648.0 2878.0
4632.0 3213.0
2687.0 2094.0
2317.0 1279.0
2408.0 2808.0
665.0 740.0
4277.0 3541.0
2187.0 1647.0
2225.0 1045.0
265.0 2690.0
3226.0 3372.0
2363.0 2446.0
4668.0 3444.0
3372.0 4417.0
3001.0 3891.0
2590.0 96.0
2303.0 2280.0
1575.0 4576.0
3276.0 4477.0
3040.0 3830.0
3254.0 3776.0
2996.0 3444.0
2348.0 2164.0
3912.0 3199.0
1893.0 1349.0
339.0 2003.0
967.0 2601.0
1180.0 2806.0
651.0 2142.0
103.0 1357.0
4234.0 4020.0
3927.0 4501.0
2523.0 2673.0
3738.0 3280.0
1810.0 1081.0
3447.0 4312.0
3040.0 4621.0
1914.0 2206.0
2105.0 502.0
3620.0 4411.0
30.0 1470.0
3816.0 4477.0
379.0 1088.0
62.0 1686.0
2407.0 548.0
653.0 96.0
4342.0 3540.0
4122.0 4088.0
90.0 1121.0
1805.0 4477.0
3909.0 3220.0
2557.0 722.0
3183.0 4264.0
2659.0 1399.0
4347.0 4477.0
3093.0 4129.0
467.0 2809.0
3381.0 3859.0
3430.0 3789.0
3789.0 3688.0
2617.0 2673.0
117.0 2743.0
150.0 2692.0
46.0 1852.0
1376.0 1408.0
4571.0 4345.0
134.0 2645.0
2168.0 4477.0
3528.0 3337.0
3510.0 3379.0
2419.0 1529.0
1160.0 1392.0
1378.0 1902.0
3253.0 3550.0
1529.0 1339.0
257.0 1500.0
304.0 2660.0
4509.0 2961.0
1262.0 2612.0
2669.0 2693.0
1267.0 26.0
1068.0 695.0
825.0 2873.0
4371.0 4413.0
3976.0 4055.0
4380.0 4349.0
3198.0 3665.0
128.0 3368.0
3907.0 4647.0
3402.0 4393.0
1302.0 1959.0
755.0 1729.0
1180.0 700.0
733.0 442.0
2700.0 4477.0
4444.0 4553.0
4540.0 3377.0
1557.0 2022.0
3149.0 3268.0
4156.0 3726.0
3538.0 4164.0
1631.0 2267.0
3144.0 3662.0
1672.0 2143.0
2340.0 630.0
1532.0 2316.0
360.0 2876.0
4406.0 3528.0
3367.0 4477.0
4373.0 3121.0
3518.0 3396.0
2890.0 1279.0
4588.0 2977.0
2765.0 2529.0
4028.0 4456.0
1929.0 122.0
2085.0 2677.0
4054.0 3483.0
4574.0 4392.0
1178.0 1192.0
3646.0 3653.0
4522.0 3980.0
1506.0 557.0
110.0 1470.0
3905.0 3486.0
3013.0 2987.0
2412.0 639.0
348.0 2367.0
509.0 536.0
4421.0 4209.0
1143.0 1381.0
1868.0 943.0
3128.0 3255.0
259.0 1191.0
2422.0 1604.0
3080.0 4507.0
2248.0 4477.0
2136.0 2303.0
378.0 412.0
1958.0 2326.0
95.0 2656.0
4081.0 4514.0
2700.0 2040.0
4678.0 3409.0
4161.0 3173.0
4537.0 3377.0
376.0 1897.0
3923.0 4568.0
1576.0 2585.0
98.0 1078.0
1612.0 2479.0
208.0 2157.0
2106.0 2384.0
4123.0 4279.0
3415.0 3877.0
2108.0 3969.0
4539.0 4349.0
4559.0 4083.0
1935.0 1049.0
565.0 744.0
3756.0 4020.0
2311.0 2572.0
4287.0 4313.0
4087.0 3098.0
125.0 404.0
898.0 2329.0
1399.0 502.0
1576.0 666.0
4007.0 4288.0
770.0 800.0
548.0 1852.0
1779.0 1065.0
1153.0 1018.0
3576.0 4208.0
2271.0 492.0
392.0 1566.0
907.0 1474.0
2965.0 4213.0
2093.0 2660.0
1454.0 2183.0
2878.0 1280.0
2437.0 1121.0
1006.0 195.0
3357.0 3438.0
1364.0 2228.0
3846.0 3349.0
1053.0 1889.0
3882.0 4598.0
971.0 1494.0
3241.0 4635.0
4556.0 4578.0
3447.0 4448.0
1028.0 307.0
2183.0 2497.0
2447.0 4477.0
921.0 1437.0
1998.0 361.0
2908.0 4530.0
360.0 2774.0
145.0 2151.0
1777.0 3029.0
2148.0 44.0
175.0 1270.0
3883.0 3017.0
1205.0 4477.0
2171.0 353.0
2750.0 4477.0
1444.0 1729.0
272.0 451.0
3215.0 3524.0
1931.0 4477.0
2153.0 1736.0
1691.0 3901.0
2992.0 3029.0
4163.0 3876.0
623.0 882.0
644.0 2631.0
4584.0 4255.0
610.0 1704.0
3580.0 4416.0
3005.0 4069.0
3252.0 4162.0
4052.0 3308.0
815.0 1878.0
979.0 482.0
1038.0 1377.0
3362.0 3959.0
757.0 1977.0
3757.0 4652.0
3783.0 4368.0
2859.0 1053.0
1765.0 4477.0
3366.0 4216.0
4097.0 3010.0
2984.0 4249.0
529.0 1729.0
1087.0 2184.0
1023.0 803.0
2365.0 48.0
3123.0 2911.0
1224.0 2794.0
1761.0 4477.0
4206.0 4502.0
3720.0 3036.0
1781.0 2198.0
3775.0 4486.0
951.0 549.0
2721.0 2472.0
1034.0 581.0
2519.0 1315.0
3501.0 3650.0
3722.0 4022.0
463.0 789.0
1025.0 827.0
2818.0 943.0
1842.0 2181.0
125.0 2374.0
2928.0 4498.0
129.0 2774.0
36.0 958.0
4578.0 4477.0
3133.0 3266.0
2168.0 2550.0
1185.0 1153.0
3873.0 3284.0
2619.0 4477.0
3874.0 4607.0
1535.0 1518.0
113.0 312.0
2223.0 304.0
2532.0 4477.0
2656.0 2672.0
1457.0 2789.0
4196.0 3509.0
1464.0 760.0
1280.0 1980.0
2224.0 1377.0
3581.0 4477.0
646.0 1231.0
1828.0 1491.0
876.0 2145.0
2458.0 846.0
1610.0 782.0
2030.0 583.0
3240.0 4020.0
3756.0 3862.0
369.0 746.0
1662.0 2577.0
4285.0 3346.0
898.0 2528.0
4395.0 4413.0
403.0 553.0
4068.0 4412.0
3058.0 4596.0
3298.0 4306.0
71.0 788.0
4499.0 4568.0
4465.0 4477.0
1673.0 1470.0
437.0 868.0
4232.0 4477.0
174.0 3969.0
3287.0 4680.0
3903.0 3702.0
335.0 1451.0
1743.0 1558.0
4472.0 3001.0
4405.0 4430.0
4363.0 4091.0
2790.0 1980.0
4635.0 4477.0
1306.0 4477.0
3778.0 3630.0
2926.0 4539.0
1897.0 2563.0
4119.0 3308.0
2878.0 1590.0
3822.0 4502.0
364.0 725.0
3343.0 3611.0
3072.0 4190.0
851.0 2389.0
1404.0 2700.0
1586.0 545.0
4325.0 3494.0
493.0 2320.0
1322.0 781.0
1188.0 178.0
1571.0 1770.0
2384.0 1202.0
4068.0 4430.0
3959.0 4139.0
2521.0 994.0
55.0 1612.0
3030.0 3163.0
2360.0 2777.0
1773.0 935.0
2313.0 1427.0
409.0 202.0
1381.0 1623.0
30.0 1427.0
3310.0 3726.0
2486.0 2676.0
4051.0 3204.0
500.0 1438.0
2911.0 3163.0
3883.0 3765.0
3722.0 4049.0
1829.0 2760.0
1378.0 1842.0
4644.0 3497.0
2358.0 4477.0
4120.0 3399.0
2293.0 1207.0
3528.0 3324.0
2557.0 2043.0
2184.0 908.0
3137.0 4020.0
497.0 1340.0
3381.0 4347.0
3811.0 3890.0
1335.0 1918.0
2634.0 1146.0
291.0 1638.0
2499.0 1317.0
1382.0 2634.0
1550.0 2430.0
1409.0 2726.0
2780.0 2048.0
710.0 287.0
4172.0 4197.0
4165.0 4477.0
1643.0 2527.0
2158.0 731.0
4091.0 3349.0
4504.0 3445.0
1459.0 4477.0
4044.0 3438.0
1771.0 2873.0
821.0 2513.0
29.0 1212.0
1661.0 2607.0
4592.0 3179.0
2225.0 1462.0
937.0 2025.0
523.0 587.0
4336.0 4502.0
4190.0 3545.0
1935.0 2660.0
4678.0 3177.0
3161.0 4159.0
1055.0 1070.0
4391.0 3047.0
1823.0 1013.0
3786.0 3038.0
1418.0 1531.0
390.0 955.0
2093.0 1830.0
465.0 2031.0
538.0 744.0
1803.0 2536.0
1842.0 2825.0
4141.0 4477.0
2115.0 2623.0
2597.0 1916.0
2661.0 1808.0
1451.0 2310.0
3085.0 3117.0
3952.0 4086.0
1227.0 1133.0
2778.0 853.0
1996.0 4477.0
1651.0 1541.0
2207.0 3742.0
1328.0 94.0
3001.0 4407.0
2505.0 4020.0
2012.0 2189.0
3285.0 4315.0
3301.0 4553.0
166.0 1329.0
3410.0 3570.0
4130.0 4157.0
374.0 2734.0
2632.0 626.0
2306.0 155.0
3158.0 3843.0
3399.0 3574.0
2755.0 1849.0
3396.0 3157.0
394.0 1076.0
400.0 1437.0
4444.0 4477.0
1040.0 1569.0
1417.0 2522.0
4577.0 3606.0
4117.0 4020.0
3138.0 3229.0
1774.0 2158.0
2675.0 4477.0
3340.0 4418.0
4234.0 3214.0
2184.0 2526.0
3731.0 3855.0
4532.0 3403.0
2688.0 818.0
1603.0 1725.0
2692.0 1859.0
2402.0 1067.0
971.0 1605.0
2972.0 4065.0
3427.0 3119.0
4431.0 3255.0
689.0 2027.0
178.0 378.0
2387.0 2137.0
11.0 1017.0
2607.0 203.0
351.0 2053.0
3189.0 3994.0
859.0 2448.0
3972.0 4317.0
1310.0 2046.0
2193.0 3185.0
1323.0 1507.0
1659.0 851.0
1842.0 454.0
3310.0 4477.0
1748.0 2412.0
3225.0 3309.0
2196.0 2484.0
3725.0 3603.0
2665.0 1796.0
3777.0 3112.0
1500.0 1605.0
4138.0 4317.0
3417.0 4524.0
1222.0 2626.0
3306.0 3510.0
3036.0 3308.0
2830.0 1692.0
2074.0 97.0
4428.0 4151.0
2401.0 476.0
3247.0 4048.0
874.0 2840.0
3141.0 4167.0
827.0 4477.0
2957.0 3364.0
919.0 1105.0
44.0 1873.0
2791.0 2117.0
4312.0 3409.0
3306.0 4502.0
3879.0 4647.0
4411.0 3567.0
3161.0 4412.0
4339.0 4139.0
3191.0 3995.0
168.0 2793.0
2280.0 1324.0
2195.0 810.0
636.0 2111.0
2105.0 1745.0
2777.0 2401.0
1025.0 1206.0
2372.0 1065.0
2217.0 1920.0
852.0 4477.0
16.0 1529.0
2069.0 2663.0
3136.0 4020.0
2411.0 1614.0
1068.0 98.0
4141.0 3531.0
3194.0 4610.0
326.0 1921.0
569.0 487.0
3227.0 4020.0
1750.0 1967.0
4027.0 3457.0
520.0 459.0
1615.0 1819.0
4672.0 4660.0
4375.0 4477.0
3375.0 4072.0
4281.0 4477.0
3766.0 4591.0
3510.0 4177.0
677.0 2705.0
1157.0 405.0
1618.0 2074.0
214.0 2567.0
207.0 1980.0
36.0 2338.0
369.0 408.0
1523.0 358.0
667.0 1839.0
3406.0 3526.0
4420.0 4117.0
230.0 1535.0
4669.0 3843.0
373.0 447.0
3776.0 3692.0
2204.0 2376.0
2549.0 338.0
3505.0 4530.0
2806.0 853.0
2130.0 1088.0
376.0 1800.0
3459.0 3086.0
1118.0 495.0
1670.0 1836.0
549.0 4477.0
3459.0 4534.0
1875.0 2890.0
1151.0 2738.0
2365.0 2308.0
3756.0 4351.0
364.0 433.0
3641.0 1754.0
3904.0 4477.0
4644.0 4351.0
355.0 2127.0
3612.0 4546.0
3072.0 3547.0
2823.0 153.0
2834.0 1373.0
4134.0 4683.0
3163.0 3546.0
2130.0 2386.0
1860.0 2918.0
1209.0 1437.0
3279.0 3127.0
838.0 1793.0
1289.0 2010.0
3954.0 4304.0
4226.0 3052.0
2894.0 2855.0
997.0 1757.0
389.0 2811.0
4593.0 3311.0
614.0 1127.0
4375.0 3445.0
1498.0 1621.0
2259.0 1974.0
462.0 1621.0
2875.0 1470.0
3757.0 4428.0
975.0 303.0
3334.0 4477.0
640.0 707.0
1949.0 2150.0
3663.0 4492.0
1871.0 2673.0
3008.0 4477.0
4308.0 4625.0
667.0 854.0
1619.0 1269.0
1299.0 1947.0
456.0 849.0
1882.0 1289.0
3541.0 4477.0
630.0 1470.0
1947.0 4477.0
1276.0 2417.0
679.0 1057.0
2305.0 1952.0
3112.0 3366.0
3535.0 4489.0
2291.0 2046.0
2182.0 4477.0
3334.0 3483.0
1037.0 2853.0
1636.0 4477.0
4043.0 4274.0
1176.0 2371.0
4464.0 4477.0
2922.0 4477.0
2936.0 4461.0
2476.0 1604.0
1694.0 903.0
1071.0 844.0
612.0 2485.0
190.0 213.0
2514.0 2241.0
2760.0 27.0
3878.0 3764.0
1793.0 2055.0
1066.0 1466.0
3796.0 4329.0
3684.0 3727.0
937.0 2316.0
4166.0 4263.0
2842.0 2873.0
1255.0 2548.0
2010.0 2500.0
3529.0 3963.0
3625.0 2938.0
948.0 564.0
2999.0 4015.0
3369.0 4102.0
1509.0 1870.0
3113.0 4477.0
2099.0 2565.0
1838.0 2586.0
245.0 2272.0
812.0 1528.0
3542.0 4502.0
36.0 467.0
1577.0 1615.0
3104.0 3634.0
3983.0 4388.0
1779.0 431.0
2576.0 1669.0
2402.0 318.0
4570.0 4477.0
200.0 719.0
4297.0 3644.0
1424.0 197.0
3692.0 4349.0
3113.0 4376.0
2359.0 1766.0
516.0 1209.0
1175.0 2814.0
4529.0 4345.0
3907.0 4490.0
204.0 2162.0
3522.0 4151.0
3672.0 3748.0
2083.0 4477.0
1270.0 2669.0
2884.0 2679.0
4428.0 3396.0
1256.0 2417.0
319.0 1164.0
2961.0 3767.0
4553.0 3021.0
4591.0 3208.0
1936.0 849.0
2987.0 3613.0
4444.0 3630.0
782.0 217.0
2862.0 281.0
3156.0 4424.0
400.0 1796.0
2409.0 578.0
3427.0 4023.0
3236.0 4502.0
1539.0 2222.0
4438.0 3228.0
3786.0 4379.0
3554.0 3822.0
2265.0 1478.0
2569.0 2105.0
2744.0 1279.0
453.0 618.0
1598.0 2591.0
4356.0 3669.0
1640.0 1737.0
4318.0 4033.0
1717.0 4477.0
4663.0 4376.0
54.0 457.0
1520.0 2578.0
2611.0 4477.0
3021.0 3282.0
3779.0 4604.0
2018.0 967.0
593.0 2814.0
247.0 2053.0
1760.0 2162.0
1680.0 2214.0
3319.0 4188.0
36.0 2114.0
2561.0 2649.0
2510.0 1230.0
4223.0 3021.0
160.0 2029.0
2596.0 2733.0
3401.0 4064.0
3860.0 4004.0
48.0 1958.0
3629.0 3096.0
4584.0 3054.0
4454.0 4117.0
293.0 2117.0
516.0 2204.0
1804.0 2301.0
2611.0 2679.0
3259.0 3642.0
3538.0 4379.0
234.0 2591.0
2083.0 1413.0
954.0 4477.0
3001.0 4516.0
346.0 1695.0
2489.0 1518.0
3122.0 3526.0
161.0 549.0
2688.0 1377.0
1369.0 898.0
829.0 2591.0
3701.0 3001.0
3853.0 4238.0
1369.0 2634.0
2377.0 1284.0
3680.0 4477.0
2549.0 303.0
457.0 2764.0
3403.0 3991.0
3946.0 3656.0
859.0 76.0
980.0 64.0
643.0 2635.0
989.0 1784.0
716.0 2474.0
2818.0 532.0
58.0 2737.0
1364.0 558.0
3209.0 3204.0
3640.0 3296.0
3149.0 4495.0
1808.0 1653.0
1209.0 2457.0
1165.0 2614.0
1472.0 2420.0
121.0 333.0
1228.0 1133.0
4530.0 4125.0
3071.0 4021.0
2020.0 418.0
1618.0 2544.0
1905.0 2491.0
1365.0 1855.0
3813.0 3492.0
4517.0 3801.0
2048.0 2515.0
3111.0 3254.0
2740.0 287.0
3161.0 3165.0
3917.0 4085.0
3522.0 4221.0
4294.0 4117.0
1383.0 2301.0
4409.0 4139.0
1172.0 1902.0
2310.0 2231.0
113.0 1745.0
4148.0 4490.0
4498.0 3296.0
695.0 2305.0
4626.0 4062.0
309.0 2257.0
4357.0 4500.0
2363.0 1876.0
3361.0 4142.0
163.0 177.0
3822.0 3335.0
3997.0 4416.0
279.0 353.0
1278.0 2417.0
2255.0 1528.0
990.0 1701.0
3288.0 4414.0
2518.0 2353.0
661.0 713.0
2143.0 2808.0
2145.0 1596.0
524.0 2205.0
4301.0 4097.0
1309.0 738.0
1410.0 2805.0
3822.0 4666.0
36.0 2548.0
827.0 2552.0
492.0 1258.0
2616.0 4477.0
1673.0 2363.0
3217.0 4184.0
1117.0 2246.0
240.0 260.0
2093.0 2177.0
3536.0 3984.0
3153.0 3819.0
2591.0 1236.0
1064.0 1410.0
1256.0 93.0
2670.0 2035.0
1914.0 1989.0
4268.0 4190.0
733.0 1274.0
3497.0 4469.0
3959.0 4413.0
3538.0 3907.0
3462.0 4448.0
3153.0 4416.0
2659.0 1609.0
330.0 1141.0
783.0 669.0
4615.0 3857.0
4116.0 3965.0
3585.0 4528.0
2953.0 4502.0
3822.0 4245.0
3686.0 3965.0
2549.0 393.0
2272.0 1566.0
84.0 2491.0
4006.0 4033.0
2225.0 2035.0
2890.0 1409.0
2887.0 1281.0
3676.0 4029.0
3437.0 4053.0
3143.0 4457.0
4621.0 3014.0
174.0 4020.0
3626.0 3691.0
3122.0 3406.0
1587.0 4020.0
2924.0 3497.0
1555.0 2428.0
507.0 2184.0
724.0 2358.0
3956.0 4582.0
771.0 2595.0
4597.0 4203.0
3541.0 4147.0
1336.0 2448.0
106.0 2766.0
461.0 1895.0
72.0 1417.0
3253.0 3459.0
3984.0 4074.0
2118.0 1995.0
4191.0 4502.0
3301.0 3680.0
4094.0 3382.0
4122.0 4015.0
2863.0 2726.0
4037.0 4670.0
1499.0 1907.0
3049.0 3416.0
3439.0 3846.0
2169.0 554.0
1357.0 1964.0
49.0 2760.0
2429.0 467.0
694.0 1484.0
1399.0 1878.0
477.0 1109.0
89.0 2653.0
901.0 2615.0
1832.0 2066.0
2765.0 264.0
2456.0 186.0
2373.0 1889.0
3467.0 3669.0
2852.0 1021.0
3789.0 3308.0
1902.0 2416.0
257.0 1704.0
4588.0 3822.0
2143.0 4020.0
3549.0 3775.0
772.0 672.0
3775.0 3173.0
2296.0 2591.0
861.0 2607.0
3696.0 3057.0
1932.0 1754.0
1582.0 1274.0
2654.0 4477.0
2940.0 3217.0
4371.0 4213.0
2202.0 2289.0
739.0 956.0
3888.0 4118.0
1741.0 2628.0
2939.0 3439.0
409.0 1431.0
4329.0 4243.0
2145.0 567.0
3684.0 3208.0
1367.0 1979.0
643.0 4477.0
2516.0 262.0
1499.0 3240.0
824.0 1542.0
3454.0 4655.0
3394.0 3516.0
17.0 2042.0
1112.0 2642.0
288.0 3446.0
48.0 2291.0
4486.0 3243.0
248.0 710.0
2007.0 153.0
3825.0 4239.0
850.0 1536.0
56.0 2197.0
338.0 2302.0
3024.0 3743.0
2024.0 1812.0
4439.0 3426.0
3048.0 3821.0
1662.0 1297.0
1323.0 2465.0
3809.0 3692.0
378.0 2009.0
1547.0 1339.0
1990.0 2882.0
455.0 878.0
3608.0 4020.0
921.0 4477.0
10.0 639.0
1710.0 1088.0
4452.0 4545.0
2031.0 2384.0
287.0 574.0
4367.0 4650.0
2793.0 4477.0
1201.0 1470.0
2881.0 947.0
2409.0 1269.0
2300.0 606.0
31.0 2878.0
48.0 2669.0
3251.0 4037.0
4584.0 4307.0
1310.0 1155.0
1529.0 4477.0
1039.0 1427.0
1267.0 2547.0
4324.0 4237.0
3739.0 4108.0
4059.0 4502.0
128.0 4020.0
3289.0 4395.0
1001.0 2774.0
1599.0 1972.0
1504.0 1053.0
912.0 796.0
4001.0 4571.0
1446.0 1916.0
2967.0 4090.0
3082.0 4637.0
4315.0 3228.0
437.0 1920.0
1999.0 1475.0
177.0 4477.0
3181.0 4426.0
4400.0 4231.0
180.0 1617.0
4493.0 2988.0
230.0 4477.0
713.0 3969.0
3630.0 4065.0
3153.0 4648.0
2082.0 2555.0
1174.0 2774.0
1049.0 2093.0
2914.0 4536.0
1587.0 3130.0
3779.0 4025.0
251.0 317.0
3004.0 4026.0
3676.0 4516.0
3432.0 3181.0
2711.0 2771.0
998.0 4477.0
369.0 2591.0
3586.0 3029.0
1936.0 2630.0
561.0 2219.0
3001.0 3036.0
1324.0 2472.0
623.0 3147.0
1549.0 2320.0
3649.0 4130.0
693.0 2382.0
1005.0 2751.0
1975.0 2299.0
772.0 2498.0
1402.0 2772.0
2465.0 4477.0
2207.0 3471.0
1076.0 2470.0
44.0 2226.0
2982.0 4555.0
828.0 2405.0
3634.0 3784.0
3526.0 3762.0
2938.0 4126.0
1877.0 4477.0
2001.0 2116.0
4249.0 3277.0
1510.0 933.0
146.0 1925.0
3087.0 3205.0
2803.0 1704.0
1064.0 2774.0
1355.0 240.0
2945.0 3366.0
483.0 1414.0
1861.0 672.0
2927.0 3767.0
4324.0 3473.0
3626.0 4477.0
2562.0 2517.0
4669.0 4502.0
1002.0 1688.0
1285.0 2905.0
1813.0 1802.0
1662.0 1773.0
3853.0 4483.0
2140.0 4020.0
579.0 663.0
3763.0 3962.0
725.0 771.0
153.0 1896.0
359.0 2686.0
749.0 1224.0
1841.0 2687.0
823.0 1489.0
4384.0 3424.0
1015.0 609.0
3000.0 3660.0
3561.0 3734.0
1762.0 318.0
427.0 1196.0
712.0 2561.0
2175.0 943.0
3743.0 3747.0
1851.0 361.0
3372.0 4119.0
3766.0 4215.0
3785.0 3002.0
1069.0 755.0
1589.0 2726.0
3381.0 4526.0
2407.0 1088.0
3165.0 3277.0
2339.0 2397.0
3167.0 4349.0
980.0 1749.0
468.0 2091.0
768.0 171.0
2510.0 908.0
2594.0 1284.0
834.0 2828.0
2607.0 1449.0
675.0 2585.0
1957.0 1970.0
1701.0 1646.0
44.0 1402.0
4381.0 3588.0
32.0 241.0
195.0 2012.0
1217.0 2755.0
2658.0 2788.0
2604.0 1470.0
2539.0 97.0
2632.0 1349.0
2257.0 442.0
874.0 2658.0
1833.0 2664.0
1046.0 1967.0
2668.0 817.0
279.0 579.0
2102.0 149.0
4441.0 3388.0
4174.0 3382.0
2384.0 2400.0
818.0 1853.0
487.0 642.0
231.0 1779.0
2034.0 2350.0
2845.0 1963.0
264.0 1435.0
4296.0 4115.0
3844.0 3727.0
278.0 527.0
1836.0 2686.0
2140.0 2678.0
1205.0 2493.0
576.0 1045.0
256.0 2726.0
3997.0 3528.0
1076.0 2524.0
1860.0 194.0
352.0 2284.0
1618.0 1878.0
2628.0 1671.0
3709.0 4576.0
1555.0 4477.0
542.0 1920.0
2021.0 1353.0
2740.0 93.0
4629.0 4178.0
643.0 2752.0
2925.0 3656.0
4166.0 3959.0
2419.0 1207.0
452.0 588.0
2296.0 2325.0
865.0 201.0
3346.0 3459.0
232.0 1181.0
1256.0 1529.0
3987.0 4107.0
1621.0 2531.0
421.0 4477.0
1325.0 605.0
3037.0 3527.0
4452.0 3180.0
718.0 1696.0
1399.0 197.0
1566.0 1099.0
2132.0 1257.0
626.0 1031.0
2391.0 2474.0
503.0 1816.0
3599.0 3446.0
3715.0 4020.0
1752.0 1208.0
4198.0 3961.0
2112.0 4020.0
3060.0 4020.0
3432.0 4244.0
4571.0 3108.0
2928.0 4076.0
2277.0 1529.0
3176.0 3900.0
4338.0 3642.0
291.0 2836.0
1174.0 2811.0
320.0 507.0
2077.0 2354.0
919.0 1045.0
2945.0 3580.0
2467.0 2357.0
36.0 2874.0
823.0 2006.0
1892.0 2822.0
4377.0 4224.0
285.0 4477.0
47.0 2577.0
3513.0 3682.0
3191.0 3997.0
3046.0 3176.0
3333.0 4002.0
2521.0 4477.0
790.0 2850.0
4420.0 3132.0
1140.0 609.0
153.0 944.0
1579.0 117.0
4038.0 4097.0
3515.0 3009.0
2821.0 987.0
1567.0 2372.0
4538.0 3378.0
2850.0 738.0
4546.0 3842.0
272.0 1691.0
867.0 2786.0
2086.0 2788.0
1231.0 1333.0
3586.0 3377.0
90.0 532.0
858.0 2774.0
2382.0 2749.0
2727.0 1721.0
307.0 1771.0
320.0 2455.0
887.0 1021.0
47.0 656.0
48.0 725.0
4253.0 3189.0
4497.0 3368.0
274.0 495.0
3078.0 4244.0
1639.0 78.0
461.0 2741.0
705.0 2391.0
1457.0 1491.0
4454.0 4460.0
2210.0 1934.0
3577.0 3652.0
2497.0 3043.0
2165.0 4020.0
2859.0 234.0
361.0 1887.0
3580.0 3490.0
2079.0 4477.0
193.0 1236.0
1599.0 4477.0
3174.0 4036.0
199.0 227.0
1124.0 1454.0
1240.0 1952.0
3851.0 3264.0
2727.0 2152.0
4255.0 4175.0
633.0 1010.0
4128.0 3200.0
3832.0 4228.0
2446.0 4477.0
3800.0 4020.0
2306.0 1756.0
692.0 178.0
2746.0 2633.0
1868.0 2253.0
1992.0 1200.0
384.0 2420.0
3918.0 4475.0
951.0 1262.0
630.0 2253.0
4384.0 4477.0
370.0 1442.0
1949.0 1523.0
514.0 1736.0
4524.0 3877.0
3002.0 3292.0
4047.0 4477.0
2332.0 689.0
3815.0 3057.0
4669.0 3637.0
2195.0 2169.0
3983.0 4456.0
1516.0 2559.0
48.0 2368.0
1714.0 2791.0
3700.0 3426.0
919.0 1876.0
3886.0 3243.0
55.0 428.0
3386.0 3855.0
3379.0 3711.0
3643.0 4477.0
832.0 2278.0
772.0 1987.0
3093.0 3035.0
705.0 1399.0
1921.0 2691.0
1329.0 2280.0
250.0 1237.0
280.0 449.0
3872.0 4029.0
728.0 933.0
3029.0 4020.0
3864.0 3490.0
2832.0 155.0
1014.0 307.0
3510.0 3531.0
4253.0 4657.0
485.0 1730.0
194.0 1754.0
2786.0 2287.0
3232.0 3445.0
352.0 1317.0
1007.0 1576.0
485.0 2837.0
2591.0 172.0
962.0 2036.0
1118.0 2780.0
3905.0 3472.0
208.0 287.0
4072.0 4477.0
2231.0 4477.0
2983.0 4596.0
3243.0 4161.0
1954.0 1518.0
3463.0 3381.0
4465.0 3913.0
2058.0 2634.0
1316.0 2697.0
3508.0 3589.0
3033.0 4142.0
634.0 290.0
3137.0 3283.0
1341.0 1536.0
725.0 2106.0
3232.0 4316.0
2769.0 492.0
223.0 1557.0
1768.0 1611.0
2061.0 1091.0
1671.0 2321.0
3912.0 4449.0
500.0 2044.0
500.0 2608.0
2346.0 2751.0
2966.0 4603.0
21.0 896.0
1769.0 810.0
3778.0 3014.0
403.0 1077.0
34.0 919.0
982.0 1227.0
3779.0 3479.0
2912.0 4336.0
804.0 1762.0
2901.0 817.0
1274.0 130.0
650.0 1799.0
2435.0 3431.0
4094.0 3268.0
1165.0 2817.0
2926.0 4477.0
617.0 2757.0
2346.0 2759.0
3671.0 4420.0
2638.0 345.0
963.0 2638.0
192.0 2497.0
4429.0 4559.0
457.0 387.0
3504.0 4512.0
530.0 1855.0
1192.0 416.0
1511.0 1737.0
2952.0 4458.0
1043.0 2807.0
4421.0 3885.0
2345.0 2447.0
2180.0 311.0
1395.0 740.0
3966.0 4206.0
3161.0 3567.0
1905.0 2316.0
3757.0 3096.0
2691.0 1443.0
468.0 2774.0
3489.0 3064.0
1289.0 2509.0
2737.0 1082.0
820.0 2753.0
1147.0 613.0
4158.0 4495.0
2354.0 2400.0
3033.0 4646.0
3368.0 3248.0
87.0 122.0
3615.0 3211.0
3118.0 3402.0
1877.0 524.0
2224.0 1474.0
2968.0 4553.0
4547.0 3157.0
4404.0 4647.0
2348.0 1622.0
675.0 1558.0
1152.0 2079.0
1382.0 765.0
2430.0 1704.0
3770.0 4425.0
3419.0 4173.0
3192.0 3891.0
1419.0 2698.0
3624.0 4137.0
3559.0 4576.0
4137.0 4477.0
965.0 243.0
273.0 1065.0
3778.0 3054.0
4030.0 4234.0
3023.0 3064.0
1118.0 97.0
3664.0 4623.0
671.0 1303.0
614.0 2031.0
3128.0 3526.0
394.0 2774.0
2232.0 4477.0
3887.0 4660.0
1397.0 1962.0
3170.0 4208.0
3113.0 3959.0
1160.0 1018.0
512.0 791.0
1073.0 454.0
3779.0 3108.0
3600.0 3280.0
1919.0 243.0
404.0 943.0
4404.0 4502.0
488.0 524.0
2424.0 4020.0
1136.0 2388.0
140.0 2756.0
2402.0 235.0
2241.0 650.0
4209.0 4477.0
3064.0 4251.0
2682.0 2316.0
69.0 1745.0
2500.0 2321.0
1952.0 4477.0
4420.0 4501.0
1158.0 2661.0
1612.0 2511.0
1632.0 2634.0
3379.0 3721.0
3439.0 3926.0
1022.0 2401.0
225.0 2280.0
285.0 1706.0
3550.0 4477.0
163.0 1031.0
3007.0 3573.0
64.0 2726.0
4129.0 3178.0
1256.0 168.0
121.0 447.0
184.0 2562.0
2026.0 1469.0
2792.0 1410.0
833.0 1889.0
1436.0 1486.0
2357.0 2507.0
4673.0 4088.0
3015.0 4551.0
568.0 1274.0
3360.0 4147.0
653.0 2418.0
1471.0 1517.0
4040.0 4214.0
324.0 1956.0
1213.0 2774.0
222.0 2182.0
894.0 2800.0
2512.0 1088.0
3368.0 4102.0
4552.0 4184.0
2442.0 2844.0
2930.0 2970.0
4215.0 4520.0
3455.0 3802.0
553.0 1842.0
4429.0 3365.0
2373.0 1173.0
3075.0 4336.0
4570.0 3400.0
3267.0 4649.0
1900.0 2726.0
4625.0 2965.0
2665.0 2777.0
4520.0 4574.0
1662.0 1171.0
1510.0 1173.0
2611.0 765.0
3401.0 4021.0
2122.0 4477.0
3713.0 4477.0
1615.0 1487.0
3903.0 4029.0
4097.0 4445.0
1652.0 1098.0
1209.0 1253.0
725.0 1315.0
686.0 2201.0
131.0 943.0
2287.0 1685.0
3170.0 4616.0
72.0 364.0
3043.0 3126.0
622.0 2498.0
619.0 201.0
2659.0 1437.0
3748.0 4419.0
3198.0 4362.0
1342.0 967.0
2014.0 2117.0
1015.0 1400.0
3707.0 3574.0
235.0 1736.0
1664.0 1824.0
2122.0 967.0
4133.0 4285.0
128.0 1606.0
2994.0 3494.0
194.0 2264.0
1456.0 1755.0
2878.0 581.0
1493.0 2197.0
3719.0 4626.0
4327.0 3243.0
3554.0 3944.0
3492.0 4083.0
3462.0 3855.0
1597.0 1019.0
4644.0 3567.0
715.0 1745.0
377.0 736.0
485.0 1088.0
678.0 1040.0
3609.0 4139.0
4473.0 3114.0
3674.0 4384.0
513.0 2098.0
2331.0 1595.0
682.0 2492.0
127.0 1346.0
814.0 1443.0
809.0 2116.0
3785.0 3096.0
3189.0 3052.0
832.0 1716.0
303.0 1810.0
2010.0 1196.0
1022.0 1377.0
2670.0 1912.0
2237.0 2680.0
638.0 2550.0
3786.0 4262.0
4336.0 4574.0
170.0 1917.0
4509.0 3778.0
3554.0 4502.0
280.0 2184.0
1306.0 2451.0
3064.0 3886.0
2765.0 846.0
3707.0 4344.0
1591.0 454.0
2195.0 1078.0
2826.0 1812.0
3418.0 3858.0
2040.0 4477.0
2288.0 1801.0
823.0 1764.0
3919.0 3124.0
2360.0 2401.0
2419.0 2839.0
4328.0 4156.0
1315.0 2557.0
859.0 2008.0
4659.0 3692.0
1149.0 1173.0
287.0 2479.0
1159.0 626.0
1834.0 2628.0
1342.0 93.0
1733.0 1268.0
1027.0 1566.0
3943.0 3363.0
1915.0 1945.0
4302.0 4251.0
1381.0 1280.0
1179.0 1494.0
3616.0 3780.0
110.0 586.0
1803.0 167.0
3768.0 4607.0
4100.0 4191.0
3302.0 4480.0
2916.0 3243.0
2611.0 2222.0
1765.0 2280.0
2003.0 481.0
4195.0 3829.0
1788.0 2311.0
3504.0 4477.0
871.0 1081.0
2605.0 455.0
212.0 78.0
3907.0 4367.0
2421.0 2602.0
1002.0 3436.0
4026.0 4464.0
3780.0 4477.0
3952.0 3911.0
1353.0 689.0
3001.0 3371.0
3879.0 4404.0
3380.0 3759.0
1573.0 351.0
1529.0 2524.0
4329.0 4336.0
1362.0 1865.0
3302.0 4167.0
451.0 1428.0
959.0 2421.0
3116.0 3189.0
2811.0 1284.0
388.0 2386.0
3943.0 3547.0
3706.0 3923.0
4522.0 4477.0
3623.0 3710.0
3375.0 4494.0
4546.0 3456.0
2223.0 2235.0
2140.0 2556.0
1299.0 2576.0
3753.0 4477.0
136.0 1517.0
313.0 1749.0
3656.0 3725.0
3645.0 3360.0
1141.0 2295.0
3324.0 4477.0
3599.0 1754.0
1327.0 2774.0
1129.0 1852.0
2854.0 1649.0
2031.0 4477.0
2290.0 304.0
1921.0 2253.0
1358.0 1381.0
2826.0 1780.0
2412.0 859.0
2860.0 775.0
4016.0 3296.0
3339.0 4477.0
3716.0 4210.0
1031.0 2027.0
3813.0 4360.0
4434.0 3286.0
1635.0 1889.0
4291.0 3289.0
1458.0 529.0
4509.0 4082.0
4178.0 3574.0
339.0 1902.0
3316.0 3876.0
3017.0 4477.0
4059.0 4652.0
625.0 2451.0
3025.0 4424.0
1118.0 48.0
3510.0 3195.0
1105.0 2640.0
1357.0 1799.0
4629.0 4027.0
2205.0 2567.0
82.0 2027.0
2338.0 4477.0
965.0 1216.0
110.0 425.0
2878.0 1097.0
1409.0 2479.0
3491.0 4044.0
355.0 240.0
537.0 2810.0
1438.0 2311.0
1158.0 2585.0
2112.0 713.0
898.0 2330.0
3739.0 3487.0
1052.0 2883.0
3815.0 4150.0
531.0 1772.0
2075.0 126.0
2268.0 1736.0
2006.0 264.0
2569.0 1799.0
4303.0 4477.0
354.0 407.0
1947.0 2149.0
3310.0 3055.0
4353.0 2089.0
4669.0 4191.0
923.0 3377.0
2298.0 2898.0
1068.0 2268.0
1656.0 1745.0
3578.0 4477.0
719.0 1958.0
1933.0 1729.0
4529.0 3540.0
194.0 737.0
282.0 403.0
4071.0 3145.0
3226.0 3629.0
3206.0 4400.0
327.0 489.0
239.0 1679.0
3806.0 3457.0
3554.0 4139.0
474.0 1394.0
1930.0 2026.0
858.0 2827.0
4341.0 4502.0
2872.0 2252.0
2811.0 3296.0
1622.0 1464.0
4322.0 4610.0
2387.0 2628.0
2065.0 1206.0
1165.0 4477.0
2426.0 1756.0
2093.0 1279.0
867.0 2869.0
4560.0 3320.0
3236.0 3835.0
2824.0 1081.0
2406.0 482.0
3112.0 4560.0
274.0 2707.0
270.0 2784.0
4519.0 3494.0
2522.0 132.0
130.0 2340.0
1509.0 722.0
231.0 4477.0
3656.0 4269.0
3386.0 3830.0
202.0 4477.0
3054.0 2972.0
1964.0 424.0
276.0 1826.0
1734.0 1470.0
858.0 1573.0
4581.0 4601.0
3611.0 4414.0
1707.0 2091.0
603.0 2548.0
181.0 2151.0
1087.0 2873.0
1695.0 1845.0
2520.0 2481.0
2985.0 2995.0
3023.0 3065.0
1932.0 446.0
3225.0 3318.0
509.0 2880.0
3626.0 4577.0
3794.0 3780.0
4263.0 4477.0
947.0 683.0
1283.0 2479.0
1387.0 3114.0
3681.0 4221.0
342.0 1287.0
147.0 1236.0
210.0 4477.0
567.0 1799.0
593.0 2378.0
1675.0 2059.0
1597.0 2385.0
2704.0 2497.0
4629.0 3119.0
2126.0 2660.0
2539.0 1567.0
4391.0 3775.0
351.0 581.0
3175.0 3515.0
2355.0 2811.0
3758.0 4438.0
1546.0 2284.0
3654.0 4477.0
3318.0 3441.0
2326.0 4477.0
3143.0 4215.0
3435.0 4376.0
1001.0 1276.0
13.0 2216.0
76.0 2516.0
396.0 2372.0
1270.0 1522.0
118.0 1709.0
2879.0 440.0
3454.0 3918.0
4108.0 3178.0
4064.0 4284.0
1163.0 1417.0
4478.0 3866.0
2056.0 2497.0
3357.0 3886.0
90.0 388.0
2672.0 1901.0
4300.0 4502.0
4530.0 3274.0
2178.0 1973.0
3893.0 3609.0
743.0 1975.0
3057.0 4408.0
3143.0 3328.0
2439.0 2596.0
4635.0 3672.0
1842.0 2031.0
344.0 2202.0
1022.0 811.0
2173.0 2579.0
89.0 133.0
2329.0 2528.0
3427.0 3022.0
575.0 2223.0
1025.0 2552.0
3775.0 4440.0
1864.0 347.0
1418.0 2859.0
2911.0 3778.0
886.0 2452.0
1080.0 289.0
2870.0 2078.0
4258.0 4502.0
4104.0 3689.0
954.0 2817.0
741.0 2194.0
1522.0 2669.0
2142.0 707.0
1588.0 1686.0
729.0 1006.0
2132.0 2540.0
249.0 1102.0
1496.0 378.0
287.0 1489.0
4584.0 4489.0
806.0 1649.0
2257.0 1394.0
2090.0 1802.0
3541.0 4139.0
4109.0 3672.0
947.0 2126.0
232.0 1846.0
3789.0 4414.0
726.0 243.0
1326.0 226.0
2249.0 2330.0
3262.0 3611.0
3135.0 4502.0
1509.0 2145.0
4141.0 3055.0
1842.0 2077.0
754.0 2877.0
947.0 4477.0
3108.0 3540.0
1397.0 2239.0
2495.0 1443.0
4133.0 3170.0
3776.0 3630.0
1435.0 2131.0
1150.0 1503.0
4453.0 2942.0
3623.0 4173.0
4582.0 4610.0
339.0 2023.0
2362.0 800.0
2342.0 1754.0
1819.0 1962.0
3659.0 3216.0
431.0 2416.0
4454.0 4477.0
4358.0 3243.0
3824.0 4407.0
4400.0 4220.0
1748.0 262.0
3115.0 4482.0
2657.0 409.0
2316.0 2772.0
2856.0 4477.0
856.0 4477.0
3469.0 4645.0
950.0 1726.0
3414.0 3483.0
2216.0 2078.0
1561.0 2252.0
780.0 2095.0
370.0 442.0
3825.0 4286.0
2074.0 2327.0
11.0 408.0
2259.0 1514.0
3290.0 3838.0
4629.0 4409.0
702.0 1328.0
2275.0 907.0
575.0 1084.0
1375.0 125.0
1348.0 2263.0
3842.0 4036.0
2212.0 160.0
2566.0 1153.0
1267.0 2483.0
391.0 4477.0
1959.0 2792.0
918.0 2671.0
3248.0 3829.0
593.0 2577.0
431.0 4477.0
2285.0 93.0
3874.0 3157.0
1394.0 1015.0
1897.0 2008.0
553.0 2513.0
2241.0 4477.0
3332.0 3040.0
785.0 2133.0
3315.0 4386.0
2652.0 1842.0
4287.0 3555.0
258.0 1357.0
3721.0 3138.0
4536.0 1713.0
3165.0 3549.0
2975.0 4249.0
2085.0 2132.0
3384.0 3499.0
1621.0 1139.0
550.0 2382.0
705.0 1330.0
804.0 1068.0
4281.0 4526.0
1090.0 1067.0
3625.0 3673.0
4313.0 3603.0
2527.0 4466.0
369.0 549.0
1945.0 2321.0
327.0 986.0
2549.0 2149.0
55.0 330.0
4044.0 4493.0
4474.0 3144.0
3078.0 4139.0
199.0 2468.0
2220.0 482.0
3477.0 4105.0
1926.0 2673.0
729.0 1267.0
2226.0 529.0
974.0 2707.0
3070.0 3942.0
2800.0 2017.0
4484.0 4477.0
1743.0 495.0
3643.0 4133.0
2923.0 3629.0
3383.0 4058.0
675.0 2372.0
116.0 2053.0
1504.0 576.0
3507.0 4020.0
790.0 1569.0
1411.0 1330.0
984.0 1808.0
2932.0 4198.0
810.0 2500.0
2742.0 172.0
3923.0 2942.0
2786.0 1654.0
3381.0 4334.0
2223.0 650.0
1363.0 2331.0
1630.0 1706.0
618.0 1036.0
2145.0 698.0
967.0 360.0
2785.0 2184.0
3706.0 3407.0
3453.0 3227.0
309.0 1470.0
2115.0 581.0
4271.0 4477.0
1256.0 2696.0
2985.0 3006.0
3287.0 3972.0
4428.0 3112.0
791.0 2886.0
1751.0 1400.0
1243.0 4477.0
2033.0 2287.0
3974.0 3675.0
2179.0 2456.0
3113.0 3375.0
564.0 2349.0
1371.0 3245.0
4656.0 3764.0
1859.0 4477.0
3014.0 3498.0
1589.0 698.0
4396.0 3991.0
2455.0 302.0
2958.0 4621.0
3004.0 3022.0
1421.0 2672.0
602.0 1850.0
1431.0 1881.0
2953.0 3385.0
113.0 1877.0
2740.0 138.0
85.0 1267.0
2793.0 2377.0
1172.0 2814.0
1479.0 1724.0
2156.0 818.0
2115.0 2805.0
4468.0 3528.0
1210.0 667.0
2786.0 2105.0
3037.0 3227.0
3983.0 3658.0
1639.0 2786.0
2529.0 2660.0
647.0 2120.0
2840.0 194.0
3709.0 4437.0
1271.0 2531.0
376.0 2206.0
1794.0 3011.0
2248.0 930.0
830.0 386.0
2788.0 2108.0
1356.0 465.0
1045.0 4477.0
1981.0 2452.0
2527.0 2133.0
1857.0 1952.0
433.0 1024.0
3460.0 3931.0
4655.0 3404.0
1761.0 1956.0
2391.0 710.0
4680.0 4512.0
4074.0 4140.0
1524.0 4477.0
3026.0 3120.0
130.0 2162.0
1702.0 2176.0
3196.0 4024.0
536.0 1305.0
3012.0 4375.0
2785.0 333.0
2118.0 1845.0
2416.0 4477.0
1469.0 910.0
4567.0 3369.0
394.0 153.0
3433.0 4139.0
349.0 902.0
812.0 1760.0
3013.0 4144.0
1861.0 1107.0
593.0 1557.0
2237.0 2552.0
2319.0 2628.0
1855.0 2821.0
2086.0 730.0
1954.0 1895.0
3331.0 4477.0
406.0 2900.0
2857.0 1096.0
1064.0 1280.0
3100.0 3372.0
1084.0 2884.0
2497.0 3967.0
728.0 2003.0
1504.0 2591.0
1356.0 4477.0
1073.0 1378.0
2191.0 4477.0
3809.0 4207.0
1942.0 1462.0
620.0 929.0
3246.0 4091.0
4104.0 4408.0
1921.0 2218.0
3074.0 3291.0
90.0 824.0
4253.0 4213.0
48.0 544.0
4612.0 4174.0
100.0 2549.0
3656.0 3789.0
3578.0 4104.0
3363.0 3492.0
2030.0 446.0
798.0 1063.0
4198.0 3178.0
2844.0 1346.0
687.0 185.0
3744.0 3178.0
3289.0 4147.0
371.0 608.0
2767.0 800.0
4507.0 4070.0
321.0 588.0
807.0 2144.0
816.0 2628.0
4029.0 4096.0
931.0 1780.0
4381.0 3117.0
3570.0 3680.0
1162.0 2003.0
198.0 2520.0
2960.0 3997.0
2665.0 1073.0
1069.0 1468.0
4561.0 4645.0
768.0 222.0
167.0 1474.0
3971.0 3998.0
2036.0 2191.0
1614.0 4020.0
1338.0 1812.0
1073.0 2777.0
808.0 2280.0
3682.0 3715.0
3979.0 4026.0
983.0 289.0
1260.0 4477.0
1914.0 2364.0
312.0 835.0
208.0 1605.0
435.0 555.0
1369.0 4477.0
389.0 1919.0
2271.0 4477.0
1323.0 1929.0
738.0 2672.0
3049.0 4491.0
3069.0 4418.0
3955.0 4049.0
3399.0 4344.0
2590.0 1415.0
117.0 2777.0
1170.0 322.0
4022.0 4480.0
3157.0 4502.0
2742.0 2314.0
4526.0 4235.0
666.0 2048.0
803.0 1151.0
4518.0 4372.0
3679.0 3360.0
89.0 474.0
3017.0 4543.0
1749.0 502.0
4497.0 4551.0
2084.0 2499.0
2008.0 2731.0
4588.0 3200.0
3513.0 3865.0
1140.0 1026.0
48.0 1522.0
1028.0 2262.0
2801.0 1311.0
4479.0 4477.0
92.0 1512.0
3395.0 3963.0
1979.0 4020.0
3344.0 4403.0
3253.0 3165.0
1197.0 2882.0
4646.0 3441.0
1429.0 2347.0
1364.0 2836.0
1701.0 2010.0
321.0 1651.0
1005.0 108.0
731.0 3847.0
3419.0 3623.0
2744.0 4477.0
2320.0 2694.0
2780.0 48.0
683.0 1168.0
3162.0 2995.0
3718.0 4020.0
3032.0 3567.0
2463.0 4477.0
2658.0 3958.0
1857.0 241.0
3456.0 4094.0
1582.0 1679.0
1412.0 1704.0
3593.0 3817.0
334.0 307.0
370.0 1903.0
4184.0 3885.0
657.0 864.0
656.0 935.0
516.0 2457.0
2999.0 3798.0
4149.0 3444.0
3678.0 4331.0
908.0 1745.0
3162.0 2926.0
789.0 2899.0
271.0 2351.0
1749.0 2479.0
2479.0 564.0
397.0 405.0
1766.0 762.0
712.0 1024.0
1946.0 482.0
731.0 3960.0
1420.0 2876.0
3370.0 4477.0
2350.0 437.0
4281.0 3784.0
1401.0 2326.0
3757.0 4119.0
2978.0 3669.0
3306.0 3702.0
3748.0 4177.0
713.0 672.0
675.0 2326.0
1969.0 1754.0
4253.0 3994.0
1662.0 2777.0
663.0 360.0
610.0 1021.0
3626.0 4496.0
3441.0 3597.0
4497.0 3101.0
1987.0 4020.0
2234.0 475.0
1962.0 1204.0
811.0 1743.0
1474.0 587.0
3828.0 3155.0
294.0 1113.0
4244.0 4415.0
4584.0 4502.0
535.0 1977.0
1775.0 1846.0
918.0 3431.0
3444.0 3268.0
4229.0 4477.0
1731.0 1474.0
1669.0 454.0
1610.0 1812.0
1418.0 236.0
1664.0 4477.0
3796.0 3127.0
434.0 2777.0
4412.0 4606.0
2671.0 3651.0
2122.0 2479.0
3170.0 4171.0
1219.0 1347.0
3829.0 4342.0
900.0 4477.0
4345.0 3296.0
3681.0 4308.0
3421.0 4477.0
314.0 2113.0
2794.0 1745.0
4378.0 4417.0
2532.0 1736.0
3474.0 4088.0
1711.0 1792.0
3595.0 4502.0
493.0 1745.0
1157.0 1443.0
214.0 2073.0
2602.0 454.0
3510.0 4118.0
303.0 1171.0
333.0 2235.0
678.0 254.0
3468.0 3478.0
1995.0 418.0
1367.0 1445.0
4200.0 3178.0
3078.0 3367.0
1752.0 2031.0
156.0 1202.0
2173.0 201.0
3294.0 4596.0
2483.0 1397.0
3195.0 4477.0
2991.0 3598.0
237.0 4020.0
766.0 2600.0
11.0 1619.0
1896.0 345.0
1927.0 108.0
544.0 97.0
726.0 1737.0
761.0 2064.0
1190.0 2591.0
2518.0 2853.0
1496.0 128.0
4100.0 3780.0
976.0 1443.0
1148.0 2701.0
2459.0 652.0
2373.0 1247.0
2890.0 4477.0
3778.0 4584.0
287.0 2696.0
1149.0 2373.0
3469.0 4651.0
849.0 1967.0
4659.0 3630.0
976.0 1033.0
988.0 2087.0
85.0 1555.0
2693.0 2812.0
3447.0 3637.0
2600.0 2692.0
4629.0 3200.0
1289.0 2628.0
1256.0 2279.0
2951.0 4315.0
1511.0 1752.0
4290.0 3579.0
152.0 2116.0
856.0 2459.0
1797.0 2552.0
4370.0 3531.0
576.0 2012.0
448.0 2637.0
1228.0 139.0
3908.0 3764.0
1234.0 151.0
564.0 402.0
1152.0 2672.0
3524.0 3157.0
905.0 3969.0
1734.0 4477.0
168.0 639.0
3078.0 4213.0
926.0 2285.0
4195.0 4593.0
2115.0 1410.0
227.0 2020.0
1302.0 2045.0
3720.0 4245.0
3143.0 3084.0
166.0 2700.0
2581.0 1617.0
487.0 1147.0
3196.0 4477.0
3279.0 4341.0
3120.0 4604.0
2892.0 1112.0
1965.0 2264.0
1018.0 4477.0
3752.0 3341.0
3035.0 3655.0
3944.0 4666.0
3163.0 3918.0
930.0 2232.0
1788.0 2591.0
1880.0 4477.0
326.0 1471.0
2266.0 1157.0
3523.0 3964.0
3365.0 3765.0
17.0 1604.0
2222.0 2762.0
1545.0 4477.0
1793.0 776.0
1418.0 576.0
2163.0 2306.0
1187.0 1646.0
493.0 1255.0
3628.0 4546.0
2069.0 2729.0
2329.0 2785.0
2533.0 563.0
3423.0 3647.0
1185.0 2535.0
586.0 2138.0
116.0 153.0
4632.0 3521.0
1652.0 2726.0
141.0 2485.0
2923.0 3522.0
1378.0 2777.0
804.0 998.0
2682.0 44.0
3809.0 3873.0
4156.0 4500.0
366.0 524.0
968.0 1617.0
364.0 2039.0
268.0 502.0
3439.0 4148.0
2246.0 2591.0
1395.0 2567.0
2043.0 2205.0
1340.0 2094.0
2839.0 1284.0
582.0 2031.0
3486.0 4667.0
334.0 2262.0
2760.0 130.0
487.0 639.0
4113.0 3204.0
1073.0 2439.0
489.0 2659.0
2032.0 2729.0
2145.0 1260.0
1092.0 188.0
136.0 943.0
444.0 624.0
163.0 1044.0
1354.0 2415.0
1039.0 2851.0
4392.0 3371.0
1918.0 2705.0
352.0 2045.0
4057.0 4175.0
209.0 4020.0
4248.0 3497.0
32.0 775.0
1156.0 2775.0
2429.0 1624.0
1045.0 2889.0
3526.0 3764.0
1059.0 2420.0
1625.0 2685.0
3784.0 3444.0
388.0 2691.0
779.0 2884.0
3678.0 3592.0
392.0 1094.0
2764.0 1599.0
768.0 2246.0
859.0 2524.0
2786.0 765.0
1571.0 1863.0
4621.0 4013.0
1788.0 850.0
530.0 943.0
3483.0 3966.0
2630.0 2848.0
2699.0 2749.0
2768.0 4020.0
501.0 2347.0
523.0 1902.0
2661.0 1377.0
3277.0 3173.0
4344.0 4460.0
3460.0 3061.0
1254.0 2465.0
4017.0 3557.0
3301.0 3760.0
1239.0 2664.0
48.0 719.0
260.0 1695.0
597.0 4477.0
1582.0 125.0
4476.0 3981.0
945.0 1146.0
1582.0 2185.0
2911.0 2961.0
1104.0 2434.0
3035.0 4427.0
2448.0 2087.0
1689.0 1247.0
799.0 2252.0
405.0 2253.0
1002.0 3188.0
4315.0 4322.0
3163.0 3428.0
284.0 4477.0
4268.0 3358.0
1060.0 382.0
2439.0 97.0
1156.0 2237.0
3199.0 4477.0
1315.0 1522.0
3561.0 3526.0
2829.0 1863.0
4482.0 4569.0
2784.0 2224.0
788.0 203.0
175.0 1058.0
2251.0 1098.0
129.0 1441.0
3596.0 4477.0
1643.0 3916.0
1795.0 2735.0
2919.0 4118.0
1394.0 2851.0
2569.0 307.0
2006.0 1830.0
3562.0 4048.0
1818.0 2383.0
82.0 312.0
3917.0 4460.0
2707.0 1889.0
535.0 1920.0
635.0 1226.0
2584.0 1351.0
1227.0 2293.0
490.0 1247.0
3516.0 4477.0
3526.0 4419.0
1409.0 2205.0
4350.0 3566.0
3422.0 3254.0
3628.0 4477.0
4414.0 4216.0
1815.0 1978.0
4160.0 3156.0
2388.0 172.0
1533.0 1478.0
4363.0 3349.0
1689.0 4477.0
794.0 1704.0
370.0 204.0
1202.0 1743.0
524.0 2873.0
4312.0 4502.0
2537.0 4477.0
160.0 739.0
178.0 2143.0
306.0 1511.0
238.0 360.0
2986.0 4279.0
3214.0 3499.0
4615.0 3664.0
1193.0 709.0
2479.0 197.0
1737.0 4477.0
30.0 1263.0
1509.0 1516.0
4517.0 3250.0
3254.0 3503.0
1723.0 928.0
680.0 4477.0
869.0 1824.0
1793.0 882.0
703.0 1516.0
307.0 1318.0
1326.0 2727.0
1509.0 650.0
2343.0 181.0
775.0 2782.0
743.0 1997.0
1434.0 2450.0
3590.0 4118.0
2953.0 3014.0
2220.0 2902.0
2967.0 4237.0
1650.0 182.0
966.0 2805.0
553.0 2354.0
3163.0 4477.0
2223.0 1830.0
1930.0 1759.0
3924.0 4477.0
4403.0 3190.0
524.0 1893.0
841.0 1952.0
56.0 1341.0
47.0 1662.0
3927.0 3638.0
263.0 2050.0
1334.0 1348.0
4510.0 4477.0
461.0 1334.0
1348.0 1223.0
622.0 2187.0
2991.0 4210.0
474.0 2257.0
3012.0 3526.0
933.0 1889.0
1648.0 2488.0
3920.0 3819.0
675.0 1077.0
904.0 1197.0
1522.0 1567.0
1801.0 2405.0
1694.0 1701.0
2974.0 3084.0
1774.0 2167.0
3031.0 3660.0
3807.0 3406.0
2094.0 2417.0
4290.0 3568.0
389.0 2295.0
4315.0 3633.0
2630.0 418.0
118.0 2682.0
2587.0 351.0
74.0 1088.0
4131.0 3014.0
1793.0 2070.0
4474.0 3459.0
4451.0 3544.0
3883.0 4429.0
2584.0 2551.0
3136.0 4394.0
3681.0 3528.0
437.0 1704.0
371.0 2398.0
1940.0 795.0
2768.0 1944.0
1006.0 1045.0
2976.0 3197.0
87.0 1589.0
3611.0 3307.0
2116.0 2107.0
2297.0 4477.0
3714.0 4209.0
118.0 953.0
913.0 1086.0
3520.0 3199.0
533.0 2480.0
3518.0 3904.0
1247.0 236.0
2557.0 2699.0
973.0 581.0
3437.0 4392.0
3605.0 4434.0
3163.0 3630.0
677.0 2664.0
4027.0 3574.0
3386.0 4448.0
1734.0 2182.0
3626.0 4310.0
1956.0 4241.0
4392.0 3858.0
3349.0 4489.0
173.0 2726.0
1236.0 4477.0
2534.0 2618.0
733.0 2645.0
3630.0 3850.0
1851.0 4477.0
2398.0 2447.0
3378.0 3679.0
2626.0 4020.0
4517.0 4477.0
2768.0 1852.0
704.0 752.0
1181.0 744.0
1187.0 2402.0
2360.0 2577.0
1383.0 1880.0
1803.0 2224.0
202.0 462.0
3188.0 3852.0
3775.0 4474.0
2510.0 2317.0
3251.0 4502.0
1933.0 755.0
1194.0 2663.0
3202.0 4477.0
2872.0 799.0
3340.0 4685.0
807.0 120.0
1241.0 992.0
3352.0 4519.0
2264.0 3969.0
49.0 2313.0
753.0 1028.0
2022.0 2824.0
1949.0 1158.0
36.0 2750.0
3414.0 4215.0
1535.0 1377.0
710.0 2210.0
1509.0 2457.0
3212.0 3488.0
4516.0 3132.0
3811.0 4193.0
1577.0 2798.0
3252.0 4107.0
4570.0 3573.0
2628.0 2369.0
564.0 1808.0
1948.0 1153.0
998.0 2520.0
618.0 1227.0
1103.0 2495.0
297.0 2656.0
934.0 1860.0
3214.0 3829.0
4498.0 3001.0
1701.0 1695.0
4156.0 4020.0
2391.0 1279.0
1172.0 2484.0
3382.0 4460.0
3003.0 3968.0
4240.0 3393.0
445.0 2809.0
3483.0 4520.0
2540.0 2010.0
2038.0 2548.0
91.0 2830.0
2151.0 2414.0
2035.0 2889.0
3510.0 4069.0
49.0 370.0
3763.0 4239.0
1704.0 3148.0
2137.0 160.0
1239.0 1142.0
1040.0 1142.0
994.0 882.0
3615.0 4086.0
3201.0 3466.0
3706.0 3908.0
3098.0 4125.0
2576.0 2707.0
306.0 2726.0
3723.0 3373.0
2930.0 4470.0
3421.0 3503.0
1582.0 1484.0
3948.0 4661.0
1679.0 1286.0
1193.0 2376.0
2790.0 652.0
3100.0 4648.0
4366.0 3014.0
2313.0 1532.0
4511.0 4601.0
3704.0 3377.0
1060.0 107.0
92.0 2252.0
2974.0 3055.0
1491.0 2250.0
4019.0 4116.0
2803.0 1339.0
668.0 2420.0
569.0 639.0
1700.0 1842.0
524.0 978.0
1315.0 1424.0
3534.0 4502.0
4469.0 4101.0
2696.0 2417.0
2110.0 2640.0
435.0 2038.0
80.0 1781.0
2357.0 260.0
3145.0 3640.0
2978.0 3504.0
149.0 1726.0
2194.0 2548.0
1831.0 2410.0
2520.0 2367.0
1923.0 1995.0
1728.0 2259.0
2154.0 1021.0
141.0 1954.0
177.0 212.0
4344.0 4426.0
915.0 4477.0
48.0 350.0
3023.0 3170.0
1685.0 322.0
1339.0 2697.0
4024.0 4409.0
1659.0 2850.0
3305.0 3336.0
2823.0 4477.0
1502.0 2117.0
3463.0 4454.0
4410.0 4460.0
3505.0 3904.0
3853.0 4065.0
831.0 1736.0
4641.0 4502.0
1733.0 1686.0
2844.0 2839.0
343.0 2433.0
3745.0 3748.0
1624.0 2679.0
3005.0 3702.0
3460.0 3459.0
354.0 1946.0
786.0 1076.0
704.0 834.0
1603.0 440.0
2625.0 1303.0
4087.0 4477.0
636.0 2778.0
1803.0 2469.0
151.0 1980.0
1055.0 430.0
3253.0 2978.0
1254.0 2382.0
1000.0 1133.0
2156.0 1377.0
4151.0 3420.0
732.0 2805.0
4088.0 3177.0
3739.0 4154.0
1472.0 36.0
3754.0 4074.0
1608.0 2074.0
1531.0 1493.0
3523.0 4175.0
467.0 1492.0
1275.0 2405.0
2343.0 1115.0
2223.0 2205.0
3320.0 4426.0
1798.0 93.0
3944.0 4389.0
2487.0 395.0
207.0 542.0
3943.0 3492.0
1524.0 147.0
1638.0 2491.0
238.0 4477.0
2426.0 1859.0
2271.0 2694.0
461.0 755.0
187.0 2189.0
4424.0 4222.0
2002.0 2070.0
4672.0 3584.0
4579.0 4213.0
862.0 869.0
3584.0 3784.0
4119.0 3085.0
750.0 4477.0
3663.0 4477.0
3432.0 4415.0
650.0 1685.0
879.0 4477.0
524.0 2785.0
682.0 1214.0
4430.0 4495.0
3592.0 3244.0
2915.0 3175.0
1363.0 169.0
3357.0 3931.0
3294.0 3842.0
1006.0 1402.0
2037.0 1103.0
4145.0 4477.0
2459.0 351.0
3108.0 4365.0
3283.0 3761.0
404.0 2711.0
1384.0 587.0
1514.0 2328.0
3064.0 4108.0
684.0 1488.0
1704.0 2774.0
177.0 1426.0
3422.0 4528.0
3999.0 4101.0
3948.0 4336.0
1313.0 2478.0
823.0 1830.0
3009.0 3959.0
3860.0 4112.0
1343.0 2473.0
4195.0 4345.0
1897.0 2417.0
1778.0 2445.0
4237.0 4427.0
2216.0 467.0
741.0 36.0
1049.0 1436.0
1868.0 361.0
2476.0 2356.0
3425.0 4345.0
3187.0 3466.0
273.0 1609.0
3919.0 4053.0
1609.0 2391.0
1391.0 1431.0
308.0 1145.0
849.0 448.0
49.0 2182.0
3871.0 3731.0
3399.0 4309.0
245.0 182.0
3640.0 4096.0
2784.0 2401.0
4258.0 3483.0
801.0 963.0
2257.0 2657.0
1353.0 1059.0
864.0 2586.0
1058.0 2145.0
994.0 1212.0
1896.0 1920.0
1289.0 2367.0
3635.0 4186.0
1091.0 2020.0
1660.0 752.0
1892.0 1360.0
3139.0 3726.0
3765.0 3238.0
3060.0 4634.0
1230.0 1208.0
2151.0 2405.0
3584.0 4020.0
2331.0 454.0
2727.0 2738.0
3788.0 4075.0
1184.0 2856.0
1107.0 4477.0
2076.0 2443.0
1523.0 800.0
636.0 783.0
2836.0 558.0
4305.0 3968.0
1661.0 254.0
400.0 1511.0
535.0 1013.0
4466.0 3914.0
116.0 2571.0
671.0 1437.0
353.0 1339.0
2094.0 1704.0
4256.0 3411.0
1633.0 2707.0
895.0 1273.0
4460.0 4477.0
3806.0 4024.0
1632.0 619.0
4178.0 4477.0
2183.0 2861.0
3403.0 4219.0
3092.0 3311.0
700.0 2262.0
974.0 1698.0
1888.0 170.0
2958.0 3252.0
110.0 1039.0
4430.0 3999.0
3367.0 3117.0
153.0 2761.0
4509.0 3646.0
2498.0 2113.0
759.0 1282.0
1413.0 1088.0
2466.0 1503.0
3126.0 4102.0
3787.0 4287.0
4464.0 4629.0
2221.0 2674.0
967.0 4477.0
1150.0 1451.0
4449.0 4477.0
614.0 1884.0
1113.0 598.0
1621.0 2278.0
1327.0 581.0
489.0 2777.0
2526.0 2078.0
2600.0 2893.0
3485.0 4478.0
291.0 1397.0
1741.0 2029.0
1189.0 1624.0
2508.0 1175.0
1717.0 2775.0
3558.0 3568.0
3623.0 3643.0
3896.0 4445.0
1190.0 1709.0
1309.0 2323.0
3588.0 4610.0
4443.0 3547.0
4079.0 4463.0
794.0 4477.0
188.0 2682.0
4631.0 4525.0
1493.0 949.0
4444.0 3203.0
4255.0 3498.0
1035.0 1855.0
4660.0 4083.0
3249.0 3671.0
748.0 1086.0
3913.0 4285.0
1177.0 1474.0
102.0 1095.0
4514.0 3597.0
538.0 2405.0
2378.0 4477.0
743.0 1340.0
4268.0 3296.0
620.0 1833.0
4263.0 3078.0
1704.0 2635.0
1479.0 609.0
2407.0 1756.0
50.0 2188.0
1076.0 2050.0
1302.0 2823.0
1987.0 2113.0
2713.0 4477.0
3498.0 3753.0
4579.0 3990.0
2277.0 1605.0
3478.0 3413.0
2966.0 3572.0
3951.0 4020.0
1531.0 56.0
4102.0 3829.0
3830.0 3965.0
2478.0 2640.0
1910.0 902.0
3063.0 4553.0
2840.0 2986.0
4151.0 3096.0
4039.0 4531.0
1922.0 583.0
1777.0 2089.0
1527.0 2276.0
609.0 1286.0
1962.0 179.0
4441.0 4477.0
3386.0 3014.0
2854.0 806.0
2968.0 4223.0
265.0 2204.0
3013.0 3897.0
3456.0 4606.0
3542.0 3768.0
4369.0 4406.0
3112.0 4037.0
3598.0 4074.0
1372.0 2284.0
868.0 1339.0
3057.0 4477.0
1529.0 2805.0
2248.0 276.0
1747.0 2371.0
2288.0 4477.0
3630.0 4097.0
1825.0 2607.0
1474.0 728.0
340.0 2685.0
1231.0 2100.0
2463.0 2835.0
2665.0 1130.0
2793.0 381.0
3720.0 4648.0
270.0 2596.0
2305.0 2531.0
2016.0 2069.0
2924.0 4094.0
1724.0 1239.0
758.0 1269.0
3088.0 3280.0
3425.0 4357.0
2273.0 1107.0
2469.0 1173.0
3196.0 3959.0
2001.0 2075.0
1661.0 1724.0
226.0 1064.0
3091.0 3435.0
3944.0 4477.0
4538.0 3993.0
3899.0 4020.0
4539.0 4645.0
1561.0 4477.0
2077.0 2326.0
62.0 1217.0
3969.0 4020.0
1038.0 1054.0
2429.0 2078.0
4366.0 4509.0
3894.0 4667.0
1792.0 765.0
3760.0 3010.0
585.0 2488.0
406.0 1474.0
3964.0 4091.0
2688.0 2737.0
3084.0 3381.0
488.0 4477.0
2290.0 2205.0
1394.0 1450.0
602.0 2117.0
1380.0 2734.0
215.0 1742.0
1888.0 108.0
539.0 1497.0
2209.0 2591.0
3494.0 3351.0
3325.0 4477.0
962.0 1069.0
1125.0 2179.0
2412.0 4477.0
3037.0 4020.0
1342.0 1733.0
1245.0 2724.0
3357.0 4476.0
3510.0 3097.0
4367.0 4681.0
1301.0 2517.0
830.0 112.0
2383.0 538.0
2906.0 419.0
2804.0 1314.0
1402.0 2025.0
1906.0 1012.0
3721.0 4394.0
4351.0 3031.0
136.0 1015.0
2601.0 1098.0
3000.0 3094.0
1147.0 2280.0
2035.0 1577.0
3092.0 3347.0
3250.0 3578.0
1774.0 2486.0
2771.0 943.0
2602.0 1081.0
3157.0 4477.0
3683.0 4036.0
758.0 919.0
2325.0 2316.0
2449.0 690.0
2018.0 1686.0
3681.0 4428.0
4009.0 3749.0
2985.0 3723.0
312.0 1383.0
3514.0 4474.0
898.0 2174.0
3696.0 3736.0
3279.0 3688.0
1289.0 2500.0
2248.0 2537.0
1844.0 2656.0
1175.0 2146.0
434.0 1558.0
4315.0 3509.0
384.0 304.0
3190.0 3222.0
2641.0 2748.0
3796.0 4477.0
2954.0 4074.0
435.0 312.0
1994.0 1685.0
289.0 478.0
1659.0 2153.0
955.0 1040.0
3656.0 3876.0
1765.0 2027.0
975.0 1297.0
2391.0 1098.0
1187.0 2188.0
2649.0 2877.0
2843.0 104.0
3836.0 3972.0
3665.0 3934.0
3450.0 2924.0
3225.0 3851.0
4649.0 3277.0
3255.0 4020.0
1933.0 2187.0
1399.0 1900.0
3929.0 4094.0
1450.0 2253.0
1767.0 2628.0
2596.0 770.0
1187.0 2520.0
2167.0 3847.0
3607.0 3745.0
3918.0 3692.0
84.0 4477.0
2504.0 1704.0
931.0 2348.0
4301.0 4445.0
1508.0 2116.0
3101.0 4626.0
2269.0 179.0
3269.0 3720.0
2523.0 1518.0
861.0 1661.0
875.0 296.0
2389.0 1967.0
2892.0 284.0
3279.0 3221.0
1038.0 1497.0
690.0 4477.0
2173.0 284.0
1778.0 502.0
3700.0 3592.0
1340.0 1547.0
2940.0 4584.0
3327.0 3243.0
3322.0 3349.0
2854.0 1809.0
3330.0 4213.0
356.0 2610.0
3582.0 3574.0
1955.0 4477.0
2601.0 2660.0
4306.0 3164.0
3231.0 3760.0
609.0 2705.0
4037.0 4547.0
1824.0 1121.0
2622.0 2866.0
3220.0 4020.0
3083.0 4477.0
2264.0 2788.0
1090.0 1430.0
3702.0 4394.0
4299.0 3968.0
1506.0 1617.0
3957.0 3727.0
48.0 1567.0
376.0 102.0
2946.0 3525.0
1059.0 197.0
3582.0 3345.0
3592.0 1822.0
3463.0 3784.0
1326.0 1959.0
4451.0 4662.0
501.0 1804.0
3542.0 3345.0
1504.0 2189.0
370.0 1203.0
4400.0 4519.0
3363.0 4096.0
682.0 1529.0
3304.0 4480.0
3228.0 3588.0
1333.0 1046.0
977.0 284.0
4201.0 3459.0
4626.0 3579.0
4345.0 3012.0
3630.0 4477.0
2358.0 2688.0
2067.0 2381.0
813.0 1864.0
678.0 2064.0
2021.0 2285.0
3982.0 4318.0
2945.0 3036.0
4544.0 4002.0
354.0 1700.0
4601.0 3329.0
1234.0 1011.0
4053.0 3124.0
4675.0 4272.0
1274.0 774.0
1779.0 1737.0
42.0 2222.0
2310.0 1738.0
3513.0 3480.0
1953.0 844.0
380.0 2271.0
1398.0 1745.0
4669.0 3589.0
2299.0 1500.0
2268.0 2888.0
1981.0 2675.0
693.0 1399.0
3043.0 4102.0
247.0 153.0
575.0 650.0
3346.0 3669.0
1358.0 1623.0
3437.0 4477.0
2933.0 3989.0
2559.0 2087.0
1039.0 2247.0
2203.0 1470.0
2196.0 4477.0
4244.0 3574.0
2200.0 2457.0
4332.0 3769.0
561.0 2597.0
1941.0 2853.0
2628.0 903.0
4581.0 4477.0
1366.0 1908.0
4037.0 3993.0
1518.0 3332.0
1360.0 78.0
4098.0 3022.0
1100.0 1142.0
390.0 2175.0
3267.0 4430.0
3487.0 4427.0
4629.0 3117.0
4362.0 3047.0
781.0 2381.0
3709.0 4020.0
2166.0 2089.0
950.0 1515.0
2285.0 2376.0
2733.0 358.0
108.0 3184.0
3963.0 3173.0
1490.0 1881.0
317.0 4477.0
815.0 2726.0
102.0 4477.0
171.0 1905.0
1975.0 1529.0
1630.0 4477.0
262.0 2027.0
2085.0 1449.0
3856.0 4020.0
378.0 2763.0
2634.0 2084.0
1613.0 2287.0
83.0 1085.0
624.0 1671.0
1523.0 2401.0
973.0 2417.0
3868.0 4117.0
4368.0 4544.0
2965.0 4610.0
2060.0 361.0
1490.0 2433.0
4029.0 4083.0
1823.0 1802.0
4571.0 4247.0
4464.0 4526.0
1650.0 2151.0
2334.0 4477.0
3458.0 4477.0
3344.0 3909.0
1273.0 1945.0
1086.0 1944.0
3766.0 4510.0
3824.0 3879.0
3514.0 4638.0
2846.0 1451.0
3626.0 4096.0
808.0 1131.0
2960.0 3191.0
518.0 816.0
3145.0 4110.0
2332.0 492.0
249.0 1105.0
1998.0 2088.0
3811.0 4477.0
3250.0 3870.0
2039.0 2376.0
226.0 153.0
1682.0 2455.0
1124.0 1550.0
1008.0 839.0
3909.0 3624.0
1190.0 1236.0
1016.0 4477.0
3406.0 3650.0
3078.0 3052.0
994.0 1828.0
4495.0 4477.0
2844.0 2774.0
2266.0 1051.0
2204.0 2892.0
4397.0 3350.0
2187.0 1855.0
4605.0 4502.0
2553.0 1704.0
107.0 2563.0
1844.0 2402.0
1790.0 413.0
467.0 908.0
984.0 1221.0
3039.0 4244.0
852.0 1634.0
1480.0 213.0
3834.0 3603.0
357.0 2126.0
2563.0 381.0
4224.0 3605.0
3005.0 4394.0
3198.0 3703.0
3368.0 3614.0
2137.0 903.0
2346.0 1054.0
904.0 1855.0
246.0 1980.0
3666.0 4020.0
503.0 2839.0
497.0 2479.0
2727.0 2045.0
1930.0 308.0
369.0 1620.0
3784.0 4300.0
3201.0 4487.0
1929.0 287.0
962.0 2322.0
1871.0 1377.0
4035.0 3875.0
2426.0 1088.0
878.0 1415.0
2623.0 652.0
4468.0 3389.0
1703.0 227.0
3463.0 3420.0
577.0 2209.0
2187.0 1487.0
2291.0 1112.0
362.0 683.0
896.0 1583.0
3480.0 3800.0
3029.0 3667.0
3815.0 4067.0
662.0 1350.0
48.0 2703.0
383.0 2231.0
703.0 1260.0
3600.0 3772.0
4614.0 4143.0
2487.0 1133.0
408.0 2431.0
161.0 2591.0
4382.0 3079.0
221.0 2550.0
3705.0 3444.0
1704.0 4001.0
4437.0 3852.0
3432.0 4477.0
69.0 2087.0
629.0 2136.0
3948.0 4510.0
754.0 2223.0
1104.0 1176.0
3141.0 3044.0
464.0 1853.0
551.0 495.0
457.0 2363.0
4003.0 3643.0
362.0 279.0
3448.0 4669.0
3899.0 3823.0
3616.0 3177.0
3304.0 4573.0
4039.0 4478.0
1723.0 1915.0
3979.0 4477.0
124.0 179.0
2516.0 2027.0
3343.0 4098.0
4368.0 3985.0
2470.0 2417.0
2065.0 548.0
1345.0 4576.0
2058.0 467.0
3822.0 3609.0
2148.0 549.0
217.0 1636.0
3325.0 3282.0
1289.0 427.0
2687.0 2684.0
2136.0 102.0
2077.0 2196.0
2411.0 796.0
875.0 1780.0
440.0 446.0
3108.0 3601.0
3485.0 2920.0
3300.0 4477.0
2206.0 2551.0
1104.0 400.0
4411.0 4267.0
593.0 4477.0
3290.0 3961.0
161.0 500.0
741.0 2528.0
2442.0 2841.0
946.0 2044.0
3522.0 4526.0
2088.0 2674.0
1083.0 1572.0
3154.0 4477.0
1490.0 2664.0
1872.0 2113.0
2587.0 1543.0
729.0 1105.0
1987.0 606.0
757.0 1284.0
3400.0 3847.0
921.0 1315.0
36.0 1180.0
95.0 2664.0
3046.0 4179.0
2374.0 2253.0
1728.0 888.0
3189.0 4077.0
2312.0 2420.0
2740.0 2660.0
2777.0 2576.0
3864.0 4614.0
4189.0 3726.0
112.0 1232.0
284.0 2762.0
2108.0 4477.0
1854.0 3011.0
1092.0 26.0
962.0 4477.0
1143.0 153.0
416.0 594.0
3779.0 4189.0
449.0 1685.0
3247.0 3562.0
3903.0 3859.0
4087.0 3907.0
2349.0 2362.0
1643.0 1992.0
1933.0 606.0
1069.0 1204.0
2033.0 1989.0
327.0 1356.0
1568.0 2347.0
3663.0 3353.0
2785.0 4477.0
2563.0 2417.0
3766.0 4635.0
4217.0 3413.0
422.0 775.0
2659.0 1419.0
3457.0 4024.0
3421.0 4651.0
3746.0 4424.0
992.0 4477.0
899.0 2127.0
807.0 1421.0
1798.0 384.0
3395.0 4477.0
3208.0 4502.0
3786.0 3412.0
1134.0 2448.0
294.0 2797.0
4270.0 3457.0
2632.0 1310.0
3253.0 4477.0
1146.0 1745.0
3427.0 3528.0
3870.0 3894.0
1309.0 2850.0
3517.0 3668.0
1092.0 1673.0
4380.0 3402.0
4483.0 4519.0
3306.0 3479.0
2160.0 902.0
976.0 1263.0
1659.0 2144.0
1619.0 2889.0
4299.0 4350.0
320.0 1994.0
2514.0 2642.0
2825.0 4477.0
98.0 2888.0
3629.0 3002.0
2044.0 2612.0
480.0 788.0
3397.0 3696.0
3571.0 3278.0
375.0 2426.0
754.0 1651.0
4403.0 3832.0
1915.0 928.0
3526.0 3748.0
3624.0 4563.0
3474.0 3858.0
3439.0 3953.0
832.0 2722.0
551.0 1743.0
273.0 2873.0
1579.0 1202.0
576.0 1438.0
3746.0 4477.0
722.0 284.0
4138.0 3842.0
3599.0 3709.0
3779.0 3802.0
4392.0 4502.0
1149.0 2900.0
2881.0 1279.0
2429.0 1258.0
689.0 1899.0
3105.0 4264.0
3779.0 4401.0
1702.0 1977.0
512.0 1872.0
1187.0 1289.0
576.0 2591.0
1136.0 1619.0
1149.0 2572.0
640.0 1021.0
1423.0 2143.0
2130.0 1100.0
1077.0 1202.0
4015.0 4490.0
3196.0 4128.0
1405.0 1475.0
1127.0 1066.0
674.0 1106.0
3831.0 4477.0
3686.0 3477.0
3221.0 4647.0
2968.0 3282.0
404.0 1471.0
388.0 1833.0
2845.0 848.0
1662.0 1474.0
4050.0 3666.0
2937.0 3119.0
4069.0 4484.0
2887.0 1015.0
3283.0 3237.0
2302.0 2693.0
3601.0 3540.0
934.0 737.0
1411.0 1651.0
3241.0 4558.0
4304.0 4447.0
1962.0 1422.0
2723.0 775.0
4444.0 3021.0
1489.0 1934.0
429.0 4477.0
3016.0 4502.0
2036.0 124.0
4678.0 4033.0
4503.0 3612.0
2296.0 1269.0
4468.0 3798.0
2619.0 3377.0
732.0 2551.0
1501.0 4477.0
4600.0 2937.0
2652.0 666.0
2945.0 4477.0
311.0 509.0
4234.0 4399.0
719.0 2181.0
1623.0 2823.0
280.0 2524.0
675.0 1842.0
1844.0 1090.0
4627.0 4213.0
3185.0 4144.0
1927.0 952.0
1056.0 902.0
3316.0 3617.0
686.0 117.0
1909.0 1693.0
2210.0 2308.0
3073.0 3264.0
1074.0 1201.0
2760.0 4477.0
1512.0 611.0
1269.0 2314.0
2952.0 3190.0
874.0 2342.0
4300.0 4526.0
1824.0 4477.0
1372.0 2303.0
3372.0 4477.0
55.0 2165.0
29.0 1491.0
2737.0 2846.0
1105.0 2614.0
2955.0 4035.0
2960.0 3042.0
2072.0 4477.0
673.0 482.0
33.0 947.0
2152.0 1011.0
3215.0 3343.0
524.0 689.0
2800.0 1645.0
3585.0 4477.0
1319.0 2067.0
4396.0 3403.0
100.0 1063.0
2842.0 243.0
1069.0 4477.0
3235.0 4477.0
443.0 1897.0
2620.0 2815.0
4656.0 3296.0
1448.0 1980.0
3435.0 3612.0
2197.0 721.0
1792.0 4477.0
1375.0 1660.0
522.0 454.0
1931.0 2591.0
844.0 2554.0
770.0 4477.0
3424.0 3203.0
3912.0 4454.0
2777.0 2048.0
1027.0 1617.0
2378.0 482.0
1474.0 4477.0
3075.0 3162.0
769.0 1855.0
457.0 2227.0
3598.0 3812.0
190.0 1344.0
352.0 1372.0
3649.0 3375.0
4430.0 3628.0
3794.0 3428.0
1276.0 1573.0
192.0 1499.0
1174.0 743.0
3181.0 3052.0
1655.0 517.0
2296.0 1766.0
1952.0 1716.0
1569.0 2278.0
421.0 2263.0
464.0 243.0
3290.0 4477.0
3627.0 4286.0
152.0 2524.0
1465.0 1518.0
4589.0 3189.0
576.0 995.0
3128.0 4568.0
3372.0 4060.0
683.0 4477.0
3538.0 3014.0
3176.0 4343.0
3599.0 737.0
1164.0 492.0
2425.0 2743.0
4549.0 4568.0
142.0 588.0
4062.0 4477.0
2760.0 442.0
3603.0 3797.0
442.0 2860.0
3652.0 3689.0
1195.0 2850.0
4553.0 3203.0
756.0 1022.0
3018.0 3991.0
905.0 932.0
1823.0 1346.0
360.0 1704.0
4203.0 3714.0
3052.0 4477.0
2530.0 2708.0
702.0 2694.0
1546.0 1234.0
43.0 1586.0
1709.0 2209.0
2358.0 1081.0
1517.0 4477.0
443.0 817.0
2525.0 4477.0
179.0 2485.0
3475.0 3459.0
2193.0 795.0
1323.0 1168.0
2389.0 2323.0
2386.0 2270.0
2302.0 2814.0
2244.0 1745.0
4300.0 4407.0
1413.0 155.0
677.0 1881.0
800.0 1653.0
2986.0 4228.0
4026.0 4023.0
216.0 281.0
1825.0 2402.0
852.0 1073.0
2009.0 2833.0
366.0 898.0
990.0 1882.0
1214.0 1339.0
2380.0 121.0
641.0 2475.0
507.0 2496.0
1695.0 2628.0
2571.0 944.0
2774.0 1316.0
197.0 2726.0
297.0 513.0
663.0 2479.0
412.0 1447.0
421.0 985.0
874.0 2424.0
1350.0 929.0
2506.0 4477.0
1039.0 2413.0
2806.0 1021.0
3625.0 4465.0
621.0 889.0
2740.0 1208.0
2228.0 4477.0
2854.0 1889.0
1449.0 2628.0
1561.0 1812.0
2959.0 3779.0
1344.0 1889.0
1372.0 2551.0
3784.0 3859.0
3107.0 3174.0
3964.0 4519.0
1576.0 454.0
966.0 1543.0
2971.0 4163.0
433.0 2501.0
4545.0 4018.0
3349.0 3768.0
3735.0 3968.0
1039.0 1660.0
1836.0 1872.0
90.0 2386.0
3154.0 3341.0
552.0 418.0
3457.0 4477.0
2948.0 3453.0
3396.0 4060.0
3175.0 3567.0
4297.0 3337.0
2520.0 816.0
2630.0 667.0
4483.0 3953.0
2614.0 1236.0
4366.0 3653.0
2649.0 284.0
3561.0 4020.0
302.0 1745.0
1353.0 1310.0
3175.0 3929.0
3009.0 3999.0
2280.0 2738.0
4248.0 4208.0
1130.0 2372.0
25.0 67.0
3664.0 3476.0
1367.0 1754.0
131.0 532.0
2760.0 1304.0
3522.0 3574.0
1446.0 386.0
1168.0 2308.0
3659.0 4340.0
1013.0 1802.0
343.0 1490.0
1417.0 797.0
1661.0 1844.0
2954.0 4477.0
3871.0 3570.0
3893.0 4085.0
2650.0 87.0
3578.0 3755.0
4557.0 4492.0
2152.0 1243.0
1655.0 1696.0
3231.0 3282.0
1474.0 1497.0
3259.0 4065.0
3734.0 3354.0
1936.0 199.0
4291.0 3117.0
87.0 287.0
2950.0 3250.0
3080.0 4070.0
4400.0 4477.0
426.0 36.0
3156.0 3619.0
2236.0 1230.0
3690.0 4477.0
904.0 1664.0
2001.0 126.0
3771.0 4410.0
4595.0 4094.0
4465.0 4476.0
3568.0 4357.0
384.0 2093.0
2722.0 2664.0
1531.0 1766.0
113.0 2194.0
2583.0 2435.0
986.0 2048.0
3157.0 3768.0
2939.0 3410.0
3277.0 3178.0
3222.0 4021.0
2236.0 2699.0
1012.0 2774.0
4662.0 3737.0
4217.0 4470.0
3861.0 4430.0
2638.0 2405.0
2464.0 288.0
1700.0 2814.0
3570.0 4274.0
3111.0 3374.0
122.0 1208.0
4310.0 3420.0
967.0 2211.0
815.0 2892.0
3312.0 3229.0
2137.0 2540.0
230.0 1904.0
387.0 862.0
1768.0 2536.0
3567.0 3842.0
756.0 2661.0
2088.0 2242.0
1411.0 2145.0
573.0 2655.0
4329.0 3001.0
1266.0 2740.0
484.0 2014.0
772.0 1107.0
3027.0 3851.0
1993.0 2312.0
542.0 1980.0
3016.0 4490.0
1437.0 1059.0
674.0 2355.0
2246.0 147.0
1553.0 2436.0
569.0 1764.0
3446.0 3709.0
44.0 745.0
1107.0 1088.0
3868.0 3889.0
4175.0 3885.0
2208.0 2451.0
265.0 2892.0
2934.0 4595.0
95.0 1881.0
1067.0 1881.0
2828.0 775.0
48.0 2304.0
2090.0 1097.0
4488.0 4634.0
4414.0 4118.0
3040.0 3946.0
2854.0 2707.0
3315.0 4669.0
3041.0 4208.0
4262.0 4490.0
733.0 2723.0
142.0 2145.0
3414.0 4645.0
2809.0 2524.0
3503.0 3570.0
2792.0 2551.0
1779.0 1208.0
3113.0 3009.0
913.0 1272.0
3204.0 3854.0
3540.0 4321.0
1067.0 1142.0
4574.0 3084.0
2549.0 2665.0
143.0 1081.0
1567.0 2106.0
4126.0 4014.0
4362.0 3459.0
3485.0 4092.0
3055.0 3690.0
342.0 1181.0
2228.0 1223.0
1589.0 1436.0
3098.0 4318.0
2398.0 386.0
93.0 2681.0
142.0 2031.0
3500.0 4437.0
509.0 1207.0
2781.0 887.0
1147.0 2524.0
1507.0 2256.0
2521.0 2838.0
2073.0 740.0
1795.0 2618.0
3014.0 4282.0
2145.0 2649.0
2271.0 2870.0
3004.0 4464.0
1741.0 632.0
3389.0 3308.0
2324.0 4477.0
3109.0 4640.0
1666.0 1743.0
2393.0 4477.0
2112.0 4477.0
1994.0 4477.0
4169.0 4322.0
2031.0 2181.0
1212.0 2789.0
3040.0 3857.0
639.0 1147.0
2060.0 2758.0
1155.0 1541.0
265.0 2241.0
639.0 2279.0
3512.0 3595.0
44.0 1577.0
3889.0 4250.0
2954.0 4349.0
212.0 2769.0
89.0 2138.0
2542.0 893.0
158.0 878.0
1230.0 698.0
3463.0 3335.0
3359.0 4410.0
3077.0 4477.0
1613.0 1031.0
452.0 2015.0
1568.0 1654.0
2923.0 3100.0
2011.0 4477.0
1105.0 1402.0
110.0 2322.0
156.0 1842.0
3064.0 4010.0
3035.0 4154.0
4320.0 4065.0
1830.0 2008.0
4158.0 4261.0
3335.0 4462.0
4246.0 4126.0
2230.0 2280.0
2951.0 4657.0
2670.0 1474.0
3289.0 4371.0
4310.0 3221.0
2178.0 2591.0
3108.0 4375.0
968.0 983.0
3792.0 4477.0
3032.0 3959.0
1255.0 2679.0
3193.0 3578.0
1574.0 1339.0
814.0 1471.0
1400.0 343.0
2813.0 1529.0
3841.0 3938.0
1630.0 1812.0
702.0 2320.0
4588.0 4579.0
2322.0 2741.0
215.0 107.0
4304.0 3555.0
2612.0 171.0
2463.0 1812.0
3539.0 4145.0
610.0 208.0
3580.0 4477.0
1446.0 1812.0
733.0 2253.0
2563.0 4477.0
1697.0 2729.0
2045.0 1351.0
4094.0 4261.0
326.0 2722.0
2211.0 2575.0
3961.0 4253.0
65.0 800.0
3484.0 3001.0
1039.0 1203.0
4553.0 3680.0
810.0 895.0
4164.0 4386.0
408.0 1905.0
58.0 2688.0
1376.0 1956.0
2096.0 2479.0
1418.0 2003.0
2742.0 2353.0
2455.0 492.0
1183.0 1980.0
2975.0 3173.0
3343.0 3119.0
1505.0 153.0
2816.0 418.0
1110.0 1829.0
3001.0 4020.0
950.0 1434.0
1430.0 253.0
2148.0 2246.0
1814.0 2254.0
165.0 494.0
4185.0 3459.0
766.0 1967.0
2150.0 48.0
3646.0 3014.0
240.0 880.0
2786.0 2312.0
1546.0 1410.0
3273.0 3968.0
3229.0 3566.0
3315.0 4015.0
4503.0 3775.0
901.0 2628.0
2228.0 328.0
4200.0 4248.0
4396.0 4239.0
333.0 1613.0
2890.0 1437.0
1579.0 1889.0
867.0 2347.0
202.0 2722.0
593.0 975.0
697.0 1602.0
260.0 1273.0
3990.0 4409.0
1413.0 839.0
2535.0 358.0
3939.0 4477.0
803.0 153.0
454.0 2708.0
1390.0 4477.0
4262.0 4678.0
1989.0 1476.0
3809.0 4349.0
3227.0 3300.0
4438.0 3289.0
409.0 563.0
3819.0 4460.0
129.0 261.0
1100.0 2664.0
4366.0 3964.0
864.0 1626.0
3109.0 3731.0
2707.0 1162.0
1010.0 2807.0
2458.0 197.0
715.0 2786.0
1078.0 2568.0
48.0 268.0
1396.0 2027.0
3708.0 4598.0
2662.0 2673.0
2587.0 1351.0
4596.0 3633.0
3063.0 3203.0
3966.0 3409.0
4027.0 4178.0
4081.0 4162.0
1247.0 1081.0
3432.0 4309.0
141.0 1452.0
1694.0 2132.0
2456.0 2275.0
3088.0 4394.0
3601.0 4177.0
3393.0 4477.0
4052.0 4477.0
1700.0 587.0
4024.0 4477.0
2054.0 1177.0
1919.0 4477.0
188.0 2182.0
2957.0 4379.0
1946.0 2602.0
1143.0 2417.0
700.0 2873.0
3663.0 4298.0
2727.0 786.0
3954.0 3654.0
1825.0 2427.0
2610.0 1758.0
3274.0 3389.0
807.0 367.0
815.0 1437.0
44.0 2456.0
461.0 1402.0
89.0 1582.0
4406.0 4477.0
1878.0 2877.0
394.0 2805.0
403.0 1437.0
4151.0 3545.0
504.0 1437.0
4530.0 4379.0
3851.0 4514.0
4133.0 4208.0
996.0 2740.0
1553.0 1346.0
2427.0 2532.0
366.0 2884.0
1848.0 2386.0
3315.0 3014.0
4218.0 3504.0
551.0 4477.0
3175.0 4649.0
603.0 1191.0
1827.0 2774.0
2722.0 361.0
3706.0 3540.0
3741.0 4334.0
208.0 1989.0
2133.0 4020.0
1868.0 4477.0
3515.0 4261.0
3777.0 3364.0
962.0 2741.0
1401.0 2693.0
128.0 1205.0
3379.0 4305.0
3123.0 3809.0
294.0 347.0
425.0 869.0
651.0 2381.0
337.0 511.0
4366.0 3163.0
3207.0 3374.0
1883.0 1605.0
1416.0 1088.0
421.0 2536.0
1352.0 1388.0
3635.0 3570.0
3480.0 3365.0
1819.0 179.0
1906.0 637.0
4248.0 3134.0
2374.0 4477.0
850.0 1889.0
3623.0 3243.0
2387.0 2319.0
118.0 577.0
2362.0 431.0
279.0 2876.0
3652.0 4355.0
1588.0 2492.0
2225.0 2591.0
369.0 2044.0
184.0 62.0
675.0 1743.0
2501.0 703.0
745.0 1402.0
2478.0 4477.0
1560.0 2200.0
4595.0 4477.0
102.0 944.0
1116.0 3847.0
4118.0 4502.0
350.0 2400.0
2673.0 4020.0
17.0 2811.0
2539.0 2549.0
3459.0 3170.0
1919.0 1485.0
4585.0 4556.0
3849.0 4086.0
1707.0 1676.0
4325.0 4444.0
3096.0 4462.0
2202.0 276.0
133.0 1394.0
433.0 4477.0
2662.0 1518.0
3767.0 4338.0
4169.0 4588.0
3175.0 3113.0
2832.0 1035.0
246.0 494.0
2668.0 201.0
1935.0 2033.0
620.0 647.0
875.0 2778.0
2289.0 1244.0
3169.0 4237.0
3444.0 3854.0
2792.0 351.0
3450.0 4248.0
54.0 1524.0
2977.0 4487.0
338.0 1437.0
1411.0 922.0
724.0 792.0
951.0 2296.0
3120.0 4321.0
2584.0 581.0
1642.0 929.0
1125.0 578.0
291.0 1334.0
3450.0 3178.0
2558.0 1605.0
3480.0 3660.0
3731.0 3850.0
3840.0 4020.0
2659.0 2031.0
2206.0 1543.0
236.0 728.0
3153.0 3580.0
115.0 2443.0
1136.0 490.0
255.0 1936.0
536.0 2094.0
2623.0 1410.0
829.0 2604.0
3100.0 3119.0
2906.0 1286.0
2483.0 4477.0
45.0 2298.0
3492.0 3584.0
3175.0 4159.0
3639.0 3932.0
231.0 2372.0
3722.0 4094.0
1494.0 1543.0
1185.0 1970.0
620.0 943.0
4146.0 4397.0
2514.0 2726.0
3358.0 4224.0
152.0 352.0
2727.0 1529.0
4669.0 4367.0
231.0 454.0
97.0 811.0
2657.0 442.0
2225.0 2025.0
3149.0 4249.0
1267.0 222.0
3489.0 4361.0
4315.0 4244.0
822.0 1937.0
3663.0 4237.0
3060.0 3087.0
3075.0 3414.0
3563.0 3459.0
980.0 1935.0
2528.0 2786.0
2568.0 2639.0
2793.0 2279.0
2994.0 3630.0
4389.0 3360.0
158.0 278.0
2829.0 1353.0
1049.0 4477.0
4332.0 4477.0
2990.0 3739.0
674.0 4477.0
3226.0 4213.0
1035.0 1422.0
2940.0 3794.0
4345.0 4477.0
2784.0 431.0
2785.0 2235.0
396.0 4477.0
1164.0 2472.0
1951.0 1021.0
2511.0 1764.0
4401.0 3947.0
983.0 4556.0
2497.0 3930.0
84.0 1577.0
2209.0 1599.0
1339.0 2056.0
568.0 955.0
2835.0 1232.0
3366.0 4143.0
3134.0 2978.0
369.0 172.0
1670.0 4020.0
2240.0 2825.0
74.0 2130.0
504.0 2777.0
514.0 2153.0
264.0 1830.0
359.0 2498.0
229.0 2030.0
224.0 1617.0
2932.0 4412.0
668.0 2317.0
2385.0 378.0
1672.0 2701.0
1613.0 2027.0
3846.0 4502.0
107.0 2206.0
250.0 2292.0
3598.0 2926.0
691.0 1238.0
293.0 469.0
4608.0 4642.0
3255.0 4499.0
2487.0 2879.0
866.0 2020.0
1902.0 1988.0
1024.0 4477.0
956.0 515.0
4635.0 4118.0
4087.0 3262.0
4332.0 4517.0
1460.0 2349.0
4073.0 3020.0
2492.0 764.0
4010.0 4133.0
980.0 1168.0
969.0 1456.0
246.0 2721.0
824.0 2722.0
1040.0 1621.0
969.0 2674.0
3703.0 4246.0
1045.0 1093.0
1635.0 1462.0
577.0 1190.0
731.0 1600.0
3012.0 4020.0
674.0 1588.0
2760.0 774.0
1302.0 1837.0
4551.0 4477.0
2757.0 882.0
2878.0 2488.0
2851.0 2810.0
1336.0 262.0
3843.0 4477.0
2942.0 3540.0
408.0 2110.0
617.0 1828.0
2533.0 2722.0
3955.0 4226.0
790.0 819.0
4287.0 3603.0
2923.0 4428.0
1017.0 1474.0
316.0 2432.0
2527.0 3969.0
397.0 1051.0
946.0 2325.0
1105.0 4477.0
200.0 4477.0
354.0 975.0
3720.0 4464.0
3075.0 3855.0
230.0 873.0
4682.0 4477.0
294.0 1115.0
4249.0 4361.0
1639.0 2027.0
1614.0 2089.0
1841.0 1214.0
2007.0 345.0
1303.0 2589.0
2364.0 468.0
1130.0 1127.0
3194.0 4395.0
2371.0 582.0
3580.0 3542.0
561.0 386.0
2991.0 4659.0
224.0 2129.0
1693.0 1859.0
1553.0 1746.0
2287.0 4477.0
3803.0 4020.0
1608.0 1743.0
82.0 619.0
194.0 2788.0
1613.0 384.0
4531.0 2987.0
92.0 1527.0
74.0 851.0
3349.0 3753.0
3262.0 4605.0
2987.0 3400.0
387.0 1599.0
716.0 2877.0
2931.0 3873.0
3041.0 3459.0
1198.0 4477.0
4061.0 3597.0
4580.0 3965.0
93.0 543.0
3162.0 3440.0
3073.0 3811.0
792.0 2156.0
1666.0 72.0
4077.0 4460.0
2578.0 2127.0
3322.0 3177.0
1087.0 1147.0
4382.0 4108.0
2638.0 4477.0
3034.0 4147.0
1846.0 4477.0
1914.0 2417.0
3328.0 4096.0
474.0 1375.0
1623.0 2819.0
1836.0 548.0
203.0 928.0
980.0 1900.0
963.0 1920.0
3077.0 4304.0
490.0 1788.0
1832.0 1425.0
976.0 1642.0
1662.0 454.0
1614.0 3592.0
3376.0 3851.0
518.0 1769.0
290.0 1812.0
3280.0 3445.0
62.0 1914.0
4038.0 2972.0
884.0 2873.0
3257.0 3263.0
3690.0 4020.0
3097.0 4083.0
4086.0 4477.0
2612.0 2547.0
3117.0 3132.0
4169.0 3528.0
2143.0 2113.0
3660.0 4559.0
4483.0 4175.0
3957.0 4652.0
556.0 1198.0
1922.0 288.0
200.0 2326.0
1390.0 2240.0
3342.0 3957.0
975.0 2022.0
2126.0 1830.0
3809.0 4074.0
1952.0 1067.0
1866.0 1460.0
2833.0 664.0
3284.0 4116.0
3543.0 3719.0
1531.0 2773.0
905.0 4020.0
613.0 1799.0
1009.0 2352.0
2089.0 3446.0
48.0 142.0
4681.0 3528.0
2382.0 2579.0
3772.0 4177.0
3075.0 4477.0
284.0 650.0
2209.0 2772.0
1608.0 1254.0
845.0 2056.0
2564.0 1487.0
138.0 1106.0
1551.0 178.0
1191.0 4477.0
2549.0 1773.0
1262.0 2745.0
823.0 2510.0
1964.0 781.0
3620.0 3178.0
1394.0 2253.0
581.0 585.0
3358.0 4181.0
1947.0 2513.0
3730.0 3900.0
782.0 4477.0
1481.0 1021.0
1700.0 2708.0
489.0 306.0
2780.0 2708.0
1327.0 1225.0
737.0 2089.0
2968.0 3896.0
3921.0 4004.0
1957.0 4477.0
863.0 1503.0
2467.0 928.0
384.0 138.0
168.0 1529.0
1814.0 2250.0
3639.0 4491.0
2735.0 2260.0
4158.0 4469.0
3234.0 3771.0
2913.0 3484.0
1648.0 1327.0
1510.0 1731.0
2160.0 1525.0
2096.0 93.0
1769.0 2628.0
1723.0 2010.0
4028.0 4218.0
1907.0 4477.0
169.0 2224.0
1787.0 3029.0
4625.0 4291.0
2605.0 158.0
1194.0 2712.0
1788.0 4477.0
1968.0 4477.0
1006.0 1262.0
1087.0 2567.0
3456.0 4166.0
579.0 2479.0
4012.0 4477.0
4097.0 4553.0
3785.0 4037.0
3589.0 3637.0
2666.0 1518.0
1673.0 2247.0
1326.0 2045.0
2548.0 1745.0
296.0 1780.0
1498.0 361.0
2239.0 1855.0
3381.0 4660.0
31.0 1920.0
1613.0 2884.0
4505.0 3045.0
2476.0 2601.0
3497.0 3178.0
17.0 967.0
722.0 2347.0
937.0 2246.0
2388.0 2012.0
3665.0 3808.0
477.0 661.0
2923.0 3785.0
3888.0 3388.0
1254.0 1208.0
1766.0 2353.0
1567.0 2326.0
1581.0 1895.0
2596.0 97.0
123.0 2106.0
4469.0 4261.0
705.0 2479.0
3859.0 4229.0
2736.0 3847.0
1369.0 859.0
4475.0 4065.0
390.0 1274.0
326.0 1490.0
74.0 1952.0
2360.0 1311.0
381.0 2524.0
2591.0 4477.0
1084.0 619.0
2075.0 262.0
4055.0 3411.0
2132.0 2080.0
2139.0 2613.0
3407.0 3526.0
2747.0 4477.0
2754.0 2774.0
2033.0 264.0
1298.0 538.0
4060.0 3157.0
378.0 4477.0
2178.0 179.0
1572.0 2628.0
4624.0 4335.0
1207.0 676.0
1659.0 695.0
2548.0 2634.0
3623.0 4477.0
2338.0 2794.0
89.0 244.0
786.0 1064.0
2596.0 2048.0
1142.0 1569.0
2956.0 3959.0
384.0 2559.0
1758.0 1021.0
896.0 1124.0
1764.0 4477.0
588.0 693.0
1666.0 1254.0
2995.0 3877.0
2662.0 4020.0
2560.0 2664.0
3292.0 3117.0
4216.0 4502.0
4320.0 3570.0
2111.0 2078.0
2932.0 4138.0
2771.0 2386.0
3471.0 3770.0
3969.0 3130.0
68.0 2628.0
4262.0 3262.0
4049.0 4261.0
3876.0 3441.0
3770.0 4020.0
3851.0 3978.0
4457.0 4334.0
519.0 1745.0
1693.0 4020.0
3711.0 4502.0
2549.0 975.0
1277.0 1981.0
4044.0 4251.0
493.0 2271.0
4180.0 4651.0
2215.0 4477.0
4275.0 3865.0
3319.0 3914.0
4124.0 3749.0
623.0 2598.0
3273.0 3280.0
913.0 1148.0
667.0 909.0
2890.0 2145.0
4384.0 2968.0
3049.0 4105.0
3243.0 3487.0
3193.0 3894.0
3561.0 3748.0
2031.0 1796.0
1390.0 2780.0
36.0 2528.0
1148.0 1487.0
4545.0 4527.0
359.0 1852.0
3811.0 3465.0
594.0 1984.0
3510.0 3145.0
1861.0 4477.0
1988.0 1344.0
1927.0 325.0
1037.0 1647.0
301.0 1826.0
3452.0 4264.0
1682.0 2040.0
2936.0 3856.0
4545.0 4480.0
1776.0 440.0
3945.0 3051.0
2557.0 1330.0
2887.0 2705.0
2035.0 1037.0
3868.0 3370.0
3102.0 3856.0
389.0 2281.0
716.0 1878.0
1509.0 2376.0
777.0 341.0
3851.0 4005.0
693.0 1437.0
1502.0 4477.0
636.0 1610.0
721.0 1162.0
1786.0 2323.0
3134.0 3035.0
2466.0 2846.0
2382.0 1049.0
3510.0 3600.0
4141.0 3690.0
3262.0 4318.0
1933.0 904.0
4122.0 4367.0
4097.0 3325.0
3876.0 4676.0
1769.0 2520.0
541.0 2253.0
3630.0 4058.0
121.0 1044.0
3654.0 3146.0
1523.0 2048.0
3467.0 3243.0
4603.0 3426.0
1154.0 153.0
682.0 2157.0
3136.0 3947.0
3331.0 4371.0
3824.0 4404.0
603.0 2632.0
4426.0 3574.0
180.0 1249.0
1700.0 935.0
1785.0 1753.0
1661.0 1015.0
1340.0 2774.0
46.0 1413.0
2378.0 1902.0
899.0 972.0
112.0 2447.0
3726.0 4568.0
3231.0 3021.0
3806.0 3117.0
2498.0 2686.0
3376.0 4170.0
3771.0 4480.0
65.0 2469.0
1968.0 2079.0
2121.0 281.0
4111.0 3156.0
3343.0 4262.0
863.0 781.0
4436.0 3568.0
3979.0 4221.0
4318.0 3753.0
757.0 345.0
1378.0 1202.0
2341.0 4477.0
409.0 1470.0
3943.0 3988.0
2223.0 2420.0
3066.0 4020.0
101.0 2662.0
1022.0 2445.0
1739.0 1730.0
64.0 2660.0
602.0 4477.0
1473.0 2009.0
3887.0 4457.0
1123.0 3147.0
3402.0 3203.0
3990.0 3609.0
1929.0 1106.0
365.0 2682.0
252.0 1464.0
317.0 1518.0
4390.0 4072.0
4636.0 2935.0
2486.0 1940.0
1499.0 3043.0
4248.0 4469.0
443.0 2429.0
4060.0 4037.0
1481.0 2146.0
4353.0 4458.0
1994.0 1745.0
3001.0 3420.0
2687.0 4477.0
91.0 1064.0
2352.0 3500.0
1369.0 212.0
669.0 1610.0
4281.0 3584.0
4141.0 4096.0
1398.0 2448.0
755.0 1089.0
1367.0 4020.0
899.0 1911.0
688.0 1368.0
1402.0 2491.0
2374.0 1470.0
2034.0 1284.0
1052.0 195.0
2187.0 1061.0
937.0 1006.0
962.0 1642.0
1389.0 1969.0
2612.0 1462.0
4278.0 3736.0
1559.0 2737.0
473.0 667.0
1623.0 153.0
1921.0 1868.0
2261.0 4477.0
4060.0 3335.0
161.0 1262.0
991.0 993.0
2483.0 387.0
4187.0 4477.0
3121.0 3624.0
4021.0 3968.0
3625.0 3065.0
898.0 2700.0
376.0 2813.0
846.0 502.0
1179.0 1505.0
288.0 583.0
196.0 1500.0
937.0 2451.0
2167.0 1482.0
3679.0 3292.0
3220.0 3795.0
4620.0 1754.0
3948.0 4054.0
3070.0 3811.0
2030.0 288.0
886.0 4477.0
1189.0 1191.0
3100.0 3396.0
980.0 2021.0
2403.0 2565.0
2718.0 985.0
184.0 2876.0
2813.0 2045.0
4174.0 4376.0
3267.0 3504.0
191.0 1352.0
1935.0 2510.0
3695.0 4559.0
3752.0 3530.0
3108.0 4321.0
1758.0 290.0
1344.0 1162.0
4545.0 4627.0
3713.0 4502.0
3373.0 4640.0
334.0 853.0
747.0 2109.0
529.0 2882.0
1582.0 2653.0
2536.0 2353.0
2753.0 2292.0
629.0 1971.0
2591.0 2606.0
3246.0 3898.0
3073.0 4157.0
643.0 1817.0
77.0 686.0
1823.0 2834.0
3592.0 4537.0
3871.0 3692.0
2868.0 1422.0
601.0 1538.0
1004.0 1153.0
2884.0 650.0
3343.0 3389.0
3796.0 4678.0
2685.0 909.0
3260.0 3358.0
4084.0 4477.0
2035.0 2491.0
169.0 2708.0
1147.0 382.0
1594.0 2486.0
3560.0 4037.0
4593.0 4020.0
2364.0 2279.0
2953.0 3084.0
843.0 2321.0
2493.0 2833.0
698.0 1596.0
3308.0 4059.0
3387.0 4208.0
341.0 2447.0
813.0 830.0
716.0 2145.0
4446.0 4477.0
2951.0 3705.0
884.0 2145.0
2381.0 2538.0
1851.0 1055.0
1327.0 4477.0
4659.0 3203.0
3365.0 3799.0
1600.0 3847.0
3006.0 3511.0
4006.0 4502.0
3335.0 3381.0
3989.0 4389.0
4513.0 3900.0
1781.0 1676.0
3224.0 4351.0
1629.0 2560.0
1961.0 2528.0
623.0 1832.0
834.0 1470.0
3884.0 3762.0
138.0 2441.0
3014.0 3476.0
2798.0 2853.0
1952.0 2722.0
2460.0 199.0
2033.0 467.0
998.0 1231.0
4146.0 3393.0
747.0 1967.0
2914.0 3059.0
3368.0 4234.0
4239.0 3993.0
3490.0 4477.0
4648.0 3528.0
2932.0 4596.0
1163.0 2326.0
1308.0 2812.0
3189.0 3178.0
3001.0 3223.0
4306.0 4455.0
2419.0 2594.0
752.0 1033.0
3001.0 3978.0
2736.0 785.0
2415.0 2620.0
2681.0 2524.0
4226.0 4049.0
2382.0 1112.0
830.0 2345.0
3645.0 3806.0
4644.0 4072.0
685.0 2113.0
1356.0 2423.0
2732.0 1630.0
4129.0 4171.0
2180.0 1775.0
809.0 944.0
2819.0 1980.0
1079.0 2091.0
1147.0 2230.0
2181.0 2777.0
2924.0 3563.0
2357.0 2855.0
4327.0 4430.0
1560.0 1596.0
3490.0 4652.0
2031.0 2074.0
2148.0 1105.0
572.0 344.0
48.0 2181.0
1880.0 650.0
4097.0 4274.0
3672.0 3526.0
2929.0 3947.0
1621.0 2850.0
609.0 1716.0
686.0 1981.0
3703.0 4503.0
3620.0 4159.0
393.0 719.0
1158.0 1066.0
3085.0 3990.0
321.0 48.0
1856.0 535.0
4501.0 4477.0
1187.0 851.0
3189.0 3117.0
1427.0 1203.0
2836.0 328.0
3165.0 3631.0
3578.0 3870.0
399.0 696.0
1900.0 1640.0
924.0 3368.0
4031.0 4182.0
168.0 382.0
2365.0 138.0
1568.0 1436.0
299.0 1071.0
1751.0 1450.0
908.0 2177.0
688.0 4477.0
3391.0 3021.0
250.0 4477.0
2912.0 3948.0
3109.0 3349.0
1488.0 3436.0
4006.0 3405.0
3172.0 3057.0
2287.0 201.0
1569.0 2722.0
26.0 2063.0
3491.0 3775.0
1825.0 2532.0
3246.0 4519.0
1435.0 2235.0
2903.0 1794.0
654.0 938.0
1912.0 4477.0
462.0 1705.0
2526.0 2027.0
2303.0 2551.0
4218.0 4486.0
776.0 2155.0
1127.0 2522.0
1285.0 1214.0
2682.0 2025.0
4042.0 3888.0
3534.0 3843.0
4062.0 4156.0
948.0 1221.0
4179.0 4326.0
1870.0 1878.0
2189.0 413.0
4414.0 3879.0
3929.0 4159.0
1971.0 2008.0
1270.0 1609.0
1122.0 444.0
567.0 1937.0
2881.0 2660.0
609.0 361.0
1039.0 1444.0
3923.0 4593.0
3984.0 4043.0
3543.0 3971.0
2298.0 1415.0
264.0 287.0
1919.0 2687.0
2456.0 2518.0
1612.0 1919.0
3123.0 3642.0
504.0 2077.0
4174.0 4315.0
3001.0 4479.0
3025.0 3792.0
3665.0 4430.0
1532.0 2428.0
1771.0 502.0
3290.0 3509.0
1358.0 1977.0
531.0 915.0
2205.0 825.0
4537.0 3867.0
3009.0 3320.0
1453.0 2479.0
957.0 4477.0
3001.0 3056.0
2867.0 1515.0
2531.0 2645.0
1325.0 1642.0
729.0 1135.0
2554.0 2873.0
146.0 4477.0
302.0 2496.0
191.0 1521.0
745.0 1912.0
507.0 1353.0
3874.0 3272.0
3776.0 3424.0
1944.0 1852.0
1399.0 1640.0
1933.0 2564.0
1639.0 2084.0
408.0 2307.0
694.0 1918.0
2856.0 2673.0
3587.0 4065.0
541.0 1443.0
2534.0 2753.0
2514.0 650.0
4357.0 4020.0
2173.0 2184.0
3630.0 3374.0
4281.0 4502.0
921.0 2726.0
3132.0 4139.0
4556.0 4628.0
3303.0 4259.0
2167.0 785.0
2034.0 637.0
260.0 2294.0
2994.0 3570.0
1986.0 2653.0
4065.0 4477.0
723.0 515.0
4486.0 4129.0
2363.0 2764.0
996.0 1168.0
841.0 2672.0
703.0 722.0
4325.0 4679.0
560.0 203.0
2667.0 4477.0
4379.0 3637.0
1163.0 1957.0
88.0 312.0
1266.0 1934.0
3249.0 3715.0
3113.0 3189.0
827.0 606.0
2391.0 2739.0
2655.0 4477.0
2038.0 1255.0
2242.0 2672.0
823.0 2852.0
610.0 1339.0
98.0 723.0
3092.0 3706.0
1159.0 2526.0
3290.0 4226.0
4011.0 3726.0
4519.0 4477.0
2154.0 2343.0
4015.0 3157.0
4416.0 3995.0
694.0 1015.0
3357.0 3625.0
3975.0 4516.0
3364.0 3182.0
2408.0 2658.0
3237.0 4020.0
2174.0 2301.0
980.0 2511.0
3714.0 4184.0
3498.0 3926.0
2479.0 2349.0
1825.0 1430.0
4430.0 4094.0
4048.0 3227.0
1661.0 1235.0
2647.0 713.0
3031.0 3638.0
1039.0 2162.0
3629.0 4339.0
2011.0 2401.0
2040.0 1899.0
3526.0 4292.0
125.0 563.0
153.0 757.0
2811.0 1605.0
3728.0 3828.0
2900.0 1889.0
3231.0 3570.0
3480.0 3094.0
2961.0 3653.0
3622.0 3440.0
3367.0 3574.0
4262.0 4087.0
4581.0 3156.0
3085.0 4477.0
4217.0 3993.0
2012.0 1631.0
1793.0 224.0
1934.0 4477.0
2218.0 367.0
2426.0 531.0
772.0 2426.0
170.0 4477.0
1417.0 1884.0
3908.0 3870.0
959.0 1474.0
2409.0 2044.0
860.0 1303.0
1376.0 2546.0
3706.0 4020.0
4298.0 3173.0
2860.0 2906.0
186.0 1895.0
679.0 1019.0
442.0 130.0
2543.0 2702.0
2178.0 2191.0
1340.0 1704.0
330.0 402.0
3526.0 4020.0
410.0 1487.0
3058.0 4261.0
431.0 1466.0
1138.0 2857.0
165.0 2252.0
1615.0 2853.0
1881.0 2390.0
653.0 2858.0
3717.0 3895.0
2305.0 4477.0
4426.0 3457.0
2206.0 1529.0
1731.0 762.0
2136.0 2524.0
4456.0 4512.0
3908.0 3734.0
4578.0 3839.0
2489.0 985.0
758.0 549.0
3833.0 4349.0
617.0 994.0
1169.0 2137.0
1491.0 886.0
3719.0 4634.0
172.0 907.0
1825.0 1646.0
747.0 2386.0
1106.0 1545.0
1819.0 1314.0
2093.0 287.0
187.0 2179.0
114.0 1745.0
592.0 3774.0
3791.0 3584.0
3175.0 4249.0
1720.0 2256.0
145.0 181.0
1962.0 1647.0
1348.0 2275.0
4248.0 3023.0
2991.0 3871.0
4336.0 3381.0
2601.0 1737.0
4391.0 4430.0
3611.0 3095.0
2785.0 1170.0
4595.0 3842.0
2242.0 2758.0
4503.0 4198.0
4666.0 3166.0
4529.0 3012.0
2996.0 2947.0
1609.0 1651.0
739.0 1945.0
49.0 1427.0
1687.0 2690.0
243.0 660.0
2429.0 1745.0
1669.0 481.0
3101.0 4102.0
4503.0 4249.0
2302.0 2400.0
521.0 1566.0
3861.0 4094.0
563.0 1286.0
1835.0 2873.0
279.0 428.0
958.0 626.0
3650.0 4477.0
90.0 1833.0
2083.0 531.0
1550.0 1715.0
97.0 935.0
2928.0 3381.0
3065.0 4477.0
784.0 1923.0
3198.0 4218.0
3078.0 3187.0
3635.0 2995.0
2683.0 2497.0
3001.0 3381.0
273.0 465.0
4366.0 4207.0
130.0 1470.0
2459.0 2717.0
2969.0 3429.0
3111.0 3125.0
2452.0 4477.0
375.0 1852.0
939.0 1306.0
4164.0 3589.0
3311.0 4365.0
3365.0 4064.0
2792.0 971.0
1504.0 1306.0
3552.0 3377.0
3671.0 3868.0
4295.0 3507.0
3454.0 4258.0
2398.0 4477.0
1172.0 1523.0
2419.0 1802.0
2258.0 1485.0
1433.0 119.0
887.0 2778.0
4224.0 4020.0
455.0 4477.0
3670.0 3199.0
3045.0 3894.0
2851.0 2664.0
2398.0 1697.0
2591.0 236.0
2785.0 2420.0
2306.0 1422.0
1190.0 2547.0
1560.0 2726.0
4077.0 4426.0
4037.0 4143.0
1856.0 351.0
2216.0 1258.0
3027.0 4120.0
3072.0 4502.0
938.0 1631.0
396.0 1558.0
117.0 273.0
1358.0 2045.0
1770.0 2320.0
3044.0 3394.0
812.0 1102.0
835.0 2569.0
2153.0 2402.0
4182.0 4485.0
567.0 1771.0
3919.0 3768.0
538.0 3431.0
4158.0 4430.0
513.0 831.0
175.0 2474.0
3744.0 3348.0
3299.0 4293.0
2250.0 2751.0
892.0 2382.0
2931.0 3653.0
4179.0 3752.0
1119.0 2550.0
644.0 168.0
2985.0 4655.0
1390.0 587.0
3580.0 4330.0
2963.0 4482.0
249.0 2547.0
426.0 2038.0
1325.0 2882.0
3275.0 3737.0
1007.0 97.0
996.0 2522.0
1103.0 1443.0
494.0 2252.0
3072.0 3260.0
2455.0 2870.0
1747.0 350.0
2064.0 2253.0
36.0 898.0
567.0 2262.0
581.0 757.0
1531.0 2503.0
2901.0 2027.0
3166.0 4477.0
1496.0 1606.0
2733.0 1523.0
2448.0 4477.0
1136.0 408.0
100.0 97.0
2835.0 2447.0
3328.0 4591.0
1343.0 1657.0
2183.0 139.0
2067.0 2142.0
3779.0 3311.0
1408.0 1956.0
134.0 2253.0
2965.0 3034.0
2682.0 2255.0
2662.0 1606.0
3249.0 4454.0
724.0 2814.0
1136.0 1531.0
184.0 1733.0
772.0 1670.0
2397.0 1677.0
2445.0 2449.0
1703.0 2593.0
3822.0 4625.0
860.0 2031.0
2145.0 2595.0
3241.0 3762.0
2116.0 2472.0
3456.0 4477.0
566.0 1774.0
998.0 1644.0
1844.0 203.0
4600.0 2957.0
544.0 1303.0
3840.0 4568.0
793.0 228.0
3772.0 4020.0
3169.0 3020.0
2335.0 1553.0
1308.0 2031.0
4509.0 3008.0
2879.0 2283.0
550.0 2726.0
2395.0 1589.0
3600.0 4141.0
747.0 2705.0
2031.0 2698.0
807.0 2389.0
4259.0 2948.0
1098.0 1737.0
1433.0 1903.0
3592.0 4333.0
4635.0 4096.0
4196.0 4583.0
4029.0 4187.0
1499.0 3368.0
901.0 1882.0
879.0 1752.0
1982.0 902.0
82.0 1044.0
4038.0 3014.0
4315.0 4596.0
4330.0 3396.0
4465.0 4382.0
553.0 1743.0
3610.0 4354.0
3528.0 4095.0
622.0 4477.0
1073.0 1299.0
107.0 1812.0
1470.0 4477.0
3924.0 3201.0
1716.0 1881.0
819.0 1881.0
1754.0 3244.0
3115.0 3383.0
2644.0 817.0
4649.0 4595.0
1007.0 2777.0
4315.0 3180.0
2610.0 1780.0
4498.0 4316.0
137.0 1235.0
2755.0 468.0
2375.0 2869.0
3085.0 3893.0
4320.0 3254.0
1086.0 1672.0
4497.0 4102.0
403.0 1016.0
4680.0 4477.0
2938.0 4356.0
569.0 1914.0
3149.0 4469.0
1283.0 2476.0
2398.0 2032.0
4339.0 4426.0
692.0 2662.0
1480.0 454.0
3628.0 3961.0
2223.0 1330.0
3882.0 3677.0
76.0 2641.0
120.0 1952.0
4275.0 3854.0
304.0 2177.0
2818.0 1952.0
3457.0 4460.0
620.0 812.0
2786.0 2184.0
2432.0 1974.0
1028.0 1636.0
1226.0 2252.0
1033.0 1286.0
808.0 2781.0
937.0 11.0
748.0 1389.0
3848.0 3400.0
2367.0 4477.0
911.0 2540.0
3279.0 3957.0
1834.0 2639.0
209.0 4477.0
2717.0 1225.0
852.0 2777.0
1138.0 454.0
3336.0 4659.0
1390.0 2708.0
1153.0 770.0
406.0 1173.0
3060.0 4499.0
867.0 2114.0
1450.0 2664.0
856.0 1623.0
2405.0 676.0
607.0 2598.0
1926.0 1604.0
321.0 884.0
108.0 2751.0
2085.0 956.0
4180.0 3284.0
2478.0 2451.0
3724.0 3687.0
1706.0 4477.0
1739.0 2837.0
688.0 385.0
616.0 1338.0
3947.0 3179.0
1623.0 1278.0
1864.0 2872.0
2331.0 1377.0
2825.0 454.0
866.0 2082.0
2669.0 2777.0
3731.0 3404.0
2194.0 163.0
3586.0 3914.0
2465.0 1330.0
3258.0 4160.0
250.0 2147.0
2208.0 577.0
3493.0 4065.0
4649.0 3173.0
1363.0 2780.0
244.0 2657.0
711.0 182.0
1465.0 1597.0
1356.0 2574.0
3198.0 4352.0
1047.0 557.0
1527.0 281.0
3492.0 4479.0
4239.0 4245.0
3888.0 4477.0
4448.0 3477.0
3779.0 3012.0
4046.0 4494.0
3779.0 3055.0
44.0 1102.0
4522.0 4020.0
1990.0 1263.0
2900.0 1536.0
1868.0 2691.0
2889.0 1905.0
2391.0 2522.0
2829.0 1624.0
2290.0 2087.0
1015.0 2386.0
3243.0 3164.0
4169.0 4339.0
3357.0 3643.0
3765.0 4500.0
448.0 1600.0
3221.0 4300.0
307.0 853.0
3783.0 4070.0
683.0 2479.0
414.0 1889.0
1187.0 1090.0
4324.0 2997.0
2894.0 2169.0
1661.0 2506.0
1796.0 4477.0
3093.0 3623.0
612.0 2099.0
2087.0 1031.0
2661.0 1781.0
13.0 2001.0
3327.0 4010.0
147.0 577.0
3327.0 4173.0
3111.0 3984.0
1460.0 2575.0
1750.0 1736.0
786.0 1959.0
244.0 1394.0
731.0 4040.0
4431.0 4069.0
3674.0 3203.0
2820.0 1718.0
2178.0 469.0
3510.0 2929.0
364.0 2327.0
4054.0 3208.0
3119.0 4477.0
1593.0 2333.0
4504.0 4096.0
177.0 2499.0
1927.0 706.0
1633.0 1662.0
711.0 3869.0
3646.0 4645.0
408.0 1862.0
3381.0 3479.0
3318.0 4160.0
4361.0 4469.0
972.0 1572.0
3206.0 3217.0
2304.0 2256.0
571.0 765.0
3645.0 4610.0
1399.0 64.0
167.0 2353.0
1203.0 1033.0
2786.0 2679.0
2666.0 1377.0
2934.0 3504.0
551.0 770.0
4352.0 4477.0
1623.0 1151.0
67.0 2037.0
3316.0 3430.0
592.0 1754.0
11.0 2431.0
2982.0 3555.0
4318.0 4057.0
3444.0 4460.0
2604.0 185.0
362.0 1106.0
3443.0 3194.0
1163.0 48.0
2028.0 2417.0
1949.0 2665.0
4405.0 4546.0
3515.0 3924.0
1437.0 4477.0
3107.0 4606.0
330.0 2165.0
2954.0 3642.0
834.0 4477.0
2389.0 1100.0
3406.0 3445.0
4476.0 3913.0
2040.0 1349.0
2694.0 2750.0
2093.0 1409.0
4351.0 4664.0
2961.0 3964.0
3252.0 3656.0
1256.0 2876.0
634.0 334.0
2960.0 3979.0
3198.0 4327.0
3741.0 4118.0
824.0 1868.0
3561.0 3263.0
1652.0 243.0
1666.0 1495.0
274.0 2854.0
673.0 933.0
2824.0 1810.0
1729.0 2882.0
62.0 360.0
497.0 2646.0
470.0 2054.0
1858.0 1889.0
3995.0 4178.0
1126.0 2497.0
3536.0 4082.0
2036.0 2868.0
2584.0 2045.0
3819.0 4085.0
118.0 1555.0
3391.0 3282.0
1411.0 2382.0
4608.0 3056.0
1762.0 2607.0
1661.0 2098.0
1842.0 2814.0
2493.0 4020.0
875.0 1357.0
4400.0 2972.0
3376.0 4477.0
4551.0 3928.0
3385.0 3753.0
3856.0 4564.0
1861.0 696.0
4146.0 2923.0
118.0 601.0
3730.0 3752.0
3629.0 3720.0
4545.0 4139.0
175.0 1065.0
1811.0 2786.0
4539.0 4393.0
45.0 2095.0
2945.0 4648.0
1661.0 563.0
1353.0 2679.0
586.0 2413.0
4044.0 4041.0
3269.0 4477.0
1761.0 2286.0
329.0 1338.0
1524.0 2591.0
3598.0 4384.0
273.0 2146.0
3543.0 4079.0
268.0 2749.0
3751.0 3858.0
3406.0 4321.0
152.0 2813.0
155.0 915.0
4291.0 3959.0
2684.0 868.0
1363.0 4477.0
4167.0 4372.0
3760.0 4380.0
3695.0 4477.0
2083.0 2125.0
3233.0 4477.0
254.0 2278.0
1323.0 1153.0
2293.0 2013.0
3483.0 3418.0
511.0 2786.0
364.0 582.0
1248.0 275.0
3383.0 4033.0
159.0 799.0
167.0 4477.0
1250.0 2660.0
2355.0 613.0
334.0 2067.0
4200.0 4362.0
1163.0 4477.0
4400.0 3439.0
2388.0 1149.0
3191.0 4178.0
739.0 348.0
3198.0 4361.0
964.0 4556.0
4577.0 3056.0
2173.0 619.0
4149.0 4227.0
2039.0 2074.0
648.0 976.0
4067.0 3216.0
1268.0 1279.0
550.0 922.0
3282.0 4477.0
3536.0 4393.0
2656.0 203.0
4499.0 4020.0
2087.0 2809.0
563.0 361.0
1348.0 2353.0
1825.0 1088.0
114.0 1084.0
3648.0 3428.0
3124.0 4184.0
3467.0 3170.0
265.0 1560.0
4310.0 3001.0
3959.0 4606.0
4024.0 3324.0
416.0 1906.0
3734.0 4177.0
1340.0 2277.0
3979.0 4464.0
3668.0 3901.0
1877.0 2634.0
204.0 1599.0
200.0 97.0
827.0 4020.0
788.0 1187.0
1374.0 849.0
898.0 1798.0
2345.0 1706.0
4648.0 4579.0
1708.0 2118.0
4608.0 3363.0
3322.0 3926.0
2991.0 4684.0
1129.0 2407.0
394.0 168.0
946.0 2225.0
52.0 901.0
3969.0 4478.0
729.0 768.0
193.0 2209.0
1549.0 2174.0
4159.0 4477.0
2137.0 385.0
2442.0 594.0
3107.0 3309.0
4226.0 3189.0
1480.0 2576.0
2348.0 1630.0
1086.0 1148.0
2183.0 1133.0
2927.0 3349.0
1942.0 1236.0
3246.0 4175.0
3447.0 4318.0
3804.0 4188.0
2816.0 227.0
1962.0 2853.0
822.0 2726.0
313.0 2365.0
3183.0 3795.0
2387.0 1963.0
4495.0 3504.0
2928.0 4502.0
3072.0 4083.0
408.0 1531.0
859.0 2499.0
2073.0 1476.0
202.0 134.0
2974.0 3607.0
2204.0 2457.0
323.0 2496.0
4600.0 3580.0
3686.0 4042.0
1688.0 3436.0
4229.0 4243.0
3008.0 2972.0
2352.0 2030.0
1487.0 4477.0
4493.0 3035.0
19.0 1442.0
2828.0 1281.0
4596.0 3466.0
3379.0 3738.0
550.0 650.0
287.0 2441.0
623.0 1680.0
3452.0 4477.0
2709.0 1812.0
568.0 404.0
3744.0 4646.0
4517.0 3650.0
2271.0 94.0
622.0 2113.0
440.0 3869.0
790.0 254.0
732.0 1154.0
4290.0 4477.0
1582.0 2410.0
2661.0 431.0
513.0 2402.0
4313.0 4086.0
55.0 2476.0
3997.0 4477.0
946.0 84.0
2658.0 2062.0
2826.0 760.0
3299.0 4641.0
2526.0 2809.0
2201.0 2401.0
2667.0 1317.0
208.0 2876.0
2656.0 2850.0
4044.0 3065.0
1087.0 2078.0
2348.0 1697.0
1301.0 1846.0
1664.0 1103.0
715.0 1426.0
2846.0 1981.0
4567.0 3971.0
3454.0 3503.0
4250.0 4460.0
2184.0 817.0
2304.0 64.0
2792.0 1702.0
4345.0 4488.0
1223.0 1895.0
2239.0 1729.0
2712.0 2032.0
2747.0 1852.0
121.0 619.0
2868.0 1487.0
251.0 2535.0
3004.0 3520.0
971.0 4477.0
3004.0 3119.0
1601.0 2918.0
3198.0 2978.0
3207.0 3598.0
2364.0 2687.0
418.0 1296.0
3321.0 3632.0
3254.0 3421.0
295.0 1712.0
3380.0 4156.0
810.0 2029.0
1887.0 2645.0
3734.0 4477.0
4133.0 3818.0
4550.0 2089.0
636.0 753.0
4011.0 4477.0
1143.0 2587.0
3779.0 4436.0
2408.0 2062.0
2442.0 416.0
3163.0 2994.0
2932.0 3161.0
2421.0 1081.0
475.0 1107.0
4498.0 3872.0
4366.0 3674.0
1292.0 4458.0
233.0 746.0
1274.0 2860.0
518.0 2888.0
2704.0 4020.0
156.0 2326.0
1479.0 2389.0
257.0 506.0
3947.0 4177.0
586.0 1939.0
4322.0 3345.0
2949.0 4477.0
15.0 1603.0
475.0 2309.0
1310.0 2420.0
1297.0 454.0
287.0 2621.0
793.0 1227.0
1659.0 1661.0
3776.0 4684.0
4417.0 3611.0
287.0 1084.0
1233.0 3013.0
827.0 1487.0
1480.0 728.0
2431.0 2591.0
662.0 2664.0
3058.0 3091.0
3107.0 3044.0
943.0 4477.0
3299.0 4118.0
2596.0 1018.0
3202.0 3816.0
2963.0 2991.0
468.0 2646.0
208.0 1588.0
2265.0 2497.0
3907.0 4678.0
3189.0 3196.0
3325.0 4445.0
3226.0 3182.0
4306.0 4185.0
3251.0 3490.0
2037.0 1033.0
3464.0 4096.0
834.0 241.0
401.0 4477.0
3947.0 4633.0
2604.0 2741.0
3534.0 3874.0
3463.0 4085.0
3391.0 3570.0
650.0 1937.0
2562.0 1775.0
262.0 1978.0
2244.0 2569.0
1421.0 318.0
3175.0 3209.0
3462.0 3610.0
4414.0 3096.0
1880.0 1310.0
1061.0 1855.0
569.0 1256.0
2426.0 1855.0
1751.0 955.0
551.0 431.0
3431.0 4477.0
302.0 1393.0
2651.0 281.0
3862.0 3803.0
1154.0 1721.0
1262.0 2817.0
2043.0 1436.0
497.0 1975.0
4528.0 3374.0
1390.0 2576.0
48.0 1842.0
1715.0 4020.0
1766.0 236.0
3001.0 4162.0
4198.0 2934.0
986.0 1104.0
4263.0 4270.0
2528.0 2448.0
4481.0 3378.0
226.0 1302.0
331.0 2720.0
350.0 1773.0
2332.0 4477.0
937.0 2379.0
1374.0 2158.0
4017.0 3355.0
3416.0 4598.0
425.0 2226.0
184.0 1500.0
2906.0 2386.0
2485.0 328.0
3936.0 4211.0
3999.0 4455.0
222.0 2682.0
4266.0 3217.0
3590.0 3358.0
2483.0 1211.0
4008.0 3476.0
4281.0 3822.0
3100.0 4428.0
4378.0 4648.0
801.0 1704.0
658.0 1253.0
2016.0 1950.0
3218.0 4239.0
2870.0 492.0
2163.0 1365.0
125.0 2645.0
2268.0 2520.0
4034.0 4280.0
1477.0 1067.0
4655.0 3846.0
263.0 1327.0
2171.0 967.0
212.0 2870.0
3396.0 4088.0
4371.0 3588.0
2355.0 1500.0
242.0 314.0
1639.0 2870.0
360.0 2744.0
1551.0 2165.0
3214.0 3012.0
3728.0 4020.0
2259.0 2629.0
704.0 2715.0
794.0 1339.0
3197.0 4556.0
1056.0 2475.0
619.0 908.0
2216.0 492.0
1086.0 1265.0
2372.0 2777.0
4513.0 3557.0
1300.0 2099.0
3261.0 3834.0
2180.0 2293.0
2749.0 1260.0
236.0 2406.0
2359.0 2353.0
3862.0 3227.0
67.0 1088.0
3101.0 4020.0
571.0 121.0
3055.0 3120.0
90.0 2533.0
1795.0 2052.0
3047.0 3591.0
640.0 334.0
2194.0 2528.0
4603.0 4622.0
752.0 185.0
990.0 2540.0
4452.0 3009.0
2658.0 1965.0
80.0 4477.0
82.0 4477.0
2459.0 1011.0
4323.0 4502.0
1222.0 2683.0
648.0 2882.0
1128.0 185.0
4073.0 3170.0
3786.0 4477.0
653.0 1910.0
4659.0 3424.0
4021.0 4284.0
3088.0 3726.0
1262.0 1905.0
2563.0 613.0
4451.0 4477.0
3786.0 2999.0
1914.0 2761.0
461.0 1903.0
1069.0 2868.0
446.0 3240.0
2290.0 1159.0
4644.0 3515.0
4266.0 3158.0
819.0 4477.0
34.0 2451.0
123.0 2457.0
3629.0 4417.0
378.0 1184.0
1391.0 2715.0
1708.0 2134.0
4299.0 4020.0
3876.0 3597.0
3611.0 4037.0
976.0 1855.0
3363.0 3381.0
2784.0 169.0
4330.0 3199.0
3439.0 3843.0
4227.0 4250.0
3036.0 4235.0
841.0 2402.0
3779.0 3082.0
3274.0 2957.0
3399.0 4477.0
1531.0 1536.0
2289.0 4477.0
974.0 1633.0
4597.0 3874.0
233.0 2189.0
677.0 2253.0
3898.0 3809.0
3845.0 4079.0
102.0 1742.0
1988.0 2525.0
3037.0 4021.0
482.0 1081.0
1961.0 2040.0
2800.0 1054.0
178.0 2658.0
722.0 709.0
1656.0 1994.0
3143.0 3414.0
4202.0 3610.0
3296.0 4316.0
981.0 1872.0
4561.0 4651.0
4519.0 4006.0
2050.0 2571.0
1180.0 2262.0
945.0 1463.0
643.0 2250.0
531.0 680.0
1024.0 1509.0
2617.0 984.0
1006.0 1199.0
1256.0 639.0
4681.0 4347.0
2346.0 3184.0
2970.0 3235.0
1191.0 2320.0
3193.0 4002.0
4418.0 3405.0
2673.0 1167.0
705.0 248.0
1504.0 1788.0
2491.0 4477.0
2278.0 1637.0
3955.0 4668.0
3626.0 3001.0
3002.0 3392.0
3904.0 4088.0
594.0 420.0
2940.0 4519.0
3853.0 4685.0
716.0 1208.0
4389.0 4516.0
1790.0 4477.0
971.0 2417.0
4465.0 4133.0
401.0 1383.0
3349.0 3177.0
1977.0 2774.0
3352.0 3648.0
918.0 1499.0
3722.0 4226.0
4280.0 3076.0
1804.0 1993.0
732.0 2192.0
3700.0 4477.0
243.0 707.0
2424.0 1822.0
4044.0 4465.0
2646.0 2377.0
4415.0 4477.0
3840.0 3296.0
2090.0 757.0
1869.0 1432.0
46.0 2407.0
1750.0 367.0
4341.0 3157.0
807.0 2064.0
3408.0 4330.0
1307.0 2196.0
110.0 1532.0
514.0 2402.0
1857.0 2722.0
1708.0 1695.0
689.0 2347.0
4602.0 4477.0
1039.0 2226.0
500.0 1619.0
3296.0 3540.0
599.0 2292.0
1105.0 1555.0
996.0 1652.0
4012.0 3009.0
2159.0 1895.0
1866.0 4477.0
490.0 2359.0
3617.0 3337.0
4612.0 3633.0
2333.0 1704.0
320.0 859.0
3161.0 3304.0
431.0 495.0
1104.0 1511.0
975.0 454.0
3386.0 4682.0
3168.0 3863.0
3049.0 3965.0
2665.0 396.0
4226.0 3591.0
4166.0 4452.0
908.0 1031.0
4265.0 4335.0
382.0 1476.0
2126.0 93.0
4539.0 3809.0
3683.0 4317.0
4588.0 4024.0
2209.0 2604.0
3635.0 3284.0
3199.0 3574.0
405.0 1641.0
1914.0 2157.0
3834.0 4086.0
2510.0 1279.0
526.0 1033.0
1633.0 2149.0
3561.0 4637.0
2730.0 1801.0
1860.0 440.0
3184.0 3747.0
2829.0 391.0
2504.0 1865.0
277.0 2520.0
1087.0 1021.0
981.0 2775.0
407.0 656.0
36.0 978.0
3367.0 4371.0
1595.0 800.0
877.0 3922.0
1358.0 2792.0
1309.0 2064.0
41.0 1699.0
462.0 1490.0
4452.0 4085.0
813.0 1784.0
84.0 2316.0
176.0 2664.0
413.0 979.0
3236.0 3855.0
1323.0 1640.0
586.0 1444.0
223.0 2439.0
3268.0 3204.0
360.0 4477.0
1902.0 1290.0
1378.0 1171.0
4669.0 3780.0
3988.0 3721.0
1523.0 1466.0
443.0 1353.0
2680.0 2673.0
312.0 636.0
256.0 1509.0
4468.0 3950.0
3088.0 3507.0
764.0 1339.0
2160.0 718.0
1146.0 1463.0
2095.0 2898.0
2300.0 1956.0
955.0 2645.0
921.0 1193.0
2501.0 4477.0
1239.0 318.0
267.0 2884.0
3579.0 4079.0
2263.0 1889.0
119.0 1033.0
1700.0 2401.0
3779.0 3210.0
4065.0 3388.0
107.0 153.0
695.0 4477.0
3123.0 3008.0
295.0 518.0
3989.0 4407.0
3824.0 4647.0
675.0 2302.0
467.0 1685.0
4310.0 3308.0
926.0 502.0
1491.0 2752.0
2578.0 1572.0
898.0 1539.0
261.0 4477.0
4521.0 4477.0
3162.0 3766.0
2584.0 1501.0
3668.0 3029.0
94.0 1899.0
614.0 2326.0
1857.0 4477.0
1179.0 2176.0
3674.0 4272.0
3497.0 3567.0
778.0 470.0
3340.0 3630.0
152.0 2417.0
2681.0 4477.0
2162.0 1729.0
93.0 1147.0
2659.0 1743.0
785.0 1233.0
795.0 923.0
4338.0 4380.0
1490.0 2672.0
729.0 84.0
836.0 2689.0
4122.0 3793.0
1683.0 1812.0
10.0 1529.0
2924.0 4198.0
2332.0 1349.0
54.0 2606.0
3143.0 4504.0
4430.0 4595.0
2260.0 1461.0
3038.0 3251.0
1315.0 2015.0
1872.0 2552.0
1324.0 2078.0
3328.0 4502.0
754.0 2650.0
762.0 236.0
1104.0 1063.0
3600.0 3179.0
3583.0 3695.0
3349.0 3885.0
614.0 1796.0
1226.0 1115.0
38.0 312.0
408.0 654.0
2961.0 4338.0
1764.0 574.0
3626.0 3135.0
2412.0 2075.0
4420.0 3085.0
3989.0 3096.0
2928.0 3634.0
2332.0 2205.0
2559.0 650.0
3830.0 3481.0
232.0 1775.0
4189.0 4477.0
1757.0 3059.0
3334.0 3879.0
670.0 4020.0
3255.0 3726.0
1663.0 4477.0
1036.0 1124.0
3681.0 4502.0
3643.0 3243.0
3754.0 4645.0
80.0 2346.0
1241.0 2272.0
567.0 825.0
3645.0 4477.0
1652.0 4477.0
135.0 666.0
3762.0 4419.0
3963.0 4512.0
2970.0 3403.0
3926.0 4057.0
1404.0 215.0
2453.0 731.0
1424.0 1560.0
1287.0 2871.0
3981.0 3086.0
2613.0 1832.0
48.0 1259.0
948.0 431.0
2536.0 236.0
2703.0 1077.0
3311.0 3829.0
567.0 1812.0
232.0 257.0
2742.0 1474.0
2306.0 1121.0
1616.0 1845.0
3520.0 3979.0
236.0 2572.0
3343.0 4468.0
4584.0 3428.0
2756.0 1451.0
1214.0 2774.0
4195.0 4025.0
1053.0 1062.0
38.0 488.0
1527.0 799.0
391.0 2786.0
3312.0 4305.0
571.0 2177.0
3598.0 3680.0
4118.0 4177.0
1723.0 266.0
539.0 2099.0
2267.0 2451.0
277.0 2169.0
2627.0 2863.0
4169.0 3399.0
3181.0 3707.0
807.0 1477.0
2256.0 2842.0
1372.0 2805.0
2039.0 2877.0
1130.0 2652.0
1484.0 1881.0
3085.0 4516.0
751.0 2664.0
924.0 1181.0
2111.0 2786.0
2045.0 1529.0
4467.0 4104.0
1270.0 1778.0
1568.0 2762.0
2201.0 2661.0
856.0 809.0
4633.0 4477.0
4040.0 3400.0
1206.0 1872.0
1335.0 2722.0
1208.0 2726.0
4659.0 4349.0
1582.0 1400.0
3022.0 4023.0
1522.0 2474.0
3803.0 3429.0
171.0 1397.0
746.0 2359.0
4345.0 3311.0
4364.0 4544.0
3657.0 4319.0
847.0 1746.0
788.0 861.0
2748.0 2280.0
726.0 4477.0
2122.0 1359.0
2296.0 4477.0
4257.0 3941.0
3546.0 2994.0
4386.0 3637.0
955.0 1542.0
2318.0 781.0
3289.0 3806.0
4198.0 4595.0
3984.0 4553.0
302.0 2027.0
4093.0 4208.0
291.0 461.0
4552.0 3753.0
55.0 579.0
3568.0 3759.0
719.0 4477.0
240.0 895.0
3493.0 3686.0
4133.0 4171.0
4542.0 3931.0
956.0 1695.0
246.0 613.0
4373.0 4137.0
815.0 2642.0
2326.0 2777.0
2104.0 2518.0
1437.0 2703.0
2625.0 1796.0
4265.0 4188.0
791.0 2592.0
774.0 1734.0
3365.0 4284.0
3440.0 3469.0
3927.0 3583.0
3706.0 3499.0
1941.0 1954.0
4032.0 4245.0
1586.0 2651.0
1070.0 4477.0
3892.0 3952.0
4620.0 2089.0
79.0 4477.0
4151.0 3859.0
571.0 333.0
508.0 1966.0
4143.0 4670.0
1860.0 2190.0
3450.0 3665.0
4118.0 4477.0
988.0 1170.0
2691.0 1015.0
388.0 4477.0
1299.0 2240.0
766.0 1088.0
4549.0 4020.0
1420.0 360.0
2496.0 1745.0
370.0 2502.0
1623.0 581.0
3235.0 3355.0
4327.0 3178.0
3379.0 3566.0
2537.0 983.0
352.0 1748.0
74.0 1479.0
2333.0 676.0
4599.0 3178.0
3462.0 3686.0
621.0 2213.0
4506.0 4543.0
2348.0 1264.0
4053.0 3014.0
1402.0 1873.0
221.0 1894.0
2850.0 367.0
4436.0 3878.0
1360.0 2448.0
2923.0 3518.0
2172.0 1051.0
2312.0 4477.0
3136.0 4477.0
2359.0 762.0
253.0 4477.0
3054.0 4220.0
1411.0 287.0
1217.0 639.0
822.0 2145.0
2069.0 2712.0
3638.0 3429.0
4382.0 3467.0
3668.0 3657.0
267.0 650.0
309.0 1986.0
467.0 626.0
477.0 4020.0
3803.0 4117.0
3122.0 4118.0
3159.0 3504.0
1418.0 187.0
3347.0 4292.0
477.0 1672.0
1130.0 1390.0
1814.0 1216.0
178.0 2086.0
4039.0 3212.0
1437.0 1720.0
1354.0 2442.0
1710.0 605.0
1625.0 1145.0
1152.0 849.0
846.0 4477.0
1608.0 671.0
1902.0 4477.0
3528.0 3166.0
3536.0 4645.0
2275.0 1895.0
705.0 1884.0
2803.0 4477.0
2803.0 1485.0
48.0 1576.0
1454.0 2861.0
563.0 2645.0
2743.0 2873.0
3440.0 2926.0
4670.0 3993.0
360.0 1841.0
4559.0 4117.0
2617.0 2702.0
364.0 705.0
278.0 546.0
1230.0 1651.0
1310.0 284.0
231.0 2251.0
3043.0 4020.0
3381.0 3989.0
2157.0 1529.0
4094.0 3999.0
152.0 107.0
4424.0 4556.0
1794.0 1852.0
2075.0 2448.0
463.0 1928.0
161.0 1620.0
2031.0 2574.0
4189.0 4568.0
504.0 2031.0
253.0 1621.0
4196.0 3466.0
1250.0 497.0
3701.0 3381.0
3563.0 4041.0
2195.0 554.0
400.0 1399.0
512.0 1086.0
316.0 1047.0
1322.0 2067.0
4576.0 3188.0
63.0 1864.0
2131.0 2186.0
753.0 1180.0
2651.0 4477.0
2591.0 2817.0
1427.0 1990.0
1416.0 2158.0
1921.0 1939.0
461.0 1990.0
1524.0 2246.0
4468.0 3904.0
2616.0 2008.0
2287.0 284.0
1143.0 971.0
2497.0 3186.0
230.0 2422.0
801.0 1218.0
142.0 4477.0
445.0 2075.0
4217.0 4219.0
674.0 2803.0
945.0 1770.0
65.0 472.0
2364.0 1605.0
587.0 1062.0
3682.0 4494.0
3766.0 4320.0
3120.0 4477.0
3543.0 4102.0
1643.0 3019.0
879.0 1507.0
547.0 185.0
2269.0 4477.0
3364.0 3785.0
2415.0 1339.0
3926.0 4231.0
396.0 1466.0
2525.0 472.0
4608.0 3547.0
4249.0 4595.0
3372.0 3002.0
304.0 2131.0
726.0 1507.0
2273.0 4020.0
3335.0 3182.0
3458.0 3963.0
2447.0 2872.0
603.0 1189.0
1212.0 2066.0
786.0 1529.0
239.0 1444.0
617.0 1440.0
4388.0 4477.0
2720.0 446.0
986.0 1949.0
1380.0 1602.0
3733.0 4067.0
1045.0 2612.0
1763.0 2419.0
3510.0 4632.0
3438.0 3035.0
2519.0 1330.0
3029.0 3732.0
2207.0 3586.0
233.0 2359.0
1020.0 2398.0
1404.0 1395.0
2438.0 2424.0
3027.0 3954.0
468.0 2333.0
2226.0 1729.0
3878.0 4020.0
1316.0 2091.0
3878.0 4328.0
2290.0 2223.0
1606.0 1592.0
3633.0 3509.0
1162.0 1081.0
3005.0 3097.0
822.0 781.0
3606.0 4096.0
4006.0 4191.0
3897.0 3029.0
3191.0 4339.0
3479.0 4020.0
1226.0 1338.0
1207.0 2774.0
3382.0 3178.0
2060.0 2109.0
2006.0 1437.0
2074.0 4477.0
310.0 919.0
408.0 2773.0
3784.0 4081.0
2326.0 2048.0
2269.0 943.0
768.0 1105.0
3241.0 3055.0
1741.0 1915.0
931.0 1020.0
1539.0 2884.0
4367.0 4231.0
2650.0 1436.0
3352.0 4489.0
11.0 2359.0
2530.0 933.0
2144.0 203.0
326.0 1142.0
2596.0 431.0
3745.0 3280.0
1760.0 2860.0
1262.0 2208.0
2254.0 1216.0
4423.0 4477.0
2521.0 1212.0
870.0 4477.0
1423.0 3969.0
1690.0 2634.0
4490.0 3637.0
935.0 1634.0
4196.0 4610.0
2602.0 933.0
1652.0 1866.0
138.0 4477.0
2953.0 3322.0
4589.0 3842.0
2539.0 1063.0
3008.0 4097.0
3595.0 4547.0
3715.0 4477.0
1855.0 3724.0
3125.0 2972.0
1582.0 869.0
3808.0 3170.0
3629.0 3335.0
516.0 2726.0
246.0 2472.0
3175.0 4051.0
1525.0 4477.0
3606.0 4029.0
3333.0 4340.0
1851.0 1070.0
1547.0 1827.0
1819.0 2853.0
1478.0 4020.0
87.0 4477.0
934.0 395.0
604.0 898.0
2217.0 1207.0
3087.0 4506.0
976.0 2203.0
2085.0 2600.0
1990.0 529.0
2192.0 2524.0
3765.0 3826.0
3276.0 4392.0
2223.0 4477.0
3681.0 3199.0
2144.0 1806.0
4198.0 4267.0
1614.0 2207.0
4584.0 3642.0
268.0 2561.0
804.0 2144.0
911.0 1257.0
230.0 2444.0
3198.0 3253.0
3236.0 3884.0
879.0 243.0
1803.0 1173.0
1281.0 2253.0
529.0 1263.0
4060.0 4235.0
1108.0 1336.0
3072.0 4479.0
2326.0 1066.0
1859.0 672.0
2299.0 2827.0
2778.0 424.0
3379.0 4516.0
3322.0 3843.0
233.0 1462.0
4503.0 3173.0
4614.0 4681.0
4496.0 4118.0
3753.0 3926.0
2429.0 1353.0
1527.0 2032.0
140.0 638.0
2195.0 2481.0
287.0 1330.0
4005.0 4477.0
500.0 2745.0
1334.0 1204.0
2408.0 606.0
4097.0 4477.0
956.0 385.0
3348.0 4361.0
3719.0 3205.0
4308.0 4027.0
3819.0 4018.0
398.0 1409.0
696.0 2188.0
1139.0 2645.0
1642.0 1089.0
2113.0 1794.0
2527.0 4020.0
851.0 4477.0
2458.0 243.0
2323.0 1046.0
2760.0 1281.0
1981.0 2538.0
3460.0 4285.0
1285.0 743.0
268.0 1516.0
3745.0 3296.0
75.0 2635.0
3519.0 4477.0
2947.0 4227.0
4265.0 3848.0
3138.0 3213.0
2779.0 1995.0
3302.0 3348.0
1624.0 2420.0
1403.0 1605.0
642.0 2681.0
1750.0 1716.0
3766.0 3855.0
1914.0 2827.0
3728.0 3293.0
4366.0 2961.0
4229.0 3727.0
3050.0 3146.0
2389.0 367.0
222.0 1876.0
3770.0 4276.0
3886.0 4534.0
280.0 2033.0
766.0 1646.0
2058.0 36.0
953.0 1673.0
66.0 2190.0
10.0 1704.0
1153.0 1808.0
4681.0 4502.0
1932.0 2497.0
4087.0 3217.0
1873.0 4477.0
2382.0 1486.0
3674.0 4380.0
1073.0 1633.0
2702.0 4020.0
3745.0 3526.0
526.0 1468.0
3674.0 4207.0
1786.0 928.0
445.0 1745.0
4117.0 4477.0
2938.0 3460.0
2937.0 4416.0
427.0 2029.0
1250.0 980.0
2727.0 1410.0
3091.0 3861.0
3069.0 4148.0
1254.0 797.0
1747.0 1308.0
3290.0 4049.0
3399.0 4462.0
90.0 2370.0
3772.0 3887.0
209.0 1956.0
3149.0 4158.0
64.0 2256.0
3845.0 4477.0
1217.0 382.0
2990.0 3170.0
776.0 983.0
610.0 2157.0
3855.0 4673.0
264.0 2441.0
3794.0 4669.0
1689.0 2713.0
2181.0 4477.0
656.0 2378.0
3564.0 3354.0
2205.0 2526.0
322.0 2027.0
3624.0 4020.0
976.0 529.0
2612.0 1709.0
352.0 629.0
3232.0 4071.0
516.0 2382.0
442.0 2162.0
1336.0 4477.0
2687.0 353.0
755.0 1365.0
57.0 2117.0
1168.0 2575.0
3563.0 3065.0
44.0 1555.0
1884.0 4477.0
1902.0 1523.0
2080.0 2010.0
512.0 2592.0
3254.0 4349.0
283.0 2726.0
360.0 1605.0
3758.0 4085.0
3480.0 3583.0
3397.0 4364.0
3992.0 3230.0
2157.0 1339.0
1246.0 1283.0
2429.0 1863.0
4151.0 3824.0
3145.0 3726.0
3308.0 4243.0
3167.0 4598.0
553.0 1437.0
4297.0 3528.0
3145.0 3526.0
1101.0 2837.0
3643.0 3913.0
3125.0 4186.0
3016.0 3637.0
1084.0 922.0
1458.0 976.0
4407.0 4404.0
404.0 1881.0
3846.0 3919.0
689.0 322.0
163.0 2027.0
3320.0 3574.0
1172.0 2023.0
2533.0 4477.0
3225.0 3441.0
184.0 2479.0
1781.0 2250.0
1382.0 1549.0
3793.0 4125.0
1049.0 1516.0
1039.0 2782.0
36.0 166.0
233.0 234.0
4577.0 3701.0
2791.0 344.0
1025.0 4020.0
1891.0 2714.0
1528.0 526.0
862.0 2253.0
3403.0 3900.0
3828.0 3709.0
3621.0 4079.0
3955.0 4411.0
1530.0 1515.0
1459.0 1101.0
3290.0 4460.0
3149.0 4055.0
524.0 753.0
286.0 2618.0
2612.0 2209.0
3610.0 3965.0
3423.0 4020.0
1224.0 4477.0
2982.0 3603.0
3111.0 4384.0
231.0 1866.0
3459.0 4260.0
1342.0 1279.0
4063.0 4477.0
727.0 782.0
3703.0 4218.0
4508.0 4645.0
4182.0 4129.0
3528.0 4059.0
1185.0 1460.0
2058.0 1189.0
408.0 2900.0
4436.0 3726.0
2989.0 4534.0
4490.0 3688.0
3889.0 3705.0
1357.0 1014.0
768.0 1397.0
568.0 4477.0
3392.0 4670.0
220.0 1681.0
3779.0 4177.0
179.0 1487.0
903.0 2799.0
294.0 813.0
1637.0 4477.0
876.0 2347.0
45.0 2605.0
3360.0 4085.0
2727.0 2805.0
3112.0 4369.0
593.0 2220.0
1297.0 1082.0
2650.0 1112.0
3923.0 3210.0
2879.0 446.0
2648.0 4477.0
312.0 2786.0
3372.0 4670.0
3167.0 3351.0
3813.0 4407.0
4388.0 4512.0
1761.0 2207.0
480.0 2855.0
302.0 2524.0
549.0 577.0
1406.0 1475.0
265.0 921.0
4675.0 2961.0
3894.0 3564.0
3071.0 4477.0
3420.0 3879.0
2276.0 1464.0
3505.0 4134.0
2806.0 650.0
2549.0 1662.0
413.0 806.0
3933.0 4346.0
4649.0 4440.0
147.0 2764.0
4418.0 4502.0
223.0 454.0
445.0 740.0
2465.0 2210.0
4568.0 4292.0
240.0 956.0
3358.0 4099.0
4180.0 4477.0
2186.0 2479.0
1454.0 4020.0
825.0 4477.0
2515.0 1018.0
3247.0 3638.0
257.0 2281.0
3456.0 3567.0
360.0 1500.0
3316.0 3337.0
1261.0 211.0
3584.0 4300.0
3475.0 4382.0
2291.0 1596.0
1729.0 2120.0
1342.0 2479.0
2801.0 393.0
530.0 526.0
4308.0 4120.0
2217.0 2754.0
1758.0 2873.0
2786.0 1685.0
2173.0 922.0
498.0 1617.0
4522.0 3087.0
2180.0 924.0
3944.0 4119.0
1427.0 775.0
1832.0 2541.0
3060.0 3980.0
755.0 4020.0
2006.0 2852.0
2296.0 1667.0
413.0 482.0
3889.0 4477.0
2298.0 158.0
1215.0 4576.0
1877.0 1804.0
2127.0 1461.0
2479.0 660.0
1327.0 2050.0
1254.0 1437.0
1254.0 1878.0
1539.0 2380.0
1855.0 1824.0
2240.0 1202.0
1395.0 1978.0
4121.0 4188.0
297.0 1421.0
4270.0 3434.0
4464.0 4588.0
2186.0 2524.0
936.0 2672.0
1819.0 2159.0
549.0 1165.0
4414.0 4059.0
2454.0 1207.0
2439.0 1466.0
4428.0 3824.0
801.0 2405.0
3274.0 3843.0
3749.0 4535.0
1857.0 2664.0
1276.0 437.0
3016.0 4397.0
1094.0 179.0
3322.0 3385.0
2786.0 1349.0
3520.0 3997.0
1168.0 248.0
4411.0 3362.0
1147.0 2186.0
3692.0 4065.0
1921.0 2064.0
1588.0 1339.0
4327.0 4474.0
2261.0 1676.0
2527.0 3592.0
877.0 2689.0
929.0 1197.0
1246.0 1919.0
3368.0 4422.0
762.0 4477.0
2200.0 2650.0
525.0 1510.0
3741.0 3089.0
1382.0 2679.0
599.0 672.0
1626.0 1428.0
1682.0 2634.0
2615.0 1003.0
1419.0 2669.0
1696.0 580.0
2301.0 2869.0
2084.0 1146.0
388.0 2370.0
2886.0 2113.0
4325.0 2911.0
4047.0 2990.0
2923.0 2937.0
1011.0 2790.0
896.0 2497.0
2785.0 2287.0
260.0 2509.0
4397.0 4605.0
270.0 2439.0
2099.0 2228.0
1423.0 661.0
1618.0 2514.0
2100.0 4477.0
3084.0 4118.0
2965.0 3330.0
3657.0 2089.0
3140.0 4028.0
1691.0 4654.0
1008.0 1761.0
15.0 4477.0
3520.0 3956.0
4001.0 3499.0
2316.0 2322.0
1065.0 1934.0
2368.0 2522.0
3290.0 4261.0
838.0 1506.0
3880.0 4156.0
648.0 605.0
412.0 477.0
1415.0 1820.0
1448.0 613.0
1855.0 4020.0
929.0 2882.0
581.0 2176.0
4017.0 3900.0
2074.0 2589.0
2567.0 2177.0
3532.0 3672.0
2255.0 1263.0
3990.0 4487.0
4000.0 4004.0
1268.0 2687.0
1756.0 4020.0
61.0 2417.0
3372.0 4582.0
2902.0 1523.0
4173.0 3970.0
2219.0 611.0
1634.0 2515.0
3447.0 3616.0
253.0 1239.0
3012.0 3726.0
3836.0 3821.0
4614.0 2957.0
3003.0 4020.0
1028.0 1937.0
4366.0 4082.0
34.0 758.0
654.0 2189.0
4546.0 3173.0
1176.0 719.0
2569.0 2087.0
380.0 2769.0
3598.0 3570.0
2070.0 1617.0
3017.0 3229.0
3171.0 3932.0
412.0 913.0
3033.0 4130.0
3952.0 4521.0
3719.0 2964.0
2961.0 3523.0
4371.0 4395.0
4641.0 3179.0
160.0 810.0
3601.0 3445.0
337.0 2870.0
69.0 626.0
1868.0 2705.0
581.0 966.0
2290.0 264.0
4242.0 4477.0
2514.0 2557.0
62.0 1021.0
2160.0 349.0
4418.0 3217.0
1474.0 1081.0
373.0 4477.0
4492.0 3197.0
321.0 1330.0
931.0 1028.0
1295.0 2249.0
746.0 1788.0
2705.0 1139.0
530.0 532.0
2904.0 1923.0
1766.0 1631.0
3347.0 4025.0
1851.0 1887.0
2013.0 4477.0
4580.0 4153.0
4465.0 4285.0
798.0 197.0
4394.0 4502.0
4213.0 4477.0
449.0 1830.0
2111.0 1668.0
1319.0 1503.0
1394.0 2386.0
1399.0 4477.0
1900.0 1098.0
4201.0 3065.0
3973.0 3905.0
2986.0 2964.0
2169.0 2677.0
3744.0 4167.0
2014.0 1054.0
758.0 1006.0
4225.0 3932.0
1742.0 2524.0
1127.0 2372.0
3694.0 4570.0
2045.0 2279.0
2512.0 532.0
3048.0 3359.0
178.0 2680.0
2843.0 4477.0
524.0 1863.0
2687.0 1593.0
4079.0 4228.0
1690.0 4477.0
888.0 2629.0
642.0 1989.0
2686.0 2647.0
369.0 1619.0
4179.0 3154.0
60.0 2463.0
2006.0 2173.0
3354.0 3764.0
135.0 97.0
3662.0 4108.0
1663.0 1081.0
2986.0 3895.0
4553.0 4207.0
3859.0 3912.0
3702.0 2929.0
2720.0 1499.0
3894.0 3216.0
269.0 4477.0
1008.0 2286.0
3408.0 4308.0
3475.0 2978.0
196.0 353.0
1861.0 155.0
3874.0 4520.0
4592.0 4118.0
3853.0 4033.0
2429.0 4477.0
4166.0 4085.0
1009.0 737.0
4431.0 3531.0
2576.0 2825.0
70.0 1825.0
2310.0 2452.0
3189.0 3362.0
3354.0 4477.0
3494.0 4207.0
871.0 1521.0
1825.0 2520.0
1309.0 2672.0
874.0 1969.0
396.0 1779.0
1869.0 1177.0
2890.0 2740.0
1996.0 1727.0
38.0 1951.0
3745.0 4477.0
4262.0 4530.0
303.0 1869.0
3779.0 3840.0
4567.0 3621.0
4076.0 3001.0
2859.0 850.0
3452.0 4137.0
1398.0 492.0
771.0 2544.0
2732.0 783.0
4244.0 4477.0
3045.0 3923.0
4596.0 3771.0
3770.0 4188.0
911.0 2085.0
1170.0 447.0
2154.0 205.0
3638.0 3968.0
1736.0 423.0
1798.0 2420.0
3479.0 3296.0
3253.0 4094.0
4658.0 4020.0
1679.0 2657.0
3008.0 4553.0
1329.0 2731.0
2447.0 2721.0
2523.0 1904.0
1833.0 532.0
312.0 519.0
1189.0 1353.0
4312.0 4220.0
1823.0 2090.0
3281.0 3708.0
2301.0 1745.0
3656.0 4107.0
459.0 2692.0
1418.0 2359.0
4396.0 4245.0
3138.0 3803.0
3083.0 4354.0
3707.0 4244.0
1557.0 935.0
3615.0 3952.0
2989.0 3144.0
3011.0 4020.0
443.0 2001.0
3959.0 4480.0
119.0 869.0
4094.0 3509.0
2303.0 2727.0
3489.0 3775.0
279.0 2211.0
3146.0 3270.0
250.0 915.0
2145.0 1937.0
1747.0 1401.0
3884.0 4645.0
334.0 1318.0
11.0 1991.0
3990.0 4477.0
1608.0 72.0
2532.0 1967.0
2506.0 1142.0
3889.0 4494.0
3318.0 4297.0
1104.0 1567.0
1803.0 2401.0
1980.0 2573.0
1633.0 933.0
2210.0 1330.0
1413.0 379.0
1076.0 2459.0
181.0 1920.0
3206.0 4238.0
3093.0 4477.0
2239.0 2741.0
1308.0 2326.0
224.0 289.0
1117.0 1462.0
1664.0 1088.0
4253.0 3234.0
2870.0 2040.0
3637.0 3780.0
4391.0 4208.0
1353.0 2869.0
1832.0 2598.0
1971.0 1897.0
2800.0 2452.0
3944.0 4502.0
1582.0 1760.0
296.0 4477.0
4268.0 3779.0
2652.0 2777.0
1593.0 4477.0
4268.0 3947.0
2190.0 4020.0
2313.0 147.0
4263.0 3052.0
3175.0 3107.0
3342.0 3381.0
364.0 1208.0
1359.0 353.0
1781.0 140.0
1037.0 1931.0
4039.0 4199.0
1480.0 2530.0
596.0 1113.0
3580.0 3364.0
2262.0 4477.0
2039.0 2106.0
668.0 2726.0
2109.0 4477.0
212.0 988.0
3473.0 4237.0
3292.0 4216.0
2782.0 1831.0
303.0 1081.0
3484.0 3784.0
215.0 2524.0
273.0 725.0
615.0 1491.0
1255.0 1899.0
2084.0 2516.0
2665.0 551.0
260.0 1741.0
152.0 1317.0
2806.0 700.0
2725.0 678.0
969.0 4477.0
1841.0 2479.0
951.0 1438.0
184.0 360.0
602.0 1075.0
3231.0 4274.0
2340.0 1203.0
1254.0 1752.0
1531.0 1053.0
858.0 1529.0
1161.0 2165.0
601.0 2682.0
3616.0 4125.0
3439.0 4552.0
859.0 2641.0
4369.0 4407.0
999.0 2664.0
2686.0 1852.0
54.0 2483.0
881.0 2789.0
2985.0 3054.0
2952.0 3423.0
1608.0 465.0
716.0 2726.0
1199.0 1402.0
3363.0 4502.0
4414.0 4652.0
2137.0 2319.0
4411.0 4606.0
3389.0 3157.0
3736.0 3905.0
338.0 504.0
3920.0 4245.0
4195.0 4453.0
4031.0 4358.0
2725.0 1952.0
2320.0 2632.0
1168.0 2660.0
1293.0 2214.0
546.0 1696.0
861.0 203.0
573.0 1499.0
3000.0 4048.0
956.0 2509.0
3789.0 4297.0
1583.0 2844.0
3838.0 4085.0
3778.0 4058.0
4438.0 4527.0
2351.0 570.0
2711.0 2818.0
3726.0 4477.0
2016.0 2032.0
3053.0 3213.0
2845.0 2260.0
4571.0 4529.0
4285.0 3061.0
1364.0 1819.0
4553.0 4380.0
975.0 2240.0
2422.0 317.0
4209.0 4605.0
3672.0 4457.0
168.0 2492.0
3705.0 4438.0
2140.0 2089.0
2732.0 669.0
2585.0 502.0
4552.0 4489.0
376.0 168.0
861.0 1952.0
2333.0 591.0
1042.0 2466.0
2610.0 296.0
1071.0 811.0
3393.0 4648.0
2178.0 4477.0
1270.0 2693.0
2336.0 2165.0
3745.0 3726.0
1260.0 709.0
2968.0 3630.0
537.0 678.0
936.0 2894.0
2419.0 2774.0
3966.0 4125.0
3332.0 4477.0
142.0 1567.0
377.0 2716.0
967.0 1764.0
3710.0 3886.0
3386.0 3857.0
2725.0 1240.0
3225.0 3430.0
464.0 4477.0
1957.0 358.0
2515.0 495.0
3043.0 3980.0
3078.0 3201.0
4483.0 3217.0
2370.0 1881.0
3048.0 3604.0
4444.0 4349.0
486.0 4477.0
2157.0 2811.0
2070.0 1930.0
1686.0 287.0
1832.0 882.0
2588.0 1967.0
3409.0 3177.0
120.0 766.0
4661.0 4312.0
173.0 884.0
2497.0 4020.0
1397.0 1555.0
3098.0 3409.0
4421.0 4148.0
4166.0 4094.0
3117.0 3457.0
3403.0 4135.0
3554.0 3292.0
1266.0 1168.0
3724.0 4653.0
2625.0 273.0
1404.0 2075.0
3292.0 3034.0
4376.0 4596.0
1542.0 2691.0
2891.0 902.0
3955.0 4412.0
3080.0 3193.0
1359.0 2171.0
2561.0 2749.0
3383.0 4673.0
1691.0 3029.0
310.0 1045.0
1492.0 1899.0
2367.0 2628.0
830.0 1232.0
2455.0 2040.0
1884.0 2740.0
1978.0 2809.0
1754.0 3592.0
2766.0 1475.0
1764.0 1279.0
4400.0 3498.0
4290.0 4567.0
4446.0 3280.0
1994.0 2329.0
159.0 2032.0
830.0 1683.0
3725.0 3787.0
4381.0 3457.0
4429.0 4020.0
2536.0 2263.0
1256.0 4477.0
4125.0 4100.0
3320.0 3117.0
1921.0 1471.0
2090.0 2878.0
2341.0 2774.0
1197.0 1855.0
4373.0 4132.0
807.0 1195.0
2217.0 4477.0
2760.0 1722.0
526.0 1729.0
3893.0 4502.0
2448.0 1463.0
3924.0 4022.0
4011.0 3358.0
368.0 705.0
3733.0 4505.0
1679.0 4477.0
2577.0 1842.0
3903.0 4498.0
2299.0 2333.0
1670.0 713.0
4353.0 3592.0
3419.0 4201.0
1880.0 1899.0
3798.0 3904.0
48.0 588.0
3590.0 4608.0
1866.0 1558.0
955.0 361.0
2229.0 1832.0
3876.0 4643.0
700.0 1021.0
303.0 1432.0
2539.0 1743.0
2651.0 329.0
1788.0 2451.0
2683.0 1301.0
2455.0 2694.0
1632.0 2174.0
393.0 2302.0
1183.0 2050.0
359.0 2113.0
2448.0 2107.0
1302.0 247.0
4149.0 3784.0
2641.0 2107.0
1937.0 502.0
1399.0 710.0
1672.0 2808.0
2830.0 2176.0
3850.0 3428.0
1058.0 2690.0
3252.0 4447.0
4190.0 4394.0
3963.0 3821.0
2498.0 1206.0
416.0 1207.0
2884.0 4477.0
119.0 526.0
3505.0 4397.0
3455.0 4436.0
2427.0 1967.0
1766.0 172.0
3152.0 3945.0
627.0 230.0
4267.0 4376.0
2231.0 2462.0
2676.0 3960.0
3088.0 3600.0
2308.0 2726.0
2958.0 3987.0
1827.0 2299.0
3448.0 3538.0
105.0 2673.0
4590.0 3795.0
2100.0 2367.0
103.0 1812.0
622.0 1855.0
1441.0 2517.0
4215.0 2974.0
229.0 3599.0
3307.0 4297.0
3497.0 4159.0
1312.0 1133.0
2391.0 1208.0
2444.0 984.0
1194.0 2477.0
447.0 2087.0
949.0 2314.0
54.0 2025.0
65.0 236.0
885.0 2615.0
3014.0 3428.0
3477.0 4676.0
2691.0 2906.0
1598.0 2104.0
2621.0 1605.0
3070.0 4020.0
995.0 2208.0
2985.0 3853.0
133.0 4477.0
69.0 2177.0
1941.0 1487.0
1334.0 2191.0
1095.0 1980.0
2993.0 3221.0
4156.0 3507.0
338.0 2031.0
2284.0 153.0
2290.0 1613.0
2667.0 1742.0
4169.0 4308.0
3568.0 4499.0
3694.0 3573.0
2728.0 2729.0
3405.0 4477.0
3410.0 3731.0
2327.0 2777.0
421.0 1988.0
1273.0 2507.0
2911.0 4508.0
595.0 2343.0
810.0 1741.0
2569.0 2078.0
2240.0 2196.0
2371.0 2326.0
2928.0 3676.0
787.0 909.0
10.0 2492.0
3806.0 4487.0
1897.0 4477.0
1988.0 587.0
757.0 1605.0
3612.0 3842.0
3148.0 4529.0
4044.0 4133.0
3943.0 4190.0
1064.0 581.0
3612.0 2934.0
4281.0 4454.0
452.0 2457.0
3387.0 3550.0
1437.0 2749.0
2343.0 1561.0
3391.0 3231.0
2835.0 2345.0
1015.0 4477.0
4201.0 4515.0
2833.0 2497.0
1880.0 2762.0
4428.0 4462.0
1256.0 1914.0
1586.0 1527.0
776.0 1826.0
1583.0 1346.0
393.0 2777.0
274.0 1474.0
1690.0 1654.0
2612.0 1165.0
2650.0 2642.0
3140.0 4477.0
1937.0 2399.0
947.0 2365.0
1324.0 1812.0
3793.0 3508.0
752.0 630.0
369.0 1006.0
1878.0 2749.0
4246.0 4101.0
1579.0 1004.0
1187.0 111.0
1935.0 2223.0
1639.0 2632.0
520.0 1107.0
519.0 636.0
1565.0 1647.0
3962.0 3330.0
1239.0 1716.0
2299.0 1704.0
1372.0 2813.0
3214.0 4177.0
4560.0 4454.0
810.0 826.0
1147.0 1830.0
1686.0 2479.0
1444.0 541.0
3031.0 4020.0
2754.0 2436.0
1846.0 2517.0
1053.0 949.0
1940.0 731.0
3137.0 4564.0
501.0 1745.0
3652.0 3168.0
1586.0 799.0
2038.0 2194.0
974.0 1384.0
2251.0 1065.0
1638.0 2798.0
3356.0 3974.0
725.0 2376.0
1987.0 179.0
1202.0 1297.0
1295.0 2420.0
2483.0 2604.0
260.0 1845.0
1286.0 1755.0
3311.0 3108.0
2927.0 3217.0
3054.0 3391.0
1402.0 1855.0
3778.0 4477.0
3450.0 4249.0
194.0 2283.0
1417.0 1065.0
3665.0 4546.0
1949.0 1970.0
1302.0 1095.0
4372.0 3655.0
2733.0 1558.0
2857.0 699.0
3254.0 3125.0
2580.0 4117.0
4345.0 4177.0
668.0 48.0
3520.0 3609.0
4527.0 3806.0
622.0 1670.0
2936.0 3599.0
626.0 4477.0
311.0 2774.0
44.0 2478.0
2362.0 4477.0
3309.0 4610.0
1652.0 2522.0
1158.0 2669.0
1424.0 2382.0
3115.0 3622.0
3217.0 4477.0
4277.0 4245.0
3012.0 3540.0
4426.0 4487.0
876.0 1804.0
786.0 4477.0
953.0 1074.0
2115.0 1183.0
404.0 1026.0
3329.0 3146.0
516.0 2690.0
1276.0 1605.0
1493.0 2189.0
1007.0 2302.0
2071.0 3155.0
2445.0 2661.0
1675.0 1051.0
532.0 2495.0
196.0 1704.0
3318.0 3876.0
2300.0 4477.0
54.0 1092.0
3102.0 3137.0
1353.0 1159.0
3054.0 3877.0
371.0 2447.0
605.0 943.0
2412.0 642.0
414.0 4477.0
2605.0 210.0
1040.0 1271.0
2785.0 1258.0
2925.0 3477.0
3425.0 4062.0
4010.0 4031.0
282.0 658.0
2189.0 2353.0
2320.0 2700.0
4042.0 4477.0
3629.0 4143.0
3121.0 3866.0
817.0 1021.0
1473.0 178.0
1379.0 2871.0
3116.0 4196.0
4386.0 3885.0
4419.0 4177.0
3494.0 3428.0
4367.0 4184.0
2709.0 1706.0
4448.0 3753.0
784.0 363.0
1091.0 2724.0
3871.0 3630.0
225.0 585.0
3113.0 4390.0
1368.0 655.0
2291.0 2642.0
4625.0 4582.0
1836.0 2498.0
3175.0 3268.0
1390.0 1480.0
100.0 156.0
4048.0 3449.0
840.0 1617.0
2285.0 2699.0
989.0 2219.0
280.0 650.0
4412.0 3842.0
3360.0 4371.0
4195.0 3214.0
4653.0 3942.0
476.0 1805.0
795.0 1602.0
1409.0 2441.0
3127.0 4029.0
3600.0 3690.0
620.0 2255.0
1672.0 2886.0
1104.0 2326.0
2312.0 2559.0
1292.0 3592.0
3907.0 2957.0
2539.0 1842.0
3601.0 4568.0
2910.0 4208.0
4151.0 4023.0
827.0 1206.0
3226.0 3777.0
2790.0 2738.0
827.0 1954.0
1748.0 2524.0
3216.0 4477.0
3979.0 3345.0
3936.0 3945.0
2615.0 2845.0
3711.0 3957.0
3851.0 3597.0
639.0 1243.0
3872.0 4020.0
2515.0 770.0
2737.0 2800.0
651.0 2067.0
2901.0 93.0
3352.0 4477.0
1414.0 2229.0
3954.0 3597.0
4169.0 4629.0
3225.0 3876.0
265.0 892.0
3705.0 4426.0
994.0 1491.0
266.0 1695.0
1315.0 1330.0
1417.0 2423.0
1551.0 2336.0
3078.0 3990.0
3259.0 3536.0
407.0 2780.0
1827.0 2094.0
2894.0 98.0
312.0 1336.0
3430.0 3337.0
516.0 1315.0
3037.0 3449.0
1902.0 1474.0
725.0 822.0
3022.0 4532.0
1609.0 1878.0
2257.0 4477.0
1582.0 2257.0
175.0 2391.0
3401.0 3507.0
3014.0 3642.0
1035.0 4020.0
437.0 2774.0
3560.0 4184.0
1971.0 1329.0
2197.0 1462.0
3354.0 4375.0
4352.0 3165.0
34.0 995.0
2122.0 279.0
3576.0 3243.0
3348.0 4298.0
3919.0 4184.0
415.0 1337.0
1764.0 2660.0
2093.0 2441.0
856.0 1605.0
4257.0 3001.0
3894.0 3749.0
1530.0 2328.0
3189.0 3433.0
3828.0 3774.0
2400.0 1743.0
370.0 1470.0
3216.0 3863.0
3738.0 3764.0
2179.0 195.0
3797.0 3921.0
4529.0 4189.0
3359.0 3820.0
1443.0 1088.0
2442.0 2684.0
1953.0 1981.0
3332.0 4162.0
1878.0 2382.0
571.0 2786.0
1635.0 1269.0
3017.0 3358.0
3997.0 4024.0
3335.0 3420.0
4077.0 3574.0
859.0 2631.0
202.0 1490.0
732.0 2116.0
879.0 1884.0
1305.0 1802.0
4190.0 3584.0
1308.0 4477.0
4270.0 4460.0
2145.0 1486.0
3963.0 3842.0
1064.0 351.0
922.0 1330.0
231.0 1153.0
2804.0 1487.0
802.0 2680.0
2679.0 2762.0
98.0 295.0
1176.0 1752.0
4518.0 4090.0
2540.0 1572.0
1542.0 2645.0
4087.0 4164.0
2136.0 151.0
100.0 1666.0
4200.0 3497.0
1398.0 2700.0
831.0 1090.0
4373.0 4264.0
1351.0 2279.0
924.0 2497.0
449.0 1989.0
1464.0 4477.0
3790.0 4303.0
1117.0 2451.0
3505.0 4681.0
429.0 2277.0
242.0 2408.0
431.0 1018.0
4010.0 4182.0
1877.0 2058.0
4019.0 4477.0
