0.000 1.000 7.723 -0.027 -4.759 -1.611 -1.170 -4.762 -0.072 5.020 5.686 4.060 -0.910 4.954 1.529 2.525 1.446 0.505
0.000 1.000 9.002 0.520 -6.616 -2.580 -2.777 -7.600 -2.150 8.753 9.273 5.905 -1.020 8.295 0.685 5.278 0.715 -0.709
0.000 0.000 11.509 -1.543 -3.940 -1.064 1.076 -2.616 4.682 0.406 2.385 4.117 -1.594 1.889 4.496 -1.193 4.627 3.421
0.000 1.000 9.963 -0.862 -4.297 -1.248 0.295 -3.526 2.585 2.378 3.853 4.258 -1.262 3.217 3.286 0.415 3.272 2.095
0.000 1.000 12.062 -0.067 -7.470 -2.831 -2.180 -8.024 -0.669 8.511 9.364 6.933 -1.428 8.463 2.065 4.689 2.045 0.406
0.000 1.000 4.353 0.521 -3.370 -1.138 -1.224 -3.683 -0.987 4.347 4.780 2.825 -0.545 4.110 0.332 2.498 0.277 -0.605
0.000 0.000 3.558 1.039 -3.487 -0.729 0.202 -3.407 -1.012 3.504 4.830 2.156 -0.691 3.397 -0.218 2.422 0.303 -1.686
1.000 1.000 15.803 -3.044 -3.086 -0.503 3.566 0.210 10.471 -5.973 -1.665 4.604 -1.969 -1.583 7.833 -6.093 9.172 6.091
0.000 0.000 12.900 -0.579 -6.976 -2.580 -1.493 -7.196 0.816 6.804 7.998 6.647 -1.590 7.291 3.013 3.309 2.965 1.365
0.000 1.000 6.112 0.078 -3.949 -1.228 -0.927 -3.834 -0.089 4.144 4.743 3.162 -0.737 4.053 1.241 2.051 1.104 0.325
0.000 1.000 8.557 -0.056 -5.079 -1.834 -1.351 -5.272 0.029 5.405 6.137 4.798 -1.129 5.593 1.655 2.770 1.629 0.458
0.000 0.000 7.322 0.237 -4.722 -1.715 -1.503 -5.077 -0.547 5.538 6.146 4.325 -0.881 5.478 1.120 3.015 1.141 -0.044
1.000 1.000 18.036 -3.707 -3.230 -0.574 4.025 0.450 12.143 -7.140 -2.328 5.146 -2.207 -2.119 9.142 -7.242 10.450 7.342
1.000 0.000 5.835 -0.113 -3.661 -0.743 1.346 -3.407 0.821 2.063 4.137 2.360 -1.180 2.514 1.397 1.221 1.648 -0.259
0.000 0.000 11.561 -0.124 -7.037 -2.670 -2.021 -7.540 -0.443 7.883 8.711 6.572 -1.408 7.916 2.074 4.265 2.056 0.503
1.000 0.000 16.533 -3.377 -3.235 -0.646 3.430 0.029 10.793 -5.861 -1.683 4.861 -2.146 -1.533 8.224 -6.168 9.174 6.629
0.000 0.000 20.559 -1.007 -11.209 -4.258 -2.594 -11.758 0.905 11.221 12.781 10.636 -2.574 11.698 4.461 5.603 4.557 2.338
0.000 0.000 7.301 -0.857 -2.746 -0.663 0.684 -1.950 2.790 0.612 1.996 2.569 -1.102 1.455 2.806 -0.577 2.781 1.938
1.000 1.000 7.642 -0.809 -2.953 -0.856 0.348 -2.317 2.637 0.992 2.382 3.139 -1.134 1.993 2.773 -0.261 2.801 1.776
0.000 1.000 6.532 0.390 -4.811 -1.864 -2.005 -5.519 -1.465 6.315 6.714 4.314 -0.799 6.040 0.601 3.719 0.545 -0.560
0.000 1.000 8.032 -0.899 -3.040 -0.795 0.585 -2.165 2.958 0.868 2.169 2.947 -1.146 1.718 3.018 -0.500 3.036 2.153
0.000 1.000 5.398 -0.199 -2.885 -0.915 -0.421 -2.708 0.721 2.495 3.105 2.539 -0.685 2.737 1.514 0.954 1.371 0.657
1.000 0.000 15.731 -2.837 -3.818 -0.708 3.449 -0.753 9.603 -4.670 -0.374 4.870 -2.213 -0.683 7.261 -4.972 8.472 5.446
1.000 1.000 8.931 -1.971 -1.782 -0.428 1.605 -0.276 5.641 -2.662 -0.637 2.650 -1.289 -0.598 4.521 -3.098 4.624 3.670
0.000 1.000 14.577 -0.265 -8.671 -3.251 -2.457 -9.169 -0.232 9.320 10.396 7.911 -1.731 9.433 2.740 4.893 2.739 1.051
0.000 1.000 5.521 0.673 -4.839 -1.751 -2.217 -5.506 -2.161 6.698 7.063 3.807 -0.590 6.110 0.104 4.113 -0.029 -0.960
1.000 1.000 9.908 -0.913 -4.350 -1.257 0.165 -3.651 2.524 2.542 3.930 4.060 -1.235 3.269 3.226 0.460 3.179 2.149
0.000 0.000 12.915 -0.365 -6.839 -2.265 -1.054 -6.742 1.141 6.422 7.862 6.613 -1.650 6.893 2.903 3.003 2.977 1.267
0.000 0.000 4.774 0.133 -2.965 -0.469 1.339 -2.391 1.072 1.149 3.076 1.916 -0.978 1.828 1.103 0.665 1.872 -0.405
0.000 1.000 8.045 -0.710 -3.528 -0.996 0.074 -2.916 2.139 1.976 3.213 3.320 -0.977 2.644 2.699 0.269 2.671 1.736
0.000 1.000 9.753 0.076 -6.005 -2.150 -1.512 -6.324 -0.292 6.589 7.424 5.519 -1.364 6.645 1.522 3.546 1.562 0.289
1.000 1.000 12.539 -2.821 -2.402 -0.561 2.384 -0.141 8.102 -4.084 -1.195 3.664 -1.746 -1.053 6.401 -4.564 6.569 5.341
0.000 0.000 12.083 -0.756 -6.174 -2.070 -0.809 -5.852 1.631 5.180 6.426 5.557 -1.396 5.711 3.305 2.089 3.166 1.893
0.000 1.000 5.744 0.200 -3.919 -1.427 -1.378 -4.206 -0.664 4.660 5.068 3.408 -0.668 4.534 0.901 2.519 0.791 -0.069
0.000 0.000 4.736 0.408 -3.499 -1.227 -1.244 -3.788 -0.811 4.365 4.760 2.965 -0.593 4.189 0.546 2.459 0.472 -0.391
1.000 1.000 8.217 -0.790 -3.345 -0.604 1.688 -2.229 3.376 -0.042 2.439 3.162 -1.472 1.623 2.843 -0.682 3.627 1.228
0.000 1.000 5.333 0.214 -3.323 -1.067 -0.784 -3.409 -0.035 3.570 4.276 3.009 -0.728 3.667 0.943 1.837 0.916 -0.065
0.000 0.000 5.175 -0.489 -1.973 -0.042 2.146 -1.002 2.688 -1.097 1.342 1.673 -1.049 0.451 1.987 -0.952 3.112 0.357
0.000 1.000 6.119 0.006 -3.717 -1.336 -1.001 -3.899 -0.001 4.013 4.567 3.424 -0.812 4.138 1.257 2.047 1.171 0.228
0.000 0.000 4.745 0.266 -3.462 -1.224 -1.165 -3.799 -0.717 4.233 4.661 2.967 -0.696 4.109 0.642 2.383 0.500 -0.338
0.000 0.000 3.022 0.141 -2.161 -0.471 -0.135 -2.008 0.026 2.007 2.613 1.336 -0.519 1.941 0.714 0.942 0.492 -0.072
1.000 0.000 11.743 -2.438 -2.309 -0.534 2.077 -0.336 7.334 -3.512 -0.741 3.557 -1.641 -0.771 5.748 -3.953 6.094 4.779
0.000 1.000 5.606 -0.445 -3.145 -0.898 0.283 -2.944 0.817 2.344 3.311 2.525 -0.958 2.609 1.702 0.979 1.277 0.497
0.000 1.000 10.328 0.253 -7.045 -2.724 -2.772 -8.052 -1.674 8.851 9.539 6.385 -1.265 8.540 1.164 5.168 1.220 -0.251
0.000 0.000 5.098 -0.326 -2.673 -0.661 0.105 -2.274 1.041 1.908 2.678 2.001 -0.704 2.099 1.700 0.518 1.412 0.820
1.000 0.000 8.798 -1.172 -2.962 -0.745 0.895 -1.768 3.866 0.017 1.553 2.996 -1.236 1.236 3.625 -1.217 3.648 2.720
1.000 1.000 6.346 0.524 -4.092 -0.367 2.546 -3.346 1.178 1.572 4.877 2.636 -1.493 2.417 1.010 1.449 2.758 -1.233
1.000 0.000 14.541 -3.048 -2.574 -0.493 3.016 0.344 9.797 -5.560 -1.914 4.147 -1.838 -1.687 7.474 -5.820 8.219 6.103
0.000 1.000 4.392 0.350 -3.701 -1.245 -1.368 -3.993 -1.259 4.720 5.121 2.740 -0.483 4.321 0.487 2.728 0.177 -0.527
1.000 1.000 12.625 0.475 -7.417 -2.015 0.256 -6.694 1.052 5.984 8.256 6.398 -1.917 6.753 2.067 3.263 3.355 0.016
0.000 0.000 8.952 -1.244 -2.867 -0.660 1.067 -1.573 4.194 -0.448 1.384 3.081 -1.239 1.016 3.680 -1.487 4.033 2.749
0.000 1.000 5.787 0.268 -4.192 -1.426 -1.432 -4.390 -0.831 4.973 5.449 3.322 -0.648 4.724 0.866 2.715 0.694 -0.115
0.000 0.000 5.735 0.611 -3.992 -0.788 0.839 -3.499 0.256 2.942 4.796 2.887 -0.990 3.354 0.706 1.819 1.572 -0.907
0.000 1.000 7.209 -0.461 -3.379 -1.002 -0.042 -2.988 1.537 2.254 3.398 3.269 -0.955 2.827 2.233 0.672 2.184 1.177
0.000 1.000 11.918 -1.042 -5.206 -1.573 0.130 -4.487 2.894 3.163 4.778 5.046 -1.503 4.045 3.742 0.733 3.762 2.501
0.000 0.000 10.680 0.103 -6.388 -2.272 -1.687 -6.729 -0.193 7.069 8.044 6.082 -1.358 7.169 1.754 3.797 1.916 0.335
0.000 1.000 6.274 0.088 -4.029 -1.410 -1.096 -4.184 -0.274 4.550 5.072 3.713 -0.843 4.542 1.041 2.392 0.978 0.038
0.000 1.000 7.653 -0.127 -4.499 -1.653 -1.113 -4.719 0.076 4.745 5.412 4.123 -0.963 4.906 1.618 2.394 1.504 0.433
1.000 1.000 10.213 0.520 -5.479 0.087 5.194 -3.819 3.373 0.132 6.395 3.967 -2.576 2.400 1.722 1.105 5.751 -1.710
0.000 1.000 5.848 0.048 -3.873 -1.227 -0.929 -3.794 -0.175 4.084 4.653 3.015 -0.662 3.987 1.258 2.017 1.007 0.256
0.000 0.000 9.919 -0.704 -4.830 -1.507 -0.303 -4.340 1.842 3.603 4.746 4.306 -1.195 4.138 2.966 1.188 2.810 1.779
1.000 1.000 8.825 -1.972 -1.813 -0.357 1.674 -0.199 5.679 -2.708 -0.631 2.538 -1.295 -0.607 4.565 -3.175 4.599 3.699
1.000 1.000 8.846 -0.338 -4.813 -1.761 -1.046 -4.984 0.587 4.701 5.601 4.620 -1.112 5.094 2.104 2.254 2.047 0.833
0.000 0.000 8.479 -0.516 -4.229 -1.294 0.194 -3.822 1.631 2.918 4.223 4.057 -1.388 3.682 2.370 1.135 2.449 0.936
0.000 0.000 7.207 -0.330 -3.829 -1.100 -0.233 -3.329 1.182 3.028 3.844 3.093 -0.898 3.303 2.101 1.059 1.929 1.150
0.000 1.000 14.115 -2.228 -4.449 -1.222 1.383 -2.852 6.157 -0.264 2.306 5.009 -1.865 1.850 5.673 -1.952 6.009 4.524
0.000 1.000 19.377 -0.819 -10.841 -4.125 -2.684 -11.535 0.395 11.257 12.732 10.243 -2.415 11.558 3.972 5.819 4.068 1.888
0.000 0.000 9.268 -0.023 -5.696 -2.078 -1.683 -5.992 -0.326 6.265 6.969 5.115 -1.077 6.245 1.716 3.283 1.672 0.488
1.000 0.000 8.652 0.143 -4.397 0.246 4.489 -2.332 3.612 -0.672 4.116 3.317 -1.976 2.000 2.207 -0.118 5.660 -1.287
1.000 1.000 5.583 -0.287 -2.874 0.056 2.434 -1.708 2.228 -0.024 2.607 2.169 -1.309 1.512 1.789 -0.124 3.290 -0.584
0.000 0.000 15.580 -0.505 -8.816 -3.239 -2.015 -9.103 0.479 8.915 10.156 8.172 -1.956 9.229 3.228 4.477 3.221 1.477
1.000 0.000 9.766 0.520 -6.062 -1.806 -0.314 -5.829 0.211 5.619 7.164 5.235 -1.511 6.001 1.358 3.169 2.153 -0.254
1.000 1.000 14.877 -2.875 -2.805 -0.439 3.351 0.345 9.983 -5.745 -1.733 4.307 -1.829 -1.590 7.468 -5.892 8.688 5.835
0.000 1.000 5.979 -0.246 -3.042 -0.852 -0.062 -2.716 1.043 2.253 3.189 2.773 -0.862 2.601 1.763 0.799 1.621 0.758
0.000 1.000 5.329 0.100 -3.353 -1.165 -0.873 -3.510 -0.098 3.670 4.232 3.110 -0.771 3.776 1.001 1.903 0.889 -0.025
0.000 1.000 4.196 -0.196 -2.175 -0.513 0.071 -1.869 0.874 1.499 2.273 1.693 -0.612 1.690 1.352 0.393 1.165 0.581
1.000 1.000 8.459 -0.249 -4.080 -0.345 3.003 -2.860 3.032 0.158 3.967 3.208 -1.806 1.813 2.253 0.177 4.205 0.007
0.000 1.000 6.258 -0.793 -2.066 -0.341 1.001 -1.050 3.133 -0.609 1.050 2.012 -0.963 0.578 2.608 -1.237 2.975 1.741
1.000 0.000 13.731 -2.856 -2.767 -0.673 2.460 -0.460 8.454 -3.968 -0.799 4.123 -1.881 -0.827 6.692 -4.497 7.079 5.612
0.000 0.000 7.785 -0.302 -4.037 -1.269 -0.386 -3.725 1.039 3.407 4.322 3.702 -1.011 3.696 2.092 1.392 2.010 1.010
0.000 0.000 10.963 -1.117 -4.663 -1.390 0.011 -3.928 2.943 2.548 4.136 4.608 -1.301 3.550 3.653 0.322 3.681 2.516
0.000 0.000 8.376 -0.097 -4.997 -1.767 -1.220 -5.125 -0.009 5.290 5.978 4.519 -1.028 5.322 1.684 2.695 1.625 0.530
0.000 0.000 6.088 -0.393 -2.567 -0.124 2.352 -1.354 2.961 -0.956 1.842 2.084 -1.206 0.846 2.098 -0.863 3.517 0.253
1.000 1.000 12.047 -1.449 -4.576 -1.303 0.659 -3.568 4.008 1.610 3.503 4.672 -1.592 2.875 4.289 -0.391 4.412 3.162
0.000 0.000 6.916 -0.024 -4.365 -1.432 -1.012 -4.297 -0.047 4.516 5.163 3.525 -0.774 4.468 1.496 2.222 1.291 0.433
1.000 0.000 16.052 -3.658 -2.866 -0.694 3.270 -0.002 10.544 -5.751 -1.856 4.651 -2.197 -1.718 8.199 -6.106 8.533 6.851
0.000 1.000 9.419 0.048 -5.882 -2.133 -1.687 -6.222 -0.414 6.610 7.335 5.478 -1.267 6.634 1.426 3.568 1.480 0.255
0.000 1.000 8.444 -1.225 -2.597 -0.609 0.971 -1.492 3.966 -0.517 1.308 2.931 -1.148 0.870 3.506 -1.463 3.804 2.668
0.000 1.000 13.321 -0.225 -7.820 -2.885 -2.197 -8.156 -0.068 8.412 9.368 7.335 -1.585 8.569 2.461 4.372 2.580 0.981
0.000 1.000 13.816 -0.596 -7.340 -2.691 -1.635 -7.538 0.970 7.160 8.374 7.183 -1.730 7.608 3.135 3.427 3.245 1.570
0.000 0.000 9.886 0.215 -6.640 -2.582 -2.418 -7.461 -1.401 8.205 8.840 6.098 -1.186 8.000 1.270 4.730 1.245 -0.217
0.000 1.000 12.110 0.216 -8.175 -3.177 -2.906 -9.091 -1.731 9.974 10.757 7.279 -1.401 9.692 1.580 5.781 1.519 -0.144
0.000 1.000 17.137 -2.344 -6.135 -1.765 1.123 -4.603 6.183 1.459 4.222 6.405 -2.191 3.471 6.355 -1.097 6.583 4.947
0.000 1.000 10.719 -0.347 -6.014 -2.148 -1.388 -6.080 0.527 6.013 6.930 5.748 -1.387 6.321 2.286 2.917 2.279 1.004
0.000 1.000 7.814 -0.479 -4.061 -1.311 -0.209 -3.824 1.143 3.335 4.290 3.852 -1.156 3.794 2.128 1.345 1.895 0.916
0.000 1.000 12.810 -1.951 -4.146 -1.131 1.212 -2.723 5.438 0.014 2.321 4.544 -1.692 1.808 5.121 -1.636 5.352 4.047
0.000 1.000 5.453 -0.329 -2.589 -0.652 0.075 -2.049 1.407 1.603 2.372 2.190 -0.741 1.952 1.850 0.264 1.703 1.040
0.000 1.000 7.346 0.520 -5.489 -2.125 -2.406 -6.304 -1.831 7.306 7.726 4.898 -0.832 6.935 0.534 4.370 0.549 -0.667
1.000 1.000 6.586 0.063 -3.563 -0.489 1.810 -2.746 1.811 1.044 3.706 2.666 -1.302 2.066 1.535 0.596 2.802 -0.187
0.000 0.000 9.501 -0.749 -4.436 -1.383 -0.303 -3.995 1.948 3.161 4.350 4.181 -1.121 3.776 2.914 0.931 2.871 1.812
0.000 0.000 6.942 0.043 -4.340 -1.560 -1.194 -4.482 -0.201 4.751 5.302 3.810 -0.808 4.759 1.348 2.444 1.243 0.272
1.000 1.000 9.568 -1.922 -1.978 -0.342 1.885 -0.070 6.246 -3.143 -0.772 2.822 -1.343 -0.740 4.839 -3.529 5.182 3.803
0.000 1.000 8.139 -0.076 -5.002 -1.751 -1.322 -5.062 -0.053 5.244 5.915 4.222 -0.898 5.255 1.709 2.611 1.562 0.583
0.000 1.000 18.223 -1.930 -7.657 -2.380 0.206 -6.562 4.724 4.270 6.692 7.596 -2.206 5.815 5.891 0.760 5.972 4.220
0.000 1.000 8.220 -0.395 -4.452 -1.398 -0.592 -4.135 0.999 3.821 4.695 3.733 -0.965 4.099 2.246 1.530 2.062 1.157
0.000 1.000 10.277 0.186 -6.826 -2.569 -2.398 -7.472 -1.190 8.231 8.902 6.316 -1.313 8.065 1.215 4.692 1.306 -0.059
0.000 0.000 3.748 0.314 -2.984 -0.956 -0.987 -3.083 -0.764 3.635 3.996 2.230 -0.411 3.358 0.541 1.986 0.308 -0.320
1.000 1.000 7.858 -0.131 -4.619 -1.719 -1.215 -4.860 0.065 4.892 5.556 4.262 -0.960 5.071 1.667 2.477 1.558 0.465
1.000 1.000 10.454 -1.825 -2.619 -0.658 1.601 -1.134 5.638 -1.867 0.497 3.376 -1.440 0.171 4.734 -2.604 4.980 3.784
0.000 1.000 10.530 -0.011 -6.594 -2.441 -2.092 -7.038 -0.587 7.515 8.243 6.134 -1.323 7.496 1.608 4.076 1.680 0.371
0.000 1.000 4.862 -0.472 -2.450 -0.607 0.383 -2.133 1.174 1.408 2.455 1.962 -0.761 1.751 1.706 0.329 1.367 0.721
0.000 1.000 7.421 0.007 -4.762 -1.572 -1.223 -4.725 -0.158 5.006 5.669 3.836 -0.843 4.945 1.550 2.490 1.340 0.454
0.000 1.000 12.863 -0.710 -6.603 -2.288 -1.215 -6.410 1.496 5.877 7.091 6.271 -1.490 6.410 3.300 2.500 3.323 1.881
0.000 0.000 11.715 -0.157 -6.830 -2.414 -1.498 -6.962 0.251 7.019 8.031 6.320 -1.580 7.243 2.183 3.595 2.229 0.817
0.000 1.000 3.726 0.654 -3.128 -0.572 0.759 -2.917 -0.251 2.466 3.964 1.807 -0.777 2.533 0.307 1.674 0.800 -1.129
0.000 1.000 7.965 -0.671 -3.459 -0.992 0.257 -2.929 2.100 1.835 3.240 3.368 -1.072 2.580 2.645 0.308 2.617 1.570
0.000 0.000 4.234 -0.125 -2.060 -0.067 1.530 -1.519 1.540 0.188 2.181 1.453 -1.051 0.804 1.323 0.062 2.008 0.008
1.000 0.000 6.632 -1.187 -1.750 -0.358 0.961 -0.660 3.745 -1.191 0.251 2.016 -0.990 0.077 3.196 -1.823 3.172 2.422
0.000 0.000 5.618 -0.335 -2.764 -0.733 -0.063 -2.301 1.250 1.896 2.677 2.353 -0.703 2.199 1.832 0.449 1.671 0.990
0.000 1.000 6.828 -0.308 -3.603 -1.090 -0.341 -3.282 0.953 3.032 3.831 3.124 -0.856 3.259 1.880 1.177 1.762 0.933
0.000 0.000 6.489 -0.030 -3.896 -1.373 -0.961 -4.005 0.069 4.108 4.709 3.603 -0.859 4.236 1.375 2.055 1.265 0.285
1.000 1.000 8.817 -0.543 -4.370 -0.580 2.868 -2.682 3.555 -0.223 3.269 3.366 -1.694 2.125 2.713 -0.522 4.271 0.074
0.000 1.000 12.653 -2.663 -2.114 -0.345 2.842 0.477 8.723 -5.177 -1.795 3.560 -1.573 -1.641 6.582 -5.302 7.380 5.304
0.000 0.000 3.244 0.369 -2.776 -0.839 -0.721 -2.960 -0.846 3.439 3.899 2.096 -0.518 3.146 0.277 1.992 0.014 -0.644
0.000 0.000 6.154 -0.085 -3.525 -0.932 0.244 -3.303 0.769 2.550 3.966 2.933 -1.058 2.969 1.500 1.225 1.571 0.135
0.000 1.000 4.865 0.622 -3.607 -0.903 -0.241 -3.468 -0.396 3.585 4.602 2.669 -0.733 3.575 0.448 2.089 0.870 -0.722
0.000 1.000 10.632 0.088 -6.699 -2.512 -2.155 -7.274 -0.788 7.836 8.584 6.265 -1.291 7.758 1.604 4.354 1.694 0.205
0.000 0.000 8.300 -0.148 -4.968 -1.813 -1.177 -5.115 0.052 5.270 5.930 4.655 -1.090 5.399 1.700 2.701 1.592 0.449
1.000 1.000 17.763 -3.876 -2.929 -0.593 3.986 0.522 12.071 -7.255 -2.580 5.012 -2.199 -2.335 9.155 -7.309 10.214 7.466
0.000 1.000 16.164 -0.453 -9.283 -3.418 -2.170 -9.659 0.271 9.552 10.844 8.583 -2.032 9.823 3.216 4.895 3.198 1.359
0.000 1.000 2.755 0.707 -2.437 -0.366 0.189 -2.198 -0.302 2.182 3.159 1.263 -0.542 2.147 0.165 1.322 0.546 -0.828
1.000 1.000 4.951 -0.212 -2.023 -0.256 0.826 -1.058 2.274 -0.151 1.318 1.676 -0.792 0.809 1.783 -0.664 2.466 0.835
0.000 0.000 11.174 -0.003 -7.022 -2.600 -2.187 -7.510 -0.672 8.023 8.807 6.534 -1.423 7.994 1.656 4.393 1.733 0.345
0.000 0.000 10.489 0.314 -7.253 -2.805 -2.702 -8.172 -1.802 9.134 9.800 6.545 -1.204 8.779 1.192 5.366 1.162 -0.377
0.000 0.000 12.047 -0.416 -6.521 -2.198 -0.869 -6.356 1.087 5.967 7.268 6.198 -1.715 6.486 2.716 2.828 2.649 1.186
1.000 1.000 6.221 -0.593 -2.540 -0.630 0.322 -1.822 2.182 1.007 1.888 2.293 -0.914 1.573 2.339 -0.265 2.240 1.541
0.000 0.000 14.048 -1.206 -6.407 -2.038 -0.281 -5.778 2.904 4.484 6.166 6.203 -1.709 5.410 4.184 1.396 4.209 2.747
0.000 1.000 11.468 -0.779 -5.684 -1.909 -0.870 -5.373 1.722 4.688 5.933 5.517 -1.346 5.343 3.133 1.809 3.160 1.874
0.000 0.000 4.319 0.468 -3.249 -0.931 -0.617 -3.256 -0.532 3.590 4.257 2.561 -0.633 3.479 0.438 2.028 0.583 -0.541
1.000 1.000 17.989 -1.899 -7.611 -2.596 -0.072 -7.025 4.305 4.591 7.066 7.881 -2.374 6.252 5.666 1.181 5.749 3.829
0.000 0.000 10.978 0.211 -7.236 -2.762 -2.626 -7.964 -1.259 8.710 9.398 6.646 -1.342 8.574 1.394 4.939 1.480 0.036
0.000 0.000 12.273 -0.437 -6.667 -2.333 -1.194 -6.602 0.959 6.287 7.487 6.325 -1.612 6.760 2.804 2.996 2.764 1.298
0.000 0.000 5.797 -0.142 -2.921 -0.254 2.079 -1.844 2.302 -0.113 2.506 2.174 -1.246 1.355 1.681 -0.188 3.017 -0.154
0.000 1.000 7.622 0.149 -4.536 -1.447 -1.063 -4.653 0.095 4.802 5.806 4.226 -0.938 5.009 1.320 2.435 1.446 0.166
1.000 0.000 9.700 -1.359 -3.321 -0.836 0.856 -2.182 4.033 0.211 2.000 3.350 -1.268 1.492 3.930 -1.193 3.992 2.989
0.000 0.000 5.197 0.285 -3.771 -1.243 -1.235 -3.887 -0.721 4.458 4.910 2.989 -0.585 4.211 0.769 2.417 0.628 -0.130
1.000 1.000 13.764 -2.390 -3.616 -0.946 1.961 -1.793 7.052 -2.003 1.026 4.672 -1.911 0.622 6.002 -3.020 6.343 4.810
0.000 0.000 13.121 -1.864 -4.479 -1.266 1.068 -3.189 5.148 0.617 2.849 4.822 -1.757 2.301 5.018 -1.206 5.238 3.895
0.000 0.000 5.045 0.349 -3.522 -0.666 1.178 -3.161 0.397 2.286 4.152 2.330 -1.015 2.693 0.823 1.458 1.472 -0.823
0.000 0.000 10.974 0.051 -6.978 -2.677 -2.345 -7.663 -0.911 8.220 8.973 6.458 -1.321 8.133 1.696 4.604 1.744 0.206
1.000 1.000 8.861 -1.002 -3.365 -0.991 0.474 -2.645 3.062 1.060 2.668 3.552 -1.255 2.196 3.245 -0.345 3.285 2.165
0.000 1.000 5.974 -0.339 -2.944 -0.830 -0.211 -2.566 1.221 2.129 2.998 2.620 -0.714 2.492 1.856 0.604 1.775 0.994
1.000 0.000 10.811 -1.349 -3.787 -1.074 0.866 -2.739 4.076 0.566 2.556 4.103 -1.433 2.012 4.116 -0.922 4.220 2.998
0.000 1.000 5.934 -0.526 -2.511 -0.608 0.187 -1.855 1.918 1.102 2.032 2.273 -0.795 1.638 2.168 -0.154 2.084 1.391
0.000 1.000 9.762 -0.339 -5.421 -1.894 -1.170 -5.408 0.623 5.299 6.175 5.169 -1.271 5.603 2.167 2.490 2.134 0.965
1.000 1.000 6.005 0.721 -3.968 -0.306 2.437 -3.209 1.026 1.642 4.895 2.610 -1.423 2.513 0.691 1.535 2.683 -1.463
0.000 0.000 7.130 0.078 -4.256 -1.430 -0.942 -4.324 0.062 4.516 5.251 4.008 -0.927 4.617 1.361 2.300 1.335 0.201
1.000 1.000 4.780 0.113 -2.763 -0.429 1.167 -2.285 1.099 1.125 2.986 1.996 -1.006 1.750 1.120 0.613 1.814 -0.268
0.000 1.000 5.897 0.361 -4.159 -1.480 -1.581 -4.539 -0.893 5.228 5.683 3.752 -0.706 5.051 0.627 2.934 0.663 -0.342
0.000 1.000 2.483 0.175 -1.933 -0.245 0.334 -1.721 0.177 1.485 2.361 1.024 -0.567 1.579 0.577 0.720 0.561 -0.437
0.000 0.000 4.582 0.492 -3.529 -1.134 -0.981 -3.901 -0.940 4.388 5.028 2.922 -0.703 4.199 0.338 2.562 0.186 -0.794
1.000 1.000 4.554 -0.144 -2.439 -0.582 -0.042 -2.040 0.886 1.808 2.478 1.896 -0.662 2.005 1.401 0.537 1.250 0.660
0.000 0.000 14.875 -1.379 -6.806 -2.461 -0.580 -6.658 2.708 5.070 6.930 7.083 -1.986 6.246 4.348 1.911 4.340 2.522
0.000 1.000 14.620 -0.376 -8.573 -3.265 -2.452 -9.278 -0.276 9.391 10.462 8.048 -1.807 9.466 2.709 5.010 2.780 1.014
1.000 0.000 9.731 -1.336 -3.371 -0.859 0.828 -2.202 4.036 0.320 1.974 3.371 -1.318 1.572 3.932 -1.151 3.941 2.953
0.000 0.000 8.990 0.277 -6.174 -2.382 -2.273 -6.940 -1.435 7.747 8.333 5.614 -1.060 7.476 1.079 4.509 1.053 -0.323
0.000 1.000 5.922 -0.491 -2.476 -0.593 0.380 -1.814 2.020 0.962 1.969 2.223 -0.898 1.544 2.111 -0.169 2.184 1.332
1.000 1.000 7.411 -0.142 -4.384 -1.503 -0.745 -4.441 0.246 4.437 5.228 4.111 -1.108 4.643 1.570 2.240 1.398 0.308
0.000 0.000 11.413 -0.455 -6.036 -2.059 -0.836 -5.962 1.156 5.457 6.738 5.858 -1.622 6.022 2.660 2.529 2.616 1.186
0.000 1.000 14.296 -0.187 -8.638 -3.299 -2.607 -9.374 -0.575 9.646 10.675 8.029 -1.778 9.694 2.457 5.230 2.517 0.743
1.000 0.000 6.794 -0.422 -3.205 -0.857 0.061 -2.785 1.520 2.097 3.298 2.913 -0.910 2.593 2.050 0.569 2.034 1.111
0.000 1.000 7.889 -0.052 -4.666 -1.701 -1.282 -4.898 0.018 5.023 5.701 4.392 -0.983 5.172 1.587 2.566 1.558 0.405
0.000 0.000 7.433 -0.492 -3.492 -0.888 0.461 -2.900 1.919 1.800 3.455 3.238 -1.083 2.595 2.241 0.435 2.419 1.031
0.000 1.000 12.701 -0.704 -6.405 -2.126 -0.630 -6.044 1.827 5.255 6.745 6.132 -1.684 5.991 3.291 2.209 3.257 1.799
1.000 0.000 10.178 -1.955 -2.240 -0.370 1.985 -0.149 6.547 -3.194 -0.707 2.999 -1.393 -0.639 5.097 -3.652 5.550 3.940
1.000 0.000 9.707 -1.713 -2.544 -0.623 1.535 -1.135 5.191 -1.588 0.569 3.068 -1.350 0.243 4.440 -2.356 4.576 3.501
0.000 0.000 6.518 -0.836 -2.320 -0.076 2.621 -1.256 3.286 -1.177 1.653 2.143 -1.393 0.426 2.534 -0.984 3.733 0.813
0.000 0.000 4.750 0.294 -3.235 -0.975 -0.485 -3.278 -0.213 3.339 4.083 2.666 -0.763 3.360 0.778 1.820 0.777 -0.316
0.000 1.000 10.420 -0.828 -5.031 -1.557 -0.225 -4.506 2.031 3.623 4.862 4.408 -1.262 4.212 3.216 1.121 2.988 1.948
0.000 1.000 6.291 -0.253 -3.387 -1.005 -0.401 -3.084 0.869 2.837 3.584 2.840 -0.741 3.053 1.779 1.065 1.619 0.865
0.000 1.000 4.286 1.459 -4.187 -0.751 0.548 -3.984 -1.171 3.974 5.829 2.574 -0.875 3.992 -0.550 2.912 0.664 -2.248
0.000 1.000 5.408 0.750 -4.129 -1.113 -0.408 -4.129 -0.707 4.400 5.507 3.243 -0.879 4.385 0.303 2.685 0.768 -1.052
1.000 1.000 8.544 -1.586 -2.094 -0.422 1.442 -0.415 5.192 -2.106 -0.275 2.719 -1.180 -0.096 4.205 -2.745 4.473 3.122
0.000 0.000 4.325 0.105 -2.787 -0.828 -0.599 -2.662 0.061 2.856 3.341 2.194 -0.548 2.836 0.980 1.332 0.841 0.187
1.000 0.000 7.328 -0.667 -3.080 -0.850 0.293 -2.442 2.166 1.502 2.576 2.929 -1.007 2.131 2.549 0.039 2.490 1.662
0.000 1.000 9.527 0.550 -7.077 -2.827 -3.081 -8.301 -2.487 9.532 10.050 6.403 -1.122 9.046 0.628 5.819 0.648 -0.884
0.000 0.000 13.030 -1.100 -6.012 -2.133 -0.563 -5.842 2.354 4.519 6.178 6.259 -1.712 5.532 3.776 1.690 3.797 2.155
1.000 0.000 13.920 -2.939 -2.490 -0.450 2.975 0.323 9.394 -5.370 -1.810 3.960 -1.767 -1.582 7.184 -5.611 7.917 5.768
0.000 1.000 3.655 -0.238 -2.088 -0.327 0.978 -1.725 1.060 0.697 2.020 1.314 -0.822 1.193 1.267 0.187 1.282 0.021
0.000 0.000 5.964 0.310 -4.069 -1.082 0.084 -3.853 -0.024 3.693 4.917 3.190 -1.006 3.827 0.991 2.094 1.163 -0.516
1.000 1.000 6.350 -0.442 -3.210 -0.784 0.775 -2.737 1.518 1.642 3.123 2.656 -1.077 2.227 1.991 0.541 2.048 0.715
1.000 1.000 13.372 -2.900 -2.430 -0.493 2.887 0.098 8.893 -5.024 -1.526 3.844 -1.789 -1.482 6.803 -5.214 7.431 5.503
0.000 0.000 6.148 -0.019 -3.340 -0.794 0.289 -2.833 1.061 2.196 3.451 2.718 -0.866 2.616 1.541 0.880 1.907 0.468
0.000 1.000 9.876 -0.811 -4.381 -1.323 0.213 -3.717 2.347 2.652 4.109 4.332 -1.211 3.451 3.213 0.640 3.161 1.934
0.000 1.000 3.680 0.186 -2.488 -0.769 -0.596 -2.491 -0.138 2.701 3.121 2.008 -0.512 2.645 0.716 1.348 0.588 -0.053
0.000 0.000 8.534 0.027 -5.350 -1.973 -1.564 -5.681 -0.441 6.074 6.709 4.962 -1.035 6.040 1.486 3.279 1.436 0.203
0.000 1.000 5.387 -0.343 -2.569 -0.657 0.087 -2.130 1.291 1.579 2.507 2.212 -0.753 1.951 1.752 0.330 1.651 0.949
0.000 1.000 11.223 -0.260 -6.490 -2.369 -1.751 -6.691 0.185 6.790 7.617 6.075 -1.378 6.977 2.231 3.414 2.295 0.985
0.000 0.000 4.830 1.316 -4.075 -0.519 1.455 -3.689 -0.404 3.136 5.561 2.506 -1.113 3.370 -0.142 2.508 1.459 -2.077
0.000 0.000 5.904 0.680 -5.017 -1.917 -2.426 -5.863 -2.296 7.099 7.422 4.232 -0.634 6.547 0.059 4.393 0.005 -1.054
0.000 1.000 5.379 0.094 -3.416 -1.156 -0.828 -3.445 -0.117 3.705 4.176 3.038 -0.697 3.665 1.048 1.895 0.946 0.123
0.000 1.000 7.260 -0.340 -3.820 -1.133 -0.247 -3.411 1.099 3.103 3.965 3.213 -0.918 3.361 2.061 1.159 1.904 1.065
1.000 1.000 17.805 -0.860 -9.701 -3.578 -1.942 -9.953 0.972 9.518 10.938 9.177 -2.247 9.918 3.972 4.698 3.982 2.019
0.000 1.000 4.984 -0.285 -2.422 -0.623 0.157 -2.120 1.167 1.419 2.460 2.083 -0.818 1.826 1.589 0.358 1.449 0.701
0.000 1.000 6.523 0.023 -4.000 -1.331 -1.009 -4.007 0.065 4.191 4.827 3.432 -0.743 4.253 1.372 2.047 1.289 0.345
0.000 1.000 13.421 -0.297 -7.803 -2.902 -2.099 -8.141 0.034 8.274 9.256 7.245 -1.579 8.429 2.650 4.275 2.701 1.092
0.000 1.000 3.920 -0.196 -2.065 -0.262 0.989 -1.409 1.498 0.238 1.677 1.404 -0.818 1.049 1.358 -0.162 1.750 0.113
1.000 1.000 8.922 -0.276 -4.996 -1.849 -1.187 -5.224 0.375 5.081 5.901 4.738 -1.120 5.383 2.016 2.507 1.940 0.719
0.000 0.000 12.276 -1.318 -5.119 -1.521 0.195 -4.294 3.392 2.684 4.435 5.020 -1.489 3.769 4.125 0.274 4.152 2.898
1.000 0.000 11.328 -1.322 -4.202 -1.293 0.545 -3.283 3.895 1.206 3.217 4.542 -1.504 2.675 4.100 -0.486 4.264 2.923
1.000 1.000 4.279 -0.200 -2.841 -0.501 1.002 -2.404 0.835 1.372 2.806 1.796 -1.001 2.037 1.245 0.661 1.386 -0.386
1.000 0.000 12.811 -0.412 -6.986 -2.356 -0.928 -6.836 1.073 6.483 7.813 6.616 -1.851 6.980 2.740 3.121 2.735 1.219
0.000 0.000 7.878 -0.547 -3.858 -1.066 -0.041 -3.253 1.699 2.653 3.632 3.234 -1.000 3.088 2.490 0.700 2.307 1.494
1.000 1.000 14.601 -3.168 -2.412 -0.436 3.266 0.499 10.018 -6.023 -2.124 4.097 -1.817 -1.940 7.583 -6.101 8.469 6.157
1.000 1.000 10.487 -1.965 -2.454 -0.589 1.729 -0.821 5.998 -2.303 0.089 3.276 -1.447 -0.131 4.923 -2.953 5.164 3.984
0.000 1.000 5.401 0.199 -3.361 -0.693 0.723 -2.897 0.707 2.170 3.713 2.438 -0.929 2.570 1.122 1.150 1.649 -0.195
0.000 1.000 9.594 -0.682 -4.798 -1.506 -0.385 -4.393 1.629 3.704 4.786 4.178 -1.153 4.184 2.845 1.277 2.638 1.659
1.000 1.000 9.491 -1.290 -3.366 -0.853 0.757 -2.274 3.784 0.421 2.159 3.384 -1.241 1.649 3.763 -1.016 3.785 2.811
1.000 0.000 5.509 1.287 -4.519 -0.603 1.768 -4.057 -0.133 2.970 5.934 2.626 -1.215 3.472 -0.076 2.455 1.784 -2.146
0.000 0.000 8.272 -0.485 -4.190 -1.236 -0.209 -3.694 1.448 3.220 4.181 3.597 -1.049 3.586 2.391 1.115 2.264 1.374
1.000 1.000 7.365 -1.341 -1.760 -0.332 1.186 -0.409 4.423 -1.704 -0.045 2.203 -1.048 -0.156 3.620 -2.285 3.703 2.838
0.000 1.000 9.943 -0.713 -4.768 -1.493 -0.237 -4.311 1.852 3.547 4.765 4.406 -1.219 4.118 2.925 1.198 2.855 1.744
1.000 1.000 4.636 0.719 -3.696 -0.681 0.863 -3.388 -0.213 2.928 4.675 2.345 -0.907 3.116 0.322 1.970 1.076 -1.247
0.000 0.000 12.490 0.302 -8.522 -3.369 -3.264 -9.700 -2.084 10.726 11.482 7.782 -1.486 10.400 1.399 6.335 1.439 -0.352
1.000 1.000 5.920 -0.501 -2.382 -0.530 0.552 -1.720 2.161 0.661 1.896 2.154 -0.926 1.352 2.130 -0.313 2.276 1.326
0.000 0.000 13.213 -1.968 -4.363 -1.193 1.136 -2.967 5.439 0.232 2.588 4.754 -1.716 2.039 5.215 -1.531 5.461 4.111
0.000 1.000 8.409 -0.376 -4.266 -1.346 -0.372 -3.962 1.189 3.522 4.567 4.045 -1.098 3.892 2.289 1.436 2.224 1.106
0.000 1.000 6.215 -0.171 -3.477 -1.070 -0.593 -3.248 0.636 3.135 3.799 2.948 -0.727 3.299 1.620 1.295 1.508 0.738
0.000 1.000 6.910 -0.249 -3.784 -1.119 -0.398 -3.418 0.859 3.243 4.016 3.146 -0.864 3.411 1.842 1.294 1.714 0.927
0.000 1.000 14.010 -0.468 -7.920 -2.974 -2.035 -8.347 0.294 8.260 9.337 7.434 -1.726 8.460 2.870 4.223 2.962 1.310
0.000 0.000 6.966 0.029 -4.362 -1.578 -1.174 -4.541 -0.196 4.796 5.350 3.985 -0.889 4.832 1.348 2.496 1.229 0.195
0.000 0.000 14.860 -0.392 -8.653 -3.279 -2.475 -9.263 -0.110 9.292 10.387 8.030 -1.814 9.433 2.848 4.862 2.917 1.184
0.000 0.000 12.071 -0.835 -5.824 -1.894 -0.391 -5.306 2.051 4.537 5.834 5.526 -1.496 5.113 3.438 1.653 3.373 2.061
1.000 0.000 15.395 -0.389 -8.980 -3.380 -2.523 -9.481 -0.065 9.577 10.673 8.305 -1.846 9.736 2.954 4.985 3.023 1.287
1.000 0.000 13.852 -3.049 -2.198 -0.403 3.107 0.546 9.580 -5.811 -2.130 3.867 -1.721 -1.925 7.259 -5.885 8.055 5.916
0.000 0.000 12.292 -0.293 -6.953 -2.563 -1.739 -7.309 0.257 7.307 8.306 6.636 -1.534 7.506 2.431 3.726 2.541 0.973
0.000 1.000 2.488 0.553 -2.284 -0.369 0.291 -2.133 -0.291 2.069 3.022 1.232 -0.549 1.960 0.220 1.287 0.386 -0.906
0.000 1.000 5.389 0.432 -3.934 -1.251 -0.917 -4.122 -0.719 4.625 5.308 3.345 -0.783 4.494 0.536 2.645 0.551 -0.611
0.000 1.000 4.853 0.141 -3.172 -0.806 0.195 -2.905 0.297 2.567 3.562 2.372 -0.844 2.763 1.002 1.327 1.144 -0.180
0.000 1.000 15.669 -0.274 -9.134 -3.362 -2.363 -9.580 -0.079 9.784 10.987 8.567 -1.905 9.956 2.870 5.163 3.005 1.102
0.000 0.000 13.957 -0.553 -7.695 -2.844 -1.689 -7.919 0.614 7.722 8.807 7.263 -1.701 7.976 3.040 3.817 3.074 1.467
0.000 1.000 8.126 0.680 -6.421 -2.503 -2.840 -7.476 -2.588 8.837 9.280 5.613 -0.900 8.242 0.335 5.463 0.295 -1.063
0.000 1.000 8.540 0.276 -5.832 -2.215 -2.168 -6.500 -1.263 7.277 7.839 5.319 -1.014 7.036 1.046 4.199 1.068 -0.243
1.000 0.000 7.925 -0.136 -4.654 -1.673 -1.118 -4.788 0.158 4.912 5.594 4.464 -1.070 5.099 1.619 2.476 1.564 0.444
0.000 0.000 4.316 -0.169 -2.294 -0.538 0.076 -1.987 0.836 1.668 2.413 1.711 -0.670 1.820 1.355 0.495 1.153 0.575
1.000 1.000 15.534 -3.167 -2.790 -0.478 3.399 0.429 10.498 -6.093 -2.041 4.426 -1.911 -1.794 7.947 -6.283 8.982 6.341
0.000 1.000 4.508 0.161 -2.926 -0.919 -0.650 -2.952 -0.099 3.109 3.643 2.432 -0.646 3.081 0.874 1.577 0.761 0.011
0.000 1.000 16.737 -1.296 -7.857 -2.614 -0.614 -7.294 2.983 5.997 7.794 7.618 -2.076 6.969 4.719 2.188 4.758 3.014
1.000 1.000 13.815 -2.691 -3.182 -0.805 2.421 -1.070 7.938 -3.207 -0.032 4.365 -2.009 -0.245 6.427 -3.912 6.659 5.148
0.000 1.000 9.009 -0.859 -3.788 -1.077 0.350 -3.069 2.558 1.913 3.246 3.626 -1.204 2.665 3.043 0.164 3.022 2.039
1.000 1.000 7.735 -0.582 -3.406 -0.317 2.972 -1.955 3.498 -0.915 2.507 2.798 -1.499 1.300 2.561 -0.839 4.212 0.239
0.000 1.000 5.280 1.075 -4.430 -0.984 0.226 -4.245 -0.871 4.323 5.897 3.091 -0.976 4.329 -0.025 2.882 0.813 -1.653
0.000 0.000 3.943 0.586 -3.689 -1.227 -1.598 -4.057 -1.630 5.035 5.374 2.687 -0.426 4.537 0.119 3.036 -0.089 -0.801
0.000 1.000 5.854 0.421 -4.036 -1.095 -0.166 -3.886 -0.158 3.897 5.066 3.276 -0.892 4.045 0.787 2.221 1.125 -0.588
1.000 1.000 6.235 -0.728 -2.168 -0.483 0.666 -1.390 2.670 0.066 1.396 2.234 -0.937 0.973 2.502 -0.807 2.510 1.701
1.000 1.000 12.357 -2.927 -2.015 -0.482 2.531 0.191 8.335 -4.684 -1.681 3.507 -1.683 -1.520 6.506 -4.955 6.693 5.473
0.000 0.000 9.620 -0.460 -5.098 -1.709 -0.859 -4.899 1.032 4.604 5.516 4.639 -1.154 4.899 2.424 1.969 2.396 1.311
0.000 0.000 8.588 -0.364 -4.647 -1.658 -0.893 -4.692 0.702 4.446 5.295 4.614 -1.240 4.861 2.049 2.074 1.958 0.823
0.000 1.000 3.774 1.467 -3.885 -0.672 0.612 -3.673 -1.154 3.647 5.406 2.248 -0.768 3.590 -0.568 2.731 0.582 -2.198
0.000 0.000 11.806 -0.438 -6.485 -2.344 -1.485 -6.600 0.691 6.353 7.349 5.991 -1.437 6.620 2.685 3.024 2.716 1.356
0.000 1.000 6.039 0.241 -4.357 -1.467 -1.434 -4.536 -0.821 5.103 5.623 3.419 -0.674 4.854 0.952 2.772 0.743 -0.086
0.000 1.000 15.660 -1.496 -6.852 -2.185 -0.135 -6.113 3.605 4.403 6.378 6.781 -1.890 5.609 4.857 1.153 4.922 3.315
0.000 0.000 7.838 0.606 -5.527 -2.052 -2.063 -6.276 -1.500 7.194 7.814 5.126 -0.965 6.913 0.547 4.261 0.691 -0.730
1.000 0.000 16.654 -1.727 -6.802 -2.203 0.357 -5.905 4.563 3.438 5.906 7.014 -2.243 5.091 5.416 0.499 5.535 3.752
1.000 1.000 4.938 -0.390 -2.120 -0.431 0.464 -1.574 1.716 0.748 1.813 1.732 -0.797 1.248 1.792 -0.183 1.824 1.024
0.000 1.000 6.697 0.324 -4.926 -1.776 -1.852 -5.342 -1.264 6.078 6.568 4.016 -0.716 5.746 0.841 3.445 0.673 -0.283
0.000 1.000 8.771 -0.147 -5.011 -1.607 -0.483 -4.816 0.643 4.636 5.666 4.639 -1.298 4.957 1.810 2.259 1.890 0.512
0.000 1.000 10.847 -0.037 -6.804 -2.603 -2.203 -7.492 -0.764 7.921 8.713 6.303 -1.357 7.855 1.746 4.407 1.778 0.261
1.000 1.000 8.718 -0.666 -3.884 -1.105 0.242 -3.246 2.114 2.284 3.652 3.802 -1.120 2.979 2.834 0.519 2.784 1.671
0.000 1.000 11.245 0.160 -7.458 -2.870 -2.793 -8.437 -1.497 9.130 9.901 6.761 -1.381 8.866 1.431 5.256 1.492 -0.036
0.000 1.000 8.426 -0.907 -3.277 -0.894 0.525 -2.476 2.851 1.157 2.501 3.194 -1.180 1.992 3.037 -0.307 3.068 2.153
0.000 1.000 11.220 -0.362 -6.283 -2.259 -1.361 -6.419 0.452 6.314 7.243 5.820 -1.390 6.478 2.432 3.112 2.435 1.102
1.000 0.000 7.029 -0.763 -2.703 -0.694 0.597 -1.906 2.547 0.732 1.985 2.675 -0.989 1.533 2.689 -0.428 2.650 1.782
0.000 0.000 12.926 -0.865 -6.209 -2.071 -0.485 -5.751 2.117 4.908 6.289 6.040 -1.613 5.542 3.653 1.857 3.601 2.140
0.000 1.000 10.628 -1.100 -4.361 -1.238 0.481 -3.491 3.156 2.025 3.663 4.166 -1.367 2.956 3.656 0.048 3.658 2.542
0.000 1.000 21.104 -1.477 -10.525 -3.826 -1.533 -10.470 2.494 9.231 11.168 10.368 -2.702 10.162 5.423 4.086 5.427 3.163
0.000 1.000 6.241 -0.056 -3.840 -1.231 -0.870 -3.736 0.157 3.840 4.447 3.104 -0.715 3.875 1.451 1.787 1.266 0.489
0.000 0.000 5.517 1.284 -4.488 -0.584 1.843 -3.957 -0.061 2.928 5.867 2.691 -1.210 3.490 -0.073 2.418 1.887 -2.180
1.000 1.000 14.244 -2.557 -3.681 -0.869 2.197 -1.446 7.767 -2.628 0.543 4.597 -1.928 0.295 6.346 -3.571 6.982 5.095
0.000 0.000 6.610 -0.113 -3.838 -1.319 -0.758 -3.823 0.324 3.807 4.448 3.548 -0.884 3.956 1.548 1.814 1.408 0.450
1.000 1.000 10.228 -1.307 -3.715 -1.017 0.674 -2.746 3.745 0.929 2.632 3.849 -1.373 2.112 3.813 -0.687 3.935 2.848
0.000 1.000 3.648 0.575 -3.308 -1.019 -1.043 -3.640 -1.303 4.371 4.879 2.487 -0.553 3.973 0.073 2.645 -0.155 -0.952
1.000 0.000 8.779 -0.195 -4.618 -1.138 0.960 -3.752 1.872 2.549 4.417 4.014 -1.437 3.480 2.226 1.025 2.844 0.511
0.000 1.000 6.544 -0.691 -2.542 -0.641 0.457 -1.816 2.402 0.794 1.875 2.413 -0.977 1.483 2.452 -0.382 2.453 1.688
0.000 0.000 3.890 1.037 -3.562 -0.652 0.433 -3.376 -0.762 3.310 4.809 2.124 -0.755 3.296 -0.158 2.284 0.640 -1.577
0.000 0.000 5.329 -0.104 -3.029 -0.952 -0.680 -2.886 0.454 2.905 3.419 2.710 -0.645 3.029 1.312 1.215 1.256 0.548
0.000 1.000 3.527 0.852 -3.313 -0.772 -0.219 -3.375 -1.019 3.725 4.748 2.212 -0.638 3.542 -0.099 2.404 0.143 -1.396
0.000 1.000 3.775 1.001 -3.393 -0.557 0.701 -3.130 -0.537 2.855 4.534 2.035 -0.765 2.961 -0.106 2.024 0.780 -1.565
0.000 0.000 8.536 0.272 -6.009 -2.262 -2.172 -6.588 -1.399 7.381 7.958 5.143 -0.952 7.091 1.101 4.227 0.963 -0.248
1.000 1.000 9.910 -1.976 -2.037 -0.339 1.955 -0.019 6.506 -3.331 -0.877 2.878 -1.348 -0.801 5.042 -3.720 5.458 3.965
0.000 1.000 16.428 -0.382 -9.459 -3.485 -2.374 -9.854 0.101 9.967 11.217 8.868 -1.984 10.189 3.141 5.193 3.261 1.329
0.000 1.000 15.850 -0.627 -8.824 -3.259 -2.082 -9.122 0.598 8.866 10.102 8.192 -1.933 9.169 3.413 4.402 3.451 1.718
0.000 0.000 12.951 -0.188 -7.684 -2.861 -2.067 -8.140 -0.239 8.444 9.408 7.263 -1.588 8.531 2.335 4.516 2.410 0.718
0.000 1.000 18.360 -0.706 -10.417 -3.877 -2.483 -10.901 0.306 10.765 12.158 9.736 -2.269 11.016 3.752 5.552 3.766 1.741
1.000 1.000 10.448 -0.115 -5.890 -1.983 -0.877 -5.819 0.635 5.665 6.763 5.514 -1.509 5.995 2.105 2.795 2.083 0.745
1.000 1.000 7.101 -0.710 -2.821 -0.714 0.420 -2.019 2.519 1.012 2.062 2.603 -1.018 1.689 2.664 -0.345 2.592 1.813
1.000 1.000 15.186 -2.788 -3.782 -0.997 2.312 -1.747 8.041 -2.644 0.767 5.076 -2.102 0.377 6.744 -3.613 7.126 5.463
1.000 1.000 11.417 -0.273 -6.171 -2.054 -1.161 -6.110 0.889 5.909 7.198 6.006 -1.451 6.375 2.474 2.797 2.602 1.055
1.000 1.000 8.357 -1.470 -2.081 -0.446 1.267 -0.638 4.803 -1.693 0.121 2.556 -1.169 -0.017 3.980 -2.369 4.100 3.155
1.000 1.000 7.648 -0.755 -3.149 -0.834 0.286 -2.452 2.368 1.391 2.663 3.032 -0.978 2.125 2.688 -0.086 2.695 1.806
0.000 0.000 12.383 -0.963 -5.797 -1.830 -0.165 -5.221 2.414 4.173 5.693 5.446 -1.531 4.897 3.634 1.398 3.606 2.285
1.000 1.000 13.532 -3.207 -2.243 -0.560 2.707 0.154 9.061 -5.060 -1.840 3.837 -1.831 -1.633 7.102 -5.382 7.280 5.991
1.000 0.000 4.673 0.120 -2.916 -0.422 1.370 -2.420 0.986 1.178 3.175 1.883 -1.017 1.798 1.062 0.730 1.774 -0.470
0.000 0.000 8.186 -0.538 -4.029 -1.215 -0.280 -3.612 1.490 3.072 4.056 3.606 -0.991 3.475 2.436 1.009 2.318 1.401
0.000 0.000 19.416 -0.825 -10.846 -4.124 -2.667 -11.531 0.416 11.243 12.717 10.269 -2.427 11.550 3.983 5.807 4.082 1.900
0.000 0.000 5.238 1.275 -4.138 -0.396 2.026 -3.574 0.064 2.590 5.537 2.552 -1.228 3.060 0.005 2.295 2.059 -2.115
0.000 1.000 15.007 -0.443 -8.583 -3.206 -2.226 -8.981 0.185 8.994 10.111 8.026 -1.807 9.194 3.008 4.633 3.091 1.350
0.000 1.000 13.141 -0.171 -7.956 -3.020 -2.490 -8.599 -0.522 8.884 9.809 7.338 -1.596 8.910 2.288 4.776 2.355 0.757
0.000 1.000 13.723 -2.132 -4.356 -1.189 1.350 -2.798 5.961 -0.219 2.298 4.883 -1.816 1.830 5.492 -1.864 5.846 4.352
0.000 1.000 4.429 1.082 -4.001 -0.791 0.401 -3.797 -0.872 3.783 5.405 2.571 -0.844 3.810 -0.165 2.609 0.679 -1.747
1.000 1.000 11.596 -2.367 -2.467 -0.594 2.110 -0.670 6.926 -3.081 -0.291 3.605 -1.642 -0.480 5.578 -3.580 5.829 4.510
0.000 1.000 15.032 -0.760 -7.951 -2.839 -1.700 -7.878 1.315 7.460 8.755 7.586 -1.779 7.993 3.589 3.406 3.654 2.019
0.000 0.000 5.366 0.372 -3.831 -1.061 -0.309 -3.766 -0.322 3.907 4.882 2.979 -0.811 3.901 0.716 2.207 0.833 -0.553
0.000 1.000 4.910 0.773 -3.963 -1.087 -0.485 -4.030 -0.906 4.431 5.428 3.074 -0.792 4.325 0.162 2.736 0.520 -1.176
0.000 1.000 7.333 -0.377 -3.822 -1.141 -0.357 -3.444 1.123 3.095 3.916 3.269 -0.911 3.367 2.067 1.124 1.938 1.133
1.000 1.000 8.819 -1.045 -3.205 -0.869 0.762 -2.223 3.384 0.635 2.120 3.181 -1.199 1.685 3.431 -0.739 3.436 2.480
0.000 1.000 10.658 -0.397 -5.877 -1.988 -0.892 -5.745 0.843 5.536 6.588 5.572 -1.491 5.896 2.347 2.606 2.269 1.014
0.000 1.000 13.855 -0.340 -7.864 -2.815 -1.658 -8.022 0.509 7.862 9.069 7.286 -1.789 8.186 2.824 3.922 2.806 1.190
1.000 0.000 8.945 -1.034 -3.479 -0.920 0.475 -2.567 3.105 1.134 2.589 3.313 -1.144 2.078 3.350 -0.467 3.316 2.384
0.000 0.000 3.022 0.473 -2.209 -0.294 0.591 -1.917 0.328 1.303 2.624 1.299 -0.717 1.598 0.451 0.785 0.991 -0.683
0.000 0.000 8.505 -0.941 -3.217 -0.833 0.628 -2.259 3.159 0.859 2.251 3.125 -1.194 1.790 3.192 -0.555 3.274 2.272
0.000 0.000 15.617 -0.693 -8.161 -2.829 -1.150 -8.018 1.619 7.293 8.897 7.778 -2.065 7.981 3.704 3.324 3.665 1.884
0.000 1.000 10.067 -0.038 -6.218 -2.258 -1.768 -6.555 -0.346 6.917 7.681 5.798 -1.343 6.957 1.587 3.707 1.643 0.383
0.000 0.000 5.727 0.223 -4.004 -1.366 -1.322 -4.131 -0.630 4.630 5.092 3.228 -0.605 4.437 0.962 2.455 0.801 -0.002
1.000 1.000 8.142 -0.426 -4.247 -0.611 2.549 -2.838 2.952 0.302 3.465 3.240 -1.631 2.301 2.378 -0.097 3.718 -0.132
0.000 1.000 3.702 0.428 -3.012 -0.946 -0.936 -3.237 -0.872 3.808 4.260 2.395 -0.501 3.553 0.313 2.169 0.127 -0.633
0.000 0.000 17.654 -1.909 -7.332 -2.232 0.393 -6.211 4.724 3.927 6.338 7.277 -2.177 5.434 5.747 0.601 5.842 4.136
0.000 0.000 6.294 0.146 -4.125 -1.504 -1.289 -4.388 -0.462 4.771 5.250 3.729 -0.797 4.728 1.065 2.565 0.980 -0.007
0.000 1.000 5.807 0.530 -4.549 -1.724 -2.024 -5.247 -1.695 6.207 6.559 4.025 -0.674 5.806 0.306 3.750 0.289 -0.759
0.000 1.000 10.365 -0.778 -4.887 -1.447 -0.053 -4.185 2.249 3.326 4.589 4.348 -1.278 3.946 3.212 0.930 3.075 2.020
0.000 0.000 6.717 0.126 -4.350 -1.558 -1.385 -4.620 -0.490 4.983 5.509 3.843 -0.803 4.893 1.136 2.658 1.070 0.116
1.000 0.000 8.376 -0.718 -3.734 -1.030 0.202 -3.045 2.180 2.153 3.364 3.415 -1.091 2.751 2.746 0.373 2.694 1.775
0.000 1.000 7.568 -0.766 -3.016 -0.788 0.458 -2.241 2.555 1.128 2.332 2.846 -1.069 1.847 2.746 -0.258 2.739 1.901
0.000 0.000 13.737 -2.203 -4.238 -1.139 1.442 -2.600 6.188 -0.545 2.039 4.817 -1.813 1.611 5.596 -2.100 5.988 4.463
1.000 0.000 9.938 -1.663 -2.299 -0.355 1.898 -0.128 6.352 -3.075 -0.617 3.005 -1.310 -0.536 4.832 -3.504 5.570 3.614
0.000 0.000 8.392 -0.467 -3.692 0.115 3.934 -2.230 3.636 -0.889 3.474 2.924 -2.051 1.198 2.574 -0.360 4.958 -0.104
0.000 0.000 5.399 1.338 -4.388 -0.511 1.894 -3.869 -0.094 2.901 5.838 2.634 -1.231 3.371 -0.088 2.464 1.911 -2.184
0.000 1.000 9.596 -0.788 -4.454 -1.288 0.197 -3.691 2.296 2.798 3.952 3.867 -1.226 3.402 3.159 0.623 2.951 2.011
1.000 0.000 10.427 -0.302 -5.670 -1.869 -0.652 -5.520 0.972 5.165 6.366 5.382 -1.553 5.628 2.329 2.443 2.244 0.911
0.000 1.000 3.888 0.401 -3.097 -0.845 -0.225 -3.207 -0.567 3.274 4.153 2.286 -0.727 3.211 0.398 1.968 0.350 -0.822
0.000 1.000 17.287 -0.462 -10.125 -3.815 -2.794 -10.658 -0.108 10.739 11.984 9.245 -2.013 10.893 3.376 5.600 3.378 1.473
0.000 0.000 6.278 0.017 -3.919 -1.399 -1.051 -4.021 -0.130 4.241 4.737 3.403 -0.734 4.261 1.279 2.135 1.141 0.276
1.000 0.000 6.369 -0.528 -2.554 -0.070 2.745 -1.364 3.075 -1.064 1.916 2.166 -1.313 0.723 2.286 -0.833 3.829 0.297
0.000 1.000 20.350 -1.975 -9.069 -3.275 -0.601 -8.845 3.934 6.497 9.173 9.619 -2.638 8.201 5.997 2.402 6.119 3.656
1.000 1.000 15.296 -3.062 -2.758 -0.419 3.526 0.463 10.384 -6.154 -1.955 4.340 -1.857 -1.816 7.790 -6.228 9.018 6.136
0.000 0.000 8.772 -0.271 -5.029 -1.748 -1.022 -5.003 0.423 5.002 5.763 4.703 -1.160 5.181 1.891 2.395 1.792 0.749
1.000 1.000 16.010 -3.254 -2.800 -0.447 3.619 0.563 10.923 -6.485 -2.200 4.512 -1.924 -1.978 8.224 -6.601 9.400 6.570
0.000 1.000 10.150 -0.031 -6.332 -2.363 -2.024 -6.780 -0.551 7.208 7.903 5.865 -1.275 7.209 1.645 3.900 1.690 0.422
0.000 1.000 12.954 -0.325 -7.516 -2.851 -2.058 -7.976 0.028 8.024 9.031 7.042 -1.578 8.234 2.602 4.190 2.616 0.967
0.000 1.000 11.788 -0.658 -5.780 -1.906 -0.430 -5.434 1.941 4.506 6.022 5.707 -1.704 5.329 3.086 1.823 3.087 1.627
0.000 1.000 2.780 0.748 -2.997 -1.017 -1.473 -3.504 -1.759 4.482 4.752 2.249 -0.355 3.992 -0.282 2.827 -0.406 -1.133
0.000 1.000 10.766 0.176 -7.063 -2.667 -2.445 -7.738 -1.149 8.442 9.157 6.528 -1.369 8.321 1.342 4.783 1.429 0.013
1.000 1.000 13.079 1.453 -7.642 -0.298 4.830 -4.230 4.968 -0.462 6.195 4.744 -2.208 3.875 2.839 -0.486 7.707 -2.103
0.000 0.000 6.361 -0.072 -3.390 -0.965 -0.404 -3.173 0.863 2.852 3.965 3.105 -0.824 3.233 1.527 1.168 1.588 0.546
1.000 0.000 10.916 -2.413 -2.044 -0.466 2.070 -0.134 7.057 -3.603 -0.997 3.184 -1.535 -0.964 5.561 -3.974 5.762 4.607
0.000 1.000 5.198 -0.421 -2.409 -0.337 1.349 -1.586 2.152 -0.033 1.827 1.914 -1.016 1.107 1.850 -0.425 2.378 0.418
1.000 0.000 6.045 -0.757 -1.997 -0.427 0.729 -1.176 2.781 -0.176 1.140 2.066 -0.900 0.742 2.546 -0.974 2.555 1.770
1.000 0.000 13.658 -2.799 -2.503 -0.475 2.730 0.250 9.140 -5.054 -1.669 3.926 -1.750 -1.490 6.959 -5.362 7.656 5.699
1.000 1.000 9.709 -1.416 -2.944 -0.751 1.214 -1.781 4.458 -0.590 1.491 3.355 -1.333 0.961 4.034 -1.609 4.204 3.080
1.000 0.000 19.501 -4.098 -3.420 -0.655 4.277 0.494 13.125 -7.697 -2.613 5.556 -2.392 -2.336 9.923 -7.828 11.191 8.082
1.000 1.000 11.789 -0.159 -6.819 -2.343 -1.079 -6.880 0.425 6.784 7.994 6.373 -1.771 7.136 2.170 3.525 2.182 0.655
1.000 0.000 8.792 -0.982 -3.331 -0.967 0.477 -2.592 3.067 1.034 2.620 3.512 -1.251 2.152 3.230 -0.364 3.274 2.163
1.000 0.000 14.426 -0.670 -7.699 -2.742 -1.580 -7.676 1.185 7.225 8.490 7.161 -1.744 7.680 3.416 3.340 3.467 1.900
0.000 0.000 7.371 -0.253 -3.875 -1.226 -0.466 -3.646 0.879 3.382 4.249 3.626 -0.972 3.648 1.933 1.433 1.853 0.845
1.000 0.000 8.643 -0.919 -3.491 -0.926 0.413 -2.624 2.843 1.387 2.706 3.249 -1.135 2.207 3.152 -0.255 3.094 2.189
0.000 0.000 5.761 -0.206 -3.345 -1.117 -0.407 -3.294 0.423 3.168 3.796 3.028 -0.881 3.362 1.431 1.457 1.172 0.369
1.000 0.000 12.036 -0.168 -7.140 -2.538 -1.507 -7.348 0.092 7.452 8.515 6.672 -1.725 7.694 2.099 3.935 2.110 0.626
0.000 1.000 5.363 0.168 -3.608 -1.337 -1.206 -3.926 -0.500 4.270 4.676 3.248 -0.715 4.247 0.872 2.314 0.768 -0.127
1.000 1.000 5.738 -0.362 -2.599 -0.610 0.234 -2.060 1.584 1.313 2.435 2.316 -0.847 1.811 1.877 0.156 1.852 1.075
0.000 0.000 5.598 -0.068 -3.331 -1.078 -0.766 -3.217 0.271 3.328 3.829 2.935 -0.684 3.396 1.279 1.500 1.186 0.458
0.000 1.000 7.501 0.032 -4.733 -1.740 -1.362 -5.010 -0.334 5.314 5.892 4.354 -0.961 5.333 1.367 2.826 1.270 0.163
0.000 1.000 4.950 0.931 -3.889 -0.614 1.320 -3.460 0.025 2.646 4.914 2.390 -1.010 3.072 0.194 1.956 1.537 -1.551
0.000 0.000 17.615 -0.733 -9.852 -3.662 -2.309 -10.291 0.503 10.023 11.389 9.207 -2.182 10.314 3.708 5.077 3.732 1.810
0.000 1.000 8.728 -0.497 -4.360 -1.350 -0.202 -3.869 1.562 3.309 4.378 3.821 -1.041 3.771 2.590 1.153 2.441 1.451
0.000 1.000 6.060 0.281 -4.310 -1.559 -1.606 -4.618 -0.918 5.223 5.639 3.602 -0.650 4.993 0.851 2.875 0.731 -0.134
1.000 1.000 9.846 -0.209 -5.661 -2.021 -1.433 -5.713 0.329 5.768 6.556 5.274 -1.196 5.971 2.068 2.806 2.056 0.875
0.000 0.000 14.355 -0.125 -8.799 -3.338 -2.774 -9.499 -0.783 9.959 10.939 8.124 -1.686 9.927 2.392 5.451 2.475 0.723
0.000 0.000 7.442 -0.056 -4.461 -1.556 -1.053 -4.542 0.030 4.686 5.330 3.989 -0.922 4.720 1.539 2.362 1.458 0.444
1.000 0.000 11.862 -0.923 -5.516 -1.767 -0.256 -4.955 2.324 4.004 5.397 5.343 -1.455 4.719 3.514 1.305 3.503 2.195
0.000 1.000 8.620 -0.258 -4.744 -1.639 -1.064 -4.671 0.650 4.553 5.333 4.437 -1.030 4.830 2.036 2.061 1.997 0.946
1.000 1.000 12.466 -2.779 -2.126 -0.494 2.531 0.173 8.332 -4.651 -1.644 3.599 -1.632 -1.429 6.479 -4.946 6.875 5.309
0.000 1.000 7.665 -0.194 -4.333 -1.462 -0.909 -4.264 0.460 4.234 4.917 3.866 -0.952 4.347 1.741 1.950 1.717 0.797
0.000 1.000 13.318 -0.263 -7.760 -2.876 -2.043 -8.046 0.110 8.150 9.159 7.246 -1.660 8.389 2.572 4.209 2.616 1.056
1.000 1.000 13.438 -2.736 -2.497 -0.421 2.875 0.276 9.031 -5.087 -1.614 3.820 -1.705 -1.463 6.884 -5.339 7.658 5.498
0.000 0.000 9.009 -0.734 -4.199 -1.248 -0.128 -3.677 1.957 2.854 4.008 3.815 -1.095 3.411 2.837 0.751 2.718 1.764
1.000 0.000 11.571 -1.992 -3.039 -0.782 1.676 -1.513 5.968 -1.722 0.865 3.881 -1.613 0.476 5.099 -2.602 5.340 4.023
0.000 1.000 5.474 0.129 -3.656 -1.165 -0.586 -3.647 -0.195 3.896 4.527 3.148 -0.812 3.864 0.931 2.060 0.809 -0.152
0.000 1.000 7.345 -0.701 -2.983 -0.730 0.426 -2.296 2.405 1.134 2.601 2.831 -0.966 1.919 2.596 -0.211 2.628 1.684
1.000 0.000 9.086 -1.758 -2.097 -0.527 1.445 -0.716 5.243 -2.042 -0.028 2.809 -1.288 -0.168 4.327 -2.640 4.464 3.464
0.000 1.000 8.935 0.141 -5.782 -2.181 -1.984 -6.309 -0.814 6.893 7.504 5.343 -1.072 6.776 1.329 3.848 1.380 0.070
1.000 1.000 6.262 0.016 -3.663 -0.567 1.573 -2.729 1.720 1.153 3.416 2.758 -1.322 2.411 1.544 0.530 2.540 -0.492
0.000 1.000 6.773 -0.323 -3.700 -0.838 1.048 -3.181 1.459 1.933 3.657 2.867 -1.271 2.645 1.917 0.780 2.090 0.295
0.000 0.000 8.810 0.518 -5.451 -1.553 -0.186 -5.113 0.326 4.888 6.358 4.688 -1.339 5.281 1.264 2.704 2.082 -0.242
0.000 0.000 18.965 -1.023 -10.099 -3.825 -2.198 -10.566 1.176 9.923 11.504 9.814 -2.408 10.493 4.305 4.886 4.384 2.196
1.000 1.000 7.699 -0.006 -4.755 -1.769 -1.376 -5.050 -0.249 5.280 5.882 4.299 -0.928 5.336 1.463 2.775 1.383 0.282
0.000 1.000 8.592 -0.214 -4.851 -1.751 -1.054 -4.948 0.408 4.841 5.667 4.453 -1.022 5.099 1.984 2.365 1.899 0.732
1.000 1.000 14.248 -2.650 -3.499 -0.968 2.232 -1.561 7.619 -2.550 0.550 4.660 -1.916 0.247 6.429 -3.486 6.757 5.228
0.000 1.000 5.701 0.755 -3.835 -0.295 2.290 -3.179 0.820 1.802 4.842 2.479 -1.364 2.397 0.664 1.649 2.458 -1.406
0.000 0.000 9.735 -0.457 -4.995 -1.724 -0.735 -4.840 1.121 4.489 5.491 4.944 -1.209 4.896 2.530 1.963 2.487 1.185
0.000 0.000 16.552 -0.530 -9.418 -3.495 -2.337 -9.724 0.305 9.738 10.924 8.841 -1.991 10.011 3.333 4.971 3.405 1.584
0.000 1.000 6.636 -0.071 -4.141 -1.215 -0.078 -3.889 0.337 3.677 4.650 3.346 -1.051 3.794 1.450 1.841 1.329 0.154
0.000 1.000 6.401 -0.392 -2.942 -0.761 0.098 -2.496 1.606 1.721 3.001 2.701 -0.852 2.286 1.992 0.348 2.008 1.075
0.000 0.000 10.105 0.263 -6.916 -2.669 -2.732 -7.907 -1.667 8.708 9.382 6.260 -1.236 8.390 1.124 5.088 1.178 -0.266
1.000 0.000 20.239 -2.454 -7.920 -2.373 0.898 -6.429 6.148 3.350 6.291 8.007 -2.559 5.320 6.919 -0.069 7.092 5.186
0.000 0.000 9.753 0.076 -6.005 -2.150 -1.512 -6.324 -0.292 6.589 7.424 5.519 -1.364 6.645 1.522 3.546 1.562 0.289
0.000 0.000 5.209 0.139 -3.457 -1.128 -0.994 -3.462 -0.242 3.828 4.297 2.889 -0.584 3.738 0.981 1.930 0.868 0.103
1.000 1.000 4.940 -0.211 -2.274 -0.055 1.932 -1.551 2.032 -0.204 2.219 1.744 -1.219 0.802 1.545 -0.155 2.557 0.016
0.000 0.000 9.842 0.132 -6.332 -2.408 -2.150 -6.908 -0.879 7.486 8.168 5.788 -1.138 7.358 1.508 4.184 1.545 0.133
0.000 1.000 3.913 0.065 -2.474 -0.423 0.882 -2.145 0.710 1.350 2.721 1.584 -0.838 1.707 0.996 0.681 1.189 -0.282
0.000 0.000 14.197 -0.200 -8.356 -3.066 -2.121 -8.703 -0.108 8.973 10.041 7.840 -1.738 9.129 2.589 4.737 2.670 0.920
0.000 1.000 8.589 0.309 -5.947 -2.253 -2.328 -6.611 -1.382 7.441 7.960 5.397 -1.027 7.196 0.939 4.292 0.983 -0.223
0.000 1.000 3.481 0.941 -3.600 -1.331 -1.883 -4.405 -2.260 5.636 5.902 3.039 -0.442 5.057 -0.563 3.644 -0.564 -1.501
1.000 1.000 10.847 -2.615 -1.643 -0.398 2.226 0.281 7.436 -4.266 -1.657 3.055 -1.457 -1.445 5.814 -4.516 5.956 4.869
0.000 0.000 10.737 -0.453 -5.888 -2.013 -0.925 -5.787 0.860 5.566 6.602 5.627 -1.497 5.942 2.388 2.609 2.313 1.055
1.000 0.000 8.328 -0.311 -4.471 -1.489 -0.781 -4.300 0.824 4.098 4.919 4.092 -1.001 4.356 2.104 1.765 2.046 1.024
0.000 0.000 6.894 0.212 -4.352 -1.482 -1.113 -4.533 -0.279 4.894 5.572 4.037 -0.903 4.906 1.100 2.613 1.097 -0.047
0.000 1.000 8.086 -0.264 -4.638 -1.608 -0.999 -4.594 0.411 4.609 5.301 4.308 -1.035 4.772 1.817 2.163 1.704 0.732
0.000 0.000 13.231 -0.827 -6.521 -2.161 -0.552 -6.096 2.113 5.136 6.741 6.289 -1.746 5.979 3.544 2.072 3.526 2.028
0.000 1.000 5.849 0.350 -4.442 -1.497 -1.587 -4.706 -1.113 5.430 5.927 3.464 -0.660 5.105 0.734 3.060 0.548 -0.293
1.000 0.000 12.802 -2.522 -2.919 -0.785 2.105 -1.019 7.269 -2.826 -0.023 4.087 -1.738 -0.147 6.015 -3.572 6.288 4.908
1.000 1.000 7.613 0.388 -4.307 0.252 3.934 -2.339 2.809 0.170 4.234 3.170 -1.837 2.362 1.750 0.375 4.918 -1.800
1.000 0.000 7.241 -0.944 -3.176 -0.779 1.020 -2.591 2.338 1.084 2.642 2.769 -1.274 1.943 2.707 -0.068 2.426 1.349
0.000 1.000 7.881 -0.850 -2.855 -0.610 0.854 -1.616 3.457 0.074 1.595 2.784 -1.107 1.283 3.076 -1.009 3.490 2.066
0.000 1.000 12.334 -1.030 -5.749 -1.759 -0.075 -5.027 2.634 3.887 5.387 5.167 -1.500 4.634 3.830 1.111 3.653 2.458
1.000 1.000 12.192 -1.151 -5.207 -1.753 -0.130 -4.727 2.981 3.073 4.918 5.454 -1.620 4.328 3.833 0.775 3.952 2.459
0.000 1.000 11.086 0.481 -8.043 -3.155 -3.277 -9.305 -2.588 10.607 11.256 7.259 -1.280 10.051 0.892 6.436 0.888 -0.792
0.000 0.000 8.594 -0.171 -4.928 -1.682 -1.015 -4.902 0.423 4.894 5.700 4.594 -1.158 5.105 1.796 2.356 1.750 0.682
0.000 1.000 11.841 -1.489 -4.452 -1.219 0.608 -3.341 4.119 1.306 3.299 4.517 -1.450 2.666 4.382 -0.650 4.470 3.263
0.000 0.000 10.770 -0.820 -4.994 -1.523 0.041 -4.346 2.256 3.406 4.773 4.668 -1.368 4.055 3.293 1.029 3.209 2.027
1.000 0.000 10.533 -2.068 -2.442 -0.439 1.962 -0.379 6.585 -3.006 -0.523 3.086 -1.494 -0.508 5.239 -3.565 5.542 4.054
0.000 0.000 9.439 -0.266 -5.395 -1.907 -1.032 -5.395 0.390 5.375 6.190 4.811 -1.158 5.500 2.146 2.610 2.029 0.865
0.000 1.000 5.632 -0.410 -2.763 -0.705 0.418 -2.344 1.382 1.507 2.645 2.372 -0.916 2.009 1.822 0.393 1.759 0.782
0.000 1.000 6.770 -0.195 -3.712 -1.286 -0.716 -3.714 0.562 3.509 4.277 3.432 -0.825 3.796 1.698 1.602 1.617 0.644
1.000 0.000 10.661 -1.564 -3.209 -0.856 1.254 -1.929 4.895 -0.683 1.527 3.682 -1.443 1.038 4.433 -1.784 4.636 3.439
1.000 0.000 13.271 -2.908 -2.431 -0.558 2.459 -0.001 8.657 -4.473 -1.400 3.875 -1.794 -1.251 6.748 -4.920 7.043 5.684
1.000 1.000 13.897 -3.125 -2.389 -0.529 2.838 0.224 9.319 -5.198 -1.781 4.009 -1.839 -1.603 7.174 -5.489 7.622 5.999
1.000 0.000 10.514 -1.965 -2.618 -0.503 1.779 -0.643 6.247 -2.433 -0.100 3.164 -1.510 -0.129 5.037 -3.135 5.326 3.896
1.000 0.000 6.050 0.217 -3.758 -0.784 0.871 -3.132 0.937 2.295 3.916 2.822 -1.160 2.938 1.274 1.167 1.851 -0.404
1.000 1.000 15.455 -3.038 -3.784 -0.939 2.268 -1.382 8.609 -2.992 0.169 4.759 -2.076 0.069 7.196 -4.157 7.431 5.963
0.000 1.000 5.168 0.012 -3.203 -1.089 -0.702 -3.256 -0.004 3.355 3.867 2.790 -0.692 3.366 1.134 1.660 0.966 0.164
0.000 1.000 7.565 -0.410 -3.979 -1.289 -0.564 -3.724 0.987 3.450 4.227 3.734 -0.962 3.762 2.018 1.361 1.904 1.025
0.000 1.000 11.168 0.466 -8.058 -3.158 -3.155 -9.259 -2.517 10.559 11.221 7.271 -1.276 10.008 0.961 6.403 0.928 -0.781
0.000 0.000 10.202 -0.419 -5.728 -1.888 -0.947 -5.469 0.844 5.232 6.203 4.812 -1.201 5.484 2.551 2.327 2.358 1.294
0.000 0.000 10.747 0.179 -6.784 -2.493 -2.113 -7.378 -0.820 7.945 8.794 6.308 -1.318 7.860 1.521 4.423 1.641 0.093
0.000 1.000 8.506 -0.279 -4.893 -1.657 -0.982 -4.795 0.502 4.665 5.459 4.100 -0.966 4.835 2.078 2.137 1.893 0.927
0.000 0.000 10.479 0.581 -7.758 -3.045 -3.293 -8.971 -2.650 10.298 10.889 6.888 -1.178 9.734 0.730 6.260 0.741 -0.845
1.000 1.000 7.849 -0.127 -4.060 -1.192 -0.482 -3.816 1.107 3.376 4.755 3.976 -1.049 3.956 1.795 1.439 1.987 0.671
0.000 1.000 15.922 -0.617 -8.895 -3.291 -2.086 -9.159 0.570 9.008 10.207 8.361 -1.955 9.338 3.379 4.510 3.435 1.668
0.000 0.000 11.738 -0.367 -6.614 -2.371 -1.672 -6.664 0.506 6.649 7.555 6.131 -1.365 6.880 2.528 3.195 2.574 1.257
0.000 1.000 5.004 0.288 -3.495 -1.161 -1.109 -3.635 -0.548 4.128 4.604 2.926 -0.578 3.976 0.752 2.205 0.667 -0.174
0.000 1.000 7.055 -0.602 -3.036 -0.822 0.238 -2.423 2.011 1.555 2.647 2.831 -0.960 2.138 2.385 0.121 2.353 1.539
1.000 0.000 9.067 -1.450 -2.541 -0.591 1.299 -1.165 4.693 -1.117 0.799 2.948 -1.259 0.495 4.035 -1.999 4.179 3.143
0.000 0.000 2.751 0.593 -2.324 -0.451 0.015 -2.177 -0.287 2.124 2.989 1.410 -0.559 2.133 0.190 1.278 0.478 -0.769
0.000 1.000 9.112 0.102 -5.950 -2.207 -1.947 -6.423 -0.816 7.010 7.640 5.501 -1.187 6.916 1.227 3.905 1.258 0.042
0.000 1.000 5.696 -0.280 -2.854 -0.813 -0.298 -2.493 1.090 2.164 2.888 2.590 -0.701 2.477 1.703 0.652 1.635 0.914
0.000 1.000 16.531 -0.713 -8.952 -3.258 -2.059 -9.011 1.071 8.686 10.023 8.447 -1.940 9.170 3.755 4.143 3.859 2.042
1.000 0.000 15.612 -2.027 -5.849 -1.688 0.868 -4.528 5.281 1.882 4.358 5.945 -1.946 3.577 5.662 -0.650 5.809 4.296
0.000 0.000 13.262 -0.015 -7.910 -2.846 -1.932 -8.308 -0.268 8.668 9.779 7.465 -1.669 8.764 2.206 4.673 2.329 0.523
1.000 1.000 15.035 -2.762 -3.859 -1.011 2.311 -1.912 7.810 -2.388 1.004 5.099 -2.132 0.572 6.607 -3.398 6.913 5.252
1.000 1.000 3.752 0.763 -3.181 -0.630 0.283 -3.002 -0.490 2.919 4.247 2.094 -0.698 2.980 0.095 1.889 0.618 -1.214
0.000 1.000 16.667 -0.608 -9.465 -3.520 -2.331 -9.921 0.269 9.793 11.062 8.816 -2.039 10.017 3.410 5.016 3.426 1.580
0.000 1.000 10.309 -0.455 -5.470 -1.863 -0.853 -5.257 1.028 4.989 5.949 5.044 -1.254 5.271 2.562 2.194 2.532 1.347
1.000 1.000 5.231 -0.386 -2.799 -0.164 2.059 -1.905 1.918 0.246 2.533 1.973 -1.205 1.503 1.723 -0.010 2.630 -0.364
0.000 0.000 9.923 -0.877 -4.438 -1.340 -0.071 -3.854 2.347 2.817 4.159 4.228 -1.195 3.547 3.163 0.648 3.146 2.063
1.000 0.000 8.831 -1.077 -3.102 -0.832 0.742 -2.113 3.489 0.421 1.971 3.178 -1.193 1.533 3.463 -0.880 3.509 2.533
0.000 1.000 8.487 -0.205 -4.891 -1.753 -1.063 -4.965 0.312 4.959 5.717 4.619 -1.095 5.177 1.923 2.435 1.781 0.600
1.000 1.000 10.076 0.178 -5.231 -0.032 4.810 -3.639 3.473 0.025 5.837 3.887 -2.440 2.273 2.003 0.782 5.527 -1.216
0.000 0.000 4.897 0.503 -4.049 -1.460 -1.766 -4.514 -1.540 5.431 5.763 3.263 -0.510 5.008 0.318 3.216 0.190 -0.654
0.000 0.000 3.801 -0.279 -2.112 -0.477 0.377 -1.864 0.803 1.310 2.154 1.519 -0.682 1.529 1.308 0.404 1.007 0.369
1.000 0.000 19.649 -4.121 -3.339 -0.587 4.451 0.683 13.394 -8.097 -2.828 5.513 -2.343 -2.544 10.089 -8.132 11.509 8.163
1.000 0.000 8.635 -1.869 -1.738 -0.371 1.548 -0.163 5.560 -2.657 -0.702 2.577 -1.232 -0.591 4.429 -3.125 4.533 3.545
0.000 1.000 9.271 -0.489 -4.853 -1.445 -0.244 -4.217 1.531 3.768 4.769 3.961 -1.126 4.138 2.703 1.342 2.494 1.567
1.000 0.000 12.984 -2.994 -2.296 -0.567 2.561 -0.031 8.529 -4.587 -1.481 3.746 -1.793 -1.377 6.687 -4.924 6.901 5.622
1.000 0.000 18.725 -3.929 -3.200 -0.593 4.157 0.599 12.712 -7.549 -2.631 5.314 -2.268 -2.349 9.582 -7.655 10.843 7.802
0.000 1.000 8.163 -0.188 -4.821 -1.649 -1.084 -4.780 0.283 4.778 5.512 4.047 -0.918 4.884 1.891 2.265 1.725 0.766
0.000 0.000 8.720 0.280 -6.173 -2.319 -2.228 -6.757 -1.467 7.577 8.171 5.231 -0.959 7.263 1.121 4.346 0.963 -0.253
1.000 0.000 3.915 0.090 -2.072 -0.111 1.227 -1.503 1.353 0.319 2.142 1.387 -0.928 0.964 1.089 0.090 1.793 -0.159
0.000 0.000 7.922 -0.287 -4.445 -1.450 -0.817 -4.263 0.660 4.109 4.875 3.780 -0.917 4.287 1.989 1.790 1.859 0.956
0.000 0.000 7.709 -0.233 -4.267 -1.200 0.275 -3.836 1.103 3.165 4.471 3.726 -1.234 3.699 1.924 1.400 2.014 0.464
0.000 1.000 8.030 -0.499 -4.054 -1.252 -0.461 -3.706 1.318 3.217 4.164 3.661 -0.942 3.635 2.331 1.126 2.208 1.299
0.000 0.000 5.800 0.122 -3.736 -1.265 -0.970 -3.816 -0.259 4.150 4.682 3.206 -0.716 4.073 1.071 2.169 0.988 0.106
0.000 1.000 6.544 1.107 -4.678 -0.479 2.335 -4.018 0.470 2.716 6.105 3.111 -1.537 3.479 0.372 2.328 2.510 -2.025
1.000 1.000 6.976 -0.570 -3.005 -0.893 0.084 -2.535 1.987 1.587 2.764 3.075 -1.062 2.368 2.313 0.233 2.297 1.313
1.000 0.000 12.606 -0.246 -5.626 0.420 6.797 -3.391 5.480 -1.791 5.889 4.445 -3.145 1.299 3.190 -0.166 7.754 -0.801
0.000 1.000 12.834 -1.087 -5.768 -1.812 0.031 -5.062 2.810 3.835 5.435 5.601 -1.599 4.691 3.962 1.096 3.925 2.533
0.000 0.000 9.164 -0.389 -4.990 -1.673 -0.924 -4.813 0.842 4.614 5.463 4.441 -1.067 4.849 2.278 2.014 2.216 1.177
0.000 1.000 7.486 -0.171 -4.393 -1.431 -0.878 -4.246 0.386 4.256 4.982 3.655 -0.858 4.345 1.782 1.957 1.632 0.736
0.000 0.000 10.503 -0.175 -6.275 -2.331 -1.909 -6.553 -0.111 6.843 7.552 5.867 -1.244 6.950 1.953 3.517 2.009 0.731
0.000 1.000 9.036 -0.404 -4.321 -0.295 3.615 -2.422 3.926 -0.874 3.276 3.333 -1.773 1.857 2.783 -0.768 5.007 -0.253
1.000 0.000 12.026 -0.621 -6.089 -2.059 -0.714 -5.895 1.606 5.153 6.551 5.936 -1.661 5.848 3.035 2.223 3.011 1.558
0.000 0.000 8.455 -0.906 -3.136 -0.774 0.720 -2.250 3.117 0.628 2.369 3.163 -1.185 1.668 3.137 -0.599 3.232 2.174
0.000 0.000 13.635 0.103 -8.185 -2.901 -1.976 -8.585 -0.334 9.017 10.213 7.693 -1.731 9.113 2.138 4.894 2.321 0.422
0.000 0.000 17.924 -1.822 -7.706 -2.439 0.012 -6.777 4.325 4.702 6.968 7.641 -2.183 6.116 5.632 1.108 5.707 3.952
0.000 0.000 5.224 -0.189 -2.679 -0.205 2.036 -1.660 2.158 -0.257 2.203 1.905 -1.084 1.272 1.628 -0.343 2.793 -0.300
1.000 1.000 5.090 -0.445 -2.426 -0.399 1.337 -1.793 1.894 0.276 2.053 1.849 -0.997 1.177 1.811 -0.193 2.096 0.430
0.000 1.000 17.708 -1.721 -7.754 -2.464 -0.034 -6.894 4.051 4.976 7.172 7.614 -2.161 6.283 5.447 1.344 5.510 3.762
0.000 1.000 7.901 -0.889 -2.955 -0.727 0.783 -2.066 3.039 0.604 2.116 2.820 -1.188 1.556 2.956 -0.594 3.062 2.063
1.000 1.000 5.363 -0.148 -2.526 -0.067 2.512 -1.468 2.337 -0.564 2.207 1.947 -1.190 0.975 1.654 -0.361 3.189 -0.333
0.000 1.000 6.447 -0.046 -4.211 -1.355 -0.954 -4.164 -0.123 4.343 5.007 3.241 -0.743 4.290 1.451 2.153 1.135 0.343
1.000 0.000 23.223 -4.832 -3.897 -0.675 5.426 0.893 15.859 -9.751 -3.425 6.543 -2.698 -3.048 11.866 -9.673 13.773 9.549
0.000 0.000 7.879 0.198 -5.290 -1.998 -1.855 -5.842 -0.984 6.425 6.971 4.814 -0.977 6.287 1.093 3.624 1.040 -0.151
1.000 1.000 13.108 -2.888 -2.535 -0.518 2.532 0.007 8.594 -4.433 -1.384 3.794 -1.765 -1.141 6.775 -4.963 7.026 5.556
0.000 1.000 11.627 -1.133 -5.204 -1.593 0.013 -4.519 2.786 3.188 4.726 4.749 -1.409 4.041 3.819 0.679 3.636 2.495
0.000 1.000 8.582 -0.519 -4.446 -1.407 -0.520 -4.143 1.237 3.659 4.615 3.854 -1.008 4.021 2.446 1.375 2.264 1.328
0.000 0.000 8.468 0.305 -5.975 -2.207 -2.193 -6.470 -1.356 7.266 7.826 5.019 -0.905 6.930 1.098 4.118 0.979 -0.135
0.000 1.000 8.322 -0.099 -5.103 -1.858 -1.526 -5.310 -0.176 5.616 6.196 4.716 -1.025 5.641 1.521 2.888 1.504 0.466
1.000 0.000 6.675 -0.883 -2.442 -0.586 0.667 -1.695 2.678 0.403 1.695 2.340 -1.003 1.231 2.653 -0.675 2.618 1.841
0.000 1.000 9.640 -0.933 -4.191 -1.175 0.247 -3.436 2.582 2.315 3.717 3.884 -1.213 3.057 3.214 0.318 3.152 2.140
1.000 1.000 13.498 -2.736 -3.073 -0.822 2.336 -1.131 7.697 -3.130 -0.051 4.189 -1.904 -0.284 6.348 -3.821 6.555 5.143
0.000 1.000 13.648 -1.176 -6.275 -2.005 -0.147 -5.603 2.878 4.245 5.930 5.780 -1.624 5.128 4.209 1.255 4.077 2.745
0.000 0.000 11.008 -0.379 -6.249 -2.250 -1.565 -6.335 0.422 6.353 7.198 5.900 -1.360 6.579 2.300 3.086 2.312 1.070
1.000 1.000 10.168 -0.743 -4.378 -0.254 3.935 -2.968 4.056 -0.446 4.100 3.813 -2.298 1.656 3.166 -0.205 5.247 0.407
1.000 0.000 14.894 -2.978 -2.711 -0.431 3.384 0.399 10.068 -5.911 -1.858 4.263 -1.830 -1.715 7.549 -6.008 8.727 5.946
0.000 1.000 13.892 -0.369 -8.081 -3.024 -2.238 -8.592 -0.054 8.642 9.694 7.478 -1.694 8.754 2.689 4.508 2.748 1.128
0.000 1.000 5.512 0.253 -3.783 -1.364 -1.251 -4.050 -0.631 4.521 4.959 3.262 -0.667 4.379 0.845 2.473 0.762 -0.144
0.000 1.000 9.043 -0.239 -5.282 -1.772 -1.075 -5.147 0.437 5.106 5.931 4.413 -1.033 5.235 2.129 2.385 1.951 0.952
0.000 0.000 11.356 -0.559 -5.795 -1.970 -0.740 -5.666 1.436 4.999 6.325 5.693 -1.596 5.657 2.820 2.191 2.795 1.379
0.000 1.000 10.451 -0.859 -4.909 -1.521 -0.281 -4.421 2.092 3.538 4.783 4.571 -1.264 4.170 3.166 1.078 3.077 1.977
0.000 0.000 9.489 -0.478 -4.955 -1.638 -0.626 -4.738 1.169 4.308 5.377 4.786 -1.295 4.796 2.378 1.837 2.308 1.158
0.000 0.000 9.220 -0.020 -5.803 -2.090 -1.699 -5.992 -0.364 6.328 7.033 4.948 -0.998 6.271 1.777 3.285 1.645 0.520
1.000 0.000 4.819 -0.539 -2.114 -0.299 1.344 -1.400 2.110 -0.196 1.549 1.654 -0.962 0.853 1.846 -0.516 2.234 0.559
0.000 0.000 9.428 1.137 -5.893 -0.224 4.462 -4.542 1.997 1.722 7.355 4.096 -2.290 3.490 0.946 2.183 4.739 -2.461
1.000 0.000 16.486 -3.510 -2.816 -0.506 3.656 0.506 11.225 -6.680 -2.295 4.633 -2.029 -2.105 8.489 -6.775 9.540 6.909
0.000 1.000 8.727 -0.735 -3.932 -1.096 0.171 -3.246 2.200 2.362 3.555 3.552 -1.132 2.934 2.847 0.454 2.754 1.834
0.000 0.000 10.643 0.024 -6.329 -2.153 -1.052 -6.393 0.192 6.423 7.511 5.793 -1.560 6.648 1.790 3.383 1.949 0.417
0.000 1.000 14.888 -0.318 -8.875 -3.359 -2.611 -9.573 -0.452 9.781 10.858 8.216 -1.807 9.815 2.687 5.247 2.735 0.981
0.000 0.000 18.477 -2.156 -7.518 -2.621 0.151 -6.902 4.777 4.075 6.866 8.201 -2.479 6.008 6.036 0.865 6.165 3.974
0.000 1.000 3.670 0.306 -2.773 -0.945 -1.044 -2.976 -0.674 3.456 3.759 2.293 -0.465 3.272 0.462 1.902 0.360 -0.298
0.000 1.000 3.017 0.296 -1.917 -0.183 0.763 -1.442 0.826 0.604 1.993 1.172 -0.692 1.154 0.686 0.257 1.286 -0.436
0.000 1.000 6.569 0.793 -5.712 -2.214 -2.787 -6.747 -2.798 8.196 8.541 4.791 -0.704 7.518 -0.056 5.165 -0.123 -1.302
1.000 0.000 8.295 0.183 -5.501 -2.027 -1.707 -5.925 -0.834 6.524 7.129 5.060 -1.106 6.432 1.113 3.682 1.098 -0.099
1.000 1.000 8.470 -0.283 -4.416 -1.044 1.091 -3.588 1.952 2.266 4.208 3.743 -1.425 3.206 2.266 0.854 2.812 0.536
0.000 1.000 10.154 -0.080 -6.291 -2.373 -1.842 -6.695 -0.442 6.988 7.737 5.648 -1.202 7.032 1.871 3.738 1.770 0.435
0.000 1.000 7.122 0.383 -5.083 -1.884 -1.961 -5.565 -1.245 6.349 6.825 4.387 -0.779 6.066 0.836 3.638 0.803 -0.286
1.000 0.000 12.399 -2.851 -1.890 -0.421 2.648 0.427 8.539 -5.041 -1.957 3.479 -1.590 -1.712 6.579 -5.217 7.005 5.451
0.000 1.000 8.750 0.413 -6.104 -2.295 -2.288 -6.869 -1.572 7.786 8.384 5.587 -1.043 7.451 0.835 4.592 0.901 -0.483
0.000 0.000 6.880 -0.332 -3.699 -1.123 -0.453 -3.402 0.938 3.101 3.862 3.089 -0.837 3.358 1.936 1.164 1.764 0.988
0.000 0.000 9.889 -0.465 -5.330 -1.790 -0.955 -5.138 0.960 4.880 5.800 4.775 -1.159 5.162 2.470 2.123 2.415 1.313
0.000 1.000 5.145 0.346 -3.668 -1.202 -1.204 -3.844 -0.660 4.391 4.906 3.051 -0.589 4.220 0.695 2.382 0.618 -0.267
0.000 1.000 3.415 0.746 -3.439 -1.273 -1.857 -4.110 -2.026 5.241 5.443 2.798 -0.362 4.703 -0.291 3.315 -0.356 -1.168
0.000 1.000 7.062 -0.270 -3.778 -1.170 -0.400 -3.458 0.877 3.246 4.012 3.305 -0.907 3.434 1.875 1.311 1.772 0.941
0.000 1.000 8.322 -1.135 -2.691 -0.644 0.963 -1.670 3.718 -0.238 1.552 2.903 -1.179 1.040 3.351 -1.218 3.604 2.491
1.000 0.000 8.259 -1.021 -3.083 -0.788 0.707 -2.171 3.132 0.737 2.153 2.967 -1.186 1.666 3.196 -0.638 3.159 2.257
0.000 1.000 4.291 1.234 -3.782 -0.521 1.004 -3.442 -0.579 3.149 5.163 2.336 -0.950 3.285 -0.206 2.377 1.096 -1.899
0.000 1.000 6.442 -0.180 -3.520 -1.077 -0.411 -3.226 0.723 3.114 3.841 3.066 -0.815 3.278 1.692 1.291 1.584 0.754
0.000 1.000 9.959 0.632 -7.562 -3.019 -3.303 -8.902 -2.866 10.321 10.851 6.792 -1.155 9.720 0.530 6.378 0.530 -1.080
0.000 0.000 9.129 0.088 -5.976 -2.203 -1.797 -6.451 -0.917 7.040 7.723 5.294 -1.095 6.840 1.398 3.951 1.310 0.044
0.000 0.000 12.402 -0.333 -6.527 -2.145 -1.022 -6.478 1.177 6.029 7.653 6.393 -1.543 6.659 2.740 2.831 2.957 1.190
0.000 0.000 5.617 0.083 -3.458 -1.190 -0.897 -3.531 -0.033 3.721 4.250 3.073 -0.697 3.745 1.141 1.866 1.075 0.197
0.000 1.000 11.998 -1.411 -4.734 -1.342 0.397 -3.732 3.806 1.870 3.773 4.735 -1.443 3.136 4.276 -0.282 4.326 3.109
1.000 0.000 12.405 -2.390 -2.949 -0.791 2.008 -1.098 6.910 -2.470 0.169 4.025 -1.672 0.059 5.794 -3.302 6.022 4.675
0.000 0.000 3.353 0.713 -3.114 -0.912 -0.865 -3.450 -1.258 4.103 4.698 2.298 -0.564 3.770 -0.044 2.514 -0.157 -1.098
0.000 1.000 6.862 -0.013 -4.146 -1.080 0.326 -3.767 0.635 3.203 4.570 3.249 -1.073 3.498 1.512 1.621 1.707 0.132
1.000 1.000 17.913 -3.898 -2.910 -0.528 4.174 0.657 12.291 -7.575 -2.694 5.009 -2.163 -2.451 9.278 -7.527 10.530 7.490
0.000 0.000 6.791 0.220 -4.603 -1.674 -1.438 -4.949 -0.749 5.496 6.014 4.190 -0.911 5.390 0.917 3.090 0.859 -0.191
0.000 1.000 6.471 0.906 -4.530 -0.558 2.044 -3.975 0.417 2.862 5.865 3.104 -1.476 3.461 0.570 2.267 2.282 -1.698
1.000 1.000 11.657 -1.241 -4.874 -1.413 0.299 -4.010 3.280 2.469 4.193 4.673 -1.416 3.482 3.963 0.195 3.953 2.763
1.000 1.000 7.879 0.623 -4.608 -0.105 3.759 -3.404 2.180 0.782 5.484 3.187 -1.936 2.384 1.147 1.234 4.134 -1.597
1.000 1.000 15.078 -3.145 -2.999 -0.635 2.858 -0.022 9.781 -4.971 -1.509 4.468 -1.991 -1.218 7.611 -5.543 8.091 6.251
0.000 1.000 8.899 -0.055 -4.894 -1.408 -0.122 -4.443 1.092 3.937 5.322 4.453 -1.299 4.495 1.939 1.824 2.328 0.572
0.000 1.000 8.287 -0.167 -4.861 -1.609 -0.935 -4.722 0.326 4.782 5.549 4.119 -0.992 4.809 1.846 2.278 1.737 0.790
0.000 1.000 6.393 0.560 -5.335 -2.001 -2.332 -6.105 -2.229 7.255 7.679 4.297 -0.679 6.682 0.313 4.434 0.115 -0.927
0.000 1.000 16.094 -0.248 -9.889 -3.841 -3.173 -11.011 -1.070 11.397 12.537 9.185 -2.023 11.311 2.589 6.371 2.668 0.668
0.000 1.000 6.176 0.512 -4.814 -1.828 -2.017 -5.453 -1.682 6.400 6.787 4.085 -0.688 5.994 0.468 3.824 0.372 -0.680
0.000 1.000 5.060 -0.238 -2.440 -0.201 1.710 -1.441 2.195 -0.262 1.901 1.849 -1.068 1.086 1.651 -0.426 2.645 0.016
0.000 1.000 9.939 -0.162 -6.092 -2.208 -1.506 -6.336 -0.191 6.606 7.378 5.634 -1.338 6.662 1.747 3.486 1.668 0.446
0.000 0.000 14.732 -0.180 -8.739 -3.221 -2.266 -9.207 -0.275 9.532 10.658 8.206 -1.797 9.640 2.610 5.110 2.698 0.818
0.000 1.000 6.808 0.071 -4.398 -1.486 -1.256 -4.433 -0.274 4.784 5.360 3.658 -0.741 4.691 1.321 2.435 1.193 0.305
0.000 1.000 7.391 0.175 -5.042 -1.764 -1.575 -5.235 -0.729 5.760 6.352 4.098 -0.802 5.558 1.258 3.093 1.067 0.104
0.000 0.000 6.375 -0.046 -3.895 -1.292 -0.964 -3.834 0.134 3.970 4.562 3.247 -0.699 4.011 1.452 1.881 1.316 0.480
0.000 0.000 5.102 -0.053 -2.991 -0.906 -0.583 -2.811 0.399 2.824 3.371 2.497 -0.592 2.910 1.285 1.200 1.165 0.480
0.000 0.000 7.641 -0.725 -3.153 -0.859 0.366 -2.466 2.344 1.411 2.623 3.001 -1.051 2.102 2.654 -0.036 2.651 1.785
1.000 1.000 5.379 -0.277 -2.374 0.090 2.384 -1.561 2.294 -0.377 2.431 1.823 -1.410 0.633 1.707 -0.145 2.954 0.022
0.000 0.000 3.920 0.084 -2.330 -0.386 0.798 -1.951 0.843 1.099 2.545 1.611 -0.792 1.526 0.989 0.484 1.262 -0.183
1.000 0.000 12.693 -1.803 -4.083 -1.172 1.329 -2.772 5.270 -0.080 2.336 4.596 -1.675 1.763 5.059 -1.575 5.226 3.861
1.000 0.000 11.139 -2.439 -2.249 -0.487 1.999 -0.163 7.164 -3.456 -0.964 3.262 -1.572 -0.801 5.690 -4.012 5.787 4.686
0.000 0.000 6.039 -0.081 -3.763 -1.264 -0.774 -3.730 0.060 3.897 4.433 3.300 -0.823 3.899 1.272 1.915 1.090 0.302
0.000 1.000 9.578 0.010 -5.998 -2.236 -1.828 -6.418 -0.533 6.824 7.515 5.547 -1.180 6.826 1.635 3.696 1.603 0.280
1.000 1.000 10.590 -2.494 -1.791 -0.395 2.137 0.137 7.137 -3.871 -1.369 3.019 -1.459 -1.171 5.619 -4.229 5.707 4.654
0.000 0.000 6.760 -0.233 -3.747 -1.212 -0.756 -3.579 0.623 3.510 4.166 3.424 -0.824 3.707 1.679 1.491 1.599 0.762
0.000 0.000 5.178 0.744 -4.580 -1.739 -2.202 -5.316 -2.195 6.537 6.816 3.785 -0.536 5.974 -0.008 4.058 -0.094 -1.083
0.000 0.000 9.107 -0.931 -3.768 -1.045 0.307 -3.012 2.706 1.769 3.208 3.631 -1.144 2.601 3.147 0.014 3.158 2.161
0.000 1.000 7.236 -1.080 -2.585 -0.401 1.961 -1.498 3.581 -0.998 1.482 2.486 -1.318 0.737 2.906 -1.250 3.558 1.412
0.000 1.000 5.189 0.753 -4.400 -1.639 -1.982 -5.145 -1.956 6.261 6.627 3.867 -0.659 5.800 -0.085 3.892 -0.068 -1.133
0.000 0.000 7.401 -0.462 -3.501 -0.996 0.029 -2.991 1.580 2.340 3.449 3.271 -0.963 2.846 2.278 0.682 2.225 1.273
0.000 1.000 10.759 0.065 -6.885 -2.601 -2.254 -7.438 -0.903 8.064 8.759 6.389 -1.313 7.987 1.603 4.494 1.635 0.222
1.000 1.000 12.257 -2.190 -3.284 -0.831 1.560 -1.519 6.384 -1.700 0.748 3.953 -1.636 0.523 5.485 -2.836 5.699 4.473
0.000 0.000 5.412 0.245 -3.461 -0.998 -0.596 -3.434 0.008 3.544 4.445 2.993 -0.728 3.678 0.885 1.822 0.961 -0.163
1.000 1.000 16.803 -3.556 -2.825 -0.535 3.657 0.571 11.446 -6.759 -2.451 4.758 -2.048 -2.126 8.679 -6.924 9.689 7.069
0.000 1.000 10.514 -0.065 -6.703 -2.476 -1.832 -6.967 -0.624 7.416 8.154 5.714 -1.143 7.264 1.981 3.959 1.733 0.488
1.000 1.000 12.106 1.056 -6.763 0.152 6.619 -4.671 3.753 0.381 8.154 4.930 -3.066 3.095 1.597 1.809 7.032 -2.700
0.000 0.000 11.697 -1.079 -5.003 -1.504 0.290 -4.252 2.976 2.872 4.525 4.941 -1.478 3.812 3.793 0.562 3.801 2.504
0.000 1.000 10.697 -0.066 -6.409 -2.330 -1.697 -6.652 -0.062 6.839 7.683 5.890 -1.363 6.969 1.962 3.555 1.974 0.644
0.000 1.000 7.272 -0.372 -3.840 -1.193 -0.505 -3.567 1.004 3.226 4.037 3.310 -0.854 3.515 2.051 1.217 1.892 1.059
0.000 1.000 4.359 0.823 -3.817 -0.848 0.169 -3.701 -0.834 3.763 5.078 2.441 -0.812 3.638 0.106 2.470 0.498 -1.366
0.000 1.000 6.441 -0.277 -3.375 -0.979 -0.282 -3.005 1.012 2.744 3.521 2.889 -0.808 2.996 1.833 0.988 1.713 0.931
0.000 0.000 10.828 -0.468 -5.660 -1.950 -0.846 -5.487 1.087 5.173 6.212 5.428 -1.344 5.519 2.673 2.338 2.668 1.331
0.000 0.000 9.826 -0.592 -5.121 -1.650 -0.560 -4.772 1.372 4.225 5.274 4.383 -1.161 4.633 2.762 1.640 2.555 1.538
0.000 1.000 6.911 0.360 -5.051 -1.874 -1.959 -5.557 -1.360 6.352 6.810 4.258 -0.747 6.022 0.779 3.648 0.665 -0.347
0.000 0.000 6.336 -0.503 -2.785 -0.730 0.061 -2.233 1.773 1.504 2.555 2.628 -0.786 2.063 2.158 0.130 2.138 1.323
1.000 1.000 12.329 -0.086 -7.625 -2.879 -2.417 -8.229 -0.692 8.620 9.479 6.961 -1.443 8.574 2.108 4.671 2.103 0.582
0.000 1.000 12.951 -0.188 -7.684 -2.861 -2.067 -8.140 -0.239 8.444 9.408 7.263 -1.588 8.531 2.335 4.516 2.410 0.718
0.000 1.000 7.615 -0.411 -3.974 -1.120 -0.176 -3.427 1.347 3.030 3.914 3.212 -0.965 3.345 2.253 1.008 2.077 1.287
0.000 1.000 3.765 0.839 -3.124 -0.614 0.172 -2.950 -0.438 2.775 4.109 2.047 -0.746 2.875 0.073 1.822 0.745 -1.156
0.000 1.000 4.227 -0.320 -1.894 -0.175 1.495 -1.153 1.971 -0.448 1.438 1.413 -0.888 0.652 1.506 -0.525 2.217 0.200
0.000 1.000 8.310 0.054 -5.375 -1.925 -1.639 -5.570 -0.509 5.978 6.595 4.536 -0.906 5.858 1.517 3.133 1.371 0.357
1.000 0.000 5.979 -0.340 -2.861 -0.201 2.107 -1.454 2.678 -0.427 1.958 2.258 -1.144 1.376 2.106 -0.656 3.360 -0.047
0.000 1.000 9.692 0.147 -6.341 -2.406 -2.188 -6.902 -0.974 7.489 8.148 5.662 -1.126 7.354 1.476 4.178 1.456 0.120
0.000 0.000 8.022 0.126 -5.065 -1.854 -1.605 -5.414 -0.443 5.851 6.468 4.721 -1.009 5.841 1.273 3.165 1.335 0.136
1.000 1.000 8.173 -0.622 -3.780 -1.100 0.115 -3.129 1.990 2.360 3.463 3.363 -1.022 2.944 2.686 0.516 2.542 1.633
0.000 1.000 7.874 -0.235 -4.091 -0.424 2.730 -2.450 3.071 0.001 3.249 3.092 -1.584 2.137 2.259 -0.254 3.993 -0.337
0.000 1.000 6.611 -0.420 -3.278 -0.910 -0.135 -2.820 1.343 2.352 3.215 2.784 -0.828 2.695 2.068 0.663 1.901 1.148
0.000 1.000 7.694 0.413 -5.674 -2.103 -2.245 -6.227 -1.590 7.137 7.625 4.728 -0.805 6.737 0.826 4.126 0.713 -0.356
0.000 1.000 12.848 -1.762 -4.585 -1.270 0.928 -3.361 4.793 0.972 3.084 4.675 -1.686 2.472 4.890 -0.998 4.981 3.736
1.000 1.000 9.812 -0.765 -4.597 -1.620 -0.396 -4.404 1.822 3.386 4.719 4.576 -1.255 4.199 2.879 1.227 2.867 1.619
0.000 1.000 9.851 -0.893 -4.497 -1.352 -0.081 -3.921 2.274 2.884 4.172 4.085 -1.199 3.568 3.198 0.663 3.032 2.025
0.000 1.000 11.557 -0.336 -6.596 -2.467 -1.660 -6.923 0.248 6.866 7.832 6.164 -1.422 7.127 2.456 3.500 2.422 0.940
1.000 1.000 17.028 -0.475 -9.871 -3.705 -2.686 -10.319 0.079 10.326 11.568 8.996 -1.973 10.514 3.410 5.316 3.440 1.579
0.000 1.000 9.916 0.286 -6.755 -2.614 -2.516 -7.597 -1.539 8.461 9.093 6.187 -1.165 8.178 1.179 4.942 1.203 -0.291
0.000 0.000 14.686 -0.875 -7.334 -2.512 -0.955 -7.087 1.937 6.249 7.719 6.953 -1.852 6.887 3.781 2.635 3.842 2.236
0.000 0.000 8.613 -0.566 -4.336 -1.353 -0.429 -3.993 1.410 3.432 4.428 3.826 -1.017 3.845 2.530 1.208 2.364 1.419
0.000 0.000 16.101 -0.455 -9.116 -3.307 -2.014 -9.295 0.584 9.109 10.446 8.385 -2.008 9.457 3.312 4.556 3.327 1.538
0.000 0.000 9.889 -0.527 -5.055 -1.639 -0.580 -4.721 1.360 4.250 5.345 4.630 -1.191 4.663 2.642 1.720 2.595 1.452
1.000 1.000 18.638 -4.094 -2.963 -0.561 4.237 0.755 12.831 -7.877 -2.946 5.197 -2.239 -2.591 9.721 -7.898 10.890 7.926
0.000 0.000 11.063 -0.876 -5.180 -1.618 -0.192 -4.655 2.208 3.696 5.100 4.842 -1.329 4.372 3.315 1.176 3.277 2.083
0.000 1.000 6.366 -0.172 -3.617 -1.120 -0.440 -3.381 0.598 3.256 3.969 3.189 -0.845 3.428 1.565 1.414 1.484 0.582
0.000 0.000 11.539 -0.044 -7.165 -2.771 -2.366 -7.858 -0.731 8.271 9.055 6.703 -1.427 8.299 1.902 4.553 1.943 0.376
0.000 1.000 5.638 -0.076 -3.373 -1.053 -0.489 -3.205 0.349 3.192 3.818 2.908 -0.767 3.295 1.317 1.463 1.212 0.369
0.000 1.000 9.426 -0.412 -4.918 -1.634 -0.580 -4.670 1.075 4.352 5.338 4.607 -1.190 4.657 2.440 1.900 2.369 1.179
0.000 0.000 5.691 0.278 -3.943 -1.113 -0.330 -3.874 -0.245 3.972 4.941 3.091 -0.863 3.958 0.869 2.198 0.889 -0.399
0.000 1.000 10.530 -1.166 -4.206 -1.185 0.513 -3.314 3.296 1.757 3.408 4.086 -1.359 2.743 3.697 -0.139 3.732 2.637
1.000 0.000 11.690 -2.383 -2.387 -0.565 2.031 -0.466 7.163 -3.283 -0.562 3.586 -1.636 -0.619 5.653 -3.786 5.980 4.677
1.000 1.000 10.194 0.108 -5.889 -1.786 -0.388 -5.581 0.722 5.248 6.690 5.337 -1.527 5.725 1.871 2.700 2.356 0.349
1.000 0.000 8.511 -0.319 -4.873 -1.682 -0.744 -4.824 0.504 4.728 5.535 4.562 -1.229 4.971 1.897 2.271 1.706 0.652
1.000 0.000 6.165 -0.415 -2.796 -0.685 0.254 -2.325 1.624 1.533 2.766 2.472 -0.866 2.046 1.987 0.249 1.950 1.103
1.000 1.000 13.001 -3.003 -2.073 -0.451 2.770 0.378 8.883 -5.097 -1.922 3.664 -1.691 -1.648 6.888 -5.359 7.232 5.720
1.000 1.000 4.738 -0.125 -2.564 -0.607 0.272 -2.240 0.949 1.549 2.755 2.060 -0.817 1.957 1.322 0.552 1.294 0.277
0.000 1.000 10.517 0.338 -7.284 -2.871 -2.838 -8.326 -1.893 9.286 9.922 6.677 -1.258 8.964 1.121 5.499 1.139 -0.446
0.000 0.000 9.843 0.174 -6.535 -2.445 -2.244 -7.126 -1.098 7.845 8.504 6.036 -1.269 7.690 1.188 4.455 1.254 -0.060
0.000 1.000 10.353 -0.521 -5.438 -1.846 -0.938 -5.247 1.132 4.902 5.874 5.006 -1.231 5.241 2.617 2.100 2.605 1.440
0.000 0.000 5.427 0.203 -3.405 -0.842 -0.062 -3.220 0.303 2.974 4.222 2.720 -0.786 3.210 0.989 1.517 1.187 -0.162
0.000 0.000 7.572 -0.183 -4.509 -1.449 -0.882 -4.354 0.363 4.334 5.094 3.652 -0.879 4.427 1.841 1.988 1.620 0.740
0.000 1.000 4.627 0.135 -3.111 -0.999 -0.872 -3.102 -0.216 3.402 3.847 2.498 -0.505 3.304 0.938 1.689 0.776 0.090
0.000 0.000 6.465 1.325 -4.681 -0.329 2.624 -3.892 0.554 2.467 6.214 3.063 -1.575 3.359 0.148 2.337 2.772 -2.335
0.000 1.000 7.661 -0.743 -3.162 -0.876 0.395 -2.488 2.333 1.433 2.613 3.016 -1.065 2.115 2.685 -0.023 2.660 1.798
0.000 1.000 20.009 -1.131 -10.603 -4.033 -2.273 -11.121 1.296 10.368 12.079 10.378 -2.574 11.034 4.580 5.112 4.641 2.296
0.000 1.000 10.149 0.480 -6.058 -1.624 0.140 -5.451 0.781 4.970 6.797 5.205 -1.536 5.546 1.629 2.686 2.653 -0.075
0.000 1.000 5.618 0.587 -4.289 -0.905 0.892 -4.034 -0.204 3.433 5.258 2.666 -1.099 3.530 0.633 2.254 1.140 -1.064
0.000 0.000 8.205 -0.282 -4.726 -1.557 -0.894 -4.578 0.540 4.441 5.237 3.914 -0.948 4.609 2.043 1.995 1.838 0.915
1.000 1.000 12.917 -2.051 -3.539 -0.796 2.175 -1.425 6.937 -2.254 0.792 4.275 -1.869 0.445 5.545 -3.031 6.254 4.192
0.000 0.000 7.024 -0.117 -4.229 -1.390 -0.938 -4.134 0.240 4.174 4.836 3.462 -0.801 4.247 1.650 1.943 1.464 0.628
0.000 0.000 7.355 -0.164 -4.355 -1.415 -0.885 -4.211 0.372 4.192 4.905 3.559 -0.844 4.298 1.783 1.912 1.590 0.733
0.000 0.000 4.416 0.941 -3.659 -0.592 0.859 -3.314 -0.299 2.850 4.756 2.268 -0.881 3.079 0.067 1.997 1.064 -1.480
0.000 0.000 8.225 -0.536 -4.102 -1.271 -0.456 -3.740 1.412 3.202 4.201 3.740 -0.955 3.666 2.415 1.098 2.319 1.374
0.000 0.000 12.963 -0.951 -6.081 -1.960 -0.270 -5.486 2.580 4.272 5.986 5.929 -1.708 5.250 3.722 1.475 3.734 2.284
0.000 1.000 6.973 0.753 -5.827 -2.228 -2.724 -6.775 -2.596 8.143 8.538 4.889 -0.731 7.495 0.114 5.057 0.060 -1.125
0.000 1.000 7.315 -0.668 -3.080 -0.852 0.285 -2.430 2.161 1.497 2.546 2.919 -1.003 2.122 2.564 0.030 2.489 1.666
0.000 0.000 13.345 -0.354 -7.727 -2.869 -2.102 -8.147 0.054 8.161 9.185 7.115 -1.617 8.291 2.643 4.203 2.693 1.149
0.000 0.000 7.247 -0.746 -2.861 -0.754 0.435 -2.118 2.498 1.037 2.178 2.743 -1.050 1.755 2.636 -0.283 2.640 1.829
0.000 1.000 11.610 -1.721 -3.835 -1.026 1.078 -2.519 4.885 0.143 2.212 4.125 -1.551 1.731 4.632 -1.426 4.808 3.609
0.000 0.000 9.187 -0.060 -5.657 -2.022 -1.448 -5.841 -0.268 6.171 6.904 4.976 -1.078 6.110 1.738 3.240 1.653 0.481
1.000 0.000 11.367 -2.184 -2.619 -0.638 1.862 -0.834 6.569 -2.593 -0.024 3.626 -1.646 -0.158 5.306 -3.245 5.543 4.262
0.000 1.000 6.636 -0.505 -2.737 -0.630 0.323 -1.947 2.243 0.931 2.185 2.602 -0.865 1.689 2.313 -0.256 2.552 1.479
1.000 1.000 10.762 -0.396 -5.997 -2.092 -1.322 -5.990 0.649 5.908 6.842 5.690 -1.388 6.211 2.313 2.798 2.324 1.083
1.000 1.000 9.311 -2.034 -1.819 -0.408 1.692 -0.124 6.028 -2.990 -0.868 2.786 -1.296 -0.719 4.795 -3.441 4.940 3.848
1.000 1.000 14.679 -2.923 -2.640 -0.397 3.403 0.454 9.977 -5.912 -1.865 4.184 -1.784 -1.737 7.463 -5.981 8.675 5.868
0.000 1.000 8.570 0.126 -5.557 -2.068 -1.877 -6.001 -0.751 6.570 7.147 5.132 -1.060 6.483 1.262 3.635 1.295 0.103
0.000 0.000 5.238 0.014 -3.301 -1.131 -0.706 -3.440 -0.026 3.459 4.054 2.930 -0.794 3.554 1.108 1.775 0.899 0.042
0.000 1.000 7.165 -0.158 -4.262 -1.377 -0.876 -4.135 0.328 4.127 4.830 3.490 -0.833 4.215 1.718 1.892 1.528 0.685
0.000 1.000 7.337 0.127 -4.672 -1.695 -1.395 -4.960 -0.396 5.354 5.938 4.340 -0.952 5.367 1.196 2.881 1.183 0.063
0.000 0.000 11.386 -0.871 -5.337 -1.811 -0.515 -5.097 2.061 4.036 5.437 5.266 -1.467 4.832 3.309 1.451 3.290 1.972
1.000 1.000 11.071 -2.099 -2.187 -0.315 2.397 0.176 7.411 -4.146 -1.162 3.197 -1.420 -1.099 5.583 -4.353 6.420 4.280
0.000 1.000 10.108 -0.798 -4.825 -1.525 -0.428 -4.389 1.935 3.548 4.789 4.502 -1.174 4.208 3.056 1.123 2.973 1.875
0.000 0.000 4.733 0.343 -3.537 -1.270 -1.326 -3.892 -0.969 4.516 4.881 3.004 -0.568 4.279 0.533 2.583 0.428 -0.414
0.000 0.000 7.161 -0.340 -3.787 -1.173 -0.537 -3.508 0.978 3.216 4.016 3.313 -0.833 3.503 2.000 1.228 1.869 1.017
0.000 1.000 12.726 -0.799 -6.461 -2.164 -0.784 -6.102 1.757 5.375 6.703 5.828 -1.469 5.934 3.484 2.168 3.350 2.020
0.000 1.000 7.869 -0.321 -4.398 -1.421 -0.709 -4.183 0.748 3.958 4.771 3.649 -0.900 4.175 2.079 1.681 1.878 0.986
1.000 1.000 8.437 -0.292 -4.634 -1.691 -1.044 -4.808 0.508 4.581 5.429 4.436 -1.064 4.934 1.983 2.206 1.924 0.750
0.000 1.000 3.982 0.591 -3.397 -1.118 -1.299 -3.748 -1.285 4.572 4.972 2.770 -0.512 4.212 0.095 2.712 -0.000 -0.826
0.000 0.000 7.858 0.024 -4.934 -1.785 -1.393 -5.187 -0.357 5.511 6.124 4.454 -0.963 5.487 1.432 2.926 1.342 0.238
0.000 0.000 14.909 -0.463 -8.461 -3.135 -2.282 -8.731 0.376 8.750 9.837 7.922 -1.758 9.036 3.042 4.396 3.173 1.490
0.000 1.000 7.039 0.111 -4.514 -1.596 -1.339 -4.732 -0.440 5.137 5.704 3.984 -0.843 5.039 1.191 2.744 1.152 0.155
1.000 0.000 8.520 -0.294 -4.065 0.063 4.121 -2.662 3.328 -0.400 4.159 3.065 -2.163 1.404 2.348 0.195 4.860 -0.423
0.000 0.000 14.146 -0.324 -8.199 -3.038 -2.304 -8.550 0.074 8.670 9.705 7.610 -1.664 8.854 2.756 4.459 2.874 1.233
0.000 0.000 7.698 0.372 -5.619 -2.059 -2.133 -6.112 -1.462 6.962 7.481 4.648 -0.815 6.589 0.907 3.990 0.771 -0.287
0.000 1.000 7.127 0.098 -4.736 -1.600 -1.367 -4.803 -0.427 5.212 5.812 3.830 -0.802 5.083 1.344 2.695 1.155 0.268
0.000 1.000 13.106 -0.011 -8.153 -3.027 -2.512 -8.627 -0.680 9.134 10.039 7.388 -1.534 9.085 2.122 4.944 2.177 0.638
1.000 0.000 9.144 -1.336 -2.935 -0.717 0.941 -1.740 4.143 -0.260 1.515 3.197 -1.232 1.143 3.754 -1.415 4.010 2.867
1.000 0.000 13.551 -0.232 -8.080 -3.025 -2.315 -8.591 -0.240 8.791 9.781 7.509 -1.718 8.935 2.405 4.650 2.474 0.873
0.000 0.000 15.077 -0.713 -8.030 -2.861 -1.575 -8.013 1.227 7.539 8.818 7.456 -1.847 7.966 3.511 3.500 3.606 1.986
1.000 0.000 11.561 -0.857 -5.487 -1.755 -0.345 -5.008 2.134 4.126 5.462 5.187 -1.433 4.776 3.327 1.436 3.310 2.054
0.000 1.000 7.503 -0.351 -4.166 -1.332 -0.205 -3.932 0.826 3.600 4.489 3.804 -1.148 3.912 1.890 1.583 1.663 0.636
0.000 1.000 11.761 0.055 -7.264 -2.653 -1.944 -7.738 -0.595 8.253 9.193 6.818 -1.455 8.230 1.863 4.555 1.912 0.227
0.000 1.000 8.620 -0.493 -4.407 -1.344 -0.342 -3.981 1.356 3.512 4.479 3.830 -1.071 3.847 2.419 1.295 2.295 1.378
1.000 0.000 13.827 -0.594 -7.303 -2.431 -0.711 -7.019 1.521 6.387 7.971 6.977 -1.996 7.075 3.214 2.967 3.151 1.508
0.000 1.000 5.796 0.742 -3.715 -0.231 2.234 -2.989 1.073 1.487 4.650 2.464 -1.420 2.335 0.635 1.386 2.571 -1.359
0.000 1.000 13.508 -1.157 -6.275 -2.026 -0.285 -5.687 2.721 4.408 6.052 5.833 -1.590 5.279 4.111 1.379 4.005 2.651
0.000 1.000 4.617 -0.372 -1.773 0.001 1.777 -0.895 2.426 -0.933 1.246 1.460 -0.993 0.367 1.753 -0.843 2.736 0.375
0.000 1.000 8.287 -0.215 -4.818 -1.747 -1.113 -4.954 0.246 4.966 5.686 4.615 -1.166 5.208 1.766 2.486 1.666 0.559
1.000 0.000 15.577 -1.131 -7.678 -2.833 -1.158 -7.809 1.925 6.714 8.405 7.848 -2.010 7.600 4.093 2.986 4.079 2.135
0.000 1.000 9.739 -0.174 -5.802 -2.121 -1.478 -5.995 -0.001 6.231 6.958 5.448 -1.248 6.365 1.889 3.224 1.864 0.613
1.000 1.000 8.587 -0.553 -3.886 -1.106 -0.043 -3.372 2.034 2.450 3.935 3.800 -1.085 3.211 2.554 0.629 2.696 1.505
1.000 0.000 9.296 -0.312 -4.324 -0.187 4.230 -2.409 3.985 -0.983 3.542 3.460 -1.915 1.721 2.772 -0.581 5.479 -0.428
0.000 1.000 14.001 -2.044 -4.705 -1.334 1.174 -3.307 5.583 0.501 2.905 5.127 -1.858 2.350 5.396 -1.389 5.653 4.229
0.000 1.000 17.433 -0.631 -9.964 -3.722 -2.484 -10.519 0.154 10.433 11.757 9.311 -2.167 10.634 3.487 5.426 3.517 1.565
0.000 1.000 10.916 -0.949 -4.980 -1.568 -0.293 -4.486 2.339 3.440 4.816 4.799 -1.288 4.218 3.367 0.973 3.363 2.169
1.000 1.000 9.983 0.093 -4.524 0.673 5.877 -2.181 4.508 -1.449 4.566 3.656 -2.374 1.328 2.667 -0.251 7.148 -1.247
0.000 1.000 6.958 -0.400 -3.535 -1.040 -0.251 -3.161 1.197 2.766 3.647 3.070 -0.839 3.088 2.071 0.933 1.929 1.106
0.000 0.000 18.575 -1.091 -9.690 -3.646 -1.947 -10.071 1.449 9.306 11.008 9.615 -2.381 10.009 4.409 4.513 4.434 2.167
0.000 0.000 9.368 -0.170 -5.577 -1.989 -1.302 -5.732 0.078 5.893 6.652 5.247 -1.295 6.033 1.708 3.025 1.691 0.534
1.000 1.000 13.640 -2.472 -3.308 -0.883 2.117 -1.394 7.397 -2.581 0.440 4.408 -1.844 0.115 6.151 -3.436 6.520 5.042
0.000 1.000 4.990 -0.322 -2.546 -0.475 1.127 -1.992 1.567 0.709 2.293 1.869 -0.961 1.418 1.650 0.097 1.923 0.359
0.000 0.000 8.655 -0.262 -4.777 -1.595 -0.686 -4.598 0.656 4.512 5.348 4.353 -1.104 4.672 2.042 2.115 1.981 0.887
0.000 1.000 13.561 -0.631 -6.980 -2.199 -0.222 -6.479 1.931 5.528 7.373 6.639 -1.949 6.411 3.298 2.449 3.462 1.551
1.000 1.000 4.825 0.002 -3.159 -1.002 -0.664 -3.096 -0.045 3.275 3.764 2.570 -0.610 3.223 1.058 1.590 0.814 0.163
0.000 1.000 3.909 1.120 -3.637 -0.640 0.594 -3.426 -0.779 3.300 4.936 2.189 -0.800 3.332 -0.237 2.353 0.698 -1.754
0.000 1.000 6.796 0.545 -5.254 -1.984 -2.260 -5.947 -1.847 7.015 7.424 4.497 -0.729 6.567 0.453 4.200 0.419 -0.695
0.000 1.000 13.546 -0.423 -7.743 -2.869 -2.124 -8.001 0.285 8.082 9.043 7.312 -1.624 8.343 2.706 4.055 2.807 1.275
1.000 0.000 6.810 -0.601 -2.790 -0.684 0.402 -2.009 2.332 1.055 2.143 2.553 -0.973 1.704 2.473 -0.235 2.516 1.627
0.000 0.000 7.908 -0.288 -4.341 -1.474 -0.828 -4.251 0.682 4.057 4.868 3.992 -0.988 4.375 1.961 1.826 1.849 0.852
1.000 1.000 7.380 0.716 -4.658 -0.262 3.454 -3.654 1.611 1.337 5.594 3.020 -1.768 2.482 1.043 1.603 3.615 -1.645
1.000 1.000 9.264 0.477 -6.756 -2.679 -2.848 -7.849 -2.178 8.947 9.479 6.098 -1.097 8.529 0.741 5.401 0.752 -0.719
1.000 1.000 14.829 -0.509 -8.221 -2.980 -1.735 -8.364 0.766 8.031 9.307 7.623 -1.850 8.426 3.255 3.904 3.217 1.537
0.000 1.000 12.132 -1.283 -4.944 -1.450 0.418 -4.056 3.488 2.418 4.214 4.984 -1.545 3.538 4.095 0.171 4.165 2.851
1.000 1.000 10.240 -2.275 -1.737 -0.372 2.073 0.177 6.916 -3.853 -1.354 2.933 -1.364 -1.193 5.366 -4.126 5.686 4.371
1.000 0.000 6.048 -0.762 -2.045 -0.499 0.544 -1.313 2.620 0.034 1.195 2.124 -0.879 0.876 2.501 -0.852 2.503 1.773
0.000 1.000 9.809 -0.462 -5.206 -1.901 -0.995 -5.364 0.816 4.914 5.957 5.051 -1.256 5.423 2.382 2.316 2.326 1.019
0.000 0.000 10.432 -0.738 -5.037 -1.552 -0.195 -4.517 1.928 3.745 5.008 4.568 -1.286 4.280 3.042 1.280 2.950 1.840
0.000 1.000 12.477 -1.755 -4.295 -1.176 0.972 -3.047 4.881 0.606 2.775 4.536 -1.621 2.182 4.823 -1.186 5.019 3.744
0.000 1.000 8.947 -0.208 -4.867 -1.653 -0.853 -4.814 0.759 4.572 5.529 4.659 -1.230 4.942 2.039 2.118 2.004 0.818
0.000 1.000 9.255 -0.404 -4.810 -1.598 -0.718 -4.560 1.092 4.271 5.204 4.524 -1.132 4.594 2.374 1.800 2.363 1.240
0.000 0.000 6.000 -0.596 -2.403 -0.566 0.369 -1.794 2.072 0.795 2.013 2.260 -0.820 1.455 2.223 -0.310 2.206 1.426
0.000 0.000 8.335 -0.161 -5.049 -1.811 -1.292 -5.156 -0.011 5.377 5.993 4.621 -1.057 5.416 1.628 2.718 1.543 0.532
1.000 0.000 9.810 -1.871 -2.203 -0.362 1.888 -0.195 6.273 -2.998 -0.616 2.895 -1.358 -0.563 4.901 -3.473 5.317 3.768
0.000 1.000 13.004 -0.618 -6.967 -2.594 -1.446 -7.214 0.884 6.742 7.989 6.712 -1.612 7.296 3.055 3.282 3.024 1.388
0.000 1.000 10.237 -1.082 -4.099 -1.159 0.570 -3.209 3.203 1.718 3.319 3.964 -1.373 2.657 3.562 -0.097 3.605 2.518
0.000 0.000 4.455 0.333 -3.280 -1.176 -1.217 -3.535 -0.748 4.074 4.398 2.756 -0.518 3.896 0.604 2.257 0.496 -0.288
1.000 1.000 12.007 -2.351 -2.637 -0.503 2.214 -0.310 7.546 -3.561 -0.724 3.498 -1.647 -0.712 5.891 -4.086 6.393 4.705
1.000 1.000 7.089 -0.376 -3.597 -1.015 -0.079 -3.054 1.375 2.647 3.511 2.994 -0.880 2.986 2.197 0.808 2.010 1.217
0.000 1.000 7.772 -0.083 -4.751 -1.691 -1.264 -4.861 -0.059 5.114 5.692 4.352 -0.993 5.138 1.452 2.595 1.402 0.437
0.000 1.000 7.383 0.018 -4.539 -1.617 -1.189 -4.705 -0.160 4.977 5.573 4.168 -0.922 4.966 1.391 2.609 1.348 0.272
1.000 1.000 9.675 -1.395 -3.039 -0.777 1.182 -1.882 4.364 -0.404 1.619 3.363 -1.365 1.118 4.022 -1.483 4.122 2.988
1.000 0.000 10.398 -0.833 -5.083 -1.707 -0.180 -4.767 1.781 3.865 5.268 5.122 -1.467 4.621 3.048 1.504 2.826 1.476
0.000 0.000 3.210 0.063 -2.387 -0.623 -0.211 -2.374 -0.172 2.432 3.019 1.586 -0.519 2.306 0.735 1.233 0.327 -0.198
0.000 0.000 8.850 -0.463 -4.420 -1.411 -0.466 -4.077 1.350 3.641 4.660 4.211 -1.084 4.063 2.446 1.398 2.412 1.303
0.000 0.000 10.952 0.129 -7.080 -2.706 -2.556 -7.737 -1.055 8.399 9.076 6.500 -1.294 8.295 1.553 4.688 1.640 0.223
0.000 0.000 6.125 0.556 -5.184 -1.923 -2.253 -5.910 -2.188 7.039 7.460 4.107 -0.648 6.462 0.302 4.299 0.076 -0.919
0.000 1.000 13.235 -0.826 -6.715 -2.476 -1.096 -6.831 1.454 5.981 7.422 6.593 -1.627 6.757 3.385 2.717 3.374 1.751
0.000 0.000 3.899 1.138 -3.505 -0.508 0.943 -3.228 -0.564 2.927 4.764 2.058 -0.841 2.947 -0.155 2.203 0.933 -1.716
0.000 0.000 4.541 1.029 -3.520 -0.534 0.701 -3.107 -0.079 2.585 4.538 2.243 -0.890 2.918 0.073 1.777 1.243 -1.336
1.000 1.000 5.091 -0.264 -2.616 -0.727 -0.093 -2.235 0.952 1.939 2.570 2.222 -0.692 2.159 1.628 0.561 1.435 0.814
1.000 1.000 7.429 -0.622 -3.399 -0.475 2.027 -2.719 2.372 0.795 3.388 2.895 -1.574 1.743 2.424 0.265 3.062 0.613
1.000 0.000 18.089 -4.165 -2.849 -0.660 3.940 0.499 12.298 -7.333 -2.747 5.085 -2.302 -2.456 9.435 -7.466 10.135 7.873
0.000 0.000 3.119 1.058 -3.217 -0.724 -0.172 -3.259 -1.218 3.620 4.657 2.084 -0.597 3.406 -0.360 2.451 0.102 -1.655
0.000 1.000 6.519 -0.103 -3.849 -1.153 -0.657 -3.569 0.464 3.608 4.284 3.106 -0.792 3.671 1.605 1.575 1.459 0.698
0.000 1.000 3.611 0.098 -2.111 -0.404 0.094 -1.739 0.636 1.483 2.233 1.446 -0.586 1.628 0.988 0.515 1.052 0.237
1.000 1.000 7.027 -0.263 -3.716 -1.186 -0.603 -3.522 0.842 3.307 4.083 3.417 -0.855 3.585 1.842 1.350 1.791 0.874
1.000 0.000 12.503 -0.685 -6.322 -2.213 -0.967 -6.180 1.586 5.412 6.774 6.128 -1.560 6.125 3.239 2.330 3.238 1.764
0.000 1.000 4.483 -0.246 -2.140 -0.474 0.116 -1.689 1.208 1.213 2.010 1.757 -0.664 1.522 1.513 0.149 1.437 0.800
0.000 1.000 13.036 -0.770 -6.386 -2.055 -0.351 -5.842 2.235 4.855 6.504 6.123 -1.779 5.702 3.493 1.904 3.475 1.988
0.000 1.000 6.959 -0.280 -4.183 -1.372 -0.425 -4.047 0.362 3.963 4.695 3.604 -1.033 4.052 1.665 1.883 1.294 0.460
1.000 1.000 4.978 -0.251 -2.430 -0.723 -0.174 -2.128 1.051 1.688 2.409 2.330 -0.716 2.089 1.562 0.476 1.452 0.719
1.000 1.000 5.247 0.059 -2.693 0.040 2.375 -1.893 1.864 0.109 3.045 1.925 -1.356 1.051 1.292 0.323 2.828 -0.485
0.000 1.000 7.771 -0.378 -4.192 -1.345 -0.652 -3.958 0.915 3.665 4.491 3.602 -0.894 3.949 2.125 1.473 1.956 1.059
0.000 1.000 7.911 -0.135 -4.775 -1.712 -1.327 -4.901 -0.003 5.131 5.713 4.410 -0.991 5.195 1.539 2.573 1.502 0.516
0.000 1.000 6.892 -0.389 -3.363 -1.004 -0.085 -2.921 1.304 2.467 3.314 3.098 -0.892 2.819 2.119 0.771 1.970 1.123
1.000 0.000 14.608 -0.953 -6.776 -2.090 0.250 -5.977 3.140 4.379 6.556 6.623 -2.162 5.594 4.048 1.518 4.207 2.335
0.000 0.000 13.454 -0.524 -7.367 -2.616 -1.626 -7.317 0.886 7.101 8.199 6.805 -1.572 7.431 3.064 3.329 3.110 1.650
0.000 1.000 12.580 0.149 -8.316 -3.201 -2.832 -9.113 -1.538 9.931 10.717 7.412 -1.390 9.657 1.804 5.650 1.711 0.087
1.000 1.000 13.303 -2.981 -2.440 -0.574 2.571 -0.066 8.654 -4.501 -1.339 3.920 -1.830 -1.246 6.752 -4.899 7.040 5.680
0.000 1.000 6.078 0.056 -4.123 -1.327 -1.083 -4.107 -0.315 4.414 5.009 3.170 -0.705 4.306 1.261 2.237 0.978 0.220
0.000 1.000 6.678 -0.635 -2.814 -0.271 2.396 -1.673 3.010 -0.642 2.103 2.365 -1.358 1.014 2.357 -0.680 3.552 0.511
1.000 1.000 12.695 -0.847 -6.186 -2.198 -0.867 -6.071 1.856 5.068 6.535 6.096 -1.546 5.903 3.471 2.081 3.488 1.980
0.000 0.000 7.800 0.057 -4.988 -1.897 -1.603 -5.453 -0.574 5.803 6.376 4.561 -0.978 5.799 1.308 3.165 1.234 0.074
1.000 0.000 7.540 -1.203 -2.218 -0.493 1.103 -1.062 3.879 -0.843 0.756 2.376 -1.089 0.450 3.434 -1.647 3.423 2.568
0.000 1.000 7.058 -0.121 -3.613 -1.000 -0.305 -3.341 1.152 2.835 4.221 3.446 -0.958 3.392 1.674 1.121 1.832 0.629
1.000 1.000 8.254 -0.789 -3.598 -0.531 2.714 -2.199 3.601 -0.660 2.563 2.990 -1.527 1.431 2.806 -0.805 4.144 0.688
0.000 1.000 10.624 -1.120 -4.235 -1.200 0.562 -3.343 3.313 1.772 3.442 4.129 -1.403 2.770 3.706 -0.108 3.737 2.603
0.000 1.000 3.184 0.026 -1.772 -0.238 0.464 -1.268 1.031 0.550 1.596 1.114 -0.628 1.013 1.012 0.000 1.287 0.112
1.000 1.000 9.365 -0.258 -4.796 -0.446 3.906 -2.987 3.533 -0.198 4.109 3.656 -1.909 2.344 2.581 -0.108 5.025 -0.612
1.000 1.000 15.620 -3.666 -2.576 -0.634 3.279 0.182 10.454 -5.961 -2.097 4.444 -2.108 -1.934 8.115 -6.214 8.435 6.806
0.000 0.000 6.522 0.057 -4.111 -1.522 -1.248 -4.410 -0.294 4.652 5.173 3.741 -0.831 4.701 1.193 2.461 1.115 0.115
0.000 0.000 8.592 0.020 -5.398 -2.008 -1.613 -5.760 -0.439 6.124 6.756 4.982 -1.075 6.130 1.510 3.296 1.451 0.223
0.000 1.000 14.258 -0.091 -8.929 -3.435 -2.745 -9.747 -1.056 10.364 11.336 8.303 -1.705 10.271 2.285 5.824 2.282 0.384
0.000 0.000 4.895 0.867 -3.974 -0.822 0.471 -3.690 -0.478 3.527 5.106 2.664 -0.886 3.641 0.193 2.323 0.986 -1.347
0.000 0.000 7.866 -0.199 -4.631 -1.535 -0.969 -4.515 0.379 4.478 5.215 3.828 -0.897 4.598 1.888 2.061 1.697 0.796
1.000 1.000 6.845 -0.593 -2.853 -0.801 0.263 -2.333 2.121 1.230 2.570 2.925 -1.060 2.077 2.316 0.027 2.316 1.317
0.000 1.000 8.826 -0.166 -5.108 -1.777 -1.100 -5.037 0.348 5.067 5.834 4.492 -1.001 5.201 2.027 2.415 1.903 0.824
0.000 0.000 7.342 0.154 -4.833 -1.795 -1.596 -5.232 -0.699 5.707 6.241 4.350 -0.902 5.622 1.146 3.136 1.081 -0.018
0.000 1.000 10.034 -0.665 -4.567 -1.140 0.970 -3.564 2.802 2.003 4.019 4.270 -1.478 3.163 3.016 0.363 3.535 1.524
0.000 1.000 4.316 0.501 -3.406 -1.151 -1.170 -3.727 -0.998 4.370 4.804 2.759 -0.561 4.126 0.372 2.519 0.244 -0.617
0.000 0.000 12.886 -0.902 -6.378 -2.118 -0.673 -5.973 2.006 5.110 6.494 5.828 -1.501 5.752 3.639 1.948 3.510 2.176
0.000 0.000 20.288 -0.944 -11.185 -4.251 -2.629 -11.816 0.677 11.404 12.964 10.598 -2.530 11.787 4.292 5.815 4.393 2.140
0.000 0.000 3.639 -0.113 -1.919 -0.220 0.820 -1.353 1.317 0.373 1.732 1.166 -0.745 0.962 1.226 -0.117 1.468 0.176
0.000 1.000 4.276 0.606 -3.738 -1.369 -1.726 -4.269 -1.663 5.236 5.520 3.038 -0.451 4.794 0.103 3.177 -0.004 -0.850
1.000 0.000 10.901 0.306 -6.363 -1.808 -0.055 -5.862 0.850 5.376 7.164 5.595 -1.641 5.965 1.889 2.841 2.720 0.150
0.000 1.000 5.811 0.153 -3.764 -1.340 -1.117 -3.945 -0.307 4.269 4.753 3.448 -0.764 4.290 1.009 2.242 0.923 -0.002
1.000 0.000 13.140 -0.685 -6.758 -2.418 -1.108 -6.682 1.334 6.190 7.387 6.603 -1.614 6.653 3.267 2.794 3.277 1.716
0.000 1.000 18.539 -0.762 -10.405 -4.001 -2.693 -11.168 0.308 10.900 12.289 9.883 -2.339 11.199 3.756 5.656 3.862 1.734
0.000 0.000 6.411 -0.252 -3.528 -1.114 -0.583 -3.316 0.692 3.201 3.861 3.183 -0.797 3.410 1.662 1.315 1.534 0.738
1.000 1.000 12.791 -2.651 -2.343 -0.409 2.702 0.270 8.613 -4.856 -1.590 3.656 -1.638 -1.392 6.585 -5.119 7.266 5.252
0.000 1.000 4.633 0.073 -2.962 -0.959 -0.829 -2.917 -0.029 3.186 3.577 2.559 -0.558 3.156 0.947 1.514 0.861 0.196
0.000 1.000 11.406 -0.666 -5.782 -1.935 -0.764 -5.486 1.525 4.941 6.077 5.390 -1.397 5.393 2.989 2.027 2.985 1.732
0.000 0.000 10.094 -0.560 -5.149 -1.642 -0.459 -4.730 1.445 4.245 5.340 4.637 -1.247 4.619 2.735 1.684 2.646 1.538
0.000 0.000 11.284 -0.284 -6.286 -2.294 -1.566 -6.547 0.412 6.482 7.448 6.050 -1.410 6.723 2.334 3.233 2.440 0.979
0.000 1.000 7.039 -0.736 -2.644 -0.614 0.781 -1.875 2.719 0.473 1.988 2.476 -1.086 1.347 2.608 -0.540 2.759 1.755
0.000 0.000 7.725 0.308 -5.382 -2.010 -2.055 -5.999 -1.294 6.741 7.265 4.813 -0.894 6.474 0.895 3.882 0.873 -0.293
1.000 0.000 12.052 -0.192 -7.183 -2.631 -2.084 -7.410 -0.083 7.661 8.520 6.509 -1.353 7.744 2.338 3.921 2.359 0.966
0.000 0.000 9.643 -0.005 -5.886 -2.086 -1.425 -6.118 -0.153 6.366 7.188 5.469 -1.357 6.462 1.560 3.381 1.588 0.353
0.000 0.000 7.049 -0.325 -3.511 -1.022 -0.283 -3.180 1.309 2.630 3.833 3.379 -0.946 3.192 1.909 0.935 1.950 0.877
0.000 0.000 12.044 -0.627 -6.374 -2.175 -1.018 -6.130 1.300 5.636 6.810 5.677 -1.372 6.075 3.123 2.438 3.000 1.704
0.000 0.000 12.806 -0.242 -7.426 -2.703 -1.927 -7.663 0.123 7.847 8.809 6.990 -1.553 8.045 2.438 4.017 2.538 0.989
1.000 1.000 16.055 -3.394 -2.746 -0.506 3.459 0.505 10.925 -6.409 -2.252 4.535 -1.980 -2.015 8.272 -6.581 9.226 6.770
1.000 1.000 5.690 0.074 -3.535 -1.124 -0.714 -3.465 0.021 3.661 4.253 2.993 -0.752 3.629 1.144 1.828 1.065 0.250
0.000 1.000 5.192 0.983 -4.135 -0.653 1.327 -3.701 -0.095 2.951 5.284 2.570 -1.061 3.337 0.164 2.176 1.517 -1.665
0.000 1.000 13.650 -0.370 -7.856 -2.924 -2.029 -8.146 0.158 8.263 9.230 7.443 -1.661 8.491 2.696 4.236 2.753 1.153
0.000 0.000 10.307 -0.418 -5.699 -2.025 -1.022 -5.661 0.688 5.532 6.444 5.484 -1.381 5.883 2.387 2.654 2.284 1.005
1.000 0.000 6.765 0.642 -4.471 -0.400 2.874 -3.627 1.220 1.675 5.297 2.811 -1.588 2.608 0.990 1.632 3.003 -1.498
0.000 0.000 16.770 -1.004 -8.544 -2.971 -1.285 -8.272 1.976 7.476 9.020 8.025 -2.035 8.112 4.220 3.246 4.287 2.550
1.000 1.000 6.598 -0.543 -2.797 -0.842 0.050 -2.380 1.827 1.470 2.547 2.813 -0.893 2.134 2.202 0.158 2.212 1.342
0.000 0.000 8.409 0.338 -5.950 -2.330 -2.350 -6.777 -1.602 7.612 8.132 5.349 -1.000 7.332 0.910 4.471 0.861 -0.452
0.000 0.000 10.209 0.122 -6.594 -2.503 -2.265 -7.203 -0.978 7.855 8.518 6.116 -1.219 7.732 1.478 4.408 1.532 0.115
0.000 1.000 6.178 0.004 -3.871 -1.332 -0.977 -3.904 -0.047 4.080 4.642 3.221 -0.697 4.099 1.337 2.024 1.171 0.322
0.000 0.000 6.123 -0.044 -3.270 -0.219 2.416 -2.427 1.949 0.489 3.464 2.340 -1.445 1.558 1.558 0.467 2.966 -0.399
0.000 0.000 5.618 -0.331 -2.824 -0.599 0.907 -2.378 1.534 1.028 2.718 2.278 -1.091 1.741 1.729 0.283 1.987 0.439
0.000 0.000 3.410 0.738 -2.915 -0.604 -0.007 -2.779 -0.527 2.838 3.877 1.892 -0.585 2.814 0.090 1.774 0.563 -1.006
0.000 0.000 9.812 0.175 -6.430 -2.446 -2.306 -7.023 -1.026 7.662 8.300 5.819 -1.147 7.534 1.415 4.294 1.451 0.107
1.000 0.000 17.690 -1.027 -9.227 -3.462 -1.871 -9.578 1.396 8.858 10.477 9.148 -2.263 9.527 4.207 4.275 4.237 2.078
0.000 1.000 15.743 -1.127 -7.655 -2.575 -0.877 -7.212 2.452 6.189 7.791 7.301 -1.895 6.968 4.281 2.418 4.310 2.683
0.000 1.000 6.015 0.752 -4.300 -0.793 1.173 -3.776 0.236 3.022 5.219 2.989 -1.095 3.511 0.604 2.004 1.755 -1.197
0.000 0.000 7.805 0.160 -5.138 -1.905 -1.658 -5.521 -0.703 6.063 6.615 4.680 -0.967 5.951 1.191 3.366 1.161 0.008
0.000 0.000 5.575 1.251 -4.483 -0.583 1.808 -4.002 -0.076 2.965 5.893 2.679 -1.235 3.444 -0.001 2.443 1.851 -2.079
0.000 0.000 6.008 -0.191 -3.245 -0.986 -0.513 -3.008 0.751 2.864 3.533 2.955 -0.751 3.098 1.569 1.129 1.520 0.708
0.000 1.000 5.882 -0.185 -3.050 -0.923 -0.316 -2.843 0.840 2.517 3.340 2.873 -0.806 2.813 1.610 0.992 1.554 0.676
0.000 1.000 5.341 0.014 -2.584 0.070 2.492 -1.401 2.389 -0.612 2.272 1.901 -1.213 1.010 1.579 -0.377 3.354 -0.467
0.000 0.000 7.643 0.291 -5.493 -2.080 -2.039 -6.070 -1.408 6.856 7.365 4.696 -0.860 6.568 0.935 3.949 0.777 -0.353
0.000 0.000 3.960 0.598 -3.089 -0.653 0.205 -2.901 -0.265 2.773 4.030 2.154 -0.706 2.887 0.318 1.693 0.706 -0.939
0.000 0.000 10.359 -0.071 -6.381 -2.441 -1.978 -6.901 -0.494 7.215 7.950 5.884 -1.261 7.256 1.843 3.884 1.809 0.415
1.000 1.000 6.596 -0.772 -2.393 -0.483 0.659 -1.269 3.001 0.138 1.251 2.263 -0.983 1.105 2.750 -0.941 2.789 1.848
0.000 0.000 7.954 -0.594 -3.989 -1.278 -0.293 -3.684 1.346 3.094 4.120 3.787 -1.002 3.606 2.310 1.115 2.176 1.220
0.000 1.000 6.789 1.356 -4.679 -0.138 3.295 -3.607 1.115 1.774 6.086 3.031 -1.706 2.890 0.185 2.098 3.444 -2.364
1.000 0.000 18.938 -4.121 -3.135 -0.657 4.074 0.559 12.829 -7.532 -2.731 5.414 -2.346 -2.388 9.738 -7.710 10.739 8.061
1.000 0.000 8.573 -1.898 -1.686 -0.397 1.521 -0.191 5.489 -2.618 -0.708 2.546 -1.225 -0.611 4.402 -3.075 4.467 3.559
1.000 0.000 12.277 -0.494 -6.489 -2.283 -1.152 -6.511 1.117 6.028 7.266 6.297 -1.642 6.566 2.865 2.785 2.844 1.350
1.000 0.000 9.887 -0.249 -5.825 -2.210 -1.614 -6.249 -0.041 6.304 7.105 5.482 -1.272 6.466 2.011 3.299 1.948 0.580
0.000 1.000 11.774 -0.020 -7.404 -2.824 -2.365 -8.066 -0.839 8.559 9.382 6.826 -1.425 8.510 1.912 4.741 1.909 0.330
0.000 1.000 7.462 -0.118 -4.325 -1.490 -0.891 -4.306 0.304 4.364 5.035 4.000 -0.956 4.484 1.658 2.126 1.583 0.547
0.000 0.000 5.354 -0.257 -2.808 -0.701 0.059 -2.545 1.000 1.998 3.164 2.376 -0.769 2.360 1.516 0.693 1.389 0.555
0.000 0.000 4.422 1.001 -3.907 -0.984 -0.326 -4.012 -1.162 4.328 5.493 2.826 -0.837 4.183 -0.152 2.867 0.364 -1.536
0.000 0.000 8.100 -0.633 -3.616 -1.013 0.200 -2.972 2.039 2.110 3.326 3.406 -1.056 2.731 2.627 0.419 2.589 1.625
0.000 0.000 14.046 -1.961 -4.889 -1.400 1.063 -3.580 5.328 0.904 3.219 5.179 -1.860 2.622 5.305 -1.120 5.512 4.117
0.000 0.000 7.659 -0.124 -4.538 -1.542 -1.086 -4.505 0.200 4.638 5.308 3.941 -0.882 4.694 1.675 2.222 1.599 0.641
1.000 1.000 10.068 -0.445 -5.080 -1.687 -0.586 -4.824 1.465 4.178 5.404 4.934 -1.387 4.797 2.588 1.728 2.581 1.297
1.000 0.000 6.502 -0.347 -3.278 -0.902 -0.059 -2.796 1.287 2.408 3.224 2.739 -0.846 2.705 1.982 0.726 1.846 1.108
0.000 0.000 6.863 -0.151 -3.993 -1.283 -0.796 -3.837 0.401 3.847 4.499 3.360 -0.806 3.920 1.626 1.731 1.511 0.701
0.000 1.000 5.971 -0.410 -2.731 -0.707 0.101 -2.174 1.585 1.598 2.442 2.426 -0.839 2.013 1.977 0.238 1.891 1.191
1.000 0.000 9.144 -1.827 -1.847 -0.329 1.790 -0.027 5.998 -3.064 -0.835 2.705 -1.238 -0.719 4.646 -3.438 5.058 3.616
0.000 0.000 13.334 -0.977 -6.462 -2.335 -0.870 -6.480 1.876 5.438 6.980 6.637 -1.723 6.274 3.610 2.303 3.613 1.925
1.000 1.000 10.661 -2.069 -2.240 -0.410 1.960 -0.072 6.887 -3.360 -0.849 3.155 -1.445 -0.743 5.319 -3.837 5.760 4.263
1.000 0.000 16.142 -3.756 -2.621 -0.623 3.466 0.281 10.871 -6.316 -2.255 4.580 -2.140 -2.063 8.394 -6.517 8.847 6.995
1.000 0.000 11.415 0.548 -6.793 -1.748 0.471 -5.985 1.031 5.273 7.508 5.730 -1.760 6.031 1.839 2.886 3.140 -0.172
0.000 1.000 10.043 -1.167 -3.934 -1.070 0.490 -3.010 3.334 1.430 3.041 3.788 -1.268 2.441 3.678 -0.375 3.667 2.638
0.000 0.000 4.307 0.939 -3.826 -0.816 0.237 -3.661 -0.831 3.737 5.131 2.508 -0.803 3.698 -0.026 2.498 0.591 -1.537
0.000 0.000 15.571 -1.394 -7.057 -2.528 -0.582 -6.879 2.911 5.210 7.246 7.433 -2.020 6.460 4.542 1.955 4.632 2.678
1.000 1.000 7.653 0.317 -5.306 -2.010 -2.152 -5.903 -1.226 6.676 7.130 4.835 -0.904 6.461 0.839 3.816 0.901 -0.223
1.000 0.000 8.871 -1.356 -2.662 -0.649 1.181 -1.414 4.322 -0.729 1.084 2.919 -1.239 0.737 3.862 -1.693 3.934 2.941
0.000 0.000 5.608 0.394 -4.092 -1.489 -1.693 -4.512 -1.070 5.258 5.636 3.633 -0.631 5.023 0.555 2.990 0.562 -0.388
0.000 1.000 4.580 -0.011 -3.026 -0.942 -0.472 -2.972 -0.027 3.064 3.594 2.429 -0.677 3.002 1.016 1.511 0.721 0.084
0.000 1.000 3.964 -0.067 -2.651 -0.750 -0.301 -2.548 0.077 2.558 3.123 1.917 -0.559 2.528 1.024 1.204 0.657 0.105
0.000 1.000 4.493 0.673 -3.592 -0.666 0.961 -3.333 -0.168 2.703 4.496 2.151 -0.916 2.877 0.398 1.857 1.044 -1.186
0.000 1.000 4.360 0.743 -4.084 -1.510 -1.969 -4.711 -2.083 5.892 6.152 3.244 -0.443 5.326 -0.086 3.670 -0.210 -1.092
0.000 0.000 11.866 -0.188 -6.931 -2.507 -1.683 -7.122 0.179 7.193 8.176 6.444 -1.548 7.433 2.284 3.694 2.298 0.870
0.000 0.000 6.661 0.326 -4.705 -1.765 -1.883 -5.201 -1.109 5.929 6.335 4.253 -0.799 5.716 0.719 3.384 0.738 -0.276
0.000 0.000 9.659 -0.695 -4.554 -1.361 0.010 -3.968 1.979 3.159 4.406 4.168 -1.232 3.708 2.912 0.980 2.829 1.772
0.000 1.000 5.436 0.633 -3.840 -0.687 1.112 -3.338 0.338 2.587 4.588 2.606 -1.011 3.022 0.642 1.686 1.637 -0.996
1.000 0.000 18.785 -1.041 -9.921 -3.702 -2.000 -10.206 1.372 9.501 11.031 9.549 -2.391 10.081 4.352 4.552 4.424 2.379
0.000 0.000 5.847 0.578 -4.811 -1.739 -2.038 -5.327 -1.810 6.373 6.766 3.805 -0.588 5.865 0.383 3.798 0.227 -0.704
0.000 0.000 5.167 0.348 -4.289 -1.470 -1.580 -4.673 -1.464 5.447 5.928 3.179 -0.572 5.006 0.566 3.191 0.222 -0.565
0.000 1.000 4.252 0.675 -3.409 -0.605 1.064 -3.158 -0.098 2.454 4.269 1.990 -0.896 2.667 0.372 1.725 1.082 -1.206
1.000 0.000 5.846 -0.354 -2.817 -0.734 0.067 -2.274 1.417 1.823 2.606 2.375 -0.781 2.176 1.948 0.373 1.794 1.104
0.000 0.000 5.022 1.086 -4.301 -0.888 0.457 -4.029 -0.768 3.965 5.646 2.858 -0.938 4.031 -0.034 2.698 0.907 -1.693
1.000 1.000 14.396 -3.198 -2.416 -0.506 3.025 0.363 9.755 -5.645 -2.050 4.077 -1.833 -1.776 7.501 -5.878 8.113 6.160
0.000 0.000 6.999 -0.664 -3.134 -0.460 2.209 -2.014 2.958 -0.345 2.342 2.545 -1.350 1.339 2.390 -0.570 3.401 0.543
0.000 0.000 5.744 0.200 -3.919 -1.427 -1.378 -4.206 -0.664 4.660 5.068 3.408 -0.668 4.534 0.901 2.519 0.791 -0.069
0.000 0.000 11.619 0.115 -7.130 -2.566 -1.860 -7.547 -0.481 8.029 9.004 6.701 -1.466 8.065 1.808 4.397 1.907 0.221
0.000 0.000 16.365 -1.936 -6.375 -1.880 0.781 -5.132 5.066 2.622 5.058 6.466 -2.125 4.241 5.629 -0.136 5.773 4.156
0.000 1.000 5.829 0.094 -4.018 -1.309 -1.092 -4.036 -0.427 4.418 4.967 3.111 -0.652 4.261 1.166 2.273 0.889 0.118
1.000 0.000 9.009 -0.773 -3.877 -1.120 0.350 -3.228 2.376 2.054 3.560 3.806 -1.146 2.866 3.019 0.337 2.988 1.842
0.000 1.000 7.260 -0.101 -4.486 -1.442 -0.936 -4.355 0.135 4.479 5.190 3.596 -0.830 4.486 1.677 2.132 1.438 0.572
0.000 0.000 6.848 0.066 -4.377 -1.500 -1.262 -4.477 -0.299 4.838 5.402 3.744 -0.796 4.730 1.247 2.496 1.180 0.285
0.000 1.000 8.915 -0.751 -4.112 -1.132 0.139 -3.392 2.181 2.552 3.694 3.592 -1.173 3.100 2.897 0.529 2.745 1.855
0.000 1.000 6.212 -0.041 -3.508 -0.985 -0.337 -3.333 0.643 3.073 4.194 3.121 -0.846 3.404 1.379 1.388 1.435 0.318
0.000 0.000 3.708 0.738 -3.445 -1.200 -1.468 -4.016 -1.693 5.014 5.374 2.883 -0.487 4.559 -0.207 3.111 -0.282 -1.195
0.000 1.000 6.845 -0.214 -3.849 -1.128 -0.487 -3.477 0.780 3.360 4.102 3.116 -0.838 3.516 1.824 1.348 1.671 0.900
0.000 1.000 7.297 0.183 -4.928 -1.766 -1.664 -5.188 -0.742 5.728 6.271 4.150 -0.783 5.551 1.193 3.091 1.078 0.086
0.000 0.000 4.896 0.831 -3.725 -0.621 0.972 -3.291 0.024 2.685 4.665 2.421 -0.925 3.030 0.308 1.831 1.385 -1.247
1.000 1.000 5.298 -0.838 -1.663 0.038 1.793 -0.726 3.014 -1.291 0.848 1.583 -1.149 0.084 2.389 -1.299 3.028 1.031
1.000 0.000 10.801 -1.902 -2.856 -0.755 1.592 -1.306 5.666 -1.600 0.631 3.511 -1.475 0.403 4.890 -2.510 5.038 3.872
0.000 1.000 8.585 -0.031 -5.385 -1.948 -1.468 -5.643 -0.332 5.998 6.650 4.974 -1.150 6.002 1.409 3.200 1.367 0.259
0.000 1.000 2.835 0.360 -2.416 -0.651 -0.605 -2.515 -0.618 2.851 3.334 1.618 -0.490 2.639 0.361 1.584 0.110 -0.467
0.000 1.000 12.279 -0.435 -6.689 -2.322 -1.129 -6.618 0.960 6.288 7.522 6.346 -1.662 6.773 2.777 3.009 2.721 1.248
0.000 1.000 6.486 -0.143 -3.753 -1.203 -0.762 -3.602 0.425 3.604 4.225 3.178 -0.761 3.695 1.564 1.596 1.462 0.670
0.000 1.000 7.087 -0.028 -4.411 -1.564 -1.260 -4.508 -0.133 4.806 5.326 3.978 -0.849 4.790 1.358 2.425 1.282 0.362
0.000 0.000 4.748 -0.201 -2.465 -0.223 1.713 -1.570 1.959 -0.181 2.011 1.707 -0.992 1.177 1.510 -0.337 2.421 -0.199
0.000 0.000 5.629 0.136 -3.440 -1.068 -0.540 -3.369 0.165 3.424 4.161 3.146 -0.818 3.573 1.106 1.723 1.137 0.043
0.000 0.000 9.654 -0.017 -6.055 -2.270 -2.061 -6.479 -0.560 6.950 7.572 5.619 -1.151 6.934 1.551 3.727 1.605 0.381
0.000 0.000 7.922 -1.008 -2.787 -0.651 0.845 -1.753 3.375 0.146 1.711 2.775 -1.149 1.266 3.134 -0.965 3.309 2.242
1.000 0.000 17.091 -3.914 -2.891 -0.708 3.325 0.260 11.398 -6.285 -2.301 4.901 -2.240 -2.003 8.856 -6.695 9.200 7.578
0.000 1.000 8.859 -1.004 -3.358 -0.908 0.611 -2.463 3.159 1.021 2.443 3.298 -1.244 1.944 3.264 -0.466 3.305 2.355
0.000 1.000 5.885 0.268 -4.187 -1.493 -1.524 -4.439 -0.851 5.033 5.448 3.462 -0.627 4.810 0.859 2.747 0.728 -0.108
0.000 1.000 9.715 -0.640 -4.688 -1.491 -0.359 -4.296 1.716 3.617 4.777 4.434 -1.198 4.149 2.773 1.288 2.758 1.630
0.000 0.000 8.311 -0.382 -4.341 -1.422 -0.476 -4.090 1.003 3.743 4.618 4.021 -1.075 4.033 2.234 1.562 2.097 1.066
0.000 0.000 7.180 -0.414 -3.550 -1.067 -0.303 -3.192 1.290 2.726 3.645 3.247 -0.864 3.113 2.116 0.906 2.048 1.167
0.000 1.000 11.415 -0.395 -6.366 -2.282 -1.258 -6.366 0.610 6.227 7.193 5.774 -1.361 6.439 2.643 2.981 2.556 1.217
0.000 1.000 10.827 0.381 -7.617 -2.997 -2.982 -8.675 -2.077 9.729 10.383 6.830 -1.272 9.351 1.110 5.787 1.107 -0.492
0.000 1.000 4.347 -0.032 -2.608 -0.596 0.205 -2.406 0.549 1.968 3.118 1.981 -0.686 2.205 1.074 0.871 0.999 0.048
1.000 1.000 7.695 -0.768 -3.282 -0.850 0.260 -2.543 2.329 1.541 2.771 2.957 -0.955 2.218 2.764 -0.050 2.661 1.822
0.000 1.000 12.149 -0.461 -6.760 -2.463 -1.461 -6.831 0.606 6.740 7.706 6.491 -1.566 7.094 2.648 3.309 2.640 1.215
0.000 0.000 9.104 -0.374 -4.849 -1.666 -0.962 -4.733 0.908 4.453 5.340 4.583 -1.097 4.838 2.271 1.947 2.228 1.130
0.000 1.000 13.076 -0.623 -6.963 -2.503 -1.250 -6.846 1.158 6.405 7.558 6.437 -1.502 6.878 3.280 2.903 3.152 1.695
0.000 1.000 3.252 1.228 -3.408 -0.641 0.297 -3.265 -1.098 3.370 4.746 1.989 -0.656 3.240 -0.429 2.418 0.350 -1.857
0.000 1.000 6.209 0.210 -3.953 -1.392 -1.175 -4.174 -0.339 4.527 5.085 3.632 -0.772 4.502 1.013 2.405 1.010 -0.020
0.000 0.000 12.343 -1.313 -5.174 -1.518 0.305 -4.289 3.415 2.686 4.473 4.978 -1.506 3.736 4.152 0.276 4.151 2.904
0.000 0.000 12.671 -0.250 -6.765 -2.196 -0.975 -6.654 1.077 6.333 7.954 6.678 -1.638 6.946 2.703 3.036 2.866 1.038
0.000 1.000 6.931 -0.274 -3.552 -1.101 -0.347 -3.283 1.015 2.928 3.796 3.269 -0.908 3.246 1.895 1.143 1.840 0.927
0.000 1.000 7.671 0.149 -4.964 -1.805 -1.522 -5.288 -0.618 5.793 6.362 4.531 -0.917 5.664 1.210 3.192 1.187 0.041
0.000 1.000 8.251 0.190 -5.476 -2.054 -1.833 -5.937 -0.864 6.440 7.014 4.876 -0.984 6.335 1.237 3.546 1.132 -0.025
0.000 0.000 13.335 -0.056 -8.327 -3.183 -2.673 -9.029 -0.900 9.548 10.460 7.607 -1.533 9.473 2.208 5.269 2.218 0.518
0.000 0.000 5.600 -0.321 -2.660 -0.706 -0.021 -2.191 1.329 1.727 2.521 2.374 -0.765 2.092 1.794 0.380 1.699 0.993
0.000 1.000 13.448 -0.579 -6.701 -2.128 -0.667 -6.376 1.870 5.603 7.422 6.630 -1.677 6.417 3.344 2.370 3.501 1.708
1.000 1.000 12.715 -2.064 -3.462 -0.811 2.064 -1.457 6.766 -2.126 0.811 4.235 -1.847 0.468 5.477 -2.939 6.056 4.185
0.000 1.000 4.360 0.592 -3.617 -1.268 -1.452 -3.991 -1.316 4.832 5.190 2.926 -0.487 4.482 0.251 2.848 0.143 -0.722
0.000 0.000 18.180 -0.742 -10.203 -3.802 -2.424 -10.666 0.451 10.428 11.819 9.532 -2.232 10.717 3.796 5.304 3.819 1.839
1.000 1.000 12.689 -1.885 -3.958 -1.147 1.430 -2.628 5.451 -0.320 2.120 4.536 -1.683 1.582 5.158 -1.747 5.323 3.956
0.000 1.000 7.063 -0.128 -4.222 -1.358 -0.873 -4.072 0.314 4.113 4.804 3.446 -0.805 4.183 1.686 1.890 1.509 0.662
0.000 1.000 3.873 -0.040 -1.943 0.004 1.666 -1.210 1.662 -0.213 1.832 1.319 -0.983 0.749 1.169 -0.164 2.185 -0.257
1.000 1.000 6.096 -0.632 -2.362 -0.397 1.226 -1.451 2.736 -0.312 1.553 2.177 -1.041 0.920 2.309 -0.805 2.824 1.119
0.000 0.000 9.497 -0.009 -5.964 -2.226 -1.726 -6.378 -0.514 6.779 7.485 5.514 -1.182 6.754 1.651 3.702 1.586 0.236
0.000 1.000 10.572 -0.303 -5.920 -2.081 -1.198 -5.919 0.521 5.855 6.760 5.422 -1.295 6.016 2.321 2.843 2.329 1.071
0.000 1.000 9.734 0.346 -6.733 -2.607 -2.614 -7.610 -1.673 8.535 9.150 6.120 -1.123 8.210 1.065 5.021 1.112 -0.370
0.000 1.000 3.610 0.078 -2.078 -0.307 0.734 -1.702 0.878 0.884 2.247 1.398 -0.742 1.271 0.969 0.330 1.211 -0.088
0.000 1.000 10.618 -0.449 -5.884 -2.051 -1.107 -5.841 0.725 5.698 6.647 5.615 -1.426 6.021 2.341 2.690 2.278 1.055
0.000 1.000 16.289 -2.023 -6.236 -1.823 0.768 -4.921 5.256 2.300 4.758 6.333 -2.052 3.987 5.758 -0.416 5.882 4.327
1.000 0.000 8.015 -0.657 -3.521 -0.997 0.169 -2.884 2.090 1.985 3.246 3.426 -0.994 2.683 2.654 0.337 2.640 1.626
0.000 0.000 7.142 0.002 -4.447 -1.632 -1.195 -4.679 -0.222 4.916 5.487 4.028 -0.911 4.950 1.386 2.570 1.262 0.205
1.000 0.000 5.257 0.409 -3.211 -0.299 1.698 -2.640 1.024 1.427 3.928 2.222 -1.199 2.061 0.867 1.064 2.096 -0.802
0.000 0.000 19.713 -1.904 -8.598 -2.766 -0.023 -7.669 4.490 5.541 7.933 8.505 -2.443 7.020 6.037 1.540 6.110 4.147
1.000 0.000 11.485 -1.356 -4.424 -0.254 4.095 -2.901 4.952 -0.918 3.763 4.124 -2.549 1.387 4.067 -0.766 5.907 1.329
0.000 0.000 12.630 -0.553 -6.988 -2.508 -1.334 -6.956 0.754 6.830 7.832 6.669 -1.639 7.188 2.789 3.303 2.750 1.339
0.000 1.000 5.413 0.302 -3.680 -1.097 -0.511 -3.763 -0.271 3.820 4.730 3.100 -0.883 3.861 0.793 2.140 0.840 -0.424
0.000 1.000 20.501 -1.702 -9.509 -3.166 -0.632 -8.773 3.791 7.082 9.284 9.234 -2.518 8.309 5.826 2.543 5.883 3.839
0.000 1.000 6.756 0.263 -4.377 -1.566 -1.366 -4.682 -0.527 5.154 5.719 4.011 -0.823 5.078 0.987 2.812 1.027 -0.094
1.000 0.000 13.634 -0.129 -8.010 -2.894 -2.043 -8.356 -0.051 8.572 9.694 7.440 -1.674 8.720 2.470 4.509 2.598 0.868
0.000 0.000 5.592 0.091 -3.734 -1.297 -0.996 -3.833 -0.349 4.216 4.663 3.284 -0.718 4.110 0.979 2.211 0.814 0.001
1.000 0.000 11.860 -0.205 -6.860 -2.402 -1.288 -6.969 0.368 6.939 8.033 6.439 -1.720 7.239 2.189 3.573 2.214 0.773
1.000 0.000 10.022 -0.371 -5.515 -2.047 -1.253 -5.754 0.523 5.510 6.451 5.280 -1.260 5.893 2.296 2.707 2.237 0.898
0.000 1.000 4.815 0.001 -2.856 -0.867 -0.457 -2.729 0.273 2.735 3.288 2.417 -0.684 2.781 1.133 1.236 1.019 0.331
1.000 1.000 4.109 -0.278 -1.893 0.062 1.820 -1.219 1.776 -0.199 1.862 1.415 -1.086 0.649 1.400 -0.147 2.319 -0.078
0.000 1.000 7.728 -0.439 -3.710 -1.111 -0.128 -3.300 1.469 2.684 3.773 3.547 -1.004 3.167 2.286 0.900 2.249 1.236
0.000 1.000 3.680 0.422 -3.146 -1.036 -1.297 -3.437 -1.125 4.157 4.491 2.396 -0.442 3.817 0.273 2.411 0.123 -0.539
0.000 0.000 9.162 -0.337 -4.974 -1.661 -0.852 -4.786 0.831 4.606 5.510 4.492 -1.087 4.857 2.246 2.051 2.195 1.094
0.000 1.000 4.784 0.244 -3.426 -1.155 -1.185 -3.540 -0.607 4.077 4.447 2.857 -0.533 3.882 0.725 2.170 0.608 -0.119
1.000 1.000 14.140 -1.796 -5.345 -1.532 0.728 -4.153 4.733 1.813 4.046 5.434 -1.767 3.333 5.100 -0.534 5.234 3.834
0.000 1.000 10.020 0.244 -6.761 -2.592 -2.436 -7.537 -1.418 8.366 9.021 6.179 -1.183 8.106 1.263 4.848 1.276 -0.207
1.000 1.000 4.084 0.818 -3.459 -0.794 -0.027 -3.424 -0.720 3.469 4.703 2.408 -0.762 3.462 0.050 2.249 0.544 -1.266
1.000 1.000 10.191 0.052 -5.893 -1.908 -0.667 -5.771 0.533 5.586 6.824 5.393 -1.519 5.943 1.875 2.877 2.100 0.445
0.000 1.000 11.834 -0.303 -6.762 -2.331 -1.110 -6.770 0.552 6.685 7.807 6.367 -1.726 7.008 2.276 3.378 2.261 0.845
0.000 0.000 14.036 -2.240 -4.337 -1.167 1.486 -2.657 6.316 -0.560 2.090 4.932 -1.853 1.652 5.697 -2.129 6.128 4.541
0.000 1.000 14.756 -0.467 -8.440 -3.198 -2.262 -8.989 0.076 8.995 10.088 7.965 -1.802 9.157 2.905 4.684 2.997 1.249
0.000 1.000 4.401 0.267 -3.146 -1.053 -0.852 -3.361 -0.500 3.644 4.151 2.634 -0.668 3.560 0.657 2.006 0.483 -0.327
1.000 1.000 9.151 -1.086 -3.374 -0.864 0.813 -2.205 3.628 0.648 2.106 3.330 -1.300 1.792 3.517 -0.793 3.646 2.461
0.000 0.000 4.998 -0.264 -2.346 -0.133 2.032 -1.402 2.211 -0.485 1.901 1.759 -1.068 0.915 1.675 -0.467 2.789 -0.089
0.000 1.000 13.956 -0.661 -7.396 -2.700 -1.525 -7.520 1.076 7.055 8.217 7.048 -1.763 7.473 3.232 3.306 3.321 1.756
0.000 1.000 6.926 -0.551 -3.079 -0.860 0.174 -2.515 1.805 1.766 2.733 2.874 -0.928 2.294 2.340 0.266 2.229 1.420
1.000 1.000 18.604 -0.880 -10.235 -3.799 -2.261 -10.621 0.792 10.224 11.681 9.623 -2.319 10.605 4.045 5.102 4.076 2.071
0.000 1.000 14.968 -0.317 -8.822 -3.279 -2.313 -9.327 -0.140 9.398 10.561 8.097 -1.837 9.533 2.841 4.931 2.816 1.060
0.000 0.000 9.423 -0.183 -5.431 -1.825 -0.784 -5.381 0.482 5.320 6.283 5.094 -1.395 5.598 1.847 2.654 1.838 0.558
0.000 0.000 7.748 -0.124 -4.047 -0.269 3.249 -2.492 2.941 -0.117 3.545 3.007 -1.680 1.994 2.125 -0.060 4.211 -0.652
0.000 1.000 6.734 0.089 -4.443 -1.494 -1.202 -4.485 -0.366 4.887 5.447 3.633 -0.780 4.745 1.271 2.534 1.099 0.256
0.000 1.000 4.573 0.183 -3.113 -1.018 -0.877 -3.156 -0.311 3.507 3.945 2.538 -0.558 3.409 0.855 1.803 0.718 -0.012
0.000 0.000 14.500 -0.322 -8.139 -2.912 -1.714 -8.399 0.432 8.398 9.679 7.804 -1.831 8.685 2.837 4.298 2.956 1.088
0.000 0.000 11.258 -1.082 -5.000 -1.507 0.070 -4.269 2.793 2.963 4.483 4.563 -1.365 3.810 3.725 0.568 3.568 2.456
0.000 1.000 6.143 -0.821 -2.354 -0.311 1.914 -1.336 3.047 -0.905 1.426 2.055 -1.148 0.689 2.419 -1.059 3.145 0.921
0.000 0.000 8.716 -0.555 -4.424 -1.282 -0.160 -3.843 1.631 3.268 4.287 3.647 -1.084 3.693 2.638 1.046 2.431 1.559
0.000 0.000 5.174 -0.071 -2.887 -0.835 -0.364 -2.745 0.550 2.574 3.381 2.501 -0.684 2.773 1.305 1.082 1.228 0.414
0.000 0.000 9.408 -0.146 -5.745 -2.103 -1.618 -5.985 -0.194 6.289 6.952 5.332 -1.190 6.324 1.688 3.277 1.664 0.518
0.000 1.000 11.663 -0.392 -6.436 -2.267 -1.266 -6.434 0.764 6.209 7.316 6.104 -1.543 6.621 2.596 2.992 2.552 1.152
1.000 0.000 9.266 -1.531 -2.503 -0.586 1.392 -1.250 4.787 -1.295 0.854 3.083 -1.324 0.427 4.089 -2.056 4.253 3.136
0.000 1.000 4.608 1.213 -3.992 -0.582 1.274 -3.625 -0.363 2.935 5.293 2.299 -0.987 3.261 -0.180 2.272 1.287 -1.956
1.000 0.000 15.389 -2.854 -3.643 -0.834 2.798 -1.059 8.941 -3.732 -0.048 4.893 -2.224 -0.237 6.992 -4.362 7.713 5.528
0.000 1.000 8.173 -0.556 -4.001 -1.159 -0.107 -3.495 1.610 2.911 3.934 3.463 -1.019 3.314 2.504 0.889 2.344 1.462
0.000 1.000 3.682 0.601 -3.174 -1.017 -1.173 -3.521 -1.214 4.262 4.714 2.501 -0.480 3.933 0.100 2.518 -0.018 -0.848
0.000 1.000 5.755 -0.017 -3.540 -1.097 -0.664 -3.356 0.186 3.511 4.080 2.865 -0.711 3.493 1.336 1.633 1.175 0.454
1.000 0.000 5.140 0.016 -3.232 -0.937 -0.248 -3.046 0.249 2.952 3.693 2.611 -0.767 3.036 1.146 1.434 1.087 0.125
0.000 0.000 16.388 -0.671 -9.119 -3.424 -2.191 -9.582 0.511 9.324 10.578 8.629 -2.068 9.624 3.438 4.721 3.513 1.663
0.000 1.000 20.712 -1.300 -10.670 -3.912 -1.802 -10.733 1.965 9.797 11.569 10.355 -2.625 10.550 5.048 4.543 5.079 2.871
0.000 0.000 8.658 0.438 -5.593 -1.918 -1.630 -6.031 -0.731 6.631 7.507 5.163 -1.105 6.561 0.991 3.687 1.155 -0.296
0.000 0.000 4.753 -0.598 -1.965 -0.224 1.686 -1.234 2.254 -0.607 1.384 1.557 -0.965 0.642 1.869 -0.713 2.449 0.447
0.000 1.000 15.770 -0.413 -9.175 -3.419 -2.432 -9.569 -0.024 9.730 10.830 8.571 -1.886 9.899 3.020 5.066 3.077 1.324
1.000 0.000 6.175 -0.519 -2.491 -0.660 0.243 -1.891 2.051 0.925 2.089 2.516 -0.857 1.666 2.196 -0.178 2.227 1.370
0.000 1.000 5.991 0.423 -3.846 -0.673 1.246 -3.387 0.667 2.399 4.552 2.746 -1.200 2.888 0.998 1.533 1.895 -0.698
0.000 0.000 9.888 -0.017 -5.556 -1.706 -0.434 -5.249 0.865 4.914 6.238 5.103 -1.447 5.380 1.985 2.409 2.320 0.564
0.000 0.000 12.613 -1.719 -4.454 -1.233 0.883 -3.248 4.745 0.878 3.033 4.668 -1.618 2.415 4.790 -1.010 4.976 3.683
1.000 1.000 3.748 -0.220 -1.832 -0.324 0.556 -1.417 1.226 0.563 1.693 1.340 -0.694 1.005 1.326 -0.077 1.296 0.433
0.000 0.000 12.073 -0.471 -6.627 -2.363 -1.251 -6.653 0.711 6.453 7.468 6.129 -1.490 6.676 2.735 3.108 2.723 1.334
0.000 0.000 6.939 0.068 -4.394 -1.581 -1.246 -4.591 -0.287 4.909 5.452 3.973 -0.878 4.904 1.275 2.584 1.192 0.170
0.000 1.000 9.356 0.188 -6.088 -2.310 -2.079 -6.690 -0.952 7.317 7.975 5.608 -1.098 7.178 1.346 4.123 1.385 -0.020
0.000 0.000 9.832 -0.939 -4.244 -1.189 0.291 -3.426 2.721 2.273 3.623 3.900 -1.286 3.026 3.301 0.256 3.227 2.236
0.000 0.000 17.947 -1.450 -8.527 -3.114 -1.056 -8.569 2.664 7.043 9.144 8.815 -2.315 8.225 4.892 3.009 4.975 2.768
0.000 1.000 5.067 0.214 -3.471 -1.247 -1.165 -3.716 -0.548 4.137 4.528 3.104 -0.632 4.032 0.790 2.247 0.695 -0.159
0.000 0.000 8.356 -0.761 -3.527 -0.992 0.379 -2.896 2.353 1.685 3.170 3.489 -1.113 2.513 2.866 0.151 2.830 1.747
0.000 1.000 12.011 -1.258 -4.914 -1.442 0.380 -4.050 3.429 2.438 4.210 4.930 -1.526 3.531 4.027 0.196 4.102 2.814
0.000 0.000 9.368 -0.355 -5.103 -1.757 -0.917 -4.945 0.782 4.722 5.571 4.629 -1.109 4.977 2.358 2.082 2.228 1.144
0.000 1.000 9.664 -0.568 -4.923 -1.568 -0.491 -4.550 1.418 4.058 5.132 4.404 -1.160 4.462 2.668 1.577 2.564 1.483
0.000 0.000 12.169 -0.276 -6.911 -2.352 -0.998 -6.844 0.660 6.698 7.881 6.446 -1.785 7.038 2.382 3.366 2.365 0.931
1.000 0.000 11.686 -1.482 -4.184 -1.258 0.715 -3.308 4.140 1.084 3.040 4.471 -1.585 2.463 4.352 -0.679 4.450 3.204
0.000 0.000 13.751 -0.855 -7.122 -2.659 -1.372 -7.370 1.215 6.719 8.038 7.082 -1.795 7.303 3.406 3.166 3.343 1.616
0.000 1.000 16.411 -0.589 -9.270 -3.504 -2.385 -9.823 0.268 9.697 10.944 8.712 -2.026 9.918 3.305 5.014 3.425 1.544
0.000 1.000 10.258 -0.814 -4.865 -1.510 -0.318 -4.395 1.993 3.570 4.775 4.511 -1.240 4.167 3.079 1.124 2.985 1.900
0.000 1.000 4.865 0.424 -3.315 -0.462 1.553 -2.729 0.792 1.511 3.740 2.092 -1.051 2.194 0.791 1.087 1.913 -0.933
1.000 1.000 4.423 0.359 -3.239 -1.094 -1.002 -3.557 -0.693 3.962 4.465 2.832 -0.692 3.846 0.463 2.254 0.370 -0.506
0.000 1.000 6.067 0.179 -4.001 -1.363 -1.037 -4.163 -0.349 4.576 5.155 3.632 -0.835 4.550 0.929 2.449 0.855 -0.141
0.000 0.000 12.314 -0.132 -7.286 -2.659 -1.955 -7.704 -0.178 7.928 8.920 6.782 -1.510 7.994 2.204 4.188 2.297 0.732
1.000 1.000 10.110 -1.436 -3.340 -0.837 1.062 -2.031 4.440 -0.085 1.818 3.565 -1.380 1.407 4.058 -1.387 4.339 3.080
1.000 0.000 18.099 -0.703 -10.249 -3.869 -2.586 -10.910 0.220 10.721 12.097 9.634 -2.276 10.958 3.636 5.570 3.703 1.675
0.000 1.000 15.103 -0.314 -8.921 -3.344 -2.474 -9.407 -0.147 9.509 10.630 8.143 -1.793 9.650 2.892 4.965 2.885 1.154
0.000 1.000 7.147 -0.287 -3.657 -0.414 2.480 -2.243 2.886 -0.249 2.848 2.698 -1.406 1.744 2.138 -0.424 3.576 -0.193
1.000 0.000 15.510 -0.454 -9.022 -3.474 -2.572 -9.799 -0.198 9.838 10.971 8.515 -1.940 9.964 2.918 5.240 3.002 1.124
0.000 0.000 7.328 0.260 -5.006 -1.855 -1.859 -5.538 -1.047 6.147 6.669 4.464 -0.861 5.930 0.941 3.477 0.921 -0.169
0.000 0.000 8.385 0.670 -6.617 -2.571 -2.877 -7.694 -2.674 9.069 9.532 5.763 -0.929 8.445 0.359 5.615 0.290 -1.083
1.000 0.000 14.082 -2.091 -4.677 -1.322 1.221 -3.237 5.712 0.368 2.808 5.134 -1.871 2.272 5.468 -1.491 5.734 4.301
1.000 1.000 12.325 -1.665 -4.367 -1.208 0.857 -3.186 4.623 0.884 2.992 4.573 -1.583 2.381 4.669 -0.969 4.856 3.583
0.000 1.000 11.059 -1.044 -4.869 -1.505 -0.132 -4.260 2.675 3.011 4.502 4.693 -1.303 3.899 3.577 0.640 3.564 2.390
1.000 1.000 10.245 -1.312 -3.560 -1.013 0.740 -2.671 3.873 0.641 2.463 3.823 -1.388 1.913 3.940 -0.845 4.042 2.913
0.000 1.000 7.556 -0.102 -4.244 -1.443 -0.873 -4.195 0.416 4.206 4.944 3.981 -0.939 4.352 1.697 2.016 1.690 0.624
0.000 0.000 4.518 1.206 -3.806 -0.481 1.353 -3.436 -0.344 2.900 5.162 2.314 -1.030 3.095 -0.081 2.300 1.383 -1.890
0.000 1.000 7.901 -0.113 -4.592 -1.652 -1.118 -4.757 0.206 4.792 5.536 4.399 -1.063 5.023 1.660 2.417 1.596 0.452
0.000 1.000 5.549 0.283 -3.899 -1.430 -1.401 -4.261 -0.808 4.786 5.201 3.419 -0.687 4.645 0.752 2.673 0.667 -0.263
0.000 0.000 10.327 -1.145 -4.176 -1.162 0.353 -3.311 3.176 1.825 3.407 4.053 -1.285 2.809 3.633 -0.121 3.632 2.570
0.000 1.000 10.535 0.106 -6.810 -2.591 -2.258 -7.483 -1.089 8.145 8.847 6.302 -1.242 7.950 1.522 4.620 1.539 0.047
1.000 0.000 9.815 1.087 -5.775 0.011 5.018 -4.173 2.635 0.993 7.137 4.082 -2.472 2.972 1.069 1.858 5.394 -2.362
0.000 0.000 12.476 -1.576 -4.693 -1.298 0.646 -3.554 4.307 1.431 3.483 4.728 -1.535 2.831 4.604 -0.640 4.687 3.432
0.000 0.000 18.076 -0.737 -10.151 -3.836 -2.514 -10.781 0.346 10.540 11.925 9.570 -2.266 10.810 3.693 5.438 3.769 1.738
0.000 1.000 6.565 0.015 -4.132 -1.329 -0.969 -4.029 0.009 4.255 4.875 3.334 -0.750 4.219 1.419 2.062 1.257 0.438
1.000 0.000 6.971 -0.625 -2.905 -0.784 0.341 -2.235 2.141 1.313 2.396 2.749 -0.921 1.958 2.526 -0.069 2.429 1.594
1.000 1.000 11.432 -0.550 -6.062 -1.945 -0.264 -5.680 1.439 5.001 6.457 5.741 -1.672 5.652 2.775 2.239 2.796 1.182
0.000 0.000 17.381 -0.811 -9.497 -3.612 -2.247 -10.020 0.747 9.602 10.968 9.107 -2.204 10.016 3.755 4.824 3.848 1.841
0.000 1.000 7.554 -0.709 -3.123 -0.849 0.359 -2.442 2.312 1.404 2.606 2.974 -1.039 2.089 2.623 -0.030 2.618 1.756
1.000 1.000 16.682 -0.580 -9.552 -3.613 -2.507 -10.219 0.044 10.141 11.400 8.968 -2.081 10.313 3.275 5.311 3.338 1.422
0.000 1.000 9.882 -0.209 -4.948 -1.366 -0.253 -4.577 1.660 3.764 5.757 4.761 -1.301 4.587 2.253 1.547 2.649 0.961
0.000 1.000 7.381 -0.496 -3.533 -0.967 0.075 -2.954 1.651 2.387 3.373 3.049 -0.967 2.778 2.338 0.621 2.190 1.370
0.000 1.000 10.665 -1.198 -4.210 -1.188 0.500 -3.295 3.404 1.667 3.357 4.143 -1.358 2.706 3.780 -0.224 3.834 2.718
0.000 0.000 6.575 0.339 -4.810 -1.716 -1.801 -5.176 -1.182 5.908 6.378 3.937 -0.706 5.583 0.823 3.329 0.687 -0.232
0.000 1.000 3.894 1.114 -3.584 -0.699 0.261 -3.404 -0.871 3.446 4.884 2.315 -0.765 3.449 -0.229 2.369 0.583 -1.661
0.000 0.000 11.992 -0.027 -7.347 -2.666 -1.991 -7.745 -0.408 8.089 9.019 6.761 -1.555 8.121 1.947 4.357 1.993 0.531
1.000 0.000 5.830 -0.177 -2.790 -0.076 2.684 -1.629 2.505 -0.562 2.405 2.120 -1.274 1.148 1.800 -0.378 3.445 -0.381
0.000 1.000 4.930 0.382 -3.582 -1.172 -0.932 -3.834 -0.696 4.274 4.862 3.069 -0.760 4.121 0.542 2.450 0.437 -0.511
0.000 1.000 14.589 -0.003 -8.764 -3.163 -2.247 -9.250 -0.431 9.674 10.876 8.194 -1.809 9.751 2.365 5.250 2.513 0.586
0.000 0.000 12.938 -0.114 -7.752 -2.879 -2.230 -8.270 -0.358 8.593 9.571 7.261 -1.601 8.654 2.223 4.628 2.358 0.698
0.000 1.000 6.511 0.045 -4.080 -1.366 -0.892 -4.143 -0.051 4.406 5.079 3.739 -0.887 4.467 1.198 2.258 1.087 0.071
0.000 0.000 16.383 -1.735 -6.868 -2.128 0.168 -5.905 4.271 3.855 6.023 6.858 -2.017 5.250 5.300 0.672 5.380 3.762
0.000 0.000 12.867 -1.717 -4.619 -1.291 0.821 -3.427 4.709 1.079 3.250 4.831 -1.629 2.616 4.823 -0.898 5.010 3.687
0.000 0.000 14.858 -1.037 -7.221 -2.443 -0.894 -6.859 2.300 5.893 7.410 6.931 -1.802 6.657 4.030 2.306 4.075 2.488
1.000 0.000 12.070 -0.475 -6.622 -2.406 -1.546 -6.700 0.696 6.573 7.543 6.418 -1.506 6.954 2.667 3.154 2.708 1.290
1.000 0.000 11.837 -0.062 -7.195 -2.617 -1.869 -7.543 -0.279 7.832 8.754 6.665 -1.586 7.930 1.955 4.203 2.003 0.561
1.000 1.000 4.752 0.245 -3.434 -0.618 1.223 -3.092 0.424 2.028 3.903 2.078 -1.069 2.524 0.874 1.306 1.385 -0.875
0.000 1.000 6.246 -0.166 -3.357 -1.042 -0.448 -3.151 0.712 2.956 3.708 3.095 -0.834 3.180 1.654 1.229 1.547 0.659
0.000 1.000 3.542 1.114 -3.045 -0.279 1.156 -2.620 -0.145 2.165 4.154 1.746 -0.863 2.391 -0.193 1.741 1.219 -1.677
0.000 1.000 11.698 -0.633 -6.128 -2.101 -0.994 -5.898 1.335 5.382 6.506 5.529 -1.348 5.848 3.054 2.294 2.955 1.692
0.000 0.000 8.380 -0.409 -3.792 -0.941 0.128 -3.153 2.164 2.121 3.908 3.690 -1.108 3.016 2.369 0.475 2.716 1.290
0.000 0.000 8.496 -0.467 -4.475 -1.433 -0.627 -4.204 1.110 3.797 4.700 3.897 -0.998 4.136 2.344 1.490 2.190 1.249
0.000 1.000 6.964 0.324 -4.857 -1.813 -1.799 -5.379 -1.080 5.994 6.485 4.330 -0.850 5.818 0.836 3.398 0.774 -0.304
0.000 1.000 4.075 1.139 -3.717 -0.613 0.814 -3.481 -0.681 3.167 4.981 2.128 -0.842 3.222 -0.192 2.301 0.810 -1.731
1.000 1.000 8.623 -1.048 -3.050 -0.840 0.739 -2.161 3.330 0.434 2.104 3.200 -1.143 1.584 3.320 -0.782 3.394 2.377
0.000 0.000 13.089 -0.582 -7.002 -2.467 -1.404 -6.890 1.094 6.570 7.691 6.584 -1.579 6.978 3.095 2.996 3.118 1.696
1.000 1.000 6.325 -0.812 -2.550 -0.318 1.906 -1.474 3.071 -0.820 1.565 2.119 -1.193 0.840 2.489 -1.046 3.150 0.834
0.000 1.000 4.793 0.130 -2.957 -0.645 0.352 -2.585 0.594 2.054 3.275 2.150 -0.783 2.344 1.080 0.997 1.364 -0.031
1.000 0.000 6.420 -0.016 -3.784 -1.283 -0.852 -3.768 0.174 3.907 4.501 3.429 -0.786 3.968 1.397 1.902 1.344 0.406
1.000 1.000 8.907 1.355 -5.444 0.271 4.941 -3.657 2.464 0.972 6.818 3.717 -2.442 2.660 0.662 2.013 5.345 -2.580
0.000 1.000 14.695 -0.308 -8.735 -3.278 -2.449 -9.288 -0.334 9.549 10.601 8.134 -1.771 9.629 2.711 5.098 2.745 0.974
0.000 1.000 15.173 -0.396 -8.714 -3.199 -2.117 -8.984 0.328 8.910 10.104 7.979 -1.856 9.165 3.061 4.511 3.078 1.383
1.000 1.000 11.796 -2.498 -2.461 -0.489 2.198 -0.152 7.588 -3.641 -0.979 3.498 -1.629 -0.765 6.004 -4.249 6.213 4.853
0.000 0.000 11.495 0.629 -6.892 -1.811 0.331 -6.155 0.886 5.521 7.711 5.841 -1.758 6.228 1.756 3.064 3.090 -0.216
1.000 1.000 12.379 -0.589 -5.655 -0.242 5.220 -2.781 5.565 -1.352 4.047 4.718 -2.442 2.481 3.885 -1.119 7.210 -0.386
0.000 1.000 10.642 -0.950 -4.733 -1.384 0.172 -4.011 2.596 2.868 4.346 4.400 -1.322 3.607 3.402 0.625 3.351 2.249
1.000 1.000 16.832 -3.653 -2.844 -0.548 3.699 0.479 11.436 -6.784 -2.363 4.743 -2.095 -2.150 8.671 -6.888 9.655 7.108
0.000 0.000 11.704 0.072 -7.271 -2.677 -2.091 -7.807 -0.693 8.348 9.246 6.804 -1.436 8.296 1.806 4.618 1.885 0.240
0.000 1.000 16.762 -0.516 -9.743 -3.706 -2.697 -10.502 -0.196 10.556 11.795 9.138 -2.084 10.681 3.158 5.621 3.245 1.287
1.000 1.000 9.439 0.061 -5.547 -1.825 -0.802 -5.498 0.356 5.419 6.492 5.083 -1.403 5.703 1.689 2.801 1.872 0.393
0.000 0.000 14.099 -1.181 -6.665 -2.169 -0.335 -6.090 2.674 4.837 6.493 6.101 -1.663 5.677 4.230 1.616 4.065 2.677
0.000 0.000 8.515 -0.586 -4.288 -1.339 -0.384 -3.944 1.419 3.352 4.335 3.726 -1.018 3.770 2.537 1.152 2.332 1.425
0.000 1.000 3.958 1.493 -3.929 -0.608 0.785 -3.686 -1.043 3.582 5.488 2.292 -0.869 3.581 -0.565 2.732 0.760 -2.234
0.000 0.000 9.354 0.152 -6.072 -2.281 -2.143 -6.559 -0.841 7.150 7.771 5.492 -1.083 7.041 1.408 3.950 1.456 0.184
1.000 0.000 10.083 -0.225 -5.611 -1.811 -0.586 -5.422 0.846 5.131 6.330 5.280 -1.494 5.573 2.111 2.486 2.233 0.705
1.000 0.000 8.852 -1.302 -2.856 -0.646 0.983 -1.501 4.236 -0.444 1.184 2.955 -1.254 0.997 3.787 -1.593 3.909 2.770
0.000 0.000 12.883 -0.149 -7.760 -2.917 -2.336 -8.282 -0.438 8.608 9.523 7.172 -1.507 8.630 2.295 4.609 2.361 0.766
0.000 0.000 7.898 -0.472 -3.981 -1.163 -0.238 -3.516 1.387 3.057 3.999 3.457 -0.977 3.403 2.311 1.032 2.173 1.308
0.000 0.000 8.827 0.203 -5.871 -2.236 -2.065 -6.490 -1.062 7.130 7.732 5.376 -1.069 6.967 1.218 4.057 1.215 -0.107
0.000 0.000 9.125 -0.113 -5.516 -1.979 -1.391 -5.721 -0.060 5.946 6.673 5.181 -1.252 6.057 1.596 3.094 1.591 0.439
0.000 1.000 12.105 -1.083 -5.370 -1.716 -0.214 -4.822 2.730 3.549 5.146 5.340 -1.446 4.493 3.723 0.960 3.823 2.469
0.000 0.000 7.983 0.433 -5.747 -2.192 -2.300 -6.502 -1.614 7.432 7.929 5.250 -1.028 7.147 0.596 4.399 0.661 -0.553
0.000 0.000 4.442 0.346 -3.292 -1.074 -0.824 -3.518 -0.639 3.904 4.465 2.803 -0.712 3.799 0.504 2.223 0.370 -0.535
1.000 1.000 6.939 -0.834 -2.577 -0.620 0.552 -1.830 2.660 0.548 1.875 2.478 -0.953 1.356 2.718 -0.610 2.721 1.906
0.000 1.000 8.295 0.676 -6.496 -2.531 -2.960 -7.558 -2.558 8.903 9.347 5.684 -0.912 8.332 0.348 5.472 0.359 -0.986
0.000 0.000 11.232 -0.050 -6.997 -2.669 -2.175 -7.604 -0.687 8.044 8.840 6.482 -1.366 8.008 1.885 4.434 1.887 0.353
0.000 0.000 3.955 0.330 -2.466 -0.425 0.434 -2.014 0.614 1.489 2.713 1.665 -0.671 1.794 0.802 0.696 1.269 -0.183
0.000 0.000 4.342 1.115 -3.828 -0.752 0.329 -3.627 -0.808 3.590 5.166 2.532 -0.849 3.646 -0.153 2.464 0.713 -1.667
1.000 1.000 13.643 -2.680 -3.177 -0.644 2.417 -0.658 8.248 -3.557 -0.451 4.047 -1.895 -0.468 6.558 -4.264 7.040 5.223
0.000 1.000 5.193 -0.307 -2.356 -0.514 0.246 -1.742 1.602 1.122 1.999 1.961 -0.765 1.547 1.810 -0.001 1.837 1.016
0.000 1.000 5.263 0.637 -4.666 -1.740 -2.190 -5.393 -2.202 6.562 6.894 3.716 -0.541 5.971 0.081 4.054 -0.084 -1.018
0.000 1.000 16.430 -0.552 -9.428 -3.520 -2.416 -9.941 0.107 9.896 11.130 8.783 -2.014 10.088 3.277 5.127 3.302 1.455
0.000 1.000 9.505 -0.444 -4.880 -1.626 -0.588 -4.635 1.166 4.257 5.252 4.652 -1.208 4.608 2.489 1.816 2.433 1.239
0.000 1.000 6.618 0.672 -5.657 -2.171 -2.610 -6.588 -2.596 7.912 8.299 4.631 -0.701 7.268 0.134 4.923 -0.025 -1.145
0.000 0.000 8.794 -0.509 -4.287 -1.350 -0.262 -3.870 1.507 3.302 4.354 4.093 -1.129 3.753 2.554 1.185 2.469 1.386
0.000 1.000 11.388 -0.114 -6.688 -2.434 -1.786 -6.981 -0.017 7.218 8.118 6.312 -1.402 7.362 2.104 3.759 2.204 0.710
1.000 1.000 9.808 -1.250 -3.443 -0.919 0.835 -2.368 3.885 0.473 2.241 3.628 -1.350 1.760 3.709 -0.902 3.998 2.756
1.000 0.000 20.531 -4.016 -3.734 -0.599 4.692 0.637 13.858 -8.299 -2.734 5.871 -2.390 -2.373 10.339 -8.353 12.202 8.101
0.000 0.000 4.770 0.503 -3.550 -0.794 0.314 -3.386 -0.202 3.148 4.606 2.562 -0.825 3.309 0.506 1.924 0.885 -0.897
0.000 0.000 9.717 0.032 -6.228 -2.343 -2.009 -6.680 -0.733 7.131 7.812 5.521 -1.115 7.052 1.649 3.871 1.554 0.279
0.000 0.000 8.723 -0.523 -4.529 -1.445 -0.564 -4.233 1.226 3.757 4.710 3.945 -1.025 4.129 2.464 1.432 2.288 1.336
0.000 1.000 5.550 -0.003 -3.268 -1.038 -0.624 -3.159 0.286 3.218 3.824 2.800 -0.693 3.303 1.289 1.490 1.197 0.392
0.000 1.000 5.354 0.144 -3.499 -0.736 0.650 -3.239 0.421 2.602 4.221 2.480 -0.931 2.895 1.037 1.440 1.244 -0.353
0.000 0.000 8.213 -0.281 -4.527 -1.517 -0.735 -4.347 0.682 4.208 4.967 4.018 -1.012 4.373 2.027 1.866 1.931 0.970
1.000 0.000 7.163 0.248 -4.700 -1.680 -1.334 -5.019 -0.566 5.498 6.121 4.293 -0.923 5.436 1.064 3.031 1.022 -0.167
0.000 0.000 10.373 0.469 -7.465 -2.920 -3.013 -8.566 -2.280 9.752 10.369 6.731 -1.188 9.284 0.896 5.874 0.907 -0.683
1.000 0.000 12.301 -1.768 -3.894 -1.088 1.250 -2.592 5.259 -0.268 2.210 4.529 -1.739 1.659 4.884 -1.601 5.133 3.726
0.000 0.000 10.353 -0.276 -5.929 -2.107 -1.349 -6.025 0.373 6.021 6.914 5.615 -1.381 6.281 2.101 2.985 2.082 0.828
1.000 0.000 5.283 1.230 -4.193 -0.519 1.519 -3.713 -0.128 3.008 5.624 2.692 -1.177 3.423 -0.034 2.378 1.724 -1.970
0.000 0.000 7.253 -0.657 -3.049 -0.828 0.262 -2.407 2.164 1.467 2.552 2.872 -1.000 2.086 2.499 0.020 2.462 1.652
0.000 1.000 11.873 0.222 -8.033 -3.119 -2.868 -8.919 -1.712 9.794 10.552 7.130 -1.358 9.506 1.553 5.660 1.477 -0.138
0.000 0.000 18.883 -0.790 -10.571 -3.977 -2.521 -11.133 0.447 10.871 12.302 9.981 -2.369 11.174 3.898 5.579 3.958 1.872
0.000 0.000 7.308 -0.371 -3.664 -1.145 -0.287 -3.327 1.157 2.928 3.760 3.457 -0.961 3.258 2.107 1.066 1.980 1.064
0.000 0.000 8.287 -0.485 -4.135 -0.555 2.645 -2.577 3.289 -0.097 3.153 3.193 -1.609 2.055 2.532 -0.419 3.972 0.053
0.000 1.000 8.975 -0.250 -5.247 -1.862 -1.233 -5.301 0.241 5.402 6.110 4.887 -1.159 5.533 1.834 2.656 1.771 0.711
1.000 1.000 15.816 -1.176 -7.349 -2.473 -0.418 -6.870 2.991 5.323 7.281 7.209 -2.069 6.437 4.512 1.890 4.507 2.769
0.000 0.000 3.501 0.259 -2.674 -0.880 -0.798 -2.917 -0.621 3.212 3.644 2.101 -0.521 3.038 0.498 1.783 0.278 -0.398
0.000 0.000 15.758 -0.452 -9.190 -3.441 -2.474 -9.772 -0.139 9.842 11.012 8.542 -1.925 9.959 3.019 5.179 3.044 1.240
0.000 1.000 11.095 -0.224 -6.443 -2.316 -1.728 -6.601 0.174 6.692 7.553 5.878 -1.291 6.810 2.248 3.340 2.285 0.998
1.000 1.000 13.042 -2.900 -2.459 -0.594 2.556 -0.271 8.297 -4.199 -1.049 3.901 -1.835 -1.051 6.527 -4.583 6.804 5.414
0.000 1.000 6.092 -0.058 -3.695 -1.195 -0.830 -3.593 0.204 3.694 4.287 3.061 -0.681 3.736 1.420 1.717 1.273 0.478
0.000 1.000 6.904 -0.564 -3.204 -0.853 0.094 -2.629 1.752 1.894 2.943 2.740 -0.868 2.363 2.342 0.321 2.167 1.398
1.000 1.000 6.395 -0.301 -3.190 -0.925 -0.142 -2.777 1.156 2.413 3.286 2.987 -0.812 2.778 1.905 0.816 1.819 0.941
0.000 1.000 4.594 -0.482 -2.180 -0.439 0.677 -1.737 1.474 0.800 1.928 1.617 -0.820 1.248 1.761 -0.029 1.535 0.786
1.000 0.000 16.548 -0.590 -9.360 -3.490 -2.291 -9.704 0.453 9.486 10.757 8.591 -1.974 9.785 3.527 4.750 3.498 1.689
0.000 1.000 11.866 -0.188 -6.931 -2.507 -1.683 -7.122 0.179 7.193 8.176 6.444 -1.548 7.433 2.284 3.694 2.298 0.870
0.000 0.000 17.219 -1.742 -7.398 -2.309 0.110 -6.462 4.193 4.461 6.686 7.295 -2.103 5.810 5.421 1.027 5.491 3.800
0.000 0.000 11.395 -0.624 -5.904 -2.176 -1.054 -6.047 1.102 5.412 6.644 5.763 -1.407 6.043 2.851 2.507 2.824 1.369
0.000 1.000 6.381 0.188 -4.234 -1.505 -1.383 -4.484 -0.510 4.983 5.485 3.828 -0.784 4.904 0.964 2.679 0.945 -0.051
1.000 0.000 10.033 -2.279 -1.766 -0.412 1.932 0.019 6.669 -3.570 -1.189 2.874 -1.406 -1.104 5.238 -3.900 5.358 4.331
0.000 0.000 6.948 0.216 -4.687 -1.728 -1.603 -5.108 -0.829 5.659 6.161 4.241 -0.857 5.511 0.982 3.168 0.930 -0.150
0.000 1.000 9.154 -0.655 -4.354 -1.262 0.031 -3.750 1.916 3.021 4.164 3.870 -1.192 3.495 2.768 0.902 2.654 1.701
0.000 0.000 14.523 -0.273 -8.325 -2.988 -1.880 -8.527 0.269 8.646 9.821 7.849 -1.807 8.904 2.779 4.445 2.882 1.115
0.000 1.000 6.703 -0.187 -3.808 -1.196 -0.616 -3.591 0.552 3.556 4.244 3.222 -0.815 3.661 1.653 1.554 1.545 0.731
0.000 0.000 11.509 -0.980 -5.409 -1.585 0.084 -4.609 2.589 3.525 4.934 4.663 -1.450 4.231 3.657 0.909 3.421 2.353
0.000 1.000 7.318 0.110 -4.741 -1.755 -1.499 -5.096 -0.547 5.513 6.057 4.359 -0.916 5.460 1.206 3.006 1.142 0.030
0.000 1.000 8.252 -0.500 -4.091 -1.266 -0.308 -3.730 1.400 3.211 4.242 3.732 -1.000 3.626 2.370 1.150 2.303 1.323
0.000 1.000 14.675 -0.426 -8.456 -3.135 -2.059 -8.706 0.201 8.800 9.853 7.958 -1.807 9.053 2.931 4.530 2.947 1.275
0.000 1.000 10.865 -0.350 -6.280 -2.320 -1.429 -6.449 0.286 6.368 7.252 5.607 -1.279 6.603 2.392 3.172 2.233 0.939
0.000 1.000 3.296 0.361 -2.787 -0.830 -0.767 -2.990 -0.830 3.467 3.957 2.022 -0.454 3.199 0.340 1.974 0.059 -0.617
0.000 1.000 14.036 -0.384 -8.125 -3.077 -2.247 -8.691 -0.052 8.756 9.801 7.631 -1.722 8.875 2.696 4.602 2.788 1.096
0.000 1.000 12.026 -0.160 -7.176 -2.681 -2.154 -7.604 -0.253 7.883 8.726 6.707 -1.463 7.978 2.159 4.163 2.262 0.793
0.000 1.000 10.418 -0.775 -4.711 -1.428 0.077 -4.048 2.329 3.043 4.502 4.590 -1.302 3.804 3.218 0.865 3.226 1.974
1.000 0.000 16.832 -3.653 -2.844 -0.548 3.699 0.479 11.436 -6.784 -2.363 4.743 -2.095 -2.150 8.671 -6.888 9.655 7.108
0.000 0.000 3.876 0.544 -3.279 -0.970 -0.845 -3.554 -1.024 4.116 4.729 2.460 -0.636 3.837 0.225 2.434 0.017 -0.834
0.000 1.000 16.705 -0.654 -9.374 -3.507 -2.243 -9.838 0.415 9.649 10.923 8.855 -2.096 9.916 3.452 4.933 3.511 1.621
0.000 0.000 8.226 -0.103 -4.778 -1.670 -1.063 -4.818 0.203 4.936 5.638 4.426 -1.030 5.016 1.703 2.481 1.701 0.583
1.000 0.000 16.923 -3.183 -3.308 -0.488 3.921 0.319 11.273 -6.553 -1.828 4.898 -2.043 -1.733 8.382 -6.621 10.009 6.451
0.000 0.000 7.817 -0.793 -3.140 -0.827 0.478 -2.345 2.612 1.233 2.442 2.941 -1.116 1.954 2.819 -0.216 2.809 1.955
1.000 0.000 9.918 0.157 -5.655 -1.604 -0.018 -5.154 0.994 4.618 6.248 5.024 -1.540 5.215 1.910 2.336 2.488 0.287
1.000 1.000 8.917 -0.362 -4.489 -1.125 0.951 -3.623 2.079 2.355 4.192 4.008 -1.404 3.315 2.424 0.818 2.959 0.810
0.000 1.000 5.053 0.956 -3.505 -0.140 2.196 -2.759 0.790 1.497 4.543 2.221 -1.270 2.235 0.265 1.503 2.404 -1.646
0.000 0.000 4.976 0.138 -3.242 -0.757 0.505 -3.010 0.372 2.399 3.794 2.437 -0.939 2.730 1.005 1.337 1.208 -0.397
1.000 1.000 4.892 0.332 -3.502 -1.198 -1.077 -3.768 -0.654 4.204 4.704 3.034 -0.689 4.075 0.621 2.345 0.516 -0.365
0.000 0.000 10.877 -0.823 -5.139 -1.603 -0.190 -4.619 2.108 3.732 5.080 4.785 -1.331 4.350 3.207 1.231 3.163 1.988
1.000 1.000 12.072 -0.162 -7.360 -2.830 -2.284 -8.054 -0.568 8.382 9.259 6.911 -1.515 8.397 2.063 4.605 2.125 0.490
0.000 1.000 5.557 0.686 -4.881 -1.776 -2.263 -5.576 -2.211 6.786 7.144 3.853 -0.590 6.181 0.081 4.177 -0.043 -0.981
0.000 0.000 12.487 -0.950 -5.673 -1.815 -0.041 -5.116 2.729 3.736 5.525 5.682 -1.803 4.792 3.639 1.193 3.655 2.168
1.000 1.000 9.627 -1.392 -3.201 -0.802 0.903 -2.016 4.168 0.021 1.763 3.285 -1.289 1.341 3.968 -1.334 4.025 3.033
0.000 0.000 13.146 -0.208 -7.803 -2.919 -2.232 -8.285 -0.257 8.521 9.491 7.238 -1.565 8.579 2.417 4.522 2.494 0.877
0.000 1.000 5.101 0.320 -3.564 -1.148 -1.091 -3.714 -0.530 4.184 4.736 2.964 -0.598 4.057 0.734 2.241 0.657 -0.232
0.000 1.000 6.138 0.157 -4.060 -1.462 -1.256 -4.308 -0.486 4.703 5.181 3.627 -0.783 4.640 1.026 2.537 0.932 -0.026
1.000 1.000 15.096 -0.476 -8.517 -3.143 -2.154 -8.765 0.450 8.698 9.836 7.927 -1.795 8.986 3.152 4.364 3.251 1.544
0.000 0.000 4.094 0.586 -3.280 -0.848 -0.332 -3.215 -0.594 3.450 4.294 2.385 -0.658 3.347 0.309 2.048 0.554 -0.800
0.000 0.000 12.317 -0.121 -7.291 -2.680 -1.902 -7.696 -0.178 7.992 8.958 6.920 -1.535 8.095 2.177 4.266 2.282 0.624
0.000 0.000 4.896 0.067 -3.128 -0.665 0.770 -2.889 0.534 2.064 3.651 2.252 -0.967 2.427 1.072 1.150 1.253 -0.372
0.000 1.000 7.305 -0.423 -3.322 -0.266 2.857 -2.044 3.072 -0.491 2.765 2.616 -1.510 1.256 2.281 -0.372 4.010 0.184
0.000 0.000 5.884 -0.025 -3.249 -0.148 2.458 -1.990 2.260 -0.056 2.856 2.259 -1.287 1.670 1.648 -0.118 3.209 -0.741
0.000 0.000 14.850 -0.242 -8.940 -3.356 -2.534 -9.587 -0.479 9.809 10.926 8.196 -1.810 9.852 2.658 5.267 2.645 0.868
0.000 0.000 5.072 0.868 -4.046 -0.816 0.587 -3.739 -0.395 3.476 5.179 2.725 -0.925 3.644 0.235 2.308 1.098 -1.358
1.000 0.000 11.386 -1.675 -3.733 -0.928 1.211 -2.119 5.177 -0.236 1.720 3.888 -1.589 1.483 4.708 -1.733 4.837 3.552
0.000 1.000 8.544 -0.228 -4.744 -1.616 -0.859 -4.647 0.567 4.572 5.375 4.352 -1.056 4.743 1.999 2.141 1.947 0.852
1.000 1.000 6.947 -0.690 -2.990 -0.783 0.330 -2.383 2.049 1.479 2.611 2.686 -0.944 2.051 2.455 0.037 2.349 1.558
0.000 0.000 6.338 -0.081 -3.580 -1.208 -0.683 -3.551 0.482 3.412 4.206 3.444 -0.918 3.753 1.439 1.622 1.372 0.349
0.000 1.000 6.578 -0.139 -3.884 -1.244 -0.775 -3.753 0.355 3.730 4.386 3.191 -0.770 3.818 1.596 1.682 1.427 0.633
0.000 0.000 11.044 -0.464 -6.078 -2.117 -1.182 -5.954 0.859 5.679 6.655 5.357 -1.258 5.987 2.692 2.582 2.587 1.388
1.000 0.000 7.442 -0.810 -3.042 -0.547 1.626 -1.978 3.156 -0.181 2.087 2.721 -1.308 1.313 2.735 -0.770 3.303 1.179
0.000 1.000 11.101 -0.083 -6.542 -2.329 -1.490 -6.682 0.156 6.777 7.735 6.024 -1.467 6.969 2.087 3.487 2.090 0.708
0.000 1.000 11.578 -2.568 -1.851 -0.335 2.525 0.428 8.019 -4.774 -1.742 3.230 -1.483 -1.579 6.114 -4.918 6.657 4.982
0.000 1.000 16.371 -0.434 -9.629 -3.618 -2.621 -10.279 -0.296 10.443 11.640 8.980 -2.006 10.525 3.042 5.578 3.084 1.182
0.000 1.000 5.159 0.203 -3.335 -0.958 -0.439 -3.185 0.073 3.239 3.984 2.733 -0.713 3.315 0.954 1.637 1.076 -0.040
0.000 0.000 8.024 0.057 -5.143 -1.889 -1.732 -5.480 -0.542 5.949 6.490 4.736 -0.988 5.884 1.232 3.196 1.255 0.203
0.000 0.000 5.480 0.385 -3.777 -1.103 -0.629 -3.841 -0.344 4.086 5.010 3.172 -0.754 4.133 0.682 2.261 0.820 -0.479
0.000 0.000 5.454 -0.040 -3.399 -1.057 -0.681 -3.259 0.144 3.399 3.964 2.705 -0.634 3.391 1.300 1.569 1.094 0.379
1.000 1.000 12.946 -1.890 -4.020 -1.119 1.383 -2.605 5.645 -0.475 2.153 4.651 -1.775 1.569 5.213 -1.833 5.480 4.038
1.000 1.000 16.677 -3.588 -2.731 -0.514 3.702 0.625 11.425 -6.823 -2.517 4.697 -2.029 -2.179 8.672 -6.960 9.652 7.061
0.000 1.000 19.398 -0.902 -10.691 -3.996 -2.371 -11.135 0.756 10.740 12.233 10.106 -2.437 11.120 4.164 5.407 4.207 2.105
0.000 1.000 17.479 -0.752 -9.705 -3.682 -2.300 -10.237 0.550 9.955 11.289 9.241 -2.197 10.286 3.686 5.074 3.752 1.730
1.000 1.000 12.323 -0.162 -7.265 -2.621 -1.791 -7.492 0.056 7.626 8.596 6.690 -1.572 7.782 2.288 3.938 2.321 0.872
1.000 1.000 7.940 -1.193 -2.351 -0.559 0.996 -1.196 3.942 -0.707 0.899 2.610 -1.118 0.613 3.477 -1.594 3.565 2.662
0.000 1.000 16.492 -1.805 -6.818 -2.087 0.399 -5.675 4.602 3.381 5.734 6.609 -1.985 4.870 5.555 0.321 5.560 3.997
0.000 0.000 7.563 -0.589 -3.252 -0.893 0.213 -2.655 2.107 1.615 2.989 3.152 -1.022 2.345 2.507 0.192 2.542 1.528
0.000 1.000 4.779 0.296 -3.457 -1.156 -1.206 -3.590 -0.657 4.156 4.556 2.863 -0.522 3.954 0.693 2.234 0.588 -0.188
0.000 1.000 18.513 -0.791 -10.341 -3.897 -2.481 -10.927 0.457 10.641 12.061 9.755 -2.319 10.939 3.844 5.454 3.904 1.844
0.000 0.000 18.881 -0.797 -10.540 -3.996 -2.584 -11.138 0.460 10.893 12.326 9.943 -2.331 11.197 3.900 5.602 4.011 1.898
0.000 0.000 8.155 -0.482 -4.225 -1.312 -0.451 -3.901 1.217 3.439 4.374 3.632 -0.960 3.781 2.351 1.267 2.166 1.268
0.000 0.000 18.811 -0.764 -10.542 -4.024 -2.695 -11.168 0.414 10.893 12.283 9.927 -2.325 11.240 3.883 5.564 3.962 1.872
0.000 0.000 4.188 1.047 -3.705 -0.620 0.857 -3.415 -0.539 3.063 4.893 2.213 -0.841 3.190 -0.076 2.198 0.912 -1.657
0.000 1.000 8.562 -0.528 -4.382 -1.381 -0.503 -4.070 1.300 3.558 4.517 3.851 -1.013 3.945 2.458 1.309 2.297 1.358
0.000 0.000 7.112 0.200 -4.860 -1.742 -1.620 -5.138 -0.800 5.677 6.217 4.058 -0.779 5.480 1.128 3.087 0.985 0.018
0.000 1.000 10.402 -0.338 -5.903 -2.144 -1.301 -5.996 0.400 6.032 6.871 5.670 -1.337 6.297 2.244 2.992 2.192 0.874
0.000 1.000 12.354 -0.016 -7.797 -2.986 -2.483 -8.518 -0.957 9.079 9.929 7.213 -1.485 8.997 1.963 5.075 1.961 0.293
0.000 0.000 8.381 0.366 -5.873 -2.251 -2.260 -6.595 -1.497 7.463 7.986 5.331 -0.962 7.168 0.914 4.365 0.908 -0.407
0.000 1.000 7.523 -0.315 -4.177 -1.324 -0.624 -3.931 0.792 3.687 4.473 3.450 -0.881 3.910 2.018 1.522 1.822 0.978
0.000 0.000 4.514 1.267 -3.855 -0.471 1.355 -3.463 -0.368 2.909 5.241 2.318 -1.028 3.131 -0.170 2.334 1.408 -1.961
0.000 0.000 3.210 0.601 -3.112 -0.993 -1.272 -3.398 -1.394 4.254 4.597 2.219 -0.368 3.825 0.068 2.549 -0.146 -0.826
0.000 0.000 7.783 -0.356 -4.251 -1.337 -0.604 -3.971 0.899 3.691 4.516 3.559 -0.913 3.945 2.112 1.490 1.929 1.059
0.000 1.000 3.852 0.759 -3.206 -0.530 0.753 -2.960 -0.262 2.526 4.158 1.867 -0.790 2.651 0.169 1.723 0.848 -1.222
0.000 0.000 6.813 -0.020 -4.114 -1.430 -0.881 -4.226 0.054 4.338 5.013 3.846 -0.925 4.447 1.386 2.205 1.253 0.191
1.000 1.000 5.541 0.349 -3.945 -1.434 -1.444 -4.342 -0.899 4.951 5.374 3.562 -0.686 4.772 0.635 2.814 0.593 -0.394
0.000 1.000 10.159 -1.287 -3.685 -0.998 0.684 -2.675 3.773 0.837 2.591 3.756 -1.315 2.022 3.859 -0.764 3.970 2.884
0.000 1.000 2.304 0.837 -2.662 -0.830 -1.100 -3.060 -1.585 3.916 4.268 1.846 -0.330 3.363 -0.323 2.514 -0.458 -1.185
0.000 1.000 5.961 -0.111 -3.488 -1.051 -0.614 -3.241 0.479 3.243 3.871 2.830 -0.694 3.335 1.518 1.380 1.370 0.635
0.000 1.000 11.872 0.583 -7.015 -1.838 0.372 -6.202 1.059 5.501 7.747 5.966 -1.808 6.259 1.912 3.003 3.249 -0.090
1.000 1.000 12.081 -1.985 -3.600 -0.936 1.327 -2.039 5.718 -0.856 1.473 4.091 -1.609 1.104 5.146 -2.197 5.322 4.113
1.000 1.000 12.016 -2.678 -2.249 -0.537 2.335 -0.235 7.674 -3.911 -1.005 3.526 -1.691 -1.020 6.059 -4.265 6.305 5.029
0.000 0.000 15.231 -0.498 -8.726 -3.280 -2.295 -9.294 0.079 9.244 10.397 8.197 -1.903 9.410 3.000 4.813 3.067 1.298
0.000 0.000 9.314 -0.226 -5.306 -1.923 -1.285 -5.446 0.333 5.384 6.224 4.904 -1.131 5.645 2.078 2.666 2.011 0.778
1.000 1.000 12.040 -0.477 -6.438 -2.287 -1.280 -6.432 1.005 6.031 7.172 6.117 -1.496 6.507 2.861 2.794 2.828 1.401
0.000 0.000 10.011 -0.242 -5.494 -1.848 -0.862 -5.437 0.709 5.338 6.428 5.389 -1.370 5.715 2.198 2.586 2.164 0.749
1.000 0.000 16.130 -1.127 -7.793 -2.613 -0.710 -7.300 2.561 6.218 7.893 7.442 -2.002 7.018 4.418 2.416 4.434 2.732
0.000 1.000 6.268 -0.363 -3.082 -1.035 -0.352 -2.961 1.089 2.417 3.281 3.013 -0.888 2.913 1.813 0.890 1.734 0.820
0.000 0.000 12.360 -1.130 -5.501 -1.755 -0.226 -4.936 2.788 3.617 5.240 5.384 -1.448 4.574 3.858 0.958 3.905 2.569
0.000 1.000 6.108 0.240 -4.135 -1.506 -1.381 -4.480 -0.685 4.982 5.452 3.772 -0.757 4.865 0.875 2.764 0.817 -0.206
0.000 0.000 5.287 0.195 -3.485 -1.221 -1.082 -3.649 -0.370 4.017 4.458 3.066 -0.651 3.943 0.899 2.122 0.845 -0.020
1.000 1.000 12.575 -0.226 -7.481 -2.849 -2.212 -7.989 -0.238 8.166 9.071 6.935 -1.513 8.298 2.390 4.304 2.403 0.830
0.000 1.000 6.720 -0.283 -3.742 -1.081 -0.411 -3.372 0.871 3.137 3.902 2.967 -0.849 3.341 1.897 1.190 1.681 0.951
0.000 0.000 7.651 -0.290 -4.229 -1.329 -0.607 -3.954 0.778 3.780 4.552 3.567 -0.927 3.943 1.955 1.590 1.832 0.988
0.000 1.000 6.293 -0.151 -3.599 -1.101 -0.631 -3.352 0.575 3.297 3.930 2.979 -0.754 3.423 1.608 1.371 1.480 0.746
0.000 1.000 6.518 -0.914 -2.494 -0.390 1.654 -1.513 3.108 -0.672 1.499 2.207 -1.194 0.777 2.650 -1.039 3.055 1.210
0.000 1.000 7.471 -0.404 -3.732 -1.059 -0.110 -3.181 1.486 2.722 3.647 3.164 -0.928 3.105 2.286 0.827 2.135 1.299
0.000 1.000 9.627 -0.357 -5.169 -1.799 -0.937 -5.123 0.789 4.883 5.785 4.872 -1.214 5.139 2.306 2.249 2.289 1.089
1.000 1.000 9.903 -0.174 -5.962 -2.199 -1.795 -6.223 -0.138 6.495 7.169 5.546 -1.204 6.564 1.824 3.341 1.847 0.666
0.000 0.000 7.448 -0.154 -3.971 -1.225 -0.609 -3.846 0.867 3.542 4.698 3.752 -0.918 3.970 1.758 1.549 1.859 0.676
0.000 1.000 6.131 -0.832 -2.267 -0.227 2.091 -1.224 3.130 -1.090 1.355 2.007 -1.172 0.568 2.464 -1.152 3.292 0.877
0.000 1.000 6.408 0.431 -4.492 -1.604 -1.652 -4.946 -1.029 5.652 6.176 4.038 -0.779 5.436 0.625 3.242 0.695 -0.404
0.000 1.000 8.705 -0.034 -5.467 -1.995 -1.615 -5.760 -0.391 6.158 6.782 5.062 -1.126 6.142 1.414 3.286 1.402 0.290
0.000 1.000 8.336 -0.637 -3.995 -1.169 -0.136 -3.469 1.768 2.753 3.822 3.479 -1.017 3.244 2.652 0.742 2.455 1.567
0.000 0.000 14.457 -0.319 -8.394 -3.103 -2.143 -8.827 -0.017 8.981 10.091 7.901 -1.777 9.138 2.723 4.718 2.812 1.044
0.000 1.000 16.383 -1.735 -6.868 -2.128 0.168 -5.905 4.271 3.855 6.023 6.858 -2.017 5.250 5.300 0.672 5.380 3.762
0.000 0.000 6.682 -0.268 -3.610 -1.113 -0.477 -3.346 0.802 3.180 3.927 3.144 -0.819 3.380 1.782 1.284 1.672 0.841
0.000 0.000 7.928 -0.122 -4.777 -1.640 -1.141 -4.766 0.134 4.852 5.543 4.004 -0.892 4.902 1.757 2.348 1.600 0.664
0.000 1.000 5.316 0.188 -3.584 -1.210 -0.876 -3.742 -0.350 4.014 4.569 3.122 -0.795 3.977 0.883 2.170 0.733 -0.159
0.000 0.000 3.745 -0.063 -2.202 -0.515 -0.127 -1.927 0.530 1.793 2.372 1.578 -0.578 1.874 1.095 0.632 0.903 0.400
0.000 1.000 7.921 -0.679 -3.789 -1.050 0.192 -3.164 1.837 2.478 3.481 3.155 -1.052 2.897 2.622 0.574 2.367 1.579
1.000 1.000 5.321 -0.330 -2.509 -0.309 1.524 -1.913 1.865 0.343 2.408 1.998 -1.157 1.166 1.719 0.008 2.309 0.315
0.000 0.000 4.985 0.419 -2.945 -0.252 1.530 -2.287 1.187 1.037 3.439 2.028 -1.083 1.774 0.858 0.742 2.160 -0.648
0.000 0.000 6.995 -0.064 -4.125 -1.388 -1.025 -4.111 0.236 4.236 4.906 3.705 -0.811 4.353 1.534 2.032 1.485 0.499
1.000 0.000 12.177 0.083 -6.868 -1.982 -0.075 -6.303 1.195 5.656 7.578 6.171 -1.810 6.366 2.319 2.881 3.110 0.513
1.000 1.000 12.399 -2.851 -1.890 -0.421 2.648 0.427 8.539 -5.041 -1.957 3.479 -1.590 -1.712 6.579 -5.217 7.005 5.451
0.000 1.000 6.838 -0.036 -3.605 -0.890 0.031 -3.222 1.178 2.544 4.193 3.275 -0.961 3.178 1.541 1.047 1.910 0.404
0.000 1.000 5.888 0.447 -3.890 -0.967 -0.027 -3.631 0.087 3.441 4.694 3.047 -0.879 3.628 0.842 1.907 1.370 -0.398
0.000 1.000 8.281 -0.506 -4.311 -1.292 -0.324 -3.865 1.355 3.363 4.302 3.556 -1.016 3.737 2.447 1.169 2.221 1.370
0.000 0.000 13.140 -1.734 -4.864 -1.363 0.866 -3.677 4.631 1.382 3.483 4.853 -1.710 2.805 4.882 -0.740 4.940 3.678
1.000 0.000 12.600 -2.639 -2.279 -0.441 2.554 0.217 8.453 -4.733 -1.583 3.579 -1.633 -1.439 6.486 -4.998 7.065 5.266
0.000 1.000 6.495 -0.079 -3.654 -1.156 -0.594 -3.497 0.495 3.460 4.199 3.268 -0.839 3.603 1.534 1.588 1.478 0.563
0.000 1.000 9.494 -0.067 -5.563 -1.878 -0.968 -5.577 0.316 5.589 6.540 5.158 -1.383 5.815 1.716 2.848 1.799 0.496
1.000 1.000 9.988 -1.384 -3.480 -0.882 0.901 -2.142 4.257 0.312 1.868 3.464 -1.424 1.636 4.060 -1.224 4.002 2.992
0.000 0.000 15.723 -0.534 -8.781 -3.237 -2.035 -9.031 0.562 8.901 10.128 8.251 -1.909 9.216 3.313 4.474 3.397 1.585
0.000 1.000 3.614 0.479 -2.874 -0.753 -0.404 -2.836 -0.513 3.069 3.758 2.057 -0.557 2.937 0.356 1.762 0.475 -0.597
0.000 0.000 6.264 0.178 -4.248 -1.496 -1.411 -4.418 -0.584 4.880 5.351 3.524 -0.674 4.727 1.074 2.574 0.936 0.090
0.000 1.000 6.060 0.281 -4.310 -1.559 -1.606 -4.618 -0.918 5.223 5.639 3.602 -0.650 4.993 0.851 2.875 0.731 -0.134
0.000 1.000 12.565 -1.534 -4.715 -1.346 0.749 -3.648 4.251 1.561 3.552 4.848 -1.675 2.905 4.490 -0.467 4.643 3.340
1.000 1.000 5.883 -0.550 -2.434 -0.583 0.367 -1.704 2.077 0.977 1.822 2.157 -0.868 1.522 2.259 -0.252 2.132 1.445
0.000 1.000 2.958 0.207 -1.981 -0.127 1.169 -1.496 0.824 0.592 2.186 1.106 -0.736 1.083 0.681 0.350 1.264 -0.610
1.000 0.000 16.420 -3.730 -2.566 -0.554 3.539 0.586 11.269 -6.762 -2.607 4.597 -2.041 -2.261 8.622 -6.903 9.361 7.160
0.000 0.000 6.873 -0.253 -3.813 -1.147 -0.529 -3.486 0.817 3.307 4.028 3.136 -0.837 3.503 1.854 1.301 1.700 0.940
0.000 1.000 5.767 -0.376 -2.668 -0.613 0.297 -2.239 1.547 1.376 2.747 2.296 -0.843 1.915 1.839 0.196 1.778 0.913
1.000 1.000 11.895 -1.954 -3.350 -0.863 1.640 -1.884 5.794 -1.269 1.348 4.039 -1.653 0.834 5.108 -2.309 5.316 3.972
0.000 0.000 12.922 -0.860 -6.283 -2.123 -0.616 -5.998 2.064 4.996 6.539 6.156 -1.732 5.829 3.507 1.996 3.486 1.999
1.000 0.000 12.741 -0.042 -7.972 -3.013 -2.612 -8.632 -0.871 9.141 9.999 7.308 -1.505 9.073 2.044 5.015 2.081 0.515
0.000 0.000 2.370 0.874 -2.449 -0.339 0.203 -2.256 -0.612 2.345 3.376 1.238 -0.522 2.220 -0.150 1.560 0.378 -1.200
0.000 1.000 6.587 0.020 -4.021 -1.380 -0.972 -4.065 -0.016 4.269 4.840 3.597 -0.824 4.283 1.332 2.156 1.261 0.316
0.000 0.000 3.850 -0.003 -2.184 -0.545 -0.074 -1.926 0.606 1.574 2.295 1.715 -0.631 1.779 1.061 0.582 1.035 0.263
0.000 0.000 6.740 -0.095 -3.827 -1.294 -0.795 -3.781 0.378 3.797 4.464 3.596 -0.857 3.948 1.562 1.791 1.495 0.511
0.000 0.000 11.318 0.160 -7.383 -2.845 -2.578 -8.155 -1.270 8.894 9.633 6.780 -1.295 8.701 1.597 5.072 1.632 0.032
0.000 1.000 4.320 0.087 -3.061 -0.987 -0.820 -3.097 -0.350 3.414 3.844 2.404 -0.530 3.299 0.852 1.746 0.587 -0.046
0.000 0.000 10.004 -0.147 -6.014 -2.229 -1.859 -6.293 -0.150 6.601 7.276 5.625 -1.191 6.689 1.835 3.400 1.888 0.655
0.000 0.000 6.239 0.905 -5.672 -2.219 -2.976 -6.847 -3.100 8.430 8.724 4.799 -0.671 7.679 -0.319 5.400 -0.330 -1.520
0.000 1.000 6.305 1.116 -4.868 -0.835 1.320 -4.418 -0.299 3.883 6.292 3.282 -1.314 4.156 0.318 2.782 1.590 -1.822
0.000 0.000 7.691 -0.474 -3.868 -1.176 -0.376 -3.511 1.319 3.019 3.925 3.411 -0.918 3.395 2.278 1.020 2.133 1.268
1.000 0.000 4.916 0.184 -3.242 -1.078 -0.902 -3.277 -0.227 3.595 4.058 2.696 -0.564 3.534 0.936 1.829 0.832 0.053
0.000 0.000 18.557 -1.878 -7.977 -2.537 -0.025 -6.996 4.485 4.843 7.202 7.917 -2.233 6.345 5.844 1.130 5.926 4.111
0.000 1.000 6.528 -0.177 -3.633 -1.132 -0.492 -3.399 0.644 3.289 4.000 3.090 -0.823 3.425 1.651 1.411 1.547 0.741
0.000 1.000 12.404 -1.265 -5.154 -1.531 0.331 -4.311 3.395 2.726 4.503 5.149 -1.563 3.806 4.098 0.353 4.157 2.834
0.000 0.000 6.977 -0.506 -3.190 -0.839 0.197 -2.560 1.811 1.873 2.903 2.809 -0.963 2.337 2.283 0.341 2.206 1.403
0.000 1.000 6.750 -0.113 -4.010 -1.213 -0.677 -3.738 0.438 3.783 4.478 3.217 -0.833 3.831 1.648 1.679 1.486 0.713
1.000 0.000 5.093 -0.698 -2.007 -0.260 1.579 -1.201 2.495 -0.676 1.282 1.682 -0.997 0.617 2.048 -0.857 2.555 0.723
1.000 1.000 10.861 0.974 -5.852 0.408 6.369 -3.663 3.923 -0.356 6.910 4.198 -2.853 2.136 1.498 1.266 6.822 -2.307
0.000 0.000 11.414 -0.861 -5.482 -1.762 -0.298 -4.996 2.104 4.061 5.386 4.943 -1.358 4.679 3.396 1.369 3.230 2.085
1.000 0.000 13.816 -1.630 -5.092 -1.589 0.790 -3.994 4.734 1.378 3.795 5.477 -1.849 3.148 4.929 -0.614 5.112 3.561
0.000 0.000 6.964 0.324 -4.857 -1.813 -1.799 -5.379 -1.080 5.994 6.485 4.330 -0.850 5.818 0.836 3.398 0.774 -0.304
0.000 1.000 13.869 -0.400 -7.902 -2.903 -2.039 -8.163 0.313 8.148 9.204 7.329 -1.655 8.375 2.857 4.107 2.928 1.341
0.000 0.000 9.099 -0.775 -3.958 -1.137 0.277 -3.246 2.353 2.208 3.562 3.867 -1.165 2.958 3.013 0.384 2.977 1.895
0.000 1.000 6.068 -0.323 -2.961 -0.807 0.017 -2.578 1.233 2.036 2.970 2.637 -0.853 2.410 1.846 0.607 1.741 0.959
1.000 1.000 13.044 -2.266 -3.491 -0.934 1.920 -1.875 6.550 -1.729 1.137 4.338 -1.782 0.636 5.687 -2.755 5.933 4.514
0.000 0.000 7.350 -0.431 -3.511 -1.040 -0.098 -3.100 1.473 2.485 3.518 3.281 -0.968 2.957 2.197 0.782 2.155 1.227
0.000 0.000 11.047 -0.611 -5.796 -1.954 -0.885 -5.544 1.302 5.042 6.147 5.162 -1.270 5.478 2.937 2.112 2.802 1.607
0.000 0.000 19.676 -2.286 -8.049 -2.824 0.114 -7.440 4.988 4.468 7.414 8.775 -2.625 6.502 6.375 1.031 6.521 4.194
0.000 1.000 7.280 -1.025 -2.483 -0.592 0.738 -1.598 3.142 0.088 1.507 2.527 -1.045 1.097 2.986 -0.983 3.017 2.168
0.000 1.000 7.349 0.039 -4.088 -1.222 -0.665 -3.988 0.626 3.817 5.023 3.829 -0.941 4.197 1.494 1.785 1.643 0.394
0.000 1.000 9.208 0.164 -6.074 -2.247 -2.010 -6.586 -0.935 7.242 7.887 5.638 -1.216 7.131 1.138 4.084 1.197 -0.060
0.000 1.000 15.787 -0.365 -9.258 -3.469 -2.554 -9.733 -0.158 9.941 11.045 8.626 -1.888 10.084 2.955 5.235 3.039 1.245
0.000 1.000 13.949 -0.206 -8.443 -3.172 -2.457 -8.980 -0.518 9.369 10.318 7.855 -1.690 9.401 2.431 5.055 2.469 0.814
0.000 0.000 11.887 0.253 -8.073 -3.140 -2.913 -9.109 -1.888 10.106 10.861 7.394 -1.384 9.740 1.410 5.949 1.393 -0.339
1.000 1.000 7.316 -0.252 -4.065 -1.316 -0.721 -3.864 0.694 3.709 4.469 3.477 -0.824 3.925 1.911 1.575 1.762 0.877
0.000 0.000 7.130 -0.010 -4.583 -1.549 -1.212 -4.604 -0.185 4.857 5.482 3.714 -0.809 4.823 1.491 2.430 1.269 0.398
0.000 1.000 4.467 -0.248 -2.090 -0.466 0.149 -1.637 1.262 1.003 1.926 1.785 -0.696 1.410 1.499 0.071 1.468 0.763
0.000 0.000 6.811 -0.353 -3.455 -1.029 -0.388 -3.115 1.152 2.746 3.555 3.088 -0.816 3.071 1.986 0.939 1.888 1.067
0.000 1.000 4.977 0.269 -3.418 -1.011 -0.423 -3.482 -0.213 3.447 4.329 2.806 -0.850 3.518 0.794 1.928 0.827 -0.400
0.000 1.000 7.852 -0.630 -3.475 -0.963 0.234 -2.831 2.044 1.959 3.157 3.253 -1.039 2.571 2.576 0.339 2.539 1.612
0.000 1.000 3.066 0.627 -2.928 -0.898 -0.993 -3.275 -1.294 4.004 4.458 2.206 -0.456 3.624 -0.047 2.427 -0.256 -1.028
0.000 1.000 10.085 -0.683 -4.892 -1.574 -0.487 -4.523 1.733 3.835 4.968 4.607 -1.225 4.376 2.873 1.372 2.842 1.710
0.000 1.000 7.201 -0.350 -3.749 -1.137 -0.370 -3.413 1.048 3.130 3.966 3.309 -0.892 3.396 1.988 1.195 1.885 1.018
1.000 1.000 13.015 -2.623 -2.359 -0.350 2.958 0.376 8.852 -5.181 -1.638 3.691 -1.615 -1.514 6.677 -5.313 7.628 5.233
1.000 0.000 9.122 -1.597 -2.341 -0.521 1.453 -0.915 5.029 -1.613 0.434 2.934 -1.283 0.196 4.225 -2.344 4.347 3.273
1.000 0.000 7.903 -0.944 -2.932 -0.779 0.609 -2.033 3.025 0.729 1.977 2.917 -1.152 1.638 3.017 -0.590 3.030 2.158
0.000 0.000 7.311 0.849 -5.783 -2.177 -2.538 -6.788 -2.396 8.090 8.602 5.201 -0.880 7.568 0.027 5.019 0.138 -1.238
0.000 0.000 5.225 -0.128 -2.879 -0.843 -0.439 -2.647 0.649 2.524 3.135 2.509 -0.651 2.702 1.391 0.982 1.310 0.597
0.000 0.000 11.340 0.265 -6.623 -1.958 -0.174 -6.232 0.772 5.770 7.542 5.868 -1.740 6.341 1.972 3.081 2.666 0.192
0.000 0.000 10.331 0.022 -6.513 -2.457 -2.042 -7.035 -0.693 7.503 8.232 6.008 -1.262 7.465 1.698 4.125 1.684 0.261
0.000 0.000 11.240 -0.458 -6.129 -2.249 -1.302 -6.251 0.691 5.976 6.976 5.803 -1.360 6.362 2.670 2.846 2.558 1.162
1.000 1.000 11.922 -2.246 -2.773 -0.495 2.240 -0.374 7.448 -3.442 -0.615 3.528 -1.638 -0.570 5.839 -4.018 6.364 4.520
0.000 0.000 13.430 -0.910 -6.536 -2.180 -0.585 -6.063 2.146 5.180 6.645 6.212 -1.597 5.865 3.789 1.977 3.732 2.250
0.000 0.000 6.256 0.598 -5.212 -1.973 -2.330 -5.989 -2.208 7.158 7.544 4.281 -0.665 6.607 0.247 4.383 0.101 -0.951
1.000 1.000 11.584 -2.506 -2.177 -0.391 2.400 0.097 7.722 -4.213 -1.277 3.276 -1.558 -1.199 6.009 -4.523 6.404 4.846
0.000 1.000 7.123 0.268 -4.858 -1.815 -1.687 -5.293 -0.899 5.907 6.402 4.348 -0.857 5.731 0.991 3.332 0.951 -0.171
0.000 1.000 6.247 0.099 -3.915 -1.376 -1.008 -4.080 -0.119 4.286 4.892 3.607 -0.865 4.375 1.166 2.239 1.074 0.069
0.000 0.000 7.326 -0.422 -3.810 -1.227 -0.404 -3.559 1.052 3.191 4.031 3.616 -0.985 3.577 1.996 1.243 1.859 0.967
0.000 1.000 7.522 -0.720 -3.007 -0.763 0.482 -2.243 2.500 1.051 2.453 2.902 -1.046 1.840 2.678 -0.237 2.723 1.792
0.000 0.000 6.640 -0.073 -3.876 -1.294 -0.763 -3.830 0.256 3.888 4.514 3.445 -0.869 3.950 1.453 1.877 1.396 0.500
1.000 0.000 5.248 -0.218 -2.767 -0.789 -0.185 -2.425 0.874 2.182 2.823 2.328 -0.680 2.396 1.607 0.717 1.425 0.761
0.000 1.000 5.024 -0.032 -2.894 -0.903 -0.460 -2.815 0.372 2.720 3.358 2.592 -0.718 2.858 1.245 1.224 1.098 0.307
0.000 1.000 6.816 -0.325 -3.660 -1.129 -0.504 -3.403 0.886 3.134 3.896 3.138 -0.806 3.388 1.899 1.204 1.735 0.935
0.000 0.000 6.660 0.287 -4.593 -1.711 -1.684 -5.065 -0.960 5.699 6.161 4.199 -0.798 5.517 0.838 3.237 0.816 -0.278
1.000 1.000 12.930 -2.502 -2.832 -0.561 2.447 -0.348 8.097 -3.897 -0.747 3.889 -1.769 -0.747 6.252 -4.350 6.920 4.984
0.000 0.000 18.488 -1.793 -8.027 -2.558 0.022 -7.118 4.295 5.086 7.382 7.955 -2.285 6.504 5.706 1.350 5.779 3.928
0.000 1.000 7.210 -0.909 -2.598 -0.645 0.631 -1.819 2.848 0.451 1.814 2.578 -1.035 1.327 2.810 -0.686 2.859 2.014
0.000 0.000 10.695 -0.565 -5.539 -1.868 -0.866 -5.312 1.272 4.892 5.930 5.129 -1.290 5.276 2.737 2.066 2.732 1.533
0.000 1.000 8.237 -0.109 -4.745 -1.695 -1.198 -4.883 0.212 4.987 5.717 4.572 -1.031 5.154 1.718 2.491 1.720 0.523
0.000 0.000 8.717 -0.609 -4.415 -1.436 -0.490 -4.105 1.335 3.613 4.575 4.223 -1.119 4.077 2.412 1.358 2.304 1.328
0.000 0.000 6.240 1.442 -4.834 -0.421 2.599 -4.078 0.335 2.591 6.339 2.912 -1.462 3.382 -0.035 2.475 2.608 -2.472
0.000 0.000 6.853 -0.252 -3.582 -1.086 -0.371 -3.272 0.956 3.009 3.822 3.216 -0.882 3.268 1.837 1.184 1.766 0.908
1.000 1.000 19.674 -0.904 -10.850 -4.119 -2.558 -11.454 0.663 11.065 12.579 10.283 -2.452 11.437 4.163 5.636 4.266 2.071
0.000 0.000 4.495 -0.003 -2.413 -0.383 0.976 -1.915 1.303 0.710 2.392 1.776 -0.921 1.398 1.239 0.223 1.779 0.010
0.000 1.000 4.800 0.169 -3.258 -1.025 -0.864 -3.230 -0.291 3.606 4.076 2.604 -0.588 3.458 0.870 1.846 0.752 0.065
0.000 1.000 7.228 -0.407 -3.669 -1.063 -0.248 -3.240 1.264 2.839 3.705 3.168 -0.896 3.149 2.124 0.947 1.991 1.179
0.000 1.000 14.549 -0.322 -8.271 -2.992 -1.988 -8.507 0.362 8.517 9.721 7.724 -1.765 8.789 2.911 4.332 3.025 1.260
0.000 1.000 9.739 0.128 -6.439 -2.472 -2.156 -7.039 -1.107 7.671 8.310 5.760 -1.119 7.508 1.462 4.309 1.350 -0.001
0.000 1.000 4.173 0.467 -3.132 -0.874 -0.559 -3.102 -0.469 3.402 4.072 2.423 -0.600 3.306 0.449 1.902 0.607 -0.510
0.000 1.000 4.846 0.086 -2.954 -0.859 -0.503 -2.794 0.257 2.833 3.444 2.499 -0.628 2.930 1.047 1.300 1.077 0.208
0.000 1.000 5.174 0.618 -4.505 -1.661 -2.102 -5.156 -2.024 6.268 6.597 3.607 -0.532 5.723 0.129 3.833 -0.003 -0.915
0.000 1.000 7.526 -0.687 -3.274 -0.851 0.229 -2.565 2.182 1.683 2.800 2.926 -0.983 2.270 2.623 0.080 2.525 1.712
0.000 1.000 2.859 0.696 -2.619 -0.603 -0.321 -2.605 -0.725 2.883 3.629 1.722 -0.474 2.732 0.015 1.771 0.272 -0.950
1.000 1.000 8.647 -1.562 -2.190 -0.469 1.335 -0.684 4.950 -1.658 0.168 2.695 -1.230 0.077 4.103 -2.394 4.194 3.230
0.000 1.000 6.603 -0.295 -3.237 -0.982 -0.262 -2.892 1.242 2.396 3.393 3.210 -0.889 2.914 1.905 0.816 1.879 0.864
0.000 0.000 5.507 0.681 -3.585 -0.511 1.153 -3.020 0.723 1.985 4.320 2.436 -1.083 2.604 0.648 1.309 1.898 -0.877
0.000 0.000 6.619 0.563 -4.897 -1.812 -2.000 -5.551 -1.530 6.474 6.947 4.407 -0.791 6.144 0.419 3.855 0.494 -0.684
0.000 1.000 13.970 -2.086 -4.624 -1.303 1.216 -3.187 5.700 0.323 2.739 5.065 -1.859 2.221 5.448 -1.520 5.697 4.289
0.000 1.000 10.184 0.220 -6.805 -2.611 -2.453 -7.576 -1.349 8.380 9.043 6.247 -1.206 8.147 1.317 4.833 1.355 -0.144
0.000 0.000 5.519 0.287 -3.908 -1.413 -1.333 -4.242 -0.839 4.807 5.228 3.437 -0.675 4.609 0.734 2.720 0.635 -0.302
0.000 0.000 9.551 -0.300 -5.363 -1.885 -1.219 -5.383 0.518 5.327 6.162 5.101 -1.236 5.598 2.076 2.534 2.048 0.895
1.000 0.000 7.648 -0.755 -3.149 -0.834 0.286 -2.452 2.368 1.391 2.663 3.032 -0.978 2.125 2.688 -0.086 2.695 1.806
0.000 1.000 14.065 -0.426 -8.105 -3.007 -1.936 -8.375 0.197 8.486 9.515 7.659 -1.745 8.719 2.829 4.381 2.832 1.158
0.000 1.000 5.999 0.250 -4.009 -1.458 -1.368 -4.322 -0.632 4.812 5.268 3.608 -0.719 4.684 0.873 2.648 0.868 -0.116
1.000 1.000 9.366 -0.223 -4.599 -0.385 3.258 -3.386 3.093 0.494 4.736 3.620 -2.054 2.200 2.353 0.490 4.489 -0.111
0.000 0.000 9.347 -0.298 -5.388 -1.796 -1.039 -5.219 0.560 5.117 5.984 4.512 -1.077 5.285 2.252 2.350 2.069 1.051
0.000 1.000 13.653 -1.160 -6.427 -2.083 -0.327 -5.860 2.639 4.624 6.240 5.903 -1.611 5.459 4.126 1.506 3.971 2.618
0.000 1.000 19.043 -2.188 -7.713 -2.335 0.536 -6.407 5.411 3.741 6.403 7.698 -2.328 5.484 6.378 0.287 6.481 4.692
1.000 1.000 6.419 1.096 -4.549 -0.358 2.598 -3.750 0.785 2.107 5.801 2.864 -1.515 3.056 0.334 2.007 2.775 -2.020
0.000 1.000 11.446 -1.076 -4.240 -1.085 1.105 -2.847 4.397 0.677 2.813 4.222 -1.609 2.199 4.097 -0.885 4.558 2.804
0.000 0.000 10.736 -2.440 -2.076 -0.435 2.293 -0.232 6.955 -3.736 -0.971 2.942 -1.527 -1.113 5.580 -4.003 5.761 4.443
0.000 1.000 7.489 -0.161 -4.233 -1.456 -0.630 -4.267 0.449 4.095 4.880 3.916 -1.071 4.295 1.705 1.964 1.570 0.513
0.000 0.000 5.770 0.107 -3.529 -1.249 -0.987 -3.651 -0.073 3.872 4.336 3.288 -0.741 3.891 1.081 1.953 1.078 0.183
0.000 0.000 9.569 -0.298 -4.491 -1.235 0.332 -3.664 2.289 2.607 4.174 4.154 -1.398 3.439 2.696 0.721 2.978 1.315
0.000 1.000 4.864 0.179 -3.418 -1.194 -0.972 -3.649 -0.569 3.998 4.447 2.872 -0.655 3.843 0.791 2.190 0.590 -0.198
0.000 1.000 5.505 0.147 -3.746 -1.364 -1.173 -4.036 -0.513 4.370 4.829 3.349 -0.770 4.318 0.904 2.395 0.761 -0.141
1.000 0.000 12.324 -0.356 -6.785 -2.367 -1.214 -6.788 0.829 6.505 7.706 6.381 -1.679 6.917 2.671 3.141 2.660 1.176
0.000 0.000 13.634 -1.610 -5.102 -1.504 0.754 -4.032 4.515 1.664 3.920 5.523 -1.883 3.287 4.853 -0.441 4.971 3.418
0.000 0.000 12.085 -0.568 -6.360 -2.261 -1.281 -6.285 1.140 5.917 7.006 6.160 -1.501 6.429 2.926 2.676 2.941 1.533
0.000 1.000 4.238 0.471 -2.933 -0.667 -0.008 -2.737 0.041 2.603 3.576 2.068 -0.756 2.666 0.662 1.436 0.941 -0.371
0.000 1.000 9.690 -1.596 -2.457 -0.492 1.621 -0.744 5.579 -2.172 0.195 3.097 -1.311 0.017 4.327 -2.696 5.123 3.342
0.000 1.000 14.131 -0.853 -6.982 -2.421 -1.068 -6.768 1.932 5.940 7.373 6.853 -1.770 6.710 3.712 2.473 3.758 2.153
1.000 1.000 8.984 -0.266 -5.012 -1.710 -0.902 -4.953 0.633 4.843 5.704 4.765 -1.253 5.139 1.963 2.279 1.911 0.796
0.000 0.000 12.057 -1.819 -3.997 -1.084 1.082 -2.696 5.025 0.192 2.285 4.225 -1.616 1.809 4.834 -1.469 4.929 3.750
1.000 0.000 17.929 -1.963 -7.524 -2.645 -0.086 -7.040 4.278 4.524 7.125 8.114 -2.388 6.281 5.679 1.239 5.806 3.655
0.000 0.000 10.512 -1.599 -3.153 -0.818 1.233 -1.721 5.036 -0.758 1.198 3.478 -1.429 0.919 4.464 -1.942 4.676 3.453
0.000 1.000 6.558 -0.546 -2.371 -0.498 0.896 -1.351 2.921 -0.115 1.355 2.273 -0.950 0.937 2.492 -0.907 2.988 1.520
1.000 1.000 7.009 -1.197 -2.003 -0.449 1.134 -1.116 3.585 -0.871 0.778 2.286 -1.114 0.367 3.175 -1.508 3.100 2.224
1.000 0.000 7.709 -0.289 -4.278 -1.352 -0.220 -4.021 0.838 3.699 4.636 3.935 -1.166 4.039 1.878 1.646 1.738 0.608
0.000 0.000 8.543 0.124 -5.091 -1.506 -0.131 -4.781 0.578 4.479 5.776 4.520 -1.360 4.907 1.567 2.332 1.939 0.083
0.000 1.000 8.442 -0.305 -4.414 -1.517 -0.809 -4.322 0.891 4.027 4.812 4.221 -1.088 4.317 2.084 1.726 2.111 1.074
1.000 0.000 6.717 -0.526 -2.827 -0.762 0.479 -2.282 2.086 1.172 2.433 2.740 -1.061 1.889 2.278 0.010 2.312 1.214
0.000 0.000 18.076 -0.784 -10.008 -3.809 -2.416 -10.553 0.631 10.151 11.531 9.425 -2.291 10.542 3.852 5.110 3.913 1.902
0.000 1.000 5.149 -0.172 -2.686 -0.275 1.391 -1.629 2.106 0.078 2.090 1.945 -1.055 1.387 1.656 -0.310 2.408 0.028
1.000 1.000 13.502 -1.467 -5.027 -1.433 0.964 -3.728 4.715 1.411 3.572 5.176 -1.827 2.963 4.789 -0.651 5.030 3.429
0.000 1.000 7.870 -0.779 -3.570 -1.078 0.182 -3.088 1.941 2.138 3.299 3.490 -1.095 2.842 2.577 0.461 2.392 1.485
1.000 1.000 3.715 -0.163 -2.521 -0.428 0.818 -2.142 0.708 1.283 2.518 1.551 -0.880 1.829 1.120 0.577 1.154 -0.332
0.000 0.000 5.688 0.142 -4.250 -1.492 -1.338 -4.598 -1.027 5.125 5.620 3.362 -0.740 4.785 0.848 2.935 0.544 -0.273
0.000 1.000 6.337 -0.237 -3.371 -1.074 -0.246 -3.201 0.831 2.829 3.675 3.146 -0.945 3.145 1.682 1.176 1.510 0.578
0.000 0.000 8.745 -0.754 -4.162 -1.159 0.520 -3.532 2.074 2.442 3.871 3.839 -1.287 3.167 2.724 0.666 2.672 1.465
0.000 0.000 7.820 -0.368 -4.099 -1.244 -0.051 -3.740 1.207 3.185 4.284 3.831 -1.146 3.692 2.059 1.287 2.033 0.829
0.000 1.000 6.699 0.019 -4.142 -1.480 -1.043 -4.318 -0.123 4.496 5.065 3.766 -0.905 4.525 1.288 2.332 1.198 0.223
1.000 0.000 14.051 -0.999 -6.749 -2.351 -0.830 -6.529 2.199 5.493 6.929 6.569 -1.792 6.266 3.864 2.164 3.898 2.356
0.000 1.000 12.769 -0.185 -7.598 -2.893 -2.316 -8.086 -0.274 8.361 9.202 7.139 -1.561 8.486 2.291 4.422 2.405 0.856
0.000 1.000 13.327 -0.583 -7.101 -2.573 -1.423 -7.142 1.045 6.746 7.875 6.830 -1.704 7.194 3.128 3.153 3.158 1.617
0.000 1.000 8.928 -0.740 -4.151 -1.404 -0.151 -3.913 1.762 2.926 4.190 4.195 -1.241 3.619 2.702 1.011 2.597 1.412
0.000 0.000 4.469 0.347 -3.091 -0.818 -0.133 -3.097 -0.057 2.950 3.873 2.366 -0.850 3.093 0.691 1.626 0.830 -0.451
0.000 1.000 2.868 -0.114 -1.704 -0.043 1.033 -1.154 1.173 0.185 1.606 1.006 -0.732 0.903 0.901 -0.117 1.315 -0.369
0.000 1.000 10.877 -0.327 -5.984 -2.176 -1.318 -6.130 0.610 5.927 6.888 5.752 -1.422 6.294 2.403 2.877 2.407 1.018
0.000 1.000 11.698 -1.305 -4.479 -1.282 0.620 -3.513 3.819 1.548 3.525 4.785 -1.640 2.926 4.132 -0.309 4.216 2.821
0.000 1.000 9.651 -0.067 -5.484 -1.889 -0.975 -5.444 0.496 5.376 6.293 5.119 -1.322 5.635 1.990 2.624 2.007 0.703
1.000 1.000 10.448 -2.363 -1.559 -0.269 2.560 0.361 7.295 -4.631 -1.603 2.775 -1.345 -1.690 5.577 -4.550 6.165 4.440
0.000 0.000 3.268 0.697 -3.374 -1.207 -1.702 -3.926 -1.927 4.994 5.216 2.605 -0.357 4.438 -0.225 3.145 -0.371 -1.085
0.000 0.000 17.104 -1.175 -8.067 -2.640 -0.496 -7.562 2.931 6.244 8.204 7.856 -2.223 7.229 4.643 2.395 4.720 2.820
1.000 1.000 11.361 -2.244 -2.450 -0.486 2.240 -0.374 7.105 -3.446 -0.563 3.396 -1.621 -0.706 5.497 -3.809 6.011 4.353
1.000 0.000 8.488 -0.544 -4.148 -1.158 0.598 -3.540 1.934 2.395 3.935 3.823 -1.405 3.229 2.488 0.787 2.550 0.978
0.000 1.000 15.257 -1.653 -6.539 -2.289 -0.054 -6.165 3.497 4.080 6.269 6.926 -2.076 5.488 4.814 1.190 4.799 2.969
1.000 0.000 10.658 -1.119 -4.567 -1.155 1.191 -3.455 3.462 1.587 3.653 4.362 -1.580 2.975 3.629 -0.065 3.957 2.070
0.000 1.000 7.447 -0.888 -2.752 -0.676 0.588 -1.871 2.900 0.442 1.870 2.827 -1.023 1.454 2.825 -0.694 2.996 1.986
0.000 0.000 4.412 -0.037 -2.383 -0.574 0.140 -2.104 0.815 1.525 2.542 1.919 -0.753 1.848 1.232 0.565 1.267 0.313
0.000 0.000 8.480 -0.290 -4.763 -1.752 -1.015 -4.963 0.355 4.818 5.593 4.559 -1.109 5.023 1.933 2.374 1.815 0.644
0.000 1.000 11.668 -1.552 -4.066 -1.085 0.983 -2.785 4.628 0.478 2.576 4.299 -1.554 2.031 4.470 -1.163 4.686 3.395
0.000 1.000 12.979 -0.965 -5.933 -1.993 -0.447 -5.495 2.543 4.345 5.793 5.950 -1.690 5.248 3.769 1.461 3.804 2.330
0.000 1.000 5.104 -0.059 -3.138 -1.097 -0.716 -3.293 0.052 3.263 3.831 2.826 -0.758 3.400 1.139 1.651 0.934 0.127
0.000 1.000 2.904 0.704 -3.110 -1.123 -1.684 -3.677 -1.891 4.738 4.921 2.422 -0.302 4.211 -0.279 2.985 -0.400 -1.106
0.000 0.000 8.456 -0.586 -3.651 -0.910 0.517 -2.734 2.581 1.500 3.074 3.465 -1.180 2.431 2.722 0.017 3.019 1.641
0.000 0.000 9.568 0.075 -5.941 -2.226 -1.735 -6.429 -0.516 6.755 7.485 5.537 -1.254 6.739 1.542 3.682 1.561 0.206
1.000 1.000 12.267 -0.284 -6.903 -2.474 -1.525 -6.995 0.543 6.896 7.942 6.464 -1.579 7.204 2.547 3.396 2.588 1.127
0.000 1.000 5.324 0.315 -3.609 -1.253 -1.068 -3.854 -0.533 4.264 4.750 3.242 -0.740 4.164 0.713 2.337 0.679 -0.243
1.000 1.000 8.669 -0.375 -4.772 -1.671 -0.977 -4.742 0.638 4.612 5.374 4.578 -1.137 4.890 2.023 2.102 1.938 0.901
0.000 0.000 17.536 -0.585 -10.084 -3.891 -2.784 -10.923 -0.063 10.831 12.126 9.513 -2.236 11.033 3.359 5.742 3.468 1.408
1.000 0.000 6.050 -0.390 -2.973 -0.453 1.364 -1.985 2.294 0.356 2.320 2.377 -1.179 1.660 2.018 -0.235 2.599 0.360
0.000 1.000 3.416 0.287 -2.224 -0.393 0.288 -1.911 0.474 1.467 2.489 1.432 -0.699 1.711 0.730 0.690 0.959 -0.233
1.000 0.000 8.025 -0.671 -2.695 -0.478 1.414 -1.220 3.994 -0.872 1.219 2.684 -1.153 0.694 3.096 -1.492 3.987 1.936
0.000 1.000 13.250 -2.287 -3.737 -0.977 1.543 -1.965 6.551 -1.345 1.190 4.373 -1.749 0.918 5.773 -2.710 5.982 4.690
1.000 0.000 7.522 -0.374 -3.875 -0.785 1.538 -2.921 2.214 1.241 3.419 3.193 -1.388 2.455 2.197 0.344 2.882 0.316
1.000 1.000 5.113 -0.061 -2.858 -0.197 1.701 -1.600 2.085 0.008 2.192 1.890 -1.022 1.548 1.645 -0.329 2.682 -0.334
0.000 0.000 6.985 -0.306 -3.448 -1.093 -0.362 -3.187 1.159 2.762 3.571 3.367 -0.953 3.139 1.956 0.998 1.916 0.986
1.000 1.000 9.183 -1.342 -2.733 -0.598 1.262 -1.278 4.669 -1.113 0.985 3.149 -1.238 0.662 3.836 -1.902 4.483 2.892
1.000 1.000 16.470 -2.029 -6.254 -1.831 0.835 -4.918 5.365 2.248 4.742 6.412 -2.126 3.987 5.808 -0.444 5.958 4.355
0.000 1.000 9.103 -0.293 -4.129 -1.054 0.559 -3.182 2.501 1.994 3.638 3.796 -1.337 2.903 2.664 0.360 3.084 1.343
0.000 1.000 9.321 -1.366 -3.003 -0.761 0.816 -1.881 4.107 -0.119 1.604 3.259 -1.234 1.228 3.843 -1.385 3.967 2.979
0.000 0.000 7.706 -0.597 -3.677 -1.016 0.517 -3.076 1.812 2.150 3.394 3.386 -1.195 2.739 2.462 0.570 2.307 1.251
0.000 1.000 3.724 0.420 -3.227 -1.104 -1.225 -3.583 -1.225 4.243 4.597 2.480 -0.484 3.860 0.278 2.521 0.045 -0.652
0.000 0.000 10.976 -1.314 -3.778 -0.921 1.154 -2.565 4.470 0.138 2.511 4.066 -1.575 1.822 4.103 -1.149 4.542 2.874
1.000 0.000 10.748 -2.576 -1.631 -0.352 2.463 0.214 7.370 -4.444 -1.555 2.905 -1.450 -1.585 5.769 -4.519 6.027 4.702
0.000 1.000 10.288 -0.704 -4.665 -1.489 -0.135 -4.129 2.249 3.162 4.387 4.578 -1.371 3.883 3.078 0.911 3.061 1.856
1.000 1.000 10.103 -0.539 -5.207 -1.867 -0.907 -5.290 1.054 4.805 5.841 5.153 -1.354 5.275 2.559 2.174 2.509 1.175
0.000 0.000 6.792 0.217 -4.360 -1.542 -1.192 -4.575 -0.351 4.948 5.514 4.052 -0.964 4.960 1.016 2.662 1.021 -0.032
0.000 1.000 10.416 -0.933 -3.728 -0.841 1.393 -2.176 4.488 -0.118 2.146 3.690 -1.471 1.575 3.804 -1.258 4.618 2.485
0.000 1.000 7.881 -0.696 -3.416 -0.990 0.398 -2.865 2.194 1.724 3.079 3.304 -1.200 2.471 2.627 0.238 2.482 1.461
0.000 0.000 13.646 -1.217 -5.852 -1.925 -0.051 -5.169 3.290 3.603 5.260 5.934 -1.773 4.718 4.252 0.867 4.313 2.824
0.000 0.000 8.413 0.106 -5.315 -1.957 -1.540 -5.653 -0.420 6.014 6.649 4.904 -1.162 6.057 1.326 3.267 1.340 0.159
0.000 1.000 19.691 -1.251 -9.988 -3.662 -1.740 -10.039 2.080 9.009 10.747 9.728 -2.519 9.828 4.901 4.069 4.978 2.878
0.000 1.000 5.907 -0.405 -2.419 -0.535 0.541 -1.656 2.132 0.649 1.818 2.186 -0.831 1.345 2.106 -0.326 2.412 1.229
0.000 1.000 10.926 -2.475 -2.114 -0.443 2.342 -0.231 7.078 -3.812 -0.991 2.997 -1.549 -1.135 5.670 -4.073 5.872 4.512
0.000 0.000 13.911 -1.462 -5.715 -1.861 0.196 -5.003 3.773 2.972 5.059 5.933 -1.887 4.388 4.571 0.471 4.643 3.073
1.000 1.000 5.959 -0.823 -2.081 -0.473 0.804 -1.408 2.619 -0.078 1.281 2.108 -1.020 0.850 2.492 -0.804 2.409 1.517
1.000 0.000 19.687 -1.010 -10.649 -4.065 -2.419 -11.222 0.966 10.657 12.228 10.275 -2.501 11.178 4.331 5.343 4.414 2.154
0.000 1.000 12.926 -0.367 -7.214 -2.668 -1.518 -7.432 0.545 7.232 8.325 6.834 -1.687 7.603 2.755 3.613 2.739 1.114
1.000 0.000 4.416 0.081 -3.233 -0.672 0.655 -2.980 0.221 2.337 3.604 1.984 -0.990 2.567 1.018 1.295 0.952 -0.507
0.000 0.000 10.244 -0.242 -6.013 -2.193 -1.613 -6.207 0.085 6.354 7.105 5.629 -1.287 6.503 2.005 3.217 2.012 0.806
0.000 1.000 6.672 0.531 -4.923 -1.808 -1.804 -5.452 -1.366 6.267 6.756 4.342 -0.854 5.992 0.538 3.681 0.508 -0.610
1.000 1.000 11.474 -1.514 -4.166 -1.130 0.757 -3.011 4.245 0.898 2.878 4.362 -1.493 2.326 4.307 -0.876 4.411 3.259
1.000 0.000 15.510 -0.454 -9.022 -3.474 -2.572 -9.799 -0.198 9.838 10.971 8.515 -1.940 9.964 2.918 5.240 3.002 1.124
0.000 1.000 10.991 -0.955 -4.523 -1.305 0.465 -3.616 3.240 2.083 3.696 4.417 -1.486 3.106 3.646 0.080 3.756 2.404
1.000 1.000 4.508 -0.587 -1.518 -0.306 0.554 -0.863 2.158 -0.158 0.793 1.421 -0.693 0.463 2.021 -0.824 1.968 1.355
0.000 1.000 13.714 -1.302 -5.642 -1.764 0.371 -4.752 3.783 2.912 4.795 5.744 -1.870 4.187 4.444 0.385 4.503 2.993
0.000 0.000 4.310 0.118 -2.280 -0.342 0.554 -1.682 1.259 0.923 2.221 1.685 -0.789 1.483 1.198 0.202 1.607 0.199
1.000 1.000 8.687 -0.106 -4.361 -0.801 1.391 -3.110 2.578 1.452 4.055 3.711 -1.320 2.856 2.275 0.395 3.527 0.568
0.000 0.000 6.792 -1.205 -2.115 -0.333 1.531 -0.943 3.766 -1.346 0.671 2.142 -1.140 0.245 3.102 -1.691 3.418 1.917
1.000 0.000 9.141 -1.969 -1.931 -0.427 1.830 -0.530 5.608 -2.614 -0.321 2.728 -1.390 -0.539 4.541 -2.992 4.598 3.514
0.000 0.000 7.535 -0.279 -4.009 -1.146 0.164 -3.562 1.228 2.921 4.143 3.635 -1.136 3.472 1.963 1.193 2.052 0.661
0.000 0.000 12.746 -0.412 -7.094 -2.637 -1.689 -7.340 0.521 7.145 8.127 6.636 -1.595 7.399 2.736 3.517 2.791 1.309
0.000 1.000 14.904 -1.388 -6.608 -2.101 -0.175 -5.924 3.313 4.390 6.200 6.498 -1.832 5.462 4.552 1.228 4.587 3.068
1.000 1.000 10.850 -0.772 -4.966 -1.537 0.229 -4.325 2.492 3.116 4.677 4.713 -1.580 3.948 3.292 0.883 3.147 1.837
0.000 1.000 8.024 -0.977 -3.110 -0.677 1.127 -2.067 3.261 0.262 2.104 2.999 -1.250 1.575 3.069 -0.755 3.299 1.807
0.000 0.000 13.903 -0.959 -6.706 -2.331 -0.880 -6.474 2.138 5.504 6.917 6.551 -1.758 6.267 3.795 2.180 3.842 2.308
0.000 0.000 11.852 -1.708 -3.911 -1.029 1.135 -2.532 5.053 -0.027 2.189 4.237 -1.587 1.709 4.706 -1.549 4.960 3.633
0.000 1.000 6.918 -0.185 -4.119 -1.393 -0.591 -4.056 0.303 4.043 4.712 3.703 -1.012 4.164 1.539 1.948 1.293 0.414
0.000 0.000 9.388 -1.545 -2.294 -0.408 1.718 -0.492 5.655 -2.496 -0.048 2.944 -1.253 -0.227 4.261 -2.862 5.192 3.268
1.000 1.000 10.646 -0.373 -5.426 -1.568 0.063 -4.778 1.829 3.888 5.545 5.041 -1.474 4.673 2.664 1.576 3.063 1.222
1.000 0.000 9.992 -0.810 -3.974 -1.017 1.016 -2.991 3.401 1.095 3.174 3.974 -1.517 2.364 3.338 -0.286 3.733 1.968
0.000 0.000 12.592 -0.638 -6.446 -2.237 -0.956 -6.315 1.487 5.667 6.946 6.175 -1.647 6.261 3.164 2.460 3.142 1.680
1.000 1.000 14.223 -3.160 -2.316 -0.423 3.524 0.322 9.697 -6.085 -1.954 3.840 -1.799 -2.107 7.419 -5.929 8.329 5.893
1.000 0.000 9.088 -0.291 -4.839 -1.712 -1.010 -4.822 0.771 4.605 5.401 4.689 -1.154 4.908 2.143 2.074 2.185 1.040
0.000 0.000 12.796 -0.229 -7.707 -2.961 -2.281 -8.404 -0.465 8.660 9.606 7.236 -1.615 8.699 2.268 4.721 2.312 0.605
0.000 1.000 19.676 -1.162 -10.254 -3.767 -1.873 -10.369 1.728 9.511 11.157 9.787 -2.492 10.180 4.735 4.424 4.773 2.716
0.000 1.000 9.061 -1.373 -2.774 -0.647 1.130 -1.501 4.374 -0.716 1.205 3.068 -1.255 0.811 3.845 -1.695 4.084 2.923
0.000 1.000 6.725 0.264 -3.746 -0.983 0.034 -3.194 0.998 2.760 3.946 3.180 -0.997 3.200 1.484 1.188 1.876 0.254
0.000 1.000 11.978 -0.801 -5.670 -1.944 -0.578 -5.312 2.100 4.361 5.753 5.778 -1.602 5.213 3.336 1.661 3.391 1.907
0.000 0.000 17.447 -0.847 -9.460 -3.581 -2.173 -9.930 0.873 9.449 10.840 9.084 -2.223 9.903 3.833 4.696 3.919 1.922
1.000 0.000 10.029 -2.101 -1.996 -0.369 2.082 -0.148 6.532 -3.460 -0.846 2.810 -1.401 -0.993 5.101 -3.713 5.495 4.068
0.000 1.000 6.505 0.180 -4.215 -1.537 -1.424 -4.573 -0.543 4.973 5.465 3.868 -0.819 4.865 0.991 2.712 1.015 0.011
0.000 1.000 5.341 0.173 -3.372 -1.144 -0.928 -3.509 -0.162 3.715 4.218 3.013 -0.732 3.693 0.926 1.903 0.908 0.076
1.000 1.000 12.407 -1.633 -4.529 -1.247 0.832 -3.300 4.526 1.044 3.146 4.715 -1.613 2.553 4.626 -0.876 4.721 3.502
1.000 1.000 18.477 -2.156 -7.518 -2.621 0.151 -6.902 4.777 4.075 6.866 8.201 -2.479 6.008 6.036 0.865 6.165 3.974
0.000 1.000 9.801 0.049 -6.119 -2.243 -1.686 -6.459 -0.435 6.860 7.601 5.709 -1.328 6.911 1.550 3.739 1.574 0.264
0.000 0.000 6.079 0.048 -3.593 -1.233 -0.808 -3.632 0.156 3.716 4.270 3.318 -0.823 3.800 1.243 1.802 1.213 0.299
0.000 1.000 8.234 -0.010 -5.019 -1.825 -1.356 -5.312 -0.154 5.500 6.207 4.731 -1.171 5.648 1.444 2.910 1.423 0.264
1.000 0.000 5.712 -0.009 -2.858 -0.378 1.106 -1.798 2.112 0.483 2.360 2.227 -1.044 1.635 1.684 -0.129 2.516 0.276
0.000 1.000 8.365 -1.038 -2.983 -0.788 0.698 -2.006 3.352 0.447 1.818 2.902 -1.151 1.431 3.333 -0.895 3.265 2.410
1.000 1.000 5.453 -0.371 -2.798 -0.678 0.558 -2.400 1.311 1.513 2.649 2.282 -0.999 2.039 1.749 0.439 1.646 0.553
1.000 1.000 7.585 -0.157 -4.173 -1.181 0.209 -3.797 1.073 3.134 4.381 3.450 -1.188 3.492 1.927 1.351 1.887 0.541
0.000 0.000 7.969 -0.187 -4.255 -1.437 -0.629 -4.148 0.785 3.895 4.709 4.067 -1.093 4.193 1.901 1.719 1.868 0.798
1.000 0.000 10.898 0.160 -5.855 -1.470 0.586 -4.862 1.868 3.856 5.987 5.064 -1.671 4.773 2.339 1.785 3.329 0.582
0.000 1.000 6.290 -0.571 -2.453 -0.616 0.443 -1.729 2.295 0.713 1.755 2.317 -0.887 1.381 2.338 -0.416 2.398 1.520
1.000 1.000 8.866 -0.195 -4.973 -1.673 -0.982 -4.820 0.631 4.767 5.577 4.563 -1.114 4.991 1.995 2.175 1.955 0.899
0.000 0.000 3.565 0.209 -2.623 -0.898 -0.853 -2.896 -0.531 3.116 3.509 2.165 -0.566 2.995 0.538 1.720 0.363 -0.300
0.000 0.000 8.826 -1.014 -3.519 -0.958 0.459 -2.680 2.915 1.274 2.783 3.519 -1.176 2.265 3.185 -0.289 3.149 2.192
0.000 1.000 8.662 -1.018 -3.288 -0.896 0.558 -2.372 3.131 0.941 2.274 3.110 -1.135 1.843 3.322 -0.590 3.218 2.359
0.000 1.000 11.413 -1.988 -2.728 -0.523 2.047 -0.609 6.829 -3.031 -0.107 3.601 -1.496 -0.293 5.182 -3.447 6.239 4.103
0.000 1.000 7.398 0.114 -4.795 -1.762 -1.559 -5.137 -0.563 5.590 6.117 4.431 -0.960 5.560 1.129 3.040 1.115 0.067
1.000 1.000 3.772 0.075 -2.474 -0.786 -0.441 -2.551 -0.052 2.534 3.026 2.008 -0.622 2.519 0.819 1.266 0.599 -0.038
0.000 1.000 6.636 -0.140 -3.992 -1.400 -0.789 -4.106 0.136 4.052 4.711 3.451 -0.885 4.157 1.509 2.019 1.283 0.375
0.000 1.000 8.928 -0.779 -3.217 -0.735 1.134 -1.889 3.826 -0.012 1.877 3.172 -1.279 1.376 3.296 -1.072 3.888 2.129
1.000 0.000 10.277 -1.391 -3.018 -0.686 1.525 -1.337 5.281 -1.328 0.910 3.371 -1.433 0.611 4.314 -2.195 4.909 3.177
0.000 1.000 7.867 0.223 -5.001 -1.800 -1.429 -5.307 -0.459 5.698 6.336 4.626 -1.056 5.682 1.181 3.093 1.213 0.029
0.000 1.000 3.353 -0.008 -2.201 -0.696 -0.451 -2.286 0.015 2.250 2.714 1.771 -0.518 2.278 0.834 1.084 0.564 -0.007
1.000 1.000 8.143 -1.350 -1.959 -0.348 1.443 -0.419 4.930 -2.130 -0.065 2.511 -1.118 -0.218 3.765 -2.528 4.417 2.881
1.000 1.000 14.524 -2.483 -4.186 -1.126 1.646 -2.321 6.990 -1.237 1.507 4.901 -1.917 1.198 6.205 -2.751 6.459 5.048
0.000 1.000 8.313 -0.713 -3.533 -0.919 0.425 -2.733 2.524 1.498 3.009 3.482 -1.147 2.436 2.738 0.008 2.942 1.704
0.000 0.000 10.230 -1.238 -3.724 -0.955 0.840 -2.572 3.924 0.629 2.514 3.834 -1.389 1.964 3.826 -0.880 4.035 2.796
1.000 0.000 11.341 -0.548 -6.043 -2.216 -1.233 -6.255 0.841 5.853 6.929 5.893 -1.499 6.274 2.690 2.797 2.659 1.193
0.000 0.000 6.684 -0.259 -3.579 -1.205 -0.555 -3.458 0.786 3.184 3.969 3.498 -0.969 3.561 1.744 1.386 1.616 0.644
0.000 0.000 15.353 -1.025 -7.411 -2.593 -0.944 -7.157 2.281 6.131 7.654 7.366 -1.968 6.974 4.104 2.469 4.166 2.463
0.000 1.000 8.388 -0.457 -4.506 -1.572 -0.694 -4.390 0.841 4.128 4.919 4.354 -1.127 4.458 2.114 1.804 1.970 0.967
0.000 1.000 5.360 0.604 -4.509 -1.728 -2.044 -5.281 -1.987 6.310 6.629 3.853 -0.642 5.813 0.135 3.900 0.028 -0.973
0.000 1.000 10.646 -0.372 -6.001 -2.168 -1.458 -6.100 0.459 6.063 6.925 5.730 -1.368 6.354 2.279 2.956 2.276 1.023
0.000 1.000 13.714 -1.302 -5.642 -1.764 0.371 -4.752 3.783 2.912 4.795 5.744 -1.870 4.187 4.444 0.385 4.503 2.993
0.000 0.000 6.427 -0.544 -2.447 -0.569 0.713 -1.582 2.593 0.325 1.593 2.283 -0.931 1.181 2.399 -0.630 2.710 1.467
0.000 0.000 13.469 -0.721 -6.692 -2.270 -0.476 -6.357 1.991 5.444 6.936 6.349 -1.849 6.153 3.544 2.256 3.467 1.881
0.000 0.000 9.330 -1.792 -2.108 -0.359 2.020 -0.364 5.885 -2.989 -0.395 2.708 -1.366 -0.673 4.570 -3.219 5.062 3.424
1.000 1.000 8.236 -0.509 -3.725 -0.966 0.301 -2.953 2.220 1.918 3.390 3.542 -1.122 2.744 2.519 0.326 2.810 1.457
0.000 1.000 9.157 -1.113 -2.897 -0.678 1.289 -1.481 4.422 -0.745 1.191 3.082 -1.296 0.853 3.697 -1.654 4.236 2.602
1.000 1.000 6.672 -0.023 -4.194 -1.484 -1.047 -4.335 -0.157 4.578 5.117 3.835 -0.929 4.596 1.201 2.371 1.087 0.191
0.000 1.000 3.720 -0.257 -2.299 -0.361 0.811 -1.833 0.994 0.951 2.137 1.456 -0.856 1.559 1.268 0.286 1.261 -0.081
0.000 0.000 13.115 -0.485 -7.191 -2.673 -1.547 -7.426 0.700 7.122 8.232 6.846 -1.698 7.533 2.910 3.505 2.910 1.305
0.000 1.000 7.099 -0.420 -3.648 -1.073 0.107 -3.266 1.293 2.611 3.702 3.352 -1.085 3.141 2.022 0.958 1.900 0.811
0.000 1.000 5.753 -0.138 -3.216 -0.988 -0.291 -3.110 0.644 2.822 3.643 2.918 -0.945 3.136 1.420 1.261 1.252 0.377
0.000 1.000 9.843 0.007 -5.959 -2.206 -1.613 -6.313 -0.239 6.539 7.301 5.547 -1.292 6.609 1.733 3.468 1.753 0.412
1.000 1.000 8.663 -0.263 -4.350 -1.127 0.371 -3.616 1.823 2.666 4.286 3.971 -1.248 3.475 2.257 0.949 2.745 0.940
0.000 1.000 4.754 0.011 -2.371 -0.307 0.803 -1.490 1.790 0.379 1.937 1.790 -0.869 1.299 1.434 -0.171 2.128 0.296
0.000 1.000 14.022 -1.045 -6.610 -2.286 -0.623 -6.318 2.348 5.192 6.750 6.732 -1.845 6.076 3.958 1.983 3.944 2.301
0.000 1.000 17.114 -1.526 -7.490 -2.351 0.138 -6.661 3.881 4.825 6.986 7.400 -2.222 6.092 5.187 1.366 5.230 3.423
0.000 0.000 8.663 -0.879 -2.953 -0.666 1.150 -1.624 3.945 -0.343 1.518 3.006 -1.239 1.090 3.346 -1.300 3.886 2.240
0.000 1.000 12.997 -1.111 -5.587 -1.746 0.080 -4.779 3.285 3.273 4.978 5.538 -1.714 4.368 4.107 0.674 4.114 2.689
0.000 1.000 7.923 -0.775 -3.209 -0.813 0.493 -2.386 2.643 1.084 2.554 3.222 -1.079 2.050 2.742 -0.263 2.953 1.790
1.000 0.000 9.414 -1.576 -2.709 -0.525 1.749 -1.165 5.071 -1.670 0.798 3.091 -1.378 0.329 4.142 -2.234 4.688 2.967
0.000 1.000 9.129 -1.285 -2.560 -0.496 1.725 -0.888 5.095 -1.825 0.449 2.829 -1.292 0.137 3.966 -2.348 4.755 2.789
1.000 0.000 7.214 -0.069 -3.213 -0.654 0.850 -2.136 2.478 0.884 2.578 2.796 -1.095 1.856 2.165 -0.156 2.920 0.928
1.000 0.000 9.930 0.087 -5.535 -1.487 0.284 -4.838 1.332 4.113 5.892 4.856 -1.529 4.848 2.063 1.993 2.747 0.388
0.000 1.000 9.113 -0.467 -4.758 -1.692 -0.656 -4.805 0.926 4.334 5.317 4.646 -1.237 4.727 2.320 1.976 2.194 0.965
0.000 0.000 15.651 -1.772 -6.224 -1.994 0.451 -5.352 4.541 2.860 5.294 6.499 -2.134 4.526 5.269 0.203 5.362 3.674
0.000 1.000 11.849 -1.495 -3.791 -0.912 1.543 -2.062 5.511 -0.712 1.718 4.055 -1.630 1.282 4.707 -1.926 5.341 3.452
0.000 1.000 7.514 -0.398 -3.790 -0.934 0.647 -3.104 1.799 2.133 3.557 3.269 -1.190 2.823 2.197 0.667 2.454 0.909
0.000 0.000 17.476 -1.383 -8.125 -2.828 -0.803 -7.773 3.047 6.302 8.150 8.082 -2.235 7.410 4.934 2.375 4.993 3.116
0.000 0.000 10.180 -1.784 -2.523 -0.503 1.669 -0.744 5.894 -2.314 0.138 3.194 -1.358 -0.056 4.637 -2.901 5.339 3.664
0.000 1.000 16.161 -1.024 -8.088 -2.900 -1.350 -8.007 1.923 7.153 8.656 7.994 -2.056 7.909 4.113 3.111 4.180 2.374
0.000 0.000 7.992 -1.057 -2.293 -0.446 1.374 -0.870 4.362 -1.406 0.560 2.563 -1.125 0.277 3.408 -1.941 4.124 2.404
0.000 1.000 10.108 -0.544 -4.859 -1.556 -0.215 -4.405 1.893 3.610 4.848 4.615 -1.410 4.244 2.849 1.272 2.771 1.521
0.000 1.000 7.010 -0.637 -3.169 -0.841 0.462 -2.595 1.988 1.547 2.777 2.926 -1.131 2.271 2.376 0.200 2.225 1.249
0.000 1.000 17.518 -0.842 -9.456 -3.558 -2.120 -9.850 0.984 9.320 10.690 8.982 -2.240 9.768 3.879 4.570 3.997 2.079
0.000 1.000 8.030 -0.608 -3.667 -1.063 0.040 -3.007 2.027 2.192 3.301 3.386 -1.069 2.820 2.588 0.417 2.471 1.579
0.000 1.000 8.205 -0.158 -4.674 -1.577 -0.798 -4.584 0.456 4.612 5.383 4.360 -1.085 4.774 1.788 2.226 1.724 0.644
0.000 0.000 11.587 -1.018 -5.200 -1.648 -0.334 -4.620 2.586 3.466 4.930 5.176 -1.398 4.386 3.568 0.922 3.615 2.353
0.000 0.000 12.275 -0.096 -7.382 -2.701 -2.024 -7.774 -0.220 8.007 8.959 6.803 -1.591 8.108 2.099 4.245 2.183 0.704
1.000 1.000 9.250 -1.280 -3.339 -0.836 1.101 -2.254 3.776 0.287 2.124 3.485 -1.371 1.692 3.618 -0.941 3.740 2.414
0.000 0.000 13.930 -0.539 -7.680 -2.858 -1.870 -7.986 0.614 7.751 8.832 7.296 -1.766 8.076 2.988 3.832 3.093 1.492
0.000 0.000 13.333 -0.867 -6.533 -2.295 -0.943 -6.422 1.864 5.554 6.919 6.467 -1.747 6.273 3.535 2.313 3.571 2.032
0.000 1.000 6.961 -0.457 -2.982 -0.730 0.736 -2.288 2.243 1.040 2.505 2.726 -1.113 1.788 2.344 -0.093 2.424 1.188
0.000 1.000 7.801 -0.025 -4.608 -1.663 -1.210 -4.770 0.048 4.914 5.529 4.344 -1.005 4.996 1.515 2.487 1.535 0.450
1.000 0.000 8.427 -2.106 -1.299 -0.263 1.812 0.127 5.799 -3.391 -1.183 2.223 -1.190 -1.217 4.633 -3.562 4.660 3.805
0.000 1.000 11.828 -0.510 -6.188 -2.135 -0.984 -6.016 1.288 5.554 6.712 5.848 -1.525 6.053 2.898 2.458 2.891 1.522
1.000 0.000 10.786 -2.594 -1.217 -0.220 2.747 0.704 7.860 -5.391 -2.179 2.762 -1.352 -2.186 5.900 -5.115 6.560 4.842
0.000 0.000 8.154 -1.207 -2.296 -0.530 1.218 -0.995 4.317 -1.193 0.570 2.628 -1.141 0.356 3.552 -1.891 3.988 2.627
0.000 1.000 8.717 0.520 -6.322 -2.467 -2.613 -7.249 -1.942 8.296 8.794 5.772 -1.058 7.919 0.668 4.976 0.725 -0.663
0.000 1.000 9.606 -0.435 -4.808 -1.640 -0.726 -4.667 1.264 4.190 5.166 4.754 -1.245 4.654 2.460 1.726 2.500 1.300
0.000 0.000 18.203 -1.980 -7.694 -2.724 -0.130 -7.240 4.246 4.731 7.331 8.285 -2.431 6.486 5.727 1.358 5.830 3.645
0.000 1.000 9.172 0.648 -5.694 -1.515 0.130 -5.167 0.498 4.760 6.516 4.766 -1.448 5.291 1.299 2.684 2.361 -0.396
0.000 0.000 8.095 -0.382 -4.176 -1.442 -0.606 -4.109 0.970 3.698 4.608 4.125 -1.088 4.102 2.111 1.601 2.038 0.914
0.000 1.000 14.614 -1.420 -6.139 -1.870 0.281 -5.282 3.795 3.461 5.456 6.112 -1.910 4.690 4.653 0.654 4.727 3.182
0.000 1.000 8.820 -1.327 -2.746 -0.651 1.046 -1.549 4.169 -0.556 1.283 3.016 -1.223 0.881 3.720 -1.562 3.912 2.825
0.000 0.000 15.789 -1.244 -7.284 -2.471 -0.677 -6.827 2.942 5.459 7.229 7.253 -1.993 6.555 4.558 1.948 4.608 2.868
0.000 0.000 11.310 -1.365 -4.273 -1.159 0.664 -3.161 3.969 1.199 3.130 4.413 -1.483 2.558 4.081 -0.613 4.250 3.010
1.000 0.000 19.738 -0.922 -10.821 -4.090 -2.501 -11.383 0.767 10.920 12.449 10.250 -2.490 11.322 4.208 5.520 4.322 2.158
1.000 0.000 7.567 -1.040 -2.741 -0.657 0.999 -1.870 3.122 0.170 1.798 2.748 -1.164 1.265 3.030 -0.821 3.042 1.976
0.000 1.000 9.635 -0.107 -5.598 -2.061 -1.380 -5.792 0.146 5.887 6.629 5.300 -1.254 6.055 1.911 2.987 1.933 0.649
1.000 1.000 13.314 -0.943 -6.161 -2.048 -0.534 -5.725 2.501 4.582 6.150 6.200 -1.725 5.527 3.756 1.613 3.844 2.301
0.000 0.000 5.193 0.334 -3.859 -1.415 -1.440 -4.243 -1.002 4.834 5.210 3.281 -0.641 4.618 0.620 2.758 0.479 -0.382
1.000 0.000 9.516 -1.505 -2.469 -0.475 1.794 -0.727 5.521 -2.195 0.173 2.888 -1.351 -0.111 4.306 -2.690 4.943 3.191
0.000 1.000 14.809 -0.752 -7.733 -2.805 -1.558 -7.785 1.325 7.227 8.524 7.480 -1.874 7.789 3.554 3.325 3.625 1.950
0.000 0.000 6.858 0.029 -3.717 -1.112 -0.299 -3.368 0.912 3.063 3.991 3.347 -0.986 3.435 1.626 1.288 1.729 0.522
0.000 1.000 9.207 -0.609 -3.840 -1.008 0.507 -2.873 2.873 1.546 3.108 3.709 -1.305 2.530 3.011 -0.064 3.215 1.840
0.000 0.000 10.441 -0.612 -4.889 -1.576 -0.299 -4.415 2.051 3.571 4.802 4.817 -1.419 4.288 2.971 1.191 2.974 1.691
0.000 1.000 11.096 -0.497 -5.691 -1.933 -0.751 -5.502 1.395 4.921 6.156 5.493 -1.525 5.519 2.795 2.141 2.747 1.364
1.000 0.000 8.931 -1.506 -2.086 -0.359 1.664 -0.345 5.515 -2.532 -0.223 2.719 -1.216 -0.365 4.155 -2.883 4.923 3.195
0.000 0.000 9.159 -0.578 -4.124 -1.264 -0.035 -3.557 2.149 2.597 3.838 4.058 -1.270 3.337 2.769 0.651 2.764 1.626
0.000 1.000 8.831 -0.792 -3.892 -1.103 0.372 -3.184 2.410 2.076 3.378 3.513 -1.236 2.758 2.994 0.269 2.780 1.825
0.000 1.000 6.828 -0.485 -3.444 -1.001 0.192 -3.100 1.334 2.371 3.455 2.992 -1.069 2.774 2.099 0.801 1.763 0.902
1.000 1.000 12.812 -1.336 -5.192 -1.627 0.329 -4.395 3.691 2.454 4.473 5.386 -1.780 3.816 4.273 0.217 4.344 2.887
1.000 1.000 13.879 -1.808 -4.916 -1.338 1.191 -3.450 5.354 0.718 3.210 5.177 -1.856 2.560 5.168 -1.189 5.525 3.915
0.000 0.000 11.025 -0.249 -6.349 -2.367 -1.629 -6.593 0.205 6.600 7.421 5.873 -1.373 6.782 2.289 3.324 2.300 0.942
0.000 0.000 7.652 -0.347 -4.009 -1.337 -0.381 -3.893 1.008 3.387 4.364 3.850 -1.219 3.855 1.967 1.484 1.802 0.715
0.000 0.000 6.450 -0.740 -2.765 -0.719 0.590 -2.228 2.040 1.101 2.319 2.451 -1.018 1.708 2.413 -0.086 2.104 1.349
1.000 1.000 8.820 0.007 -5.543 -2.040 -1.643 -5.908 -0.461 6.308 6.968 5.113 -1.105 6.278 1.515 3.414 1.483 0.247
0.000 0.000 11.910 -0.226 -7.008 -2.662 -1.935 -7.414 -0.087 7.540 8.384 6.505 -1.486 7.670 2.322 3.937 2.341 0.848
0.000 1.000 9.496 -0.287 -5.293 -1.937 -1.152 -5.498 0.439 5.316 6.201 5.076 -1.258 5.649 2.109 2.634 2.035 0.748
1.000 0.000 11.107 -0.866 -5.058 -0.495 4.057 -2.678 4.959 -1.025 3.402 4.200 -2.073 2.288 3.688 -1.164 5.935 0.203
0.000 1.000 5.531 0.185 -3.566 -1.222 -0.883 -3.697 -0.231 3.962 4.486 3.228 -0.769 3.938 0.946 2.078 0.863 -0.049
0.000 0.000 8.361 0.042 -5.306 -1.956 -1.537 -5.651 -0.463 6.025 6.665 4.881 -1.083 6.002 1.439 3.277 1.374 0.162
1.000 0.000 21.797 -2.730 -8.408 -2.520 1.034 -6.773 6.792 3.338 6.527 8.549 -2.760 5.534 7.539 -0.260 7.728 5.705
1.000 1.000 9.612 -2.218 -1.524 -0.288 2.273 0.172 6.591 -3.997 -1.295 2.603 -1.292 -1.385 5.115 -4.033 5.507 4.069
0.000 0.000 9.898 -0.128 -5.790 -2.106 -1.331 -6.036 0.129 6.085 6.957 5.518 -1.421 6.334 1.874 3.170 1.868 0.529
0.000 0.000 3.653 0.581 -3.589 -1.301 -1.614 -4.164 -1.859 5.040 5.337 2.631 -0.426 4.458 0.035 3.170 -0.248 -0.962
0.000 0.000 3.845 0.532 -2.741 -0.498 0.352 -2.424 0.178 2.111 3.288 1.776 -0.755 2.299 0.554 1.190 0.963 -0.566
0.000 0.000 14.121 -0.628 -7.508 -2.686 -1.588 -7.491 1.156 7.073 8.288 7.086 -1.701 7.539 3.330 3.262 3.404 1.833
0.000 0.000 8.256 -0.190 -4.728 -1.649 -0.981 -4.744 0.377 4.729 5.480 4.471 -1.146 4.967 1.768 2.304 1.706 0.653
0.000 1.000 4.654 -0.772 -1.201 -0.140 0.987 -0.330 2.888 -1.279 0.107 1.309 -0.736 -0.187 2.282 -1.528 2.578 1.539
0.000 1.000 4.190 -0.245 -1.885 -0.146 0.910 -0.899 2.107 -0.348 1.091 1.397 -0.803 0.720 1.649 -0.759 2.125 0.475
1.000 0.000 7.836 0.013 -4.179 -0.389 2.335 -2.344 3.026 0.245 3.271 3.097 -1.465 2.155 2.212 -0.109 4.136 -0.122
0.000 1.000 4.516 0.525 -3.387 -0.969 -0.534 -3.491 -0.578 3.766 4.541 2.641 -0.780 3.651 0.431 2.200 0.472 -0.650
1.000 1.000 3.279 0.082 -1.839 -0.294 0.391 -1.477 0.859 0.856 1.862 1.236 -0.676 1.222 0.964 0.218 1.114 0.068
1.000 1.000 6.581 -1.094 -1.373 -0.160 1.477 -0.017 4.405 -2.478 -0.493 1.878 -0.917 -0.667 3.260 -2.583 3.883 2.299
0.000 0.000 10.455 -0.226 -5.929 -2.203 -1.482 -6.101 0.312 6.104 6.905 5.633 -1.290 6.357 2.213 3.044 2.229 0.893
1.000 0.000 12.699 -3.079 -1.632 -0.327 3.100 0.646 9.036 -5.975 -2.350 3.304 -1.593 -2.333 6.902 -5.773 7.526 5.701
0.000 1.000 9.518 0.027 -5.536 -1.697 -0.331 -5.240 0.665 4.981 6.273 5.028 -1.433 5.406 1.796 2.537 2.161 0.317
0.000 1.000 15.374 -0.547 -8.628 -3.268 -2.243 -9.176 0.330 8.976 10.145 8.161 -1.957 9.229 3.116 4.598 3.245 1.471
0.000 0.000 7.166 0.068 -4.454 -1.596 -1.237 -4.663 -0.187 4.914 5.516 4.162 -1.007 5.004 1.236 2.589 1.217 0.191
0.000 0.000 11.612 -1.622 -3.903 -1.045 1.045 -2.579 4.827 0.191 2.269 4.161 -1.560 1.789 4.578 -1.390 4.743 3.522
0.000 1.000 10.540 -0.376 -5.561 -1.908 -0.631 -5.429 1.144 4.943 6.054 5.185 -1.459 5.387 2.570 2.217 2.488 1.155
0.000 0.000 7.074 -0.464 -3.566 -1.218 -0.333 -3.503 1.028 2.923 3.860 3.463 -0.983 3.333 2.023 1.186 1.857 0.867
0.000 0.000 6.570 -0.411 -3.001 -0.646 0.536 -2.179 2.083 1.239 2.559 2.596 -0.943 1.948 2.189 0.031 2.460 1.195
1.000 0.000 12.531 -0.866 -5.940 -2.013 -0.690 -5.607 2.146 4.678 6.076 6.016 -1.660 5.536 3.459 1.773 3.516 2.056
1.000 0.000 7.485 -0.045 -3.832 -0.287 2.423 -1.831 3.378 -0.585 2.574 2.741 -1.275 1.757 2.363 -0.840 4.165 -0.077
0.000 0.000 6.186 -0.604 -2.886 -0.627 0.866 -2.183 2.047 0.926 2.333 2.489 -1.106 1.837 2.197 -0.058 2.252 0.839
0.000 1.000 6.338 -0.196 -3.469 -1.183 -0.602 -3.434 0.613 3.227 3.938 3.376 -0.964 3.554 1.558 1.466 1.438 0.511
0.000 0.000 14.860 -1.022 -7.228 -2.571 -0.995 -7.081 2.085 6.099 7.628 7.316 -1.910 6.907 4.002 2.531 4.008 2.266
0.000 1.000 17.443 -0.999 -8.986 -3.176 -1.495 -8.828 1.855 8.049 9.602 8.426 -2.131 8.678 4.279 3.596 4.377 2.558
0.000 0.000 5.792 0.123 -3.882 -1.398 -1.124 -4.169 -0.527 4.495 4.993 3.389 -0.768 4.383 0.979 2.452 0.822 -0.076
0.000 0.000 10.725 -0.306 -6.118 -2.196 -1.336 -6.179 0.393 6.198 7.081 5.803 -1.388 6.451 2.283 3.085 2.234 0.922
0.000 0.000 8.840 -0.733 -4.300 -1.381 -0.281 -3.959 1.608 3.225 4.350 4.163 -1.134 3.840 2.596 1.102 2.473 1.470
0.000 0.000 7.273 -0.750 -2.633 -0.520 0.993 -1.394 3.384 -0.399 1.361 2.702 -1.091 1.051 2.746 -1.087 3.503 1.671
0.000 1.000 8.050 0.047 -5.135 -1.895 -1.779 -5.499 -0.546 5.969 6.504 4.771 -0.985 5.916 1.231 3.205 1.276 0.215
0.000 1.000 6.066 -0.128 -3.125 -0.297 1.748 -1.651 2.644 -0.215 2.192 2.250 -1.127 1.499 1.937 -0.558 3.123 0.050
1.000 1.000 6.569 -0.326 -3.058 -0.816 0.119 -2.459 1.687 1.813 2.807 2.730 -0.910 2.308 2.081 0.339 2.077 1.115
1.000 0.000 13.706 -0.860 -6.793 -2.365 -0.903 -6.602 1.830 5.777 7.124 6.640 -1.778 6.411 3.623 2.397 3.610 2.078
0.000 1.000 9.606 -0.170 -4.348 -1.008 0.962 -3.179 2.868 1.707 3.737 3.905 -1.428 2.817 2.734 0.218 3.531 1.240
0.000 0.000 12.189 -1.902 -3.848 -1.029 1.151 -2.430 5.381 -0.302 1.940 4.254 -1.605 1.518 5.011 -1.826 5.179 3.975
0.000 0.000 4.284 0.065 -2.525 -0.711 -0.275 -2.408 0.357 2.234 2.914 2.117 -0.682 2.369 1.021 1.008 0.952 0.170
0.000 0.000 8.279 -0.971 -2.570 -0.557 1.169 -1.229 4.116 -0.851 1.025 2.810 -1.186 0.675 3.386 -1.619 3.894 2.355
0.000 0.000 8.939 -0.794 -3.423 -0.884 0.720 -2.451 3.217 0.868 2.492 3.411 -1.266 1.962 3.153 -0.493 3.462 2.072
1.000 0.000 4.941 0.207 -2.744 0.154 2.042 -1.442 1.879 0.217 2.474 1.900 -1.185 1.506 1.491 0.043 3.172 -0.795
0.000 0.000 6.555 -0.306 -3.852 -1.265 -0.304 -3.804 0.446 3.540 4.303 3.352 -1.076 3.731 1.611 1.663 1.241 0.413
0.000 1.000 7.216 0.059 -4.198 -1.378 -0.641 -4.078 0.399 4.040 4.792 3.737 -0.979 4.199 1.512 1.915 1.505 0.437
0.000 0.000 12.767 -0.215 -7.281 -2.556 -1.430 -7.304 0.535 7.238 8.382 6.707 -1.695 7.537 2.549 3.620 2.581 1.060
0.000 1.000 8.831 -0.087 -5.298 -1.960 -1.412 -5.581 -0.075 5.733 6.422 4.954 -1.165 5.857 1.697 2.988 1.664 0.451
1.000 0.000 18.155 -1.122 -9.280 -3.425 -1.677 -9.427 1.793 8.497 10.102 9.044 -2.341 9.212 4.463 3.887 4.518 2.528
0.000 1.000 5.425 -0.424 -1.934 -0.343 0.837 -0.984 2.584 -0.314 1.042 1.832 -0.781 0.648 2.114 -0.892 2.696 1.254
1.000 0.000 8.344 -0.865 -2.793 -0.608 1.204 -1.481 3.921 -0.529 1.347 2.850 -1.179 0.934 3.251 -1.362 3.910 2.169
0.000 0.000 10.253 -0.153 -5.919 -2.018 -1.023 -5.920 0.433 5.894 6.890 5.502 -1.480 6.152 1.965 2.960 1.949 0.667
0.000 1.000 6.810 -0.554 -3.338 -0.975 -0.101 -2.918 1.421 2.292 3.289 2.989 -0.863 2.766 2.170 0.642 1.970 1.190
0.000 0.000 15.538 -1.326 -6.978 -2.327 -0.487 -6.392 3.242 4.857 6.729 6.999 -1.966 6.065 4.652 1.547 4.722 3.006
0.000 0.000 11.856 -0.975 -4.522 -1.140 1.191 -3.050 4.435 0.854 3.115 4.424 -1.685 2.423 4.105 -0.759 4.683 2.704
0.000 0.000 6.182 0.081 -3.784 -1.341 -1.088 -3.939 -0.099 4.163 4.664 3.505 -0.794 4.175 1.150 2.126 1.159 0.226
1.000 0.000 6.548 0.457 -3.487 0.226 2.801 -1.637 2.663 -0.144 2.915 2.417 -1.462 1.705 1.895 -0.137 4.412 -1.014
0.000 1.000 3.607 -0.223 -1.999 -0.263 0.704 -1.400 1.280 0.499 1.654 1.352 -0.779 1.205 1.326 -0.091 1.416 0.109
0.000 0.000 5.190 -0.535 -1.525 -0.145 1.158 -0.448 3.084 -1.300 0.400 1.537 -0.782 -0.016 2.227 -1.491 2.995 1.353
0.000 0.000 14.520 -1.056 -6.933 -2.416 -0.816 -6.695 2.321 5.592 7.083 6.770 -1.853 6.410 4.015 2.185 4.050 2.464
1.000 1.000 12.349 -2.613 -2.139 -0.330 3.180 0.223 8.391 -5.241 -1.481 3.374 -1.586 -1.722 6.347 -5.075 7.319 4.878
1.000 1.000 9.760 -2.008 -1.682 -0.257 2.380 0.183 6.668 -4.055 -1.175 2.660 -1.285 -1.363 5.039 -4.022 5.730 3.895
0.000 0.000 7.649 -1.182 -2.136 -0.479 1.126 -0.903 4.093 -1.141 0.500 2.410 -1.076 0.275 3.428 -1.843 3.705 2.554
0.000 1.000 8.856 -1.017 -3.650 -0.715 1.574 -2.351 3.640 0.160 2.441 3.472 -1.540 1.930 3.237 -0.752 3.728 1.494
0.000 0.000 9.495 -1.286 -3.069 -0.789 0.925 -1.845 4.237 -0.196 1.550 3.310 -1.302 1.207 3.867 -1.428 4.021 2.924
1.000 0.000 13.363 -0.654 -6.801 -2.269 -0.594 -6.535 1.773 5.738 7.287 6.571 -1.939 6.476 3.288 2.528 3.235 1.641
0.000 1.000 5.244 0.203 -3.529 -1.229 -1.030 -3.729 -0.455 4.091 4.542 3.108 -0.705 3.961 0.832 2.231 0.753 -0.100
0.000 0.000 6.914 0.105 -4.000 -1.250 -0.482 -3.873 0.468 3.674 4.539 3.474 -0.966 3.862 1.445 1.740 1.614 0.370
1.000 1.000 4.709 0.096 -3.093 -1.043 -0.771 -3.227 -0.172 3.383 3.902 2.767 -0.738 3.418 0.863 1.766 0.715 -0.070
0.000 1.000 5.888 -0.408 -2.695 -0.727 0.150 -2.314 1.505 1.447 2.614 2.523 -0.919 2.000 1.911 0.288 1.844 0.968
0.000 1.000 6.412 0.093 -3.934 -1.400 -1.098 -4.102 -0.128 4.326 4.836 3.631 -0.833 4.315 1.179 2.231 1.183 0.230
0.000 1.000 8.112 0.132 -5.179 -1.895 -1.617 -5.457 -0.474 5.910 6.476 4.705 -1.029 5.882 1.282 3.182 1.310 0.207
1.000 0.000 12.598 -1.527 -4.583 -1.342 0.758 -3.518 4.418 1.188 3.420 5.020 -1.717 2.769 4.603 -0.652 4.769 3.293
0.000 1.000 8.265 -1.157 -2.514 -0.629 0.978 -1.337 3.994 -0.602 0.993 2.768 -1.157 0.735 3.500 -1.548 3.705 2.606
0.000 1.000 4.948 -0.065 -2.719 -0.082 1.841 -1.520 1.980 0.058 2.210 1.874 -1.077 1.505 1.606 -0.211 2.762 -0.476
0.000 0.000 10.079 -1.641 -2.722 -0.591 1.492 -1.074 5.467 -1.769 0.591 3.350 -1.342 0.340 4.385 -2.471 5.103 3.428
0.000 1.000 10.511 -0.503 -5.408 -1.870 -0.835 -5.257 1.278 4.745 5.797 5.090 -1.322 5.238 2.727 2.024 2.690 1.427
0.000 0.000 5.004 -0.353 -1.795 -0.319 0.670 -0.923 2.355 -0.208 1.010 1.732 -0.730 0.646 1.943 -0.807 2.418 1.160
0.000 1.000 5.116 0.942 -4.999 -1.959 -2.681 -6.116 -3.013 7.607 7.845 4.157 -0.575 6.823 -0.454 4.949 -0.521 -1.588
0.000 0.000 3.100 -0.109 -2.011 -0.306 0.521 -1.741 0.599 1.264 2.172 1.121 -0.688 1.421 1.017 0.470 0.771 -0.022
1.000 1.000 9.113 0.206 -5.225 -1.249 0.917 -4.322 1.447 3.317 5.340 4.351 -1.527 4.190 1.861 1.655 2.781 -0.027
0.000 0.000 10.638 0.737 -6.548 -1.712 0.298 -5.869 0.654 5.354 7.430 5.444 -1.649 5.976 1.504 3.033 2.783 -0.420
0.000 0.000 10.584 -1.843 -2.643 -0.526 1.773 -0.788 6.115 -2.409 0.158 3.321 -1.417 -0.044 4.788 -2.990 5.572 3.763
0.000 1.000 6.290 -0.341 -3.064 -0.952 -0.121 -2.783 1.251 2.229 3.129 2.967 -0.956 2.691 1.861 0.765 1.760 0.832
1.000 0.000 7.265 -1.517 -1.668 -0.382 1.439 -0.583 4.340 -1.816 -0.060 2.100 -1.115 -0.311 3.633 -2.260 3.560 2.770
0.000 1.000 5.505 -0.077 -3.339 -1.155 -0.629 -3.445 0.102 3.433 4.006 2.959 -0.792 3.523 1.226 1.717 1.033 0.207
1.000 1.000 8.346 -1.397 -2.015 -0.326 1.992 -0.489 5.149 -2.544 -0.064 2.505 -1.270 -0.454 3.894 -2.716 4.518 2.675
0.000 0.000 10.036 -0.165 -5.919 -2.201 -1.643 -6.231 -0.042 6.334 7.083 5.465 -1.248 6.437 1.981 3.245 1.972 0.698
0.000 0.000 15.084 -0.647 -8.211 -3.071 -1.926 -8.556 0.761 8.199 9.378 7.813 -1.916 8.560 3.272 4.038 3.403 1.694
0.000 0.000 13.404 -0.335 -7.494 -2.642 -1.475 -7.489 0.738 7.293 8.490 6.904 -1.717 7.650 2.851 3.544 2.860 1.307
0.000 0.000 9.475 -0.714 -4.466 -1.408 -0.157 -3.944 1.978 3.139 4.252 4.052 -1.182 3.715 2.946 0.920 2.781 1.765
1.000 0.000 6.220 -0.160 -3.417 -1.018 -0.122 -3.188 0.796 2.821 3.692 2.900 -0.895 3.057 1.643 1.187 1.550 0.573
1.000 1.000 15.630 -1.230 -7.030 -2.247 -0.150 -6.395 3.240 4.869 6.829 6.964 -2.040 5.981 4.539 1.590 4.629 2.885
0.000 1.000 8.926 -1.411 -2.355 -0.474 1.442 -0.800 5.025 -1.819 0.358 2.905 -1.216 0.150 3.924 -2.354 4.679 2.990
0.000 1.000 20.778 -1.336 -10.634 -3.924 -1.806 -10.755 2.048 9.700 11.501 10.338 -2.677 10.500 5.108 4.464 5.143 2.925
0.000 1.000 6.373 -0.251 -3.936 -1.263 -0.537 -3.862 0.228 3.735 4.470 2.986 -0.832 3.734 1.638 1.812 1.257 0.515
0.000 1.000 4.731 0.037 -2.762 -0.788 -0.257 -2.669 0.410 2.404 3.215 2.325 -0.759 2.582 1.136 1.115 1.080 0.179
0.000 1.000 7.933 -1.103 -2.428 -0.603 0.924 -1.305 3.817 -0.540 0.989 2.651 -1.110 0.722 3.365 -1.470 3.547 2.500
0.000 1.000 10.209 -0.961 -4.739 -1.468 0.120 -4.078 2.312 3.100 4.417 4.669 -1.346 3.855 3.189 0.841 3.069 1.967
1.000 0.000 11.174 -0.283 -6.367 -2.295 -1.685 -6.483 0.359 6.509 7.389 5.897 -1.321 6.735 2.374 3.191 2.424 1.085
1.000 0.000 6.575 -0.953 -1.698 -0.281 1.204 -0.422 3.925 -1.615 0.106 2.019 -0.950 -0.122 3.013 -1.977 3.539 2.139
0.000 1.000 8.768 -1.029 -3.324 -0.907 0.563 -2.393 3.175 0.933 2.292 3.157 -1.147 1.860 3.361 -0.604 3.260 2.387
1.000 0.000 9.005 -2.057 -1.539 -0.307 2.053 0.005 6.046 -3.478 -1.021 2.482 -1.262 -1.133 4.740 -3.607 5.008 3.748
0.000 0.000 4.314 0.319 -3.333 -1.195 -1.191 -3.675 -0.937 4.205 4.553 2.747 -0.566 3.933 0.526 2.413 0.337 -0.422
1.000 1.000 10.402 -0.260 -5.821 -2.032 -1.140 -5.797 0.621 5.676 6.653 5.452 -1.385 6.005 2.277 2.739 2.238 0.946
0.000 1.000 8.348 0.179 -5.245 -1.907 -1.481 -5.671 -0.487 5.978 6.690 4.858 -1.143 5.940 1.263 3.269 1.296 0.047
0.000 0.000 12.069 -0.372 -6.766 -2.522 -1.690 -6.998 0.422 6.961 7.901 6.596 -1.575 7.302 2.496 3.502 2.567 1.083
0.000 1.000 7.502 -0.564 -3.679 -1.240 -0.257 -3.472 1.335 2.767 3.806 3.627 -1.068 3.307 2.250 1.026 2.072 1.037
0.000 0.000 16.995 -1.478 -7.754 -2.540 -0.468 -7.084 3.396 5.544 7.467 7.585 -2.064 6.665 4.995 1.815 5.035 3.310
0.000 1.000 5.489 -0.298 -2.774 -0.654 0.107 -2.253 1.266 1.826 2.705 2.294 -0.760 2.154 1.757 0.450 1.617 0.887
0.000 0.000 9.220 -1.095 -3.010 -0.727 1.116 -1.693 4.223 -0.400 1.463 3.184 -1.287 1.076 3.673 -1.443 4.087 2.627
0.000 0.000 6.144 -0.101 -3.401 -1.095 -0.512 -3.252 0.607 3.140 3.775 3.059 -0.839 3.338 1.485 1.342 1.429 0.587
0.000 1.000 9.321 -1.366 -3.003 -0.761 0.816 -1.881 4.107 -0.119 1.604 3.259 -1.234 1.228 3.843 -1.385 3.967 2.979
0.000 1.000 11.760 -0.310 -6.736 -2.514 -1.774 -7.016 0.220 7.070 7.953 6.479 -1.530 7.342 2.329 3.613 2.397 0.966
1.000 1.000 10.667 -0.152 -5.395 -0.637 2.781 -2.932 4.203 0.213 3.903 4.244 -1.791 2.730 3.201 -0.391 5.504 0.365
0.000 0.000 12.113 -0.322 -6.931 -2.609 -1.884 -7.261 0.187 7.325 8.218 6.691 -1.550 7.599 2.394 3.754 2.475 0.980
0.000 1.000 5.888 0.122 -3.664 -1.242 -0.770 -3.748 -0.054 3.908 4.497 3.322 -0.834 3.935 1.103 1.997 1.004 0.065
1.000 1.000 6.994 -0.556 -3.495 -1.042 0.170 -3.144 1.402 2.384 3.458 3.197 -1.100 2.923 2.144 0.793 1.861 0.932
0.000 0.000 6.190 -0.556 -3.224 -0.918 0.113 -2.918 1.136 2.297 3.258 2.498 -0.831 2.537 2.085 0.769 1.648 0.997
0.000 1.000 3.590 -0.203 -1.602 -0.044 1.162 -0.821 1.827 -0.500 1.083 1.164 -0.772 0.545 1.389 -0.645 2.004 0.145
1.000 0.000 6.063 -0.790 -1.843 -0.326 0.963 -0.780 3.231 -0.879 0.656 1.968 -0.879 0.302 2.636 -1.412 3.029 1.824
0.000 1.000 9.366 -1.061 -3.048 -0.686 1.361 -1.595 4.455 -0.717 1.367 3.186 -1.314 0.958 3.687 -1.591 4.403 2.537
0.000 1.000 13.196 -0.872 -6.350 -2.218 -0.796 -6.205 1.975 5.264 6.650 6.370 -1.737 5.999 3.556 2.124 3.583 2.031
0.000 1.000 8.215 -0.104 -4.520 -1.467 -0.547 -4.367 0.774 4.070 4.982 4.044 -1.132 4.341 1.872 1.834 1.942 0.742
0.000 0.000 8.765 -0.225 -4.824 -1.725 -0.933 -4.899 0.549 4.742 5.557 4.657 -1.174 5.012 1.980 2.261 1.939 0.730
0.000 1.000 16.250 -1.228 -7.663 -2.674 -0.877 -7.390 2.676 6.113 7.823 7.640 -2.090 7.121 4.511 2.378 4.563 2.772
0.000 1.000 4.087 0.336 -2.846 -0.337 1.142 -2.115 0.923 1.117 2.874 1.692 -0.926 1.924 0.844 0.632 1.630 -0.784
0.000 1.000 9.950 -0.192 -5.872 -2.164 -1.600 -6.130 0.024 6.307 7.037 5.574 -1.319 6.474 1.845 3.250 1.898 0.673
0.000 1.000 14.187 -1.223 -6.089 -1.966 0.153 -5.310 3.490 3.629 5.440 6.127 -1.919 4.805 4.399 0.850 4.441 2.870
0.000 1.000 14.105 -0.435 -7.972 -2.990 -2.127 -8.314 0.333 8.275 9.322 7.622 -1.764 8.607 2.856 4.190 2.955 1.308
1.000 1.000 6.255 -0.704 -2.100 -0.455 0.902 -1.285 2.845 -0.219 1.245 2.182 -0.960 0.741 2.543 -0.949 2.687 1.636
1.000 0.000 8.516 -1.877 -1.725 -0.320 1.914 -0.334 5.448 -2.815 -0.472 2.463 -1.319 -0.706 4.266 -2.998 4.526 3.233
0.000 1.000 8.591 0.091 -5.407 -2.032 -1.780 -5.837 -0.537 6.258 6.843 5.046 -1.076 6.219 1.377 3.398 1.431 0.221
0.000 0.000 5.280 0.253 -3.635 -1.286 -1.157 -3.914 -0.617 4.348 4.784 3.206 -0.707 4.176 0.744 2.428 0.688 -0.190
1.000 1.000 16.000 -0.862 -8.317 -3.030 -1.613 -8.381 1.461 7.729 9.123 8.047 -2.033 8.334 3.862 3.559 3.927 2.149
0.000 1.000 12.927 -0.991 -5.887 -1.897 -0.271 -5.421 2.593 4.219 5.770 5.790 -1.690 5.095 3.764 1.388 3.789 2.334
1.000 0.000 8.650 -0.235 -4.175 -1.040 0.755 -3.427 2.126 2.057 3.983 3.817 -1.447 3.022 2.315 0.690 2.897 0.810
0.000 0.000 12.376 -1.942 -3.857 -1.028 1.191 -2.392 5.536 -0.408 1.862 4.270 -1.625 1.458 5.129 -1.934 5.297 4.081
0.000 0.000 8.680 0.029 -5.160 -1.845 -1.162 -5.311 0.030 5.433 6.165 4.768 -1.164 5.510 1.627 2.787 1.620 0.427
0.000 1.000 10.292 -0.025 -6.161 -2.289 -1.600 -6.521 -0.176 6.708 7.507 5.766 -1.361 6.801 1.838 3.551 1.867 0.465
0.000 0.000 13.622 -1.118 -6.176 -2.042 -0.459 -5.628 2.827 4.315 6.011 6.284 -1.789 5.438 4.013 1.406 4.091 2.518
0.000 0.000 7.317 -0.567 -2.857 -0.641 0.959 -1.976 2.790 0.428 2.147 2.806 -1.129 1.481 2.562 -0.509 2.949 1.416
0.000 1.000 10.881 -0.437 -5.738 -1.989 -1.157 -5.610 1.065 5.278 6.284 5.464 -1.326 5.702 2.649 2.339 2.688 1.417
0.000 1.000 6.010 -0.406 -2.755 -0.408 1.235 -1.685 2.484 0.113 1.982 2.275 -1.105 1.397 2.102 -0.475 2.676 0.643
0.000 1.000 8.724 -0.821 -3.796 -1.160 0.337 -3.316 2.283 2.068 3.521 3.765 -1.326 2.898 2.845 0.430 2.706 1.581
0.000 0.000 4.781 -0.652 -2.400 -0.390 1.226 -1.807 1.766 0.386 1.933 1.706 -1.065 1.351 1.840 -0.173 1.841 0.359
0.000 1.000 8.406 -0.929 -2.697 -0.589 1.145 -1.358 4.059 -0.691 1.201 2.902 -1.214 0.825 3.356 -1.506 3.888 2.295
0.000 1.000 6.072 -0.313 -2.865 -0.272 1.588 -1.421 2.851 -0.393 1.823 2.173 -1.121 1.240 2.145 -0.798 3.066 0.472
0.000 1.000 13.035 -0.884 -6.422 -2.204 -0.962 -6.185 1.880 5.403 6.767 6.382 -1.667 6.170 3.465 2.186 3.484 2.014
0.000 0.000 14.327 -1.215 -6.326 -2.151 -0.277 -5.777 3.095 4.282 5.931 6.445 -1.860 5.381 4.293 1.290 4.370 2.787
0.000 0.000 18.693 -1.019 -9.858 -3.658 -1.965 -10.066 1.440 9.327 10.863 9.374 -2.342 9.918 4.399 4.401 4.445 2.451
0.000 0.000 6.085 -0.334 -2.881 -0.842 -0.095 -2.575 1.299 1.940 2.895 2.741 -0.891 2.403 1.856 0.557 1.799 0.931
0.000 0.000 12.025 -0.202 -7.017 -2.629 -1.757 -7.430 0.011 7.465 8.408 6.586 -1.582 7.638 2.299 3.891 2.313 0.765
0.000 1.000 9.220 0.108 -5.249 -1.511 -0.193 -4.790 0.895 4.416 5.806 4.681 -1.324 4.889 1.837 2.156 2.334 0.413
1.000 1.000 9.165 -0.639 -3.887 -1.017 0.562 -2.938 2.817 1.577 3.230 3.753 -1.348 2.583 2.967 0.033 3.205 1.788
0.000 0.000 18.525 -1.013 -9.785 -3.665 -1.994 -10.090 1.350 9.378 10.874 9.401 -2.372 9.948 4.283 4.490 4.366 2.353
0.000 1.000 3.907 0.007 -2.353 -0.572 -0.068 -2.126 0.475 1.875 2.580 1.715 -0.668 1.998 1.046 0.764 0.875 0.194
1.000 1.000 11.267 -2.790 -1.660 -0.379 2.528 0.247 7.741 -4.676 -1.712 3.022 -1.513 -1.700 6.109 -4.772 6.284 5.054
0.000 1.000 12.760 -0.422 -7.144 -2.616 -1.723 -7.314 0.500 7.218 8.231 6.800 -1.591 7.542 2.735 3.563 2.752 1.252
0.000 0.000 12.673 -1.174 -5.513 -1.730 -0.183 -4.779 3.106 3.342 5.052 5.578 -1.603 4.490 3.996 0.750 4.069 2.665
0.000 1.000 6.699 -0.277 -3.544 -0.842 0.714 -2.941 1.507 1.989 3.414 2.924 -1.126 2.628 1.907 0.716 2.169 0.570
0.000 1.000 6.587 0.084 -4.094 -1.491 -1.173 -4.322 -0.232 4.574 5.083 3.770 -0.864 4.573 1.189 2.382 1.156 0.173
0.000 0.000 15.415 -0.954 -7.635 -2.659 -1.182 -7.425 2.060 6.534 8.103 7.523 -1.939 7.383 4.020 2.771 4.074 2.318
0.000 0.000 9.414 0.033 -5.783 -2.172 -1.750 -6.185 -0.405 6.542 7.200 5.448 -1.179 6.547 1.590 3.523 1.643 0.330
1.000 1.000 6.836 -0.055 -4.009 -1.344 -0.880 -3.991 0.277 4.061 4.718 3.736 -0.949 4.214 1.390 1.956 1.352 0.434
0.000 1.000 4.354 -0.001 -2.840 -0.957 -0.668 -3.023 -0.093 3.014 3.531 2.457 -0.740 3.084 0.892 1.548 0.685 -0.016
0.000 1.000 9.954 -1.350 -3.517 -0.921 0.738 -2.426 3.906 0.492 2.279 3.669 -1.304 1.795 3.881 -1.003 3.944 2.927
0.000 0.000 4.574 -0.198 -2.195 -0.330 0.650 -1.442 1.714 0.501 1.757 1.685 -0.834 1.242 1.605 -0.216 1.819 0.547
0.000 1.000 10.926 -2.475 -2.114 -0.443 2.342 -0.231 7.078 -3.812 -0.991 2.997 -1.549 -1.135 5.670 -4.073 5.872 4.512
0.000 1.000 11.015 -0.535 -5.538 -1.855 -0.567 -5.188 1.627 4.546 5.733 5.191 -1.428 5.130 2.938 1.825 2.872 1.553
1.000 0.000 6.029 0.169 -3.266 -0.161 1.989 -1.850 2.392 0.094 2.723 2.269 -1.297 1.584 1.654 -0.093 3.211 -0.343
1.000 0.000 8.002 -0.595 -3.853 -0.975 0.816 -3.112 2.119 1.889 3.487 3.426 -1.226 2.720 2.524 0.455 2.726 1.159
0.000 1.000 12.959 -0.799 -6.470 -2.304 -0.931 -6.424 1.647 5.601 6.917 6.317 -1.680 6.288 3.397 2.399 3.343 1.812
0.000 1.000 10.926 -2.475 -2.114 -0.443 2.342 -0.231 7.078 -3.812 -0.991 2.997 -1.549 -1.135 5.670 -4.073 5.872 4.512
0.000 1.000 5.341 0.173 -3.372 -1.144 -0.928 -3.509 -0.162 3.715 4.218 3.013 -0.732 3.693 0.926 1.903 0.908 0.076
1.000 0.000 7.544 -0.829 -2.756 -0.681 0.618 -1.816 3.013 0.341 1.819 2.877 -1.031 1.409 2.795 -0.717 3.176 1.969
1.000 1.000 8.703 -1.861 -1.869 -0.413 1.718 -0.549 5.300 -2.411 -0.243 2.599 -1.328 -0.470 4.326 -2.807 4.344 3.331
0.000 0.000 7.740 -0.431 -3.413 -0.916 0.385 -2.747 2.148 1.646 3.066 3.309 -1.156 2.445 2.404 0.250 2.612 1.273
1.000 1.000 17.057 -0.945 -8.924 -3.293 -1.703 -9.094 1.430 8.380 9.800 8.555 -2.190 8.933 4.038 3.922 4.107 2.265
0.000 0.000 6.155 -0.794 -1.633 -0.180 1.351 -0.369 3.780 -1.752 0.166 1.826 -0.886 -0.184 2.747 -1.926 3.575 1.821
1.000 0.000 5.539 0.027 -3.261 -1.061 -0.605 -3.196 0.312 3.198 3.772 2.833 -0.737 3.312 1.250 1.464 1.158 0.351
0.000 0.000 10.650 -1.288 -3.551 -0.896 1.180 -2.110 4.684 -0.189 1.857 3.750 -1.481 1.439 4.163 -1.470 4.547 3.033
0.000 0.000 9.602 -0.539 -4.269 -1.202 0.298 -3.444 2.544 2.306 3.787 4.063 -1.374 3.177 2.932 0.426 3.057 1.673
0.000 1.000 7.331 -0.145 -4.243 -1.475 -1.032 -4.248 0.303 4.312 4.979 4.011 -0.950 4.504 1.618 2.068 1.554 0.563
0.000 0.000 6.080 0.466 -3.088 0.499 2.991 -1.318 2.657 -0.404 2.796 2.225 -1.428 1.347 1.737 -0.204 4.518 -1.167
0.000 1.000 9.097 -0.024 -5.629 -2.055 -1.577 -5.883 -0.317 6.244 6.908 5.218 -1.155 6.281 1.594 3.324 1.567 0.376
0.000 1.000 13.265 -1.476 -5.129 -1.542 0.570 -4.169 4.134 2.024 4.113 5.482 -1.839 3.517 4.585 -0.150 4.687 3.168
1.000 1.000 5.645 0.080 -3.644 -1.287 -0.996 -3.812 -0.228 4.052 4.573 3.323 -0.792 4.071 1.033 2.139 0.914 0.024
1.000 1.000 7.949 -0.560 -3.671 -1.167 -0.194 -3.229 1.758 2.443 3.579 3.726 -1.110 3.137 2.428 0.724 2.401 1.329
0.000 1.000 6.342 0.050 -3.903 -1.388 -1.019 -4.052 -0.096 4.251 4.787 3.619 -0.830 4.280 1.213 2.176 1.147 0.182
1.000 0.000 9.052 -0.356 -4.925 -1.339 0.656 -4.322 1.476 3.356 5.011 4.295 -1.461 4.075 2.300 1.471 2.507 0.559
0.000 1.000 9.871 -2.021 -2.050 -0.363 2.165 -0.230 6.368 -3.412 -0.692 2.792 -1.408 -0.918 4.969 -3.605 5.416 3.818
1.000 0.000 11.809 -1.922 -3.203 -0.727 1.813 -1.314 6.339 -2.026 0.674 3.888 -1.585 0.439 5.077 -2.804 5.955 3.945
0.000 0.000 16.558 -1.892 -6.532 -2.091 0.554 -5.573 4.882 2.889 5.495 6.868 -2.280 4.697 5.581 0.143 5.695 3.903
0.000 0.000 16.338 -0.845 -8.542 -3.117 -1.620 -8.560 1.437 7.946 9.318 8.248 -2.058 8.534 3.911 3.672 3.958 2.170
0.000 1.000 6.666 -0.489 -3.267 -0.988 0.072 -2.975 1.349 2.256 3.301 2.970 -1.007 2.713 2.066 0.738 1.819 0.936
1.000 0.000 5.750 -0.183 -2.676 0.053 2.194 -1.210 2.741 -0.619 1.858 2.027 -1.218 1.166 2.066 -0.739 3.507 -0.146
0.000 0.000 11.972 -0.994 -5.602 -1.836 -0.460 -5.148 2.293 4.119 5.555 5.626 -1.514 5.006 3.469 1.381 3.481 2.168
0.000 0.000 14.966 -1.254 -6.651 -2.275 -0.322 -6.116 3.139 4.593 6.289 6.764 -1.934 5.708 4.440 1.441 4.515 2.875
0.000 1.000 17.243 -0.602 -9.843 -3.789 -2.667 -10.619 0.059 10.473 11.752 9.290 -2.198 10.702 3.368 5.497 3.470 1.462
0.000 0.000 11.681 -0.803 -5.432 -1.817 -0.364 -5.035 2.211 4.046 5.325 5.338 -1.529 4.780 3.356 1.390 3.348 2.013
0.000 0.000 9.209 -0.854 -3.760 -0.939 0.658 -2.779 3.039 1.257 3.017 3.710 -1.273 2.367 3.126 -0.242 3.409 2.032
0.000 1.000 7.079 -0.239 -3.850 -1.125 0.119 -3.480 1.054 2.914 4.012 3.472 -1.139 3.408 1.826 1.242 1.815 0.497
0.000 1.000 14.557 -1.005 -7.017 -2.388 -0.941 -6.652 2.307 5.691 7.194 6.873 -1.761 6.531 4.008 2.195 4.044 2.450
0.000 1.000 9.714 -2.328 -1.610 -0.320 2.096 0.093 6.588 -3.815 -1.273 2.570 -1.334 -1.330 5.247 -3.986 5.401 4.278
0.000 0.000 11.491 -1.417 -3.778 -0.926 1.380 -2.182 5.156 -0.395 1.893 3.992 -1.576 1.437 4.509 -1.682 5.051 3.295
1.000 1.000 3.367 0.266 -2.086 -0.357 0.214 -1.762 0.532 1.390 2.337 1.391 -0.627 1.606 0.765 0.595 1.031 -0.086
0.000 1.000 11.649 -0.616 -5.890 -2.036 -1.032 -5.703 1.460 5.168 6.290 5.703 -1.429 5.720 3.004 2.170 3.058 1.707
0.000 1.000 7.038 -0.830 -2.439 -0.624 0.663 -1.579 2.967 0.188 1.429 2.454 -0.991 1.094 2.810 -0.868 2.912 1.977
0.000 1.000 10.680 -1.487 -3.462 -0.915 1.082 -2.131 4.692 -0.128 1.743 3.644 -1.445 1.368 4.354 -1.532 4.494 3.322
0.000 0.000 11.929 -0.725 -5.634 -1.874 -0.557 -5.267 2.094 4.339 5.780 5.741 -1.587 5.192 3.230 1.628 3.346 1.854
0.000 1.000 8.459 0.069 -5.347 -2.040 -1.746 -5.841 -0.601 6.242 6.825 4.991 -1.069 6.202 1.375 3.415 1.378 0.143
0.000 1.000 7.219 -0.335 -3.480 -1.082 -0.345 -3.130 1.355 2.633 3.515 3.401 -0.968 3.105 2.056 0.873 2.046 1.099
1.000 1.000 11.318 0.122 -5.671 -0.308 3.770 -2.817 4.781 -0.505 4.159 4.251 -2.051 2.521 3.265 -0.628 6.479 -0.154
0.000 1.000 11.006 -1.508 -3.330 -0.753 1.563 -1.624 5.471 -1.195 1.237 3.732 -1.505 0.899 4.492 -2.146 5.274 3.313
0.000 0.000 10.011 -0.342 -5.344 -1.868 -0.982 -5.298 0.893 5.038 6.012 5.242 -1.357 5.460 2.339 2.336 2.350 1.063
1.000 1.000 4.336 -0.221 -2.650 -0.402 1.081 -1.987 1.243 0.873 2.365 1.757 -0.980 1.769 1.337 0.283 1.696 -0.261
0.000 1.000 9.555 -0.014 -5.616 -2.016 -1.170 -5.768 0.120 5.833 6.656 5.209 -1.297 5.962 1.830 2.988 1.811 0.510
1.000 0.000 14.514 -1.145 -6.739 -2.310 -0.559 -6.420 2.660 5.035 6.795 6.721 -1.901 6.069 4.154 1.836 4.170 2.551
0.000 1.000 9.404 -0.260 -4.956 -1.429 0.064 -4.422 1.453 3.705 5.194 4.557 -1.369 4.387 2.279 1.591 2.584 0.845
0.000 0.000 7.833 -0.673 -3.770 -1.130 0.309 -3.255 1.685 2.443 3.555 3.553 -1.174 2.973 2.491 0.719 2.208 1.300
0.000 1.000 8.290 -0.600 -3.707 -1.144 -0.087 -3.255 1.929 2.438 3.453 3.607 -1.103 3.019 2.588 0.596 2.545 1.564
0.000 1.000 5.494 0.044 -2.966 -0.201 1.764 -1.547 2.394 -0.224 2.184 1.997 -1.048 1.430 1.695 -0.493 2.912 -0.230
0.000 1.000 6.222 0.091 -3.950 -1.427 -1.126 -4.167 -0.286 4.442 4.934 3.580 -0.825 4.415 1.123 2.332 1.050 0.112
0.000 1.000 10.793 -0.852 -4.626 -1.386 0.145 -3.842 2.864 2.578 4.065 4.593 -1.477 3.539 3.422 0.433 3.450 2.178
0.000 0.000 11.395 -0.607 -5.847 -2.050 -0.809 -5.706 1.384 5.095 6.201 5.431 -1.456 5.588 2.961 2.195 2.911 1.598
0.000 1.000 15.768 -0.832 -8.131 -2.921 -1.489 -8.039 1.607 7.364 8.755 7.820 -1.945 7.993 3.884 3.296 3.935 2.221
0.000 0.000 6.263 -0.283 -3.259 -0.779 0.391 -2.724 1.372 2.026 3.177 2.699 -0.981 2.485 1.831 0.652 1.924 0.758
0.000 0.000 9.179 -1.414 -2.215 -0.305 1.961 -0.345 5.731 -2.849 -0.176 2.729 -1.211 -0.485 4.224 -3.032 5.304 3.079
1.000 1.000 3.389 0.225 -2.126 -0.201 0.762 -1.493 0.998 0.727 2.069 1.255 -0.743 1.354 0.913 0.190 1.334 -0.345
0.000 1.000 7.639 -0.306 -4.235 -1.433 -0.683 -4.113 0.656 3.968 4.715 3.997 -1.049 4.228 1.858 1.775 1.697 0.749
0.000 1.000 8.450 0.136 -5.036 -1.697 -0.843 -5.007 0.204 5.051 5.909 4.526 -1.165 5.191 1.579 2.555 1.627 0.338
1.000 1.000 8.495 0.005 -4.309 -0.238 3.005 -2.036 3.758 -0.568 3.009 3.206 -1.526 2.081 2.572 -0.739 4.908 -0.307
0.000 1.000 7.508 0.052 -3.537 -0.737 0.876 -2.484 2.310 1.266 3.051 3.023 -1.164 2.207 2.064 0.150 2.912 0.721
1.000 0.000 10.111 0.493 -5.928 -1.423 0.764 -4.990 1.294 4.096 6.298 4.874 -1.653 4.940 1.787 2.182 2.999 -0.178
1.000 1.000 7.547 -0.070 -3.406 -0.731 0.806 -2.378 2.428 1.154 2.845 2.981 -1.144 2.082 2.218 -0.004 2.916 0.953
0.000 1.000 9.999 -0.406 -5.215 -1.812 -0.789 -5.115 1.094 4.677 5.633 4.918 -1.314 5.058 2.471 2.036 2.461 1.254
0.000 1.000 12.514 -0.639 -6.391 -2.238 -0.966 -6.268 1.493 5.619 6.838 6.061 -1.601 6.175 3.178 2.427 3.179 1.736
0.000 1.000 14.186 -0.795 -7.242 -2.573 -1.176 -7.206 1.596 6.437 7.848 6.990 -1.835 7.111 3.569 2.852 3.540 1.922
1.000 0.000 8.946 -1.402 -2.249 -0.378 2.085 -0.605 5.401 -2.523 0.075 2.735 -1.361 -0.344 4.058 -2.744 4.772 2.773
0.000 1.000 7.196 -0.908 -2.132 -0.442 1.086 -0.903 3.787 -1.004 0.658 2.362 -1.028 0.395 3.053 -1.624 3.550 2.144
1.000 1.000 8.497 -0.422 -4.456 -1.455 -0.576 -4.229 1.068 3.877 4.823 4.292 -1.159 4.295 2.151 1.611 2.075 1.042
1.000 1.000 7.411 -0.604 -3.505 -0.988 0.002 -2.960 1.731 2.228 3.277 3.019 -0.927 2.707 2.453 0.493 2.238 1.437
0.000 0.000 9.763 -0.433 -4.868 -1.567 -0.417 -4.456 1.593 3.866 4.982 4.577 -1.316 4.417 2.624 1.472 2.572 1.371
0.000 1.000 7.427 0.373 -5.124 -1.902 -1.703 -5.645 -1.050 6.290 6.842 4.662 -1.052 6.145 0.752 3.636 0.780 -0.362
0.000 1.000 7.772 0.065 -4.757 -1.711 -1.147 -4.995 -0.172 5.191 5.868 4.421 -1.057 5.224 1.384 2.741 1.338 0.183
0.000 1.000 16.761 -1.158 -8.206 -2.823 -1.019 -7.860 2.448 6.786 8.442 7.836 -2.066 7.605 4.452 2.763 4.522 2.773
1.000 1.000 8.262 -1.400 -1.869 -0.295 1.617 -0.203 5.239 -2.572 -0.357 2.459 -1.105 -0.509 3.941 -2.835 4.690 2.978
0.000 0.000 12.558 -2.047 -3.764 -0.996 1.309 -2.197 5.859 -0.764 1.583 4.262 -1.653 1.234 5.311 -2.209 5.496 4.262
0.000 0.000 9.767 -0.734 -3.594 -0.775 1.415 -2.059 4.205 -0.120 2.104 3.447 -1.391 1.500 3.484 -1.149 4.414 2.143
1.000 1.000 11.710 -0.435 -6.254 -2.135 -0.891 -6.173 1.102 5.734 6.990 5.998 -1.675 6.252 2.684 2.683 2.643 1.202
1.000 0.000 13.412 -0.950 -6.726 -2.490 -1.118 -6.883 1.521 6.033 7.428 6.780 -1.762 6.742 3.497 2.719 3.440 1.759
1.000 0.000 8.641 -0.811 -4.184 -0.664 2.608 -2.562 3.456 -0.041 2.936 3.337 -1.597 2.175 2.957 -0.568 4.068 0.367
0.000 0.000 4.161 -0.187 -2.512 -0.345 0.984 -1.838 1.268 0.790 2.226 1.642 -0.934 1.637 1.336 0.188 1.612 -0.165
0.000 0.000 4.500 0.451 -3.204 -0.891 -0.472 -3.209 -0.331 3.430 4.174 2.501 -0.730 3.352 0.582 1.907 0.619 -0.431
0.000 1.000 6.821 -0.222 -3.269 -0.900 0.104 -2.721 1.593 1.949 3.185 3.171 -1.039 2.642 1.922 0.590 2.178 0.840
0.000 0.000 9.602 -0.539 -4.269 -1.202 0.298 -3.444 2.544 2.306 3.787 4.063 -1.374 3.177 2.932 0.426 3.057 1.673
0.000 0.000 8.219 -0.640 -3.321 -0.822 0.460 -2.485 2.682 1.178 2.716 3.280 -1.139 2.131 2.768 -0.197 3.044 1.749
1.000 1.000 12.324 -2.755 -1.984 -0.358 3.005 0.284 8.440 -5.267 -1.705 3.332 -1.583 -1.825 6.469 -5.185 7.190 5.129
0.000 0.000 12.779 -1.249 -5.154 -1.586 0.378 -4.219 3.720 2.451 4.212 5.248 -1.703 3.665 4.261 0.133 4.318 2.936
0.000 0.000 13.520 -0.550 -7.273 -2.647 -1.650 -7.380 0.916 7.057 8.164 6.926 -1.673 7.464 3.057 3.340 3.164 1.624
0.000 0.000 8.941 0.523 -5.478 -1.487 0.028 -5.013 0.521 4.646 6.269 4.663 -1.380 5.137 1.343 2.560 2.287 -0.234
0.000 1.000 8.790 -1.303 -3.497 -0.944 0.990 -2.736 3.054 1.020 2.636 3.394 -1.375 2.081 3.408 -0.397 3.040 2.102
1.000 0.000 6.449 -0.505 -2.697 -0.549 0.801 -1.684 2.572 0.320 1.814 2.516 -1.003 1.427 2.283 -0.508 2.844 1.156
0.000 0.000 8.361 -0.587 -4.106 -1.393 -0.320 -3.888 1.420 3.179 4.262 4.072 -1.177 3.751 2.429 1.228 2.278 1.140
0.000 0.000 6.127 -0.433 -2.629 -0.696 0.235 -2.092 1.799 1.197 2.300 2.545 -0.902 1.828 2.066 0.036 2.105 1.176
0.000 1.000 11.586 -0.278 -6.672 -2.450 -1.672 -6.974 0.156 7.032 7.941 6.289 -1.457 7.174 2.309 3.613 2.358 0.895
0.000 0.000 3.750 -0.264 -2.398 -0.360 0.952 -1.884 0.995 0.906 2.217 1.508 -0.903 1.684 1.204 0.309 1.364 -0.299
0.000 1.000 7.688 -0.303 -3.680 -0.800 1.014 -2.738 2.272 1.379 3.320 3.240 -1.157 2.427 2.278 0.268 2.964 0.883
1.000 0.000 8.065 0.131 -5.179 -1.916 -1.634 -5.587 -0.618 6.051 6.638 4.791 -1.014 5.953 1.262 3.332 1.264 0.069
1.000 1.000 17.536 -0.585 -10.084 -3.891 -2.784 -10.923 -0.063 10.831 12.126 9.513 -2.236 11.033 3.359 5.742 3.468 1.408
0.000 0.000 6.337 -0.409 -3.354 -1.004 0.025 -3.057 1.025 2.563 3.427 2.975 -1.001 2.872 1.849 0.967 1.563 0.784
0.000 1.000 7.428 -0.393 -3.103 -0.742 0.691 -2.203 2.541 0.980 2.403 2.819 -1.069 1.830 2.459 -0.227 2.887 1.385
0.000 0.000 6.243 -0.145 -3.643 -1.301 -0.798 -3.751 0.214 3.700 4.310 3.418 -0.830 3.837 1.476 1.788 1.288 0.350
0.000 1.000 17.898 -1.200 -8.861 -3.205 -1.325 -8.803 2.230 7.695 9.365 8.681 -2.305 8.517 4.609 3.332 4.675 2.739
1.000 1.000 4.540 -0.262 -2.569 -0.597 0.401 -2.295 0.870 1.663 2.595 1.918 -0.869 1.985 1.429 0.596 1.228 0.324
1.000 0.000 10.883 -0.613 -5.266 -1.734 -0.657 -4.961 1.763 4.246 5.495 5.223 -1.411 4.925 2.935 1.632 2.989 1.654
0.000 0.000 9.277 -0.509 -4.380 -1.394 -0.259 -3.973 1.807 3.188 4.322 4.270 -1.278 3.815 2.641 1.054 2.619 1.463
0.000 0.000 8.691 -1.015 -3.289 -0.895 0.562 -2.360 3.160 0.910 2.262 3.128 -1.141 1.833 3.334 -0.611 3.236 2.365
0.000 0.000 10.087 -0.033 -5.640 -1.722 -0.427 -5.239 0.961 4.916 6.217 5.093 -1.412 5.349 2.116 2.339 2.396 0.714
0.000 1.000 9.576 -0.025 -5.582 -1.989 -1.291 -5.732 0.154 5.806 6.609 5.221 -1.278 5.952 1.807 2.953 1.865 0.593
1.000 0.000 5.132 0.116 -2.911 -0.022 1.989 -1.565 2.004 0.128 2.432 1.948 -1.122 1.623 1.572 -0.116 3.007 -0.675
0.000 0.000 17.146 -0.954 -9.041 -3.399 -1.895 -9.419 1.227 8.777 10.319 8.902 -2.207 9.388 4.007 4.281 4.041 1.951
1.000 1.000 7.044 -0.177 -3.487 -0.972 0.165 -3.008 1.468 2.256 3.473 3.227 -1.071 2.831 1.934 0.808 2.178 0.745
0.000 1.000 8.837 -0.787 -3.241 -0.753 1.098 -2.000 3.673 0.168 1.974 3.108 -1.236 1.445 3.261 -0.960 3.817 2.114
1.000 0.000 15.589 -1.079 -7.519 -2.624 -1.028 -7.274 2.349 6.209 7.808 7.438 -1.964 7.116 4.222 2.504 4.277 2.541
0.000 1.000 10.492 -0.334 -5.689 -1.865 -0.715 -5.435 1.045 5.134 6.252 5.298 -1.459 5.542 2.420 2.328 2.356 1.092
0.000 1.000 4.923 -0.448 -2.697 -0.562 0.808 -2.381 1.173 1.372 2.648 1.938 -1.026 1.870 1.687 0.433 1.377 0.307
0.000 1.000 10.082 -0.555 -5.004 -1.715 -0.729 -4.828 1.421 4.258 5.258 4.846 -1.276 4.744 2.682 1.704 2.701 1.515
0.000 1.000 17.401 -0.913 -9.263 -3.396 -1.819 -9.412 1.279 8.834 10.251 8.811 -2.210 9.353 4.036 4.208 4.088 2.219
0.000 1.000 7.500 -0.881 -2.431 -0.551 1.004 -1.302 3.566 -0.478 1.116 2.531 -1.061 0.775 3.048 -1.306 3.455 2.103
1.000 1.000 5.287 -0.620 -2.667 -0.451 1.385 -2.050 1.864 0.470 2.235 1.958 -1.147 1.510 1.917 -0.091 2.034 0.307
0.000 0.000 7.592 -0.097 -4.460 -1.534 -0.953 -4.474 0.228 4.571 5.226 4.159 -1.047 4.707 1.505 2.252 1.473 0.506
0.000 1.000 9.330 -0.349 -5.083 -1.793 -1.135 -5.065 0.694 4.935 5.783 4.976 -1.206 5.294 2.160 2.286 2.150 0.972
0.000 0.000 6.767 -0.007 -3.991 -1.420 -1.050 -4.109 0.092 4.234 4.791 3.746 -0.868 4.310 1.366 2.102 1.369 0.386
0.000 0.000 7.906 -0.041 -4.931 -1.791 -1.492 -5.162 -0.282 5.521 6.077 4.562 -0.996 5.518 1.361 2.884 1.346 0.326
0.000 0.000 10.058 -0.245 -5.890 -2.129 -1.517 -6.047 0.142 6.187 6.943 5.533 -1.283 6.344 1.960 3.116 1.966 0.775
0.000 1.000 9.127 -0.579 -4.365 -1.447 -0.372 -4.047 1.660 3.310 4.462 4.413 -1.251 3.972 2.601 1.216 2.580 1.357
0.000 1.000 4.171 0.102 -2.733 -0.880 -0.568 -2.787 -0.089 2.858 3.342 2.276 -0.651 2.830 0.858 1.445 0.679 -0.006
0.000 1.000 8.072 -0.203 -4.196 -1.342 -0.496 -3.900 1.121 3.526 4.458 3.930 -1.112 3.951 2.045 1.420 1.998 0.912
0.000 1.000 8.958 -0.678 -4.362 -1.423 -0.374 -4.005 1.585 3.372 4.442 4.368 -1.179 3.991 2.575 1.183 2.504 1.455
0.000 1.000 16.161 -0.857 -8.431 -3.080 -1.660 -8.515 1.428 7.872 9.268 8.141 -2.053 8.471 3.876 3.645 3.943 2.150
0.000 0.000 12.820 -0.393 -7.240 -2.689 -1.886 -7.594 0.331 7.473 8.471 6.746 -1.603 7.681 2.649 3.763 2.740 1.242
0.000 0.000 12.898 -1.005 -6.016 -1.994 -0.617 -5.559 2.407 4.539 5.987 6.008 -1.566 5.419 3.706 1.553 3.771 2.357
0.000 1.000 17.536 -0.585 -10.084 -3.891 -2.784 -10.923 -0.063 10.831 12.126 9.513 -2.236 11.033 3.359 5.742 3.468 1.408
0.000 0.000 3.402 0.555 -3.062 -0.897 -0.683 -3.370 -1.081 3.832 4.469 2.204 -0.641 3.508 0.141 2.350 -0.146 -0.959
1.000 1.000 4.753 0.028 -2.612 -0.350 0.848 -1.768 1.541 0.818 2.322 1.793 -0.909 1.610 1.412 0.111 1.889 0.148
0.000 1.000 7.627 -0.581 -2.799 -0.594 0.918 -1.606 3.286 -0.003 1.686 2.722 -1.100 1.195 2.817 -0.939 3.346 1.783
0.000 1.000 5.720 0.268 -3.961 -1.320 -0.899 -4.214 -0.566 4.590 5.247 3.473 -0.894 4.513 0.735 2.574 0.583 -0.414
0.000 0.000 12.369 -0.552 -6.495 -2.319 -1.357 -6.457 1.119 6.090 7.162 6.273 -1.521 6.547 2.952 2.761 3.037 1.596
0.000 1.000 4.518 0.011 -2.889 -0.820 -0.059 -2.835 0.222 2.549 3.373 2.338 -0.834 2.744 1.002 1.275 0.891 -0.128
0.000 1.000 3.948 -0.068 -2.358 -0.660 -0.237 -2.205 0.384 2.036 2.636 1.893 -0.621 2.161 1.070 0.847 0.826 0.232
1.000 0.000 6.028 -0.359 -3.270 -1.056 -0.248 -3.082 0.774 2.782 3.438 2.986 -0.907 3.016 1.683 1.113 1.412 0.689
1.000 1.000 5.121 -0.192 -2.156 -0.443 0.568 -1.428 1.917 0.501 1.628 1.877 -0.761 1.147 1.766 -0.319 2.161 0.885
0.000 1.000 3.872 -0.490 -1.723 -0.395 0.383 -1.351 1.318 0.658 1.439 1.333 -0.614 0.966 1.634 -0.156 1.331 0.871
1.000 1.000 7.500 -0.153 -3.670 -0.302 2.226 -1.724 3.473 -0.618 2.357 2.717 -1.282 1.595 2.466 -0.937 4.072 0.244
0.000 0.000 7.057 -0.026 -4.301 -1.499 -1.002 -4.398 0.004 4.577 5.182 3.990 -1.007 4.670 1.296 2.342 1.243 0.296
0.000 0.000 16.233 -1.340 -7.413 -2.545 -0.619 -6.971 3.094 5.433 7.369 7.628 -2.138 6.683 4.649 1.954 4.756 2.889
0.000 1.000 7.493 0.105 -4.633 -1.613 -1.020 -4.762 -0.083 4.945 5.651 4.200 -1.085 5.046 1.321 2.592 1.249 0.162
0.000 1.000 9.832 -0.571 -4.941 -1.748 -0.649 -4.879 1.275 4.263 5.360 4.956 -1.313 4.803 2.603 1.832 2.541 1.230
0.000 1.000 11.223 -1.613 -3.712 -0.987 0.997 -2.440 4.740 0.063 2.111 4.021 -1.495 1.657 4.470 -1.434 4.655 3.465
0.000 0.000 17.692 -1.414 -8.209 -2.862 -0.807 -7.867 3.095 6.363 8.239 8.192 -2.274 7.495 4.998 2.399 5.060 3.156
0.000 1.000 6.557 -0.186 -3.796 -1.264 -0.534 -3.704 0.435 3.644 4.303 3.489 -0.963 3.814 1.511 1.688 1.311 0.458
0.000 1.000 4.670 0.059 -3.105 -1.060 -0.736 -3.228 -0.217 3.394 3.861 2.556 -0.630 3.339 0.952 1.758 0.729 0.011
0.000 0.000 12.618 -2.110 -3.696 -0.967 1.379 -2.076 6.036 -0.980 1.402 4.207 -1.665 1.081 5.422 -2.383 5.592 4.361
0.000 1.000 8.794 0.032 -5.486 -2.042 -1.698 -5.855 -0.439 6.263 6.874 5.137 -1.107 6.249 1.470 3.377 1.497 0.279
1.000 1.000 5.966 -0.457 -2.756 -0.821 0.016 -2.431 1.418 1.718 2.712 2.686 -0.878 2.214 1.953 0.428 1.823 0.980
0.000 1.000 8.542 -0.114 -5.213 -1.862 -1.211 -5.323 -0.025 5.445 6.158 4.505 -1.061 5.492 1.791 2.787 1.622 0.537
0.000 1.000 4.999 -0.443 -1.583 -0.210 0.938 -0.585 2.769 -0.893 0.570 1.588 -0.753 0.200 2.082 -1.226 2.699 1.249
0.000 1.000 12.392 -1.404 -4.880 -1.397 0.496 -3.875 3.868 2.013 3.890 4.910 -1.593 3.248 4.311 -0.173 4.383 3.118
0.000 1.000 10.965 -0.919 -4.777 -1.537 -0.059 -4.213 2.611 2.975 4.392 4.834 -1.467 3.890 3.408 0.731 3.429 2.150
0.000 0.000 10.799 -0.036 -6.625 -2.518 -2.149 -7.105 -0.491 7.503 8.199 6.205 -1.332 7.554 1.799 4.034 1.891 0.514
0.000 1.000 6.160 -0.629 -2.335 -0.592 0.426 -1.631 2.318 0.609 1.611 2.237 -0.864 1.272 2.362 -0.493 2.368 1.587
1.000 1.000 6.581 -1.215 -2.062 -0.321 1.578 -0.965 3.636 -1.316 0.696 2.058 -1.139 0.263 3.029 -1.628 3.294 1.800
0.000 1.000 13.186 -1.152 -5.619 -1.791 0.162 -4.852 3.335 3.277 4.953 5.613 -1.761 4.361 4.156 0.683 4.174 2.731
0.000 0.000 10.328 -0.562 -4.413 -1.082 1.068 -3.172 3.378 1.473 3.462 3.948 -1.526 2.651 3.309 -0.144 3.823 1.823
1.000 0.000 5.672 -0.267 -2.991 -0.913 -0.134 -2.768 0.918 2.341 3.143 2.732 -0.906 2.702 1.599 0.897 1.413 0.577
0.000 1.000 14.925 -0.649 -8.088 -3.010 -1.879 -8.367 0.844 8.004 9.197 7.738 -1.896 8.417 3.304 3.903 3.411 1.711
0.000 1.000 6.646 -0.946 -1.749 -0.297 1.190 -0.478 3.907 -1.544 0.175 2.059 -0.960 -0.062 3.017 -1.936 3.535 2.138
0.000 0.000 8.029 -0.211 -4.328 -1.435 -0.526 -4.179 0.824 3.894 4.813 4.120 -1.147 4.234 1.941 1.765 1.854 0.697
0.000 0.000 11.813 -0.298 -6.740 -2.561 -1.823 -7.063 0.201 7.097 7.932 6.422 -1.460 7.329 2.419 3.600 2.477 0.999
0.000 1.000 3.434 0.224 -2.853 -0.946 -0.935 -3.153 -0.838 3.507 3.926 2.102 -0.517 3.262 0.497 2.016 0.172 -0.447
1.000 0.000 5.486 -0.154 -2.607 -0.287 1.216 -1.440 2.377 -0.031 1.870 2.028 -1.011 1.251 1.816 -0.486 2.641 0.411
1.000 1.000 12.588 -1.627 -4.722 -1.317 0.680 -3.555 4.365 1.379 3.470 4.902 -1.596 2.864 4.597 -0.665 4.695 3.456
0.000 0.000 11.146 -1.680 -3.582 -0.947 1.011 -2.292 4.851 -0.143 1.895 3.904 -1.469 1.471 4.558 -1.599 4.700 3.583
0.000 1.000 18.022 -0.826 -9.837 -3.726 -2.315 -10.281 0.840 9.815 11.188 9.298 -2.250 10.256 3.941 4.846 4.024 2.049
1.000 1.000 10.054 -0.210 -5.109 -1.443 0.128 -4.394 1.840 3.554 5.162 4.682 -1.487 4.320 2.501 1.434 2.898 1.058
0.000 1.000 6.655 -0.132 -3.240 -0.103 2.286 -1.456 3.174 -0.723 2.127 2.296 -1.213 1.343 2.305 -0.924 3.859 0.050
0.000 1.000 7.173 -0.449 -3.840 -1.298 -0.363 -3.664 0.868 3.336 4.070 3.604 -1.017 3.631 1.958 1.384 1.694 0.841
0.000 0.000 8.209 -0.696 -3.482 -0.994 0.184 -2.769 2.391 1.750 2.918 3.304 -1.093 2.472 2.800 0.076 2.730 1.797
1.000 0.000 13.883 -0.999 -6.552 -2.219 -0.719 -6.208 2.379 5.142 6.658 6.486 -1.762 6.017 3.905 1.931 3.938 2.379
0.000 0.000 5.911 -0.307 -3.380 -1.025 -0.317 -3.168 0.634 2.926 3.635 2.594 -0.734 3.029 1.695 1.197 1.384 0.737
1.000 0.000 9.682 0.283 -5.091 -0.153 3.637 -2.686 3.862 -0.122 4.251 3.771 -1.919 2.407 2.553 -0.092 5.619 -0.625
1.000 0.000 13.476 -0.859 -6.563 -2.257 -0.954 -6.323 1.992 5.480 6.867 6.490 -1.709 6.245 3.604 2.207 3.665 2.139
0.000 1.000 7.195 0.313 -4.695 -1.667 -1.334 -4.972 -0.539 5.440 6.036 4.329 -0.998 5.394 0.963 2.994 1.001 -0.130
1.000 0.000 11.815 -2.184 -2.594 -0.479 2.442 -0.328 7.444 -3.718 -0.651 3.421 -1.632 -0.842 5.689 -4.031 6.423 4.428
0.000 1.000 10.827 -0.934 -4.524 -1.379 0.230 -3.756 2.979 2.384 3.867 4.552 -1.465 3.358 3.510 0.306 3.556 2.303
1.000 1.000 10.618 -2.285 -2.013 -0.350 2.547 -0.047 7.016 -4.042 -0.979 2.985 -1.454 -1.197 5.428 -4.086 6.028 4.194
0.000 1.000 6.337 0.272 -4.084 -1.253 -0.658 -4.140 -0.152 4.350 5.203 3.518 -0.970 4.343 1.011 2.343 0.938 -0.164
0.000 0.000 9.013 -0.954 -2.885 -0.573 1.432 -1.318 4.514 -1.052 1.201 3.119 -1.272 0.766 3.505 -1.712 4.471 2.374
0.000 0.000 10.549 0.016 -6.390 -2.363 -1.772 -6.838 -0.329 7.079 7.911 5.980 -1.391 7.124 1.773 3.802 1.838 0.403
0.000 0.000 4.103 0.192 -2.858 -0.830 -0.313 -2.894 -0.147 2.808 3.534 2.266 -0.764 2.878 0.691 1.529 0.677 -0.311
0.000 0.000 11.310 -0.202 -6.675 -2.495 -1.936 -7.015 -0.062 7.217 8.003 6.298 -1.429 7.389 2.085 3.741 2.169 0.802
1.000 1.000 7.665 -1.081 -1.984 -0.318 1.485 -0.451 4.595 -1.962 0.096 2.370 -1.072 -0.129 3.412 -2.283 4.252 2.440
1.000 1.000 7.754 -1.201 -2.282 -0.547 1.199 -1.299 3.828 -0.765 0.965 2.561 -1.181 0.515 3.399 -1.538 3.366 2.408
0.000 1.000 5.290 -0.176 -2.633 -0.301 1.277 -1.586 2.174 0.106 2.009 2.003 -1.038 1.359 1.722 -0.340 2.453 0.207
1.000 1.000 12.586 -1.037 -5.577 -1.865 -0.249 -5.048 2.759 3.770 5.216 5.616 -1.626 4.719 3.803 1.096 3.848 2.443
1.000 1.000 16.521 -1.217 -7.873 -2.768 -1.002 -7.636 2.578 6.428 8.147 7.888 -2.114 7.434 4.517 2.582 4.576 2.723
0.000 1.000 8.395 -0.994 -2.688 -0.608 1.111 -1.440 3.990 -0.610 1.248 2.908 -1.189 0.879 3.355 -1.442 3.901 2.346
0.000 0.000 12.369 -0.552 -6.495 -2.319 -1.357 -6.457 1.119 6.090 7.162 6.273 -1.521 6.547 2.952 2.761 3.037 1.596
0.000 1.000 13.047 -1.179 -5.430 -1.692 0.306 -4.552 3.544 2.884 4.635 5.482 -1.765 4.053 4.198 0.427 4.246 2.804
0.000 1.000 3.399 0.191 -2.196 -0.566 -0.083 -2.035 0.233 1.821 2.488 1.642 -0.592 1.933 0.761 0.874 0.807 -0.108
0.000 1.000 14.880 -0.803 -7.662 -2.683 -1.239 -7.518 1.612 6.843 8.208 7.188 -1.844 7.386 3.668 3.025 3.734 2.132
1.000 1.000 15.877 -0.866 -8.032 -2.843 -1.032 -7.855 1.969 6.926 8.492 7.653 -2.056 7.685 4.037 3.014 4.014 2.227
0.000 1.000 10.147 -0.549 -5.347 -1.823 -0.776 -5.165 1.131 4.821 5.830 5.229 -1.399 5.293 2.488 2.108 2.412 1.223
0.000 1.000 14.547 -2.230 -4.564 -1.228 1.532 -2.797 6.488 -0.516 2.214 5.115 -1.930 1.754 5.884 -2.179 6.244 4.657
0.000 0.000 7.561 -1.114 -2.677 -0.638 0.878 -1.765 3.186 0.123 1.659 2.640 -1.090 1.153 3.129 -0.938 3.057 2.215
0.000 1.000 8.656 -0.630 -3.810 -1.117 0.117 -3.133 2.288 2.170 3.360 3.610 -1.184 2.871 2.796 0.342 2.719 1.704
1.000 0.000 8.992 -1.564 -1.926 -0.272 2.176 -0.162 5.851 -3.258 -0.535 2.570 -1.262 -0.853 4.366 -3.322 5.144 3.137
0.000 1.000 8.964 -0.660 -4.399 -1.441 -0.428 -4.062 1.528 3.460 4.508 4.376 -1.169 4.052 2.550 1.240 2.480 1.437
0.000 0.000 16.011 -1.128 -7.432 -2.391 -0.336 -6.904 2.962 5.530 7.487 7.257 -2.079 6.543 4.442 2.027 4.533 2.726
0.000 0.000 7.835 -0.780 -3.500 -1.023 0.351 -2.932 2.116 1.868 3.072 3.402 -1.194 2.647 2.621 0.303 2.432 1.450
0.000 1.000 15.615 -0.760 -8.452 -3.190 -1.919 -8.877 0.826 8.450 9.790 8.221 -2.007 8.913 3.493 4.211 3.529 1.606
0.000 1.000 6.610 0.296 -4.463 -1.603 -1.356 -4.787 -0.690 5.309 5.842 4.083 -0.919 5.209 0.840 2.978 0.830 -0.226
0.000 0.000 5.552 0.030 -3.582 -1.304 -1.019 -3.827 -0.235 3.993 4.487 3.263 -0.815 4.059 1.051 2.109 0.899 0.025
0.000 1.000 6.063 0.576 -4.811 -1.852 -2.159 -5.581 -1.875 6.587 6.932 4.228 -0.715 6.146 0.283 4.010 0.248 -0.821
0.000 0.000 13.837 -1.767 -4.966 -1.418 1.007 -3.737 4.955 1.109 3.603 5.513 -1.907 2.916 5.120 -0.830 5.253 3.644
0.000 1.000 6.900 -1.004 -1.797 -0.312 1.231 -0.491 4.069 -1.642 0.159 2.175 -0.989 -0.043 3.094 -1.997 3.739 2.230
1.000 0.000 4.950 -0.184 -2.865 -0.551 0.937 -2.393 1.144 1.346 2.814 2.090 -1.030 1.991 1.452 0.518 1.586 -0.068
0.000 0.000 12.679 -0.520 -6.827 -2.458 -1.549 -6.905 0.888 6.620 7.710 6.565 -1.596 7.053 2.892 3.127 2.965 1.480
0.000 1.000 9.038 -0.706 -3.639 -0.965 0.591 -2.714 2.953 1.277 2.827 3.576 -1.260 2.279 3.049 -0.202 3.345 1.951
0.000 1.000 5.294 0.070 -3.251 -1.068 -0.668 -3.285 0.052 3.360 3.912 2.845 -0.765 3.356 1.079 1.683 0.999 0.185
0.000 1.000 2.552 0.425 -1.998 -0.311 0.229 -1.834 0.053 1.606 2.499 1.103 -0.588 1.690 0.372 0.891 0.597 -0.554
0.000 0.000 6.885 0.078 -4.232 -1.493 -1.131 -4.340 -0.087 4.556 5.115 3.792 -0.875 4.575 1.311 2.308 1.277 0.310
1.000 0.000 15.353 -1.398 -6.967 -2.320 -0.448 -6.416 3.126 4.920 6.782 7.127 -1.995 6.159 4.483 1.613 4.563 2.927
0.000 0.000 11.044 -0.280 -6.280 -2.301 -1.543 -6.464 0.343 6.456 7.342 6.013 -1.474 6.752 2.234 3.251 2.288 0.942
0.000 1.000 10.029 -1.578 -2.692 -0.568 1.578 -0.997 5.514 -1.891 0.520 3.317 -1.343 0.264 4.347 -2.514 5.161 3.350
1.000 1.000 8.472 0.073 -4.665 -0.470 2.646 -2.820 3.030 0.500 3.942 3.487 -1.630 2.547 2.219 0.165 4.284 -0.389
0.000 1.000 4.045 0.255 -3.128 -1.087 -1.092 -3.420 -0.846 3.882 4.259 2.497 -0.518 3.623 0.557 2.191 0.335 -0.357
0.000 1.000 11.081 0.574 -6.739 -1.805 0.216 -6.096 0.716 5.570 7.615 5.715 -1.698 6.188 1.643 3.108 2.864 -0.246
0.000 1.000 8.317 0.194 -5.177 -1.772 -1.096 -5.308 -0.138 5.512 6.339 4.741 -1.229 5.636 1.273 2.985 1.460 0.109
1.000 0.000 13.394 -2.819 -2.117 -0.391 3.267 0.383 9.197 -5.762 -1.912 3.693 -1.703 -1.994 6.890 -5.647 7.821 5.436
1.000 1.000 10.331 -2.445 -1.501 -0.289 2.495 0.319 7.193 -4.513 -1.594 2.755 -1.348 -1.646 5.566 -4.483 6.003 4.485
0.000 0.000 12.985 -1.570 -4.684 -1.282 1.039 -3.304 4.895 0.887 3.127 4.859 -1.742 2.521 4.775 -0.982 5.086 3.564
0.000 1.000 10.474 -0.676 -4.336 -1.085 1.037 -3.075 3.553 1.327 3.281 3.966 -1.534 2.533 3.465 -0.301 3.895 2.044
0.000 0.000 19.995 -1.292 -10.190 -3.812 -1.898 -10.486 1.903 9.458 11.308 10.132 -2.572 10.297 4.912 4.436 4.953 2.626
0.000 1.000 12.311 -0.637 -6.309 -2.252 -1.163 -6.289 1.310 5.738 6.862 6.114 -1.568 6.228 3.050 2.531 3.114 1.692
1.000 0.000 11.249 -2.257 -2.042 -0.322 2.687 0.140 7.574 -4.506 -1.255 3.075 -1.465 -1.470 5.731 -4.490 6.559 4.462
1.000 1.000 9.451 -0.638 -4.460 -1.424 -0.052 -4.020 1.933 3.107 4.419 4.271 -1.345 3.791 2.795 1.045 2.686 1.496
0.000 1.000 7.549 -0.603 -3.579 -1.053 0.036 -3.099 1.692 2.381 3.390 3.107 -0.979 2.815 2.476 0.620 2.238 1.420
0.000 1.000 6.505 0.062 -4.016 -1.431 -1.018 -4.198 -0.091 4.368 4.953 3.736 -0.947 4.481 1.195 2.267 1.120 0.131
1.000 0.000 8.041 -0.350 -4.195 -1.372 -0.621 -4.002 1.021 3.657 4.570 4.057 -1.073 4.080 2.048 1.512 2.006 0.990
0.000 0.000 9.850 -0.466 -4.924 -1.624 -0.740 -4.676 1.407 4.161 5.246 4.848 -1.293 4.719 2.570 1.684 2.598 1.373
0.000 1.000 9.285 -0.114 -5.594 -2.052 -1.604 -5.863 -0.109 6.116 6.799 5.262 -1.218 6.241 1.652 3.174 1.693 0.511
0.000 1.000 4.994 0.290 -3.464 -1.212 -1.049 -3.656 -0.505 4.077 4.489 3.050 -0.710 4.001 0.698 2.216 0.617 -0.215
0.000 0.000 19.524 -0.906 -10.744 -4.041 -2.460 -11.292 0.730 10.839 12.359 10.154 -2.485 11.223 4.157 5.482 4.242 2.117
0.000 1.000 2.861 0.747 -3.183 -1.153 -1.617 -3.766 -1.964 4.760 4.983 2.327 -0.304 4.176 -0.248 3.045 -0.460 -1.165
0.000 1.000 12.692 -1.096 -5.535 -1.780 -0.070 -4.993 2.914 3.533 5.239 5.721 -1.719 4.621 3.890 0.963 3.941 2.436
1.000 1.000 3.860 -0.317 -2.375 -0.353 0.985 -1.847 1.105 0.828 2.157 1.513 -0.924 1.618 1.290 0.235 1.411 -0.199
0.000 1.000 15.243 -0.919 -7.595 -2.674 -1.218 -7.437 1.943 6.586 8.078 7.445 -1.925 7.364 3.920 2.823 3.989 2.281
1.000 1.000 11.384 -2.463 -1.918 -0.339 2.529 0.259 7.768 -4.605 -1.519 3.083 -1.476 -1.577 5.956 -4.680 6.547 4.829
0.000 1.000 7.483 -0.629 -3.404 -0.913 0.481 -2.752 2.083 1.674 2.959 3.207 -1.170 2.477 2.445 0.246 2.434 1.236
0.000 1.000 5.112 -0.113 -2.974 -0.884 -0.104 -2.792 0.532 2.514 3.255 2.572 -0.827 2.748 1.295 1.117 1.155 0.263
0.000 0.000 5.096 -0.097 -2.584 -0.677 -0.082 -2.138 1.090 1.804 2.558 2.262 -0.720 2.139 1.479 0.504 1.517 0.643
0.000 1.000 3.422 0.090 -2.587 -0.802 -0.569 -2.689 -0.394 2.864 3.326 1.815 -0.487 2.686 0.719 1.537 0.374 -0.178
0.000 1.000 8.029 -0.130 -4.824 -1.732 -1.249 -4.989 0.007 5.173 5.796 4.521 -1.075 5.276 1.506 2.624 1.468 0.441
0.000 0.000 7.899 -0.639 -2.929 -0.661 0.876 -1.813 3.246 0.222 1.887 2.901 -1.128 1.414 2.849 -0.795 3.412 1.808
0.000 1.000 15.755 -1.327 -7.105 -2.336 -0.491 -6.464 3.284 4.939 6.843 7.118 -1.981 6.164 4.683 1.568 4.758 3.039
0.000 1.000 6.134 -0.701 -2.534 -0.627 0.482 -1.879 2.123 0.898 1.957 2.155 -0.856 1.443 2.403 -0.279 2.184 1.536
0.000 0.000 11.132 -0.294 -6.260 -2.324 -1.435 -6.529 0.377 6.409 7.304 5.966 -1.464 6.642 2.315 3.203 2.341 0.920
0.000 0.000 17.150 -1.720 -7.499 -2.671 -0.360 -7.176 3.624 5.035 7.395 7.993 -2.252 6.571 5.214 1.673 5.298 3.201
0.000 0.000 6.932 -0.036 -3.273 -0.743 0.473 -2.440 1.910 1.539 2.938 2.879 -1.028 2.243 1.979 0.273 2.435 0.845
0.000 0.000 12.486 -2.117 -3.575 -0.937 1.433 -1.921 6.110 -1.145 1.205 4.115 -1.661 0.935 5.423 -2.486 5.587 4.365
1.000 0.000 8.052 -0.971 -2.783 -0.566 1.198 -1.449 3.827 -0.589 1.349 2.922 -1.177 0.999 3.167 -1.325 3.863 2.014
0.000 0.000 12.080 -0.911 -5.782 -1.930 -0.660 -5.394 2.073 4.524 5.876 5.793 -1.518 5.320 3.355 1.647 3.401 2.072
0.000 1.000 7.604 -0.067 -4.237 -1.412 -0.632 -4.154 0.603 3.979 4.815 3.927 -1.080 4.252 1.714 1.838 1.631 0.544
1.000 1.000 9.714 -0.132 -5.829 -2.129 -1.707 -6.078 -0.111 6.313 7.012 5.395 -1.193 6.395 1.805 3.242 1.827 0.658
0.000 1.000 3.759 0.293 -2.816 -0.950 -0.884 -3.064 -0.633 3.403 3.812 2.311 -0.565 3.229 0.499 1.914 0.344 -0.375
0.000 0.000 17.773 -0.680 -10.032 -3.814 -2.588 -10.716 0.233 10.519 11.864 9.459 -2.226 10.765 3.564 5.464 3.667 1.649
0.000 1.000 16.840 -2.133 -6.323 -1.850 0.936 -4.938 5.593 2.147 4.696 6.491 -2.194 3.927 5.974 -0.546 6.161 4.541
1.000 0.000 6.471 -1.053 -2.019 -0.371 1.113 -0.989 3.385 -0.878 0.785 2.087 -1.010 0.389 2.912 -1.444 3.069 1.963
1.000 0.000 9.701 -1.842 -1.752 -0.231 2.412 0.181 6.612 -4.044 -1.091 2.647 -1.254 -1.317 4.925 -3.979 5.808 3.700
0.000 1.000 6.509 -0.088 -3.799 -1.329 -0.789 -3.879 0.237 3.864 4.479 3.506 -0.909 4.011 1.429 1.891 1.332 0.389
1.000 1.000 2.692 0.277 -2.166 -0.540 -0.232 -2.256 -0.357 2.269 2.898 1.379 -0.563 2.160 0.430 1.261 0.211 -0.445
0.000 0.000 8.659 -1.117 -2.779 -0.627 1.110 -1.499 4.096 -0.640 1.352 3.127 -1.168 0.953 3.411 -1.458 4.131 2.482
1.000 0.000 5.810 -0.476 -1.970 -0.351 0.890 -0.931 2.877 -0.527 0.943 1.967 -0.860 0.551 2.306 -1.098 2.831 1.406
0.000 1.000 8.747 -0.618 -4.076 -1.061 0.937 -3.273 2.369 1.934 3.656 3.775 -1.372 2.883 2.766 0.447 2.993 1.290
0.000 1.000 5.978 -0.582 -1.939 -0.303 1.103 -0.794 3.167 -0.871 0.757 1.912 -0.858 0.372 2.444 -1.315 3.177 1.521
0.000 0.000 6.324 -0.030 -3.561 -1.190 -0.707 -3.474 0.437 3.474 4.103 3.409 -0.847 3.665 1.437 1.593 1.400 0.452
0.000 0.000 12.439 -1.575 -4.381 -1.207 0.980 -3.057 4.823 0.680 2.804 4.595 -1.671 2.279 4.677 -1.095 4.926 3.530
0.000 0.000 13.299 -0.459 -7.328 -2.680 -1.436 -7.435 0.771 7.122 8.243 6.782 -1.706 7.486 2.974 3.466 2.958 1.389
0.000 0.000 6.900 -0.507 -2.635 -0.590 0.814 -1.657 2.803 0.278 1.725 2.480 -1.001 1.262 2.499 -0.673 2.950 1.497
0.000 0.000 7.891 -0.170 -4.374 -1.549 -0.946 -4.448 0.479 4.335 5.065 4.203 -1.057 4.590 1.776 2.045 1.754 0.665
0.000 1.000 7.731 -0.155 -4.441 -1.519 -0.873 -4.411 0.378 4.421 5.116 4.166 -1.071 4.608 1.634 2.126 1.581 0.608
1.000 1.000 15.971 -0.453 -9.296 -3.533 -2.611 -10.031 -0.196 10.075 11.256 8.728 -2.013 10.198 2.980 5.361 3.083 1.209
0.000 1.000 9.407 -1.535 -2.436 -0.478 1.590 -0.780 5.371 -2.034 0.271 2.976 -1.276 0.054 4.191 -2.571 4.963 3.203
1.000 1.000 5.716 -0.191 -2.768 -0.116 1.922 -1.283 2.763 -0.634 1.794 1.967 -1.074 1.169 2.032 -0.859 3.217 0.069
1.000 0.000 11.557 -2.399 -2.108 -0.388 2.746 -0.000 7.675 -4.485 -1.195 3.245 -1.565 -1.399 5.861 -4.522 6.524 4.538
0.000 1.000 5.730 0.021 -3.583 -1.282 -1.009 -3.733 -0.083 3.911 4.406 3.340 -0.817 4.005 1.112 2.001 1.019 0.156
0.000 1.000 7.890 -0.016 -4.867 -1.642 -0.831 -4.835 0.106 4.889 5.676 4.143 -1.103 4.968 1.601 2.468 1.376 0.361
0.000 1.000 4.540 0.395 -3.565 -1.324 -1.431 -4.018 -1.162 4.667 4.978 3.000 -0.574 4.357 0.436 2.733 0.299 -0.520
0.000 1.000 7.071 -0.551 -3.106 -0.958 -0.015 -2.672 1.793 1.801 2.882 3.168 -0.979 2.459 2.301 0.349 2.281 1.309
0.000 1.000 10.950 -0.496 -5.948 -2.073 -1.120 -5.903 0.885 5.669 6.677 5.740 -1.481 6.071 2.472 2.632 2.447 1.180
0.000 1.000 5.858 -0.258 -2.670 -0.628 0.506 -2.046 1.741 1.097 2.369 2.446 -0.932 1.759 1.860 0.118 2.100 0.810
0.000 1.000 6.850 0.017 -4.301 -1.581 -1.319 -4.566 -0.253 4.830 5.349 3.998 -0.942 4.902 1.209 2.539 1.171 0.205
1.000 1.000 7.604 -1.498 -1.501 -0.163 2.076 -0.025 5.132 -3.125 -0.597 2.118 -1.088 -0.863 3.838 -3.035 4.527 2.657
0.000 1.000 6.930 -0.070 -4.046 -1.413 -0.822 -4.121 0.217 4.134 4.802 3.799 -0.940 4.265 1.491 2.032 1.384 0.356
0.000 0.000 7.998 -0.826 -2.701 -0.564 1.230 -1.388 3.813 -0.582 1.273 2.693 -1.156 0.836 3.158 -1.370 3.754 2.046
0.000 0.000 7.483 -0.477 -3.654 -0.779 0.888 -2.733 2.234 1.461 3.175 3.090 -1.166 2.451 2.348 0.237 2.795 0.971
1.000 1.000 10.097 0.889 -6.339 -1.451 0.993 -5.311 0.938 4.521 6.913 5.021 -1.667 5.338 1.382 2.640 3.000 -0.786
0.000 1.000 11.181 -0.249 -6.432 -2.372 -1.626 -6.667 0.226 6.712 7.584 6.140 -1.499 6.978 2.183 3.432 2.249 0.884
0.000 0.000 7.485 -0.639 -2.778 -0.653 0.743 -1.807 2.992 0.338 1.861 2.777 -1.074 1.404 2.722 -0.690 3.149 1.749
1.000 1.000 9.924 -1.246 -3.386 -0.619 2.020 -1.714 4.862 -1.171 1.660 3.473 -1.510 0.924 3.881 -1.737 4.870 2.365
0.000 1.000 7.868 -0.118 -4.810 -1.703 -1.138 -4.892 -0.019 5.019 5.659 4.084 -0.963 5.010 1.686 2.527 1.516 0.546
0.000 1.000 9.505 -0.057 -5.723 -2.116 -1.427 -6.034 -0.161 6.214 6.977 5.365 -1.252 6.281 1.758 3.293 1.716 0.390
1.000 0.000 5.998 -0.432 -2.262 -0.478 0.739 -1.365 2.545 0.108 1.427 2.130 -0.879 1.012 2.223 -0.698 2.656 1.303
0.000 0.000 14.063 -1.273 -6.483 -2.346 -0.605 -6.355 2.501 4.898 6.644 6.735 -1.875 5.993 4.089 1.868 4.075 2.337
0.000 1.000 8.640 -0.942 -3.669 -1.006 0.452 -2.851 2.642 1.607 2.967 3.261 -1.133 2.371 3.144 -0.068 2.906 2.057
0.000 0.000 7.309 -0.227 -4.171 -1.449 -0.766 -4.120 0.427 4.113 4.753 3.926 -0.986 4.275 1.659 1.939 1.537 0.600
1.000 1.000 6.785 -0.805 -2.158 -0.448 1.200 -1.179 3.341 -0.683 1.037 2.302 -1.052 0.538 2.803 -1.291 3.098 1.754
0.000 0.000 4.171 0.407 -2.857 -0.776 -0.248 -2.720 -0.043 2.728 3.462 2.231 -0.632 2.780 0.663 1.427 0.858 -0.316
0.000 0.000 12.716 -2.095 -3.770 -0.996 1.353 -2.164 5.996 -0.866 1.519 4.295 -1.674 1.183 5.407 -2.301 5.597 4.349
0.000 1.000 8.947 -1.106 -2.825 -0.650 1.290 -1.433 4.351 -0.758 1.140 2.964 -1.255 0.789 3.654 -1.655 4.164 2.577
1.000 1.000 10.355 -1.256 -3.840 -1.060 0.694 -2.739 3.802 0.953 2.570 3.703 -1.342 2.089 3.966 -0.770 3.901 2.902
1.000 0.000 9.107 -0.882 -4.235 -1.358 0.118 -3.786 1.984 2.829 4.008 4.206 -1.287 3.548 2.833 0.830 2.641 1.634
0.000 0.000 7.146 0.149 -4.764 -1.802 -1.625 -5.223 -0.724 5.681 6.185 4.380 -0.960 5.631 1.065 3.165 1.003 -0.090
0.000 1.000 9.131 0.176 -4.532 0.075 3.734 -2.120 4.007 -0.684 3.580 3.363 -1.846 1.918 2.666 -0.500 5.705 -0.524
0.000 0.000 17.849 -1.239 -8.593 -2.976 -0.888 -8.307 2.655 7.040 8.908 8.526 -2.339 8.001 4.770 2.864 4.790 2.802
1.000 1.000 11.842 0.576 -6.887 -1.644 0.880 -5.779 1.503 4.777 7.338 5.698 -1.857 5.735 2.032 2.568 3.552 -0.100
1.000 1.000 11.176 -0.841 -4.768 -1.115 1.513 -3.362 3.796 1.164 3.860 4.672 -1.556 2.905 3.572 -0.188 4.615 1.864
0.000 1.000 5.927 0.217 -3.242 -0.855 -0.046 -2.762 0.945 2.390 3.429 2.875 -0.912 2.817 1.333 1.000 1.673 0.245
0.000 1.000 7.972 -0.353 -4.179 -1.181 0.348 -3.772 1.286 3.037 4.445 3.822 -1.248 3.576 2.109 1.273 2.052 0.718
0.000 0.000 4.340 0.037 -2.569 -0.816 -0.476 -2.520 0.246 2.505 2.983 2.266 -0.633 2.583 1.018 1.132 0.915 0.231
0.000 1.000 7.874 -0.825 -2.771 -0.663 0.859 -1.687 3.374 0.078 1.592 2.739 -1.110 1.182 3.064 -1.001 3.335 2.100
1.000 1.000 11.985 -0.704 -5.708 -1.847 -0.495 -5.402 2.034 4.501 5.965 5.627 -1.591 5.267 3.202 1.719 3.287 1.808
0.000 0.000 7.668 -0.623 -3.555 -1.070 -0.181 -3.078 1.749 2.330 3.397 3.418 -0.952 2.948 2.416 0.565 2.364 1.478
1.000 0.000 10.185 -0.592 -5.286 -1.745 -0.504 -5.001 1.337 4.502 5.644 5.121 -1.428 5.037 2.595 1.892 2.472 1.277
0.000 1.000 14.194 -1.256 -6.638 -2.416 -0.699 -6.582 2.359 5.191 6.910 6.856 -1.890 6.235 4.060 2.063 4.028 2.276
1.000 0.000 7.034 -0.807 -2.369 -0.474 1.281 -1.377 3.332 -0.571 1.289 2.431 -1.123 0.687 2.823 -1.175 3.156 1.652
0.000 1.000 11.417 -0.356 -5.888 -1.952 -0.496 -5.555 1.461 4.941 6.269 5.691 -1.610 5.557 2.760 2.199 2.900 1.206
0.000 1.000 6.960 -0.098 -3.387 -0.597 0.994 -2.330 2.245 1.008 3.014 2.843 -1.093 2.114 1.960 0.122 2.876 0.638
0.000 0.000 9.071 -1.177 -2.772 -0.641 1.227 -1.364 4.486 -0.877 1.050 3.043 -1.268 0.740 3.753 -1.762 4.224 2.731
0.000 0.000 3.839 0.024 -2.188 -0.496 0.132 -1.961 0.623 1.454 2.384 1.625 -0.700 1.698 1.035 0.569 1.039 0.174
0.000 1.000 5.192 0.155 -3.294 -1.160 -0.968 -3.401 -0.168 3.677 4.071 3.013 -0.677 3.654 0.943 1.878 0.915 0.099
0.000 1.000 6.563 0.144 -4.362 -1.643 -1.539 -4.764 -0.641 5.231 5.672 4.042 -0.876 5.187 0.958 2.880 0.935 -0.057
0.000 1.000 9.727 -0.088 -5.835 -2.186 -1.690 -6.156 -0.163 6.423 7.109 5.521 -1.215 6.516 1.800 3.368 1.831 0.525
0.000 1.000 4.282 0.028 -2.637 -0.832 -0.405 -2.596 0.159 2.562 3.076 2.240 -0.662 2.598 1.015 1.202 0.820 0.140
0.000 0.000 4.249 0.061 -2.877 -0.915 -0.463 -3.054 -0.178 3.011 3.646 2.389 -0.777 3.062 0.799 1.602 0.544 -0.233
0.000 0.000 6.992 -0.290 -3.686 -0.753 1.315 -2.760 2.019 1.258 3.240 2.992 -1.231 2.415 2.019 0.380 2.772 0.293
0.000 1.000 7.102 0.064 -4.272 -1.450 -0.917 -4.267 0.116 4.402 5.053 3.791 -0.935 4.467 1.413 2.175 1.365 0.372
0.000 1.000 6.238 0.091 -4.407 -1.555 -1.234 -4.732 -0.814 5.140 5.705 3.635 -0.840 4.903 1.014 2.889 0.720 -0.178
1.000 0.000 15.365 -2.181 -5.296 -1.488 1.124 -3.799 5.917 0.814 3.381 5.630 -1.991 2.758 5.879 -1.373 6.092 4.603
0.000 1.000 8.534 -0.410 -4.542 -1.494 -0.491 -4.330 1.005 4.008 4.936 4.360 -1.226 4.403 2.121 1.721 1.981 0.934
0.000 0.000 4.635 -0.656 -1.915 -0.255 1.193 -1.180 2.214 -0.377 1.204 1.504 -0.940 0.690 1.949 -0.724 2.150 0.734
1.000 0.000 5.712 -0.175 -2.876 -0.295 1.499 -1.637 2.429 -0.027 2.117 2.144 -1.116 1.424 1.846 -0.425 2.757 0.169
1.000 1.000 11.312 0.934 -7.041 -1.691 0.768 -6.079 0.850 5.339 7.840 5.662 -1.795 6.123 1.512 3.106 3.199 -0.686
0.000 0.000 16.514 -0.920 -8.281 -2.839 -1.078 -8.097 2.056 7.162 8.860 7.907 -2.124 7.905 4.094 3.126 4.204 2.352
0.000 0.000 5.639 0.163 -3.623 -1.238 -0.830 -3.753 -0.226 3.976 4.530 3.229 -0.796 3.941 0.991 2.083 0.877 -0.025
1.000 0.000 4.784 -0.369 -1.594 -0.175 1.025 -0.659 2.611 -0.855 0.725 1.483 -0.759 0.226 1.931 -1.114 2.599 1.047
0.000 1.000 6.835 0.270 -3.870 -1.053 -0.069 -3.391 0.868 3.025 4.170 3.307 -1.005 3.428 1.453 1.361 1.818 0.223
1.000 1.000 6.026 -0.481 -2.871 -0.775 0.367 -2.416 1.536 1.553 2.631 2.590 -0.978 2.129 1.979 0.337 1.837 0.915
1.000 0.000 7.188 -0.358 -3.127 -0.449 1.271 -1.714 3.079 0.026 2.133 2.676 -1.176 1.498 2.445 -0.660 3.360 1.048
0.000 1.000 8.982 -1.463 -2.890 -0.752 1.101 -1.819 4.071 -0.314 1.359 2.840 -1.268 0.916 3.927 -1.462 3.779 2.942
1.000 1.000 4.346 -0.413 -1.472 -0.230 0.669 -0.737 2.216 -0.469 0.739 1.419 -0.693 0.365 1.812 -0.898 2.149 1.069
0.000 0.000 16.927 -1.068 -8.553 -3.100 -1.376 -8.551 1.900 7.612 9.153 8.339 -2.207 8.323 4.278 3.376 4.307 2.465
0.000 1.000 6.835 0.270 -3.870 -1.053 -0.069 -3.391 0.868 3.025 4.170 3.307 -1.005 3.428 1.453 1.361 1.818 0.223
0.000 1.000 9.891 0.004 -6.164 -2.309 -1.851 -6.565 -0.510 7.017 7.686 5.770 -1.243 7.004 1.638 3.813 1.655 0.336
0.000 1.000 9.824 -0.186 -5.782 -2.066 -1.410 -5.931 0.100 6.069 6.858 5.344 -1.226 6.172 1.990 3.089 1.955 0.714
1.000 0.000 5.310 -0.443 -2.409 -0.078 1.906 -1.228 2.563 -0.617 1.617 1.884 -1.111 1.078 1.999 -0.793 2.956 0.063
0.000 0.000 11.590 -0.939 -5.338 -1.721 -0.478 -4.835 2.357 3.816 5.203 5.276 -1.395 4.663 3.459 1.175 3.498 2.216
0.000 1.000 6.940 0.008 -3.342 -0.764 0.445 -2.518 1.830 1.659 3.054 2.919 -1.032 2.343 1.929 0.365 2.396 0.772
0.000 0.000 14.563 -2.013 -5.120 -1.428 0.978 -3.711 5.479 0.958 3.385 5.404 -1.870 2.772 5.522 -1.192 5.703 4.283
0.000 1.000 6.257 -0.909 -2.565 -0.620 0.710 -1.912 2.272 0.673 1.950 2.113 -0.909 1.300 2.611 -0.387 2.272 1.646
0.000 0.000 9.721 -0.024 -5.972 -2.225 -1.842 -6.350 -0.363 6.712 7.390 5.608 -1.252 6.788 1.604 3.584 1.676 0.411
0.000 1.000 9.661 -0.262 -5.153 -1.731 -0.645 -4.971 1.022 4.605 5.623 4.763 -1.308 4.996 2.322 2.051 2.275 1.030
1.000 0.000 12.548 -1.341 -4.973 -1.502 0.504 -4.079 3.850 2.063 4.124 5.126 -1.750 3.436 4.289 -0.043 4.353 2.951
0.000 1.000 7.955 -0.256 -3.982 -0.827 1.054 -2.850 2.373 1.477 3.420 3.378 -1.284 2.669 2.278 0.338 3.111 0.729
0.000 0.000 8.111 0.042 -4.997 -1.856 -1.518 -5.324 -0.296 5.604 6.197 4.627 -1.037 5.639 1.430 2.956 1.442 0.299
0.000 1.000 5.580 0.288 -4.310 -1.541 -1.503 -4.758 -1.275 5.416 5.878 3.477 -0.719 5.043 0.638 3.182 0.394 -0.479
1.000 1.000 8.363 -1.182 -2.045 -0.279 1.860 -0.301 5.257 -2.690 -0.204 2.472 -1.167 -0.502 3.857 -2.851 4.789 2.638
0.000 1.000 16.163 -0.593 -9.014 -3.397 -2.244 -9.378 0.556 9.137 10.336 8.434 -1.978 9.471 3.432 4.565 3.512 1.713
0.000 1.000 7.186 -0.041 -4.062 -1.369 -0.692 -4.028 0.474 3.921 4.686 3.765 -1.006 4.157 1.591 1.838 1.513 0.470
0.000 0.000 13.525 -2.208 -4.034 -1.085 1.423 -2.350 6.309 -0.834 1.647 4.565 -1.778 1.307 5.716 -2.372 5.911 4.601
0.000 1.000 8.956 -1.161 -3.067 -0.638 1.455 -1.751 4.134 -0.572 1.686 3.190 -1.320 1.069 3.534 -1.376 4.118 2.318
1.000 1.000 8.338 -0.792 -3.948 -0.902 1.160 -3.075 2.524 1.509 3.357 3.415 -1.405 2.633 2.797 0.192 2.953 1.161
1.000 0.000 8.649 -1.067 -2.638 -0.533 1.323 -1.169 4.438 -1.143 0.982 2.978 -1.189 0.623 3.496 -1.796 4.336 2.492
0.000 1.000 6.916 -0.076 -4.020 -1.401 -0.871 -4.069 0.266 4.086 4.732 3.748 -0.938 4.233 1.507 1.999 1.440 0.438
0.000 1.000 3.803 -0.049 -2.349 -0.698 -0.297 -2.379 0.226 2.176 2.782 1.921 -0.691 2.307 0.951 1.019 0.697 0.080
0.000 1.000 10.188 -0.137 -6.112 -2.262 -1.771 -6.425 -0.136 6.691 7.419 5.761 -1.317 6.826 1.803 3.492 1.867 0.591
0.000 0.000 7.837 -0.481 -4.033 -1.404 -0.468 -3.994 1.002 3.449 4.422 3.944 -1.083 3.878 2.150 1.490 1.980 0.880
0.000 0.000 6.964 -0.796 -2.292 -0.450 1.037 -1.168 3.402 -0.609 1.093 2.359 -1.057 0.644 2.856 -1.292 3.211 1.871
0.000 0.000 4.905 -0.166 -2.526 -0.718 0.008 -2.256 0.950 1.819 2.619 2.261 -0.786 2.155 1.443 0.647 1.380 0.488
1.000 1.000 14.944 -0.966 -7.351 -2.569 -1.073 -7.125 2.087 6.207 7.670 7.110 -1.861 6.958 3.957 2.563 4.024 2.395
1.000 1.000 7.476 -0.700 -2.506 -0.470 1.251 -1.177 3.706 -0.770 1.119 2.511 -1.100 0.671 2.940 -1.403 3.646 1.827
1.000 1.000 8.431 0.157 -4.986 -1.442 -0.087 -4.619 0.640 4.311 5.625 4.389 -1.298 4.743 1.579 2.208 2.010 0.104
0.000 1.000 12.223 -0.745 -6.087 -2.116 -0.752 -5.888 1.715 5.104 6.351 5.735 -1.536 5.713 3.308 2.101 3.253 1.873
0.000 0.000 13.853 -1.850 -4.857 -1.377 1.084 -3.550 5.222 0.930 3.239 5.154 -1.873 2.663 5.172 -1.047 5.424 3.896
0.000 1.000 16.281 -1.103 -7.796 -2.576 -0.680 -7.356 2.649 6.199 8.000 7.536 -2.066 7.088 4.367 2.429 4.451 2.664
0.000 0.000 9.546 -0.692 -4.585 -1.357 0.344 -4.051 1.952 3.035 4.615 4.490 -1.356 3.818 2.784 1.026 2.720 1.382
0.000 0.000 6.486 -0.470 -3.361 -1.005 -0.175 -3.055 1.089 2.585 3.492 2.969 -0.833 2.952 1.964 0.907 1.724 0.957
1.000 1.000 7.233 -0.286 -4.157 -1.382 -0.371 -4.043 0.560 3.844 4.609 3.780 -1.123 4.074 1.687 1.792 1.448 0.507
0.000 0.000 11.996 -0.331 -6.659 -2.362 -1.429 -6.664 0.697 6.500 7.547 6.213 -1.512 6.836 2.625 3.114 2.640 1.237
0.000 0.000 12.266 -0.278 -6.889 -2.445 -1.453 -6.936 0.600 6.808 7.883 6.408 -1.576 7.123 2.576 3.325 2.598 1.142
0.000 0.000 9.591 -0.212 -5.650 -2.028 -1.430 -5.795 0.104 5.959 6.691 5.308 -1.239 6.089 1.842 3.014 1.840 0.690
0.000 0.000 18.212 -1.160 -9.318 -3.479 -1.739 -9.612 1.706 8.702 10.434 9.291 -2.361 9.485 4.471 4.114 4.490 2.287
0.000 1.000 14.525 -0.327 -8.442 -3.202 -2.274 -8.927 0.001 8.978 10.032 7.890 -1.814 9.188 2.804 4.683 2.865 1.116
1.000 0.000 18.203 -1.980 -7.694 -2.724 -0.130 -7.240 4.246 4.731 7.331 8.285 -2.431 6.486 5.727 1.358 5.830 3.645
1.000 0.000 9.995 -1.948 -1.712 -0.224 2.498 0.280 6.891 -4.310 -1.267 2.696 -1.266 -1.465 5.134 -4.209 6.037 3.902
0.000 1.000 14.524 -1.831 -5.418 -1.554 0.810 -4.166 4.942 1.709 3.985 5.569 -1.879 3.301 5.241 -0.622 5.376 3.948
0.000 1.000 14.989 -0.654 -7.948 -2.839 -1.039 -7.915 1.375 7.245 8.666 7.401 -2.037 7.789 3.530 3.399 3.473 1.733
0.000 0.000 15.238 -0.945 -7.523 -2.650 -1.168 -7.342 2.030 6.454 7.941 7.417 -1.919 7.250 3.959 2.718 4.033 2.333
1.000 0.000 9.174 -1.123 -3.678 -1.011 0.718 -2.837 3.037 1.263 2.834 3.707 -1.311 2.350 3.299 -0.275 3.265 2.146
0.000 1.000 12.447 -0.222 -7.240 -2.658 -1.865 -7.510 0.143 7.582 8.564 6.744 -1.580 7.813 2.415 3.886 2.456 0.951
0.000 0.000 4.927 -0.038 -3.090 -1.058 -0.574 -3.201 0.004 3.199 3.736 2.692 -0.718 3.211 1.111 1.598 0.857 0.087
0.000 1.000 11.446 -1.076 -4.240 -1.085 1.105 -2.847 4.397 0.677 2.813 4.222 -1.609 2.199 4.097 -0.885 4.558 2.804
0.000 0.000 7.715 -0.253 -4.145 -1.345 -0.427 -3.931 0.917 3.591 4.458 3.685 -1.044 3.896 1.992 1.518 1.844 0.858
0.000 0.000 13.231 -1.243 -5.712 -1.788 -0.140 -4.921 3.311 3.375 5.174 5.685 -1.628 4.551 4.247 0.695 4.311 2.865
0.000 1.000 8.163 -1.174 -2.449 -0.612 0.969 -1.281 3.991 -0.655 0.922 2.716 -1.143 0.677 3.493 -1.581 3.677 2.619
1.000 1.000 5.935 -0.550 -2.312 -0.586 0.501 -1.721 2.176 0.585 1.793 2.325 -0.940 1.352 2.200 -0.329 2.254 1.258
0.000 0.000 13.004 -1.401 -4.810 -1.317 1.000 -3.429 4.743 1.143 3.314 4.886 -1.789 2.719 4.670 -0.795 4.966 3.348
0.000 0.000 4.330 -0.416 -2.505 -0.370 1.104 -2.020 1.292 0.832 2.329 1.614 -1.017 1.571 1.518 0.195 1.452 -0.007
0.000 1.000 8.365 -1.038 -2.983 -0.788 0.698 -2.006 3.352 0.447 1.818 2.902 -1.151 1.431 3.333 -0.895 3.265 2.410
0.000 0.000 7.200 -0.482 -2.942 -0.655 1.029 -2.085 2.646 0.557 2.281 2.726 -1.142 1.513 2.474 -0.385 2.817 1.249
0.000 0.000 9.157 -0.936 -3.008 -0.584 1.634 -1.386 4.569 -1.031 1.234 2.992 -1.300 0.729 3.617 -1.744 4.522 2.350
0.000 1.000 6.646 -0.946 -1.749 -0.297 1.190 -0.478 3.907 -1.544 0.175 2.059 -0.960 -0.062 3.017 -1.936 3.535 2.138
