1.000 1.000 12.078 -2.187 -2.809 -1.441 0.666 -0.816 2.554 0.937 -1.419 -1.274 0.494 -5.988 14.469 -6.177 -0.610 8.175
1.000 1.000 12.681 -2.258 -3.192 -1.497 0.695 -0.834 2.687 1.082 -1.285 -1.385 0.701 -6.421 15.277 -6.333 -0.541 8.583
1.000 0.000 13.965 -2.583 -3.035 -1.582 0.927 -0.750 3.252 0.648 -1.935 -1.298 0.324 -7.161 16.655 -7.071 -0.353 9.872
0.000 0.000 3.945 -0.432 -2.927 -0.577 -0.060 -0.351 0.172 2.117 2.045 -1.790 1.593 -2.096 5.520 -1.679 -0.672 1.466
1.000 1.000 27.105 -5.523 -6.020 -3.417 1.829 -1.711 6.167 1.349 -3.989 -2.398 1.213 -13.582 32.246 -13.812 -0.850 19.091
1.000 1.000 6.255 -1.105 -2.925 -0.846 0.216 -0.483 1.003 1.725 1.000 -1.635 1.348 -3.334 8.176 -3.031 -0.504 3.544
1.000 1.000 12.760 -2.267 -3.093 -1.599 0.622 -0.982 2.628 0.915 -1.516 -1.435 0.501 -6.343 15.398 -6.485 -0.677 8.720
1.000 0.000 26.696 -6.124 -7.066 -3.285 2.238 -1.346 6.234 2.019 -2.688 -2.983 2.316 -13.717 32.031 -13.422 -0.498 18.680
1.000 0.000 8.340 -1.304 -3.578 -1.049 0.268 -0.655 1.203 2.022 0.942 -1.913 1.498 -4.289 10.592 -3.848 -0.669 4.869
1.000 0.000 10.604 -1.778 -3.540 -1.361 0.423 -0.934 1.724 1.814 0.028 -1.716 1.243 -5.287 13.035 -5.054 -0.782 6.620
1.000 1.000 10.193 -1.690 -2.466 -1.101 0.518 -0.511 2.267 0.816 -1.092 -1.177 0.430 -5.177 12.219 -5.225 -0.498 6.834
1.000 1.000 11.485 -2.133 -2.624 -1.324 0.713 -0.640 2.689 0.627 -1.479 -1.177 0.353 -5.917 13.826 -5.874 -0.322 8.060
1.000 1.000 15.808 -3.428 -4.933 -2.027 1.025 -0.897 3.476 2.033 -0.432 -2.500 1.963 -8.132 19.414 -8.175 -0.701 10.470
0.000 1.000 5.788 -1.530 -6.488 -1.016 0.241 -0.365 0.397 4.640 5.679 -4.118 4.668 -3.539 8.832 -2.501 -1.140 1.184
1.000 1.000 15.516 -2.876 -3.046 -1.903 0.909 -0.989 3.626 0.536 -2.653 -1.320 0.217 -7.794 18.455 -8.102 -0.633 10.921
0.000 1.000 6.398 -1.147 -4.689 -0.905 0.322 -0.246 0.723 3.385 3.270 -2.883 2.815 -3.456 8.797 -2.770 -0.690 2.624
0.000 1.000 3.982 -2.125 -2.047 0.426 1.783 0.721 1.788 0.979 1.270 -1.989 0.981 -4.192 6.055 -2.539 1.279 3.262
1.000 1.000 26.272 -5.344 -6.129 -3.303 1.782 -1.718 5.724 1.812 -3.212 -2.601 1.507 -12.961 31.313 -13.446 -1.054 18.215
0.000 1.000 -1.044 0.633 -2.803 -0.207 -0.289 -0.552 -1.811 3.241 4.365 -1.740 2.228 0.894 -0.150 1.122 -1.086 -3.211
1.000 0.000 11.412 -1.962 -2.836 -1.383 0.567 -0.797 2.385 0.944 -1.233 -1.336 0.526 -5.696 13.736 -5.764 -0.603 7.678
0.000 0.000 10.760 -1.850 -2.620 -1.218 0.523 -0.606 2.431 0.737 -1.226 -1.265 0.426 -5.543 12.972 -5.477 -0.436 7.376
0.000 1.000 8.950 -1.957 -5.555 -0.985 0.671 0.206 1.393 4.096 3.648 -3.334 3.614 -4.741 11.611 -4.141 -0.677 4.086
0.000 0.000 3.521 -0.656 -4.165 -0.574 0.009 -0.262 -0.181 3.437 3.939 -2.645 2.991 -1.949 5.407 -1.422 -0.942 0.303
1.000 0.000 24.350 -4.759 -5.085 -3.064 1.559 -1.630 5.496 1.094 -3.790 -2.014 0.782 -12.104 28.854 -12.481 -0.987 16.976
0.000 0.000 13.209 -2.994 -5.250 -1.699 0.882 -0.677 2.896 2.316 0.724 -2.768 2.415 -7.195 16.745 -6.595 -0.470 8.504
0.000 0.000 2.591 -0.150 -3.138 0.198 0.486 -0.549 -0.544 1.652 3.401 -2.021 1.276 -3.302 5.155 -0.932 -0.190 0.565
1.000 0.000 16.977 -3.144 -3.615 -1.954 1.112 -0.972 3.875 0.803 -2.443 -1.470 0.441 -8.617 20.158 -8.539 -0.459 11.976
0.000 0.000 3.514 -0.641 -2.492 -0.266 0.227 0.272 0.554 2.076 2.019 -1.594 1.629 -1.944 4.710 -1.728 -0.353 1.252
0.000 1.000 4.193 -1.583 -1.384 0.789 1.963 1.457 2.402 0.135 -0.507 -1.062 0.448 -3.992 6.224 -3.364 1.058 3.775
1.000 0.000 9.192 -5.539 -2.173 0.203 4.086 2.774 5.928 0.295 -1.374 -3.074 1.066 -8.371 12.513 -6.866 3.420 8.989
1.000 0.000 21.289 -4.931 -5.852 -2.598 1.777 -0.968 5.068 1.908 -1.726 -2.607 2.130 -11.009 25.691 -10.889 -0.441 14.700
1.000 1.000 9.798 -1.510 -3.572 -1.282 0.285 -0.920 1.486 1.837 0.304 -1.873 1.268 -4.925 12.189 -4.604 -0.818 5.990
1.000 1.000 14.884 -2.749 -3.357 -1.872 0.834 -1.094 3.189 0.925 -2.048 -1.452 0.513 -7.402 17.828 -7.586 -0.699 10.273
1.000 0.000 11.800 -2.498 -5.059 -1.552 0.543 -0.910 2.299 2.287 1.158 -2.877 2.355 -6.584 15.263 -5.805 -0.646 7.415
0.000 1.000 5.230 -0.730 -3.058 -0.709 0.015 -0.390 0.578 1.980 1.602 -1.836 1.532 -2.775 6.972 -2.363 -0.634 2.548
0.000 1.000 2.692 -1.274 -0.963 0.498 1.336 0.898 1.623 0.307 -0.063 -0.913 0.291 -2.678 4.004 -2.116 0.874 2.445
1.000 0.000 15.629 -3.454 -5.062 -1.867 1.327 -0.525 3.518 2.152 -0.297 -2.419 2.095 -8.064 19.189 -7.926 -0.430 10.287
0.000 1.000 1.036 -0.267 -4.586 -0.330 0.117 -0.194 -1.126 4.408 5.633 -2.869 3.700 -0.644 2.478 0.271 -1.015 -2.231
1.000 0.000 5.123 -2.157 -1.818 -0.070 1.368 0.842 2.506 0.315 0.289 -1.909 0.597 -4.626 6.803 -2.986 1.078 4.025
0.000 0.000 24.586 -4.772 -5.146 -3.133 1.504 -1.700 5.511 1.103 -3.872 -2.067 0.749 -12.214 29.180 -12.598 -0.997 17.213
1.000 1.000 6.492 -0.992 -3.317 -0.845 0.105 -0.480 0.810 2.100 1.388 -1.864 1.614 -3.319 8.386 -2.995 -0.706 3.371
1.000 0.000 20.193 -4.029 -4.501 -2.297 1.372 -0.861 4.769 1.291 -2.483 -2.069 1.116 -10.203 23.873 -10.557 -0.773 13.808
0.000 0.000 4.013 -1.760 -1.372 0.664 1.991 1.263 2.333 0.379 -0.017 -1.213 0.506 -3.874 5.911 -3.112 1.210 3.526
1.000 0.000 27.225 -5.639 -6.467 -3.454 1.835 -1.789 6.054 1.679 -3.504 -2.649 1.588 -13.697 32.525 -13.734 -0.865 19.046
1.000 0.000 22.694 -4.589 -5.593 -2.789 1.508 -1.387 4.965 1.844 -2.307 -2.518 1.568 -11.345 27.044 -11.557 -0.963 15.449
0.000 0.000 0.264 -0.071 -6.336 -0.493 -0.022 -0.525 -2.225 6.547 8.435 -4.116 5.474 -0.001 2.148 0.969 -1.649 -4.236
0.000 0.000 15.000 -2.922 -3.397 -1.304 1.103 0.169 3.935 1.267 -1.558 -1.503 0.997 -7.841 17.656 -7.831 -0.114 10.310
1.000 0.000 30.453 -6.705 -7.239 -3.770 2.340 -1.692 7.095 1.809 -3.884 -2.962 1.976 -15.422 36.301 -15.497 -0.707 21.503
1.000 1.000 12.299 -1.918 -3.403 -1.322 0.511 -0.608 2.556 1.331 -0.819 -1.703 0.825 -6.263 14.765 -6.033 -0.592 8.115
1.000 1.000 15.760 -2.990 -3.214 -1.736 1.013 -0.688 3.694 0.850 -2.281 -1.348 0.552 -7.864 18.547 -8.244 -0.642 10.799
1.000 0.000 12.937 -2.273 -5.250 -1.872 0.415 -1.260 1.900 2.717 0.843 -2.651 2.185 -6.511 16.275 -5.974 -1.021 7.823
0.000 0.000 7.472 -1.942 -2.887 -0.824 0.806 0.140 2.143 1.264 0.446 -1.953 1.150 -4.632 9.593 -3.881 0.197 4.899
0.000 1.000 13.037 -2.494 -2.502 -1.040 1.004 0.253 3.602 0.737 -1.844 -1.046 0.483 -6.832 15.217 -6.960 -0.050 9.129
0.000 0.000 -0.127 0.440 -1.282 0.061 -0.137 -0.253 -0.621 1.281 1.821 -0.875 0.726 -0.184 0.843 0.062 -0.385 -0.963
1.000 0.000 6.220 -3.628 -1.633 0.383 2.636 1.762 3.855 0.341 -0.469 -2.109 0.774 -5.859 8.337 -4.401 2.237 5.856
1.000 1.000 4.068 -0.662 -2.873 -0.555 0.086 -0.259 0.448 1.986 1.897 -1.793 1.603 -2.275 5.667 -1.850 -0.518 1.718
1.000 1.000 12.709 -2.400 -3.206 -1.544 0.707 -0.891 2.669 1.068 -1.216 -1.483 0.774 -6.315 15.347 -6.561 -0.688 8.552
0.000 0.000 -1.070 0.500 -4.625 -0.306 -0.226 -0.647 -2.404 5.333 6.854 -3.043 4.028 1.060 0.177 1.474 -1.478 -4.401
0.000 0.000 1.086 -0.479 -3.113 -0.116 0.312 0.151 -0.362 2.977 3.898 -2.127 2.497 -0.832 2.141 -0.178 -0.465 -1.206
1.000 0.000 20.716 -4.238 -6.557 -2.733 1.241 -1.476 3.990 2.940 -0.507 -3.113 2.564 -10.392 25.271 -10.143 -0.999 13.581
1.000 0.000 12.012 -1.989 -4.485 -1.556 0.404 -0.960 1.978 2.222 0.432 -2.339 1.707 -6.140 14.971 -5.663 -0.834 7.453
0.000 1.000 9.009 -4.751 -1.953 0.566 3.916 2.791 5.867 0.084 -1.244 -2.315 0.994 -7.972 12.160 -6.875 3.029 8.364
0.000 0.000 2.060 -0.124 -2.481 -0.342 -0.111 -0.224 -0.227 2.052 2.366 -1.562 1.541 -1.129 3.281 -0.775 -0.627 0.059
0.000 1.000 10.487 -3.002 -4.068 -1.020 1.214 0.118 3.355 1.247 0.532 -2.560 1.962 -6.810 13.539 -5.619 0.351 7.157
1.000 1.000 26.561 -5.583 -6.816 -3.456 1.791 -1.729 5.833 2.187 -2.732 -2.903 2.031 -13.235 31.921 -13.460 -0.952 18.309
0.000 1.000 5.368 -2.708 -1.348 0.693 2.603 1.810 3.366 0.181 -0.755 -1.406 0.517 -5.042 7.441 -4.109 1.807 5.014
1.000 0.000 15.354 -3.691 -5.140 -1.811 1.472 -0.368 3.686 2.001 -0.235 -2.420 2.215 -8.083 18.918 -7.871 -0.287 10.194
0.000 0.000 2.799 -0.116 -2.096 -0.369 -0.216 -0.646 -0.040 1.214 1.502 -1.326 0.917 -1.746 4.314 -1.246 -0.593 1.061
1.000 1.000 21.336 -4.557 -5.657 -2.760 1.455 -1.354 4.704 1.940 -1.921 -2.497 1.783 -10.684 25.762 -10.876 -0.754 14.670
1.000 1.000 1.739 0.600 -3.191 0.153 0.078 -0.929 -1.446 1.798 3.561 -1.710 1.159 -2.422 4.153 -0.189 -0.722 -0.345
0.000 0.000 4.502 -2.136 -1.561 0.681 2.151 1.330 2.655 0.517 0.000 -1.556 0.735 -4.310 6.566 -3.430 1.429 4.112
1.000 1.000 7.918 -1.297 -3.477 -1.070 0.208 -0.719 1.068 2.039 0.960 -1.834 1.518 -3.996 10.045 -3.653 -0.731 4.527
1.000 1.000 18.611 -3.834 -6.424 -2.493 1.138 -1.215 3.550 3.105 0.145 -3.145 2.699 -9.325 22.914 -9.139 -0.943 11.966
1.000 0.000 10.001 -1.867 -2.558 -1.186 0.586 -0.499 2.401 0.724 -1.050 -1.218 0.505 -5.250 12.274 -5.195 -0.277 6.941
0.000 1.000 1.366 0.303 -2.337 0.250 0.104 -0.548 -0.719 1.433 2.699 -1.446 1.007 -1.968 3.309 -0.456 -0.370 -0.075
1.000 1.000 12.526 -2.584 -6.640 -1.917 0.656 -0.905 1.731 4.131 2.821 -3.633 3.635 -6.385 16.222 -5.723 -1.087 6.712
1.000 1.000 14.008 -2.577 -2.918 -1.482 0.862 -0.528 3.371 0.799 -1.951 -1.311 0.511 -7.097 16.494 -7.367 -0.562 9.528
1.000 1.000 4.120 -0.772 -3.924 -0.610 0.091 -0.286 0.097 3.117 3.415 -2.432 2.743 -2.278 6.035 -1.798 -0.852 0.930
0.000 1.000 3.903 -1.896 -1.602 0.626 1.892 1.085 2.148 0.654 0.331 -1.535 0.758 -3.864 5.853 -2.892 1.256 3.505
1.000 1.000 15.958 -3.232 -4.594 -2.073 0.958 -1.213 3.200 1.767 -0.963 -2.113 1.484 -8.044 19.426 -7.972 -0.800 10.670
1.000 0.000 20.297 -4.009 -5.642 -2.672 1.092 -1.707 4.090 1.850 -1.725 -2.565 1.632 -10.418 24.638 -9.919 -0.854 13.903
1.000 0.000 23.289 -4.874 -6.984 -3.108 1.474 -1.660 4.684 2.816 -1.165 -3.228 2.525 -11.639 28.336 -11.556 -1.025 15.624
1.000 0.000 10.484 -2.009 -2.894 -1.288 0.569 -0.700 2.334 0.968 -0.834 -1.410 0.745 -5.494 12.909 -5.331 -0.344 7.198
0.000 1.000 8.917 -1.499 -3.112 -1.080 0.274 -0.887 1.538 1.255 0.043 -1.683 0.999 -4.793 11.304 -4.389 -0.611 5.740
0.000 1.000 4.526 -1.043 -5.728 -0.754 0.140 -0.224 -0.005 4.493 5.493 -3.710 4.226 -2.714 7.098 -1.848 -1.101 0.360
1.000 1.000 27.005 -5.548 -6.837 -3.488 1.735 -1.926 5.678 2.251 -2.769 -2.949 1.943 -13.389 32.373 -13.594 -1.090 18.618
0.000 1.000 0.663 0.327 -2.120 0.265 0.100 -0.675 -0.947 1.527 2.784 -1.334 0.959 -1.300 2.313 -0.010 -0.323 -0.489
1.000 0.000 8.650 -4.866 -1.888 0.423 3.611 2.513 5.595 0.230 -1.010 -2.392 1.133 -7.766 11.560 -6.429 3.019 8.094
1.000 1.000 12.354 -2.490 -3.345 -1.362 0.853 -0.459 3.088 1.019 -0.983 -1.694 0.906 -6.709 15.125 -6.377 -0.130 8.657
1.000 0.000 7.939 -1.248 -3.369 -1.052 0.206 -0.788 1.019 1.967 0.853 -1.780 1.415 -4.021 10.029 -3.624 -0.755 4.584
1.000 0.000 16.321 -4.031 -4.650 -1.820 1.642 -0.306 4.341 1.363 -1.187 -2.070 1.819 -8.689 19.842 -8.597 -0.098 11.263
0.000 1.000 2.431 -0.829 -2.126 0.621 1.271 0.394 0.557 1.114 1.831 -1.475 0.880 -2.906 4.475 -1.531 0.564 1.513
1.000 1.000 28.636 -6.047 -7.189 -3.684 1.981 -1.819 6.289 2.322 -3.011 -3.128 2.121 -14.204 34.322 -14.591 -1.012 19.843
1.000 1.000 18.646 -3.861 -5.040 -2.252 1.235 -0.983 4.179 1.864 -1.297 -2.449 1.724 -9.483 22.409 -9.604 -0.810 12.469
0.000 1.000 4.077 -0.738 -3.269 -0.489 0.215 -0.245 0.239 2.495 2.509 -1.982 2.028 -2.241 5.651 -1.669 -0.561 1.417
1.000 0.000 23.887 -4.925 -6.217 -3.052 1.590 -1.631 5.041 2.154 -2.170 -2.725 1.877 -11.886 28.658 -12.008 -1.001 16.281
0.000 0.000 1.698 -0.231 -1.534 0.305 0.255 -0.136 0.305 0.832 1.471 -1.148 0.765 -1.868 3.016 -0.988 -0.042 0.854
1.000 0.000 15.213 -2.791 -3.394 -1.799 0.895 -0.932 3.471 0.816 -2.129 -1.408 0.523 -7.739 18.177 -7.725 -0.536 10.578
0.000 0.000 2.267 -0.190 -2.687 0.190 0.401 -0.463 -0.407 1.473 2.923 -1.829 1.114 -2.910 4.495 -0.863 -0.129 0.570
0.000 1.000 1.660 0.730 -3.366 -0.026 -0.159 -1.198 -1.642 2.059 4.053 -1.853 1.333 -2.333 4.123 0.024 -0.807 -0.672
1.000 1.000 13.990 -2.994 -4.173 -1.832 0.910 -0.886 3.049 1.688 -0.634 -2.017 1.545 -7.134 17.182 -7.240 -0.636 9.316
0.000 0.000 4.333 -1.683 -2.279 -0.365 0.767 0.481 1.781 1.095 1.099 -2.008 1.183 -3.621 6.054 -2.465 0.520 2.770
0.000 1.000 2.945 -0.750 -3.374 -0.395 0.210 0.074 0.155 2.838 3.274 -2.169 2.497 -1.770 4.512 -1.367 -0.599 0.360
0.000 1.000 5.477 -1.043 -1.526 -0.408 0.420 0.036 1.421 0.698 -0.099 -0.792 0.529 -2.941 6.663 -3.009 -0.242 3.363
1.000 1.000 22.611 -4.764 -6.059 -2.921 1.486 -1.572 4.758 2.165 -1.883 -2.692 1.930 -11.324 27.243 -11.351 -0.893 15.460
1.000 0.000 23.763 -4.700 -5.523 -2.944 1.558 -1.548 5.140 1.686 -2.878 -2.326 1.336 -11.699 28.254 -12.105 -1.024 16.321
1.000 0.000 15.735 -3.256 -5.389 -2.149 0.870 -1.095 3.108 2.428 0.027 -2.784 2.206 -8.006 19.581 -7.957 -0.847 10.240
1.000 0.000 26.110 -5.051 -5.829 -3.315 1.611 -1.900 5.563 1.533 -3.571 -2.401 1.151 -12.850 31.062 -13.286 -1.202 18.077
1.000 0.000 7.038 -1.604 -5.762 -1.089 0.404 -0.371 0.635 4.215 4.380 -3.468 3.933 -3.852 9.860 -3.140 -1.033 2.423
1.000 1.000 28.100 -6.713 -7.252 -3.413 2.486 -1.022 7.174 1.848 -3.004 -3.149 2.499 -14.655 33.773 -14.579 -0.291 19.819
0.000 1.000 4.239 -1.938 -3.082 0.567 1.794 0.379 1.094 1.465 2.634 -2.534 1.394 -4.867 6.884 -2.220 1.062 2.885
1.000 1.000 9.821 -2.444 -3.387 -0.994 0.960 0.037 2.977 1.075 0.003 -1.854 1.501 -5.826 12.511 -5.392 0.097 6.728
0.000 0.000 4.767 -0.831 -3.336 -0.552 0.228 -0.165 0.429 2.547 2.365 -2.005 2.023 -2.488 6.452 -2.101 -0.576 1.918
0.000 1.000 9.276 -1.438 -2.266 -0.866 0.482 -0.314 2.092 0.865 -0.819 -1.126 0.424 -4.767 11.039 -4.700 -0.405 6.122
0.000 1.000 0.973 0.216 -4.051 -0.475 -0.312 -0.562 -1.311 3.687 4.665 -2.487 2.849 -0.439 2.466 0.288 -1.175 -1.954
0.000 1.000 9.000 -3.753 -3.504 -0.676 1.939 1.101 4.009 0.659 0.296 -2.955 1.573 -7.180 11.749 -5.099 1.342 6.684
1.000 1.000 13.903 -3.311 -6.840 -1.991 1.008 -0.616 2.852 3.732 2.561 -3.852 3.882 -7.645 18.068 -6.935 -0.807 7.969
0.000 1.000 5.218 -2.552 -1.530 0.618 2.339 1.488 3.181 0.381 -0.162 -1.599 0.764 -4.883 7.384 -3.949 1.651 4.711
1.000 1.000 9.180 -1.376 -3.626 -1.069 0.286 -0.546 1.552 1.915 0.675 -1.974 1.386 -4.802 11.524 -4.319 -0.598 5.575
0.000 0.000 5.466 -0.965 -1.552 -0.408 0.354 -0.000 1.396 0.710 -0.073 -0.837 0.528 -2.955 6.667 -3.001 -0.283 3.328
0.000 1.000 12.228 -1.895 -3.048 -1.194 0.570 -0.445 2.749 1.024 -1.145 -1.494 0.558 -6.311 14.552 -6.068 -0.435 8.258
0.000 1.000 3.461 -0.740 -0.759 -0.080 0.448 0.387 1.205 0.300 -0.319 -0.352 0.155 -2.026 4.316 -2.155 0.072 2.353
0.000 0.000 8.090 -1.480 -3.693 -0.838 0.474 -0.045 1.462 2.450 1.538 -2.077 1.932 -4.228 10.161 -3.876 -0.452 4.492
1.000 1.000 12.028 -2.607 -5.815 -1.461 0.822 -0.290 2.093 3.692 2.451 -3.265 3.331 -6.224 15.277 -5.839 -0.789 6.670
0.000 1.000 1.043 -0.294 -4.885 -0.285 0.132 -0.168 -1.129 4.731 6.208 -3.149 4.097 -0.695 2.653 0.214 -1.048 -2.457
1.000 0.000 14.896 -3.030 -4.755 -1.980 0.858 -1.168 2.833 2.066 -0.345 -2.291 1.742 -7.495 18.334 -7.383 -0.798 9.806
1.000 0.000 29.823 -6.287 -6.869 -3.734 2.127 -1.835 6.799 1.602 -4.110 -2.763 1.623 -15.042 35.517 -15.112 -0.831 21.030
0.000 1.000 7.685 -1.599 -5.321 -0.995 0.436 -0.216 0.787 3.846 3.584 -3.199 3.349 -4.017 10.293 -3.443 -0.901 3.263
1.000 0.000 17.490 -3.612 -5.344 -2.320 1.042 -1.296 3.538 2.042 -0.863 -2.535 1.873 -8.863 21.465 -8.731 -0.788 11.754
1.000 1.000 18.863 -3.911 -5.408 -2.437 1.220 -1.396 3.791 2.049 -1.247 -2.401 1.777 -9.465 22.851 -9.291 -0.779 12.756
1.000 0.000 21.568 -4.971 -8.703 -2.792 1.692 -0.797 4.487 4.429 1.690 -4.529 4.460 -11.276 26.875 -10.646 -0.873 13.357
0.000 1.000 0.796 0.226 -1.125 0.153 -0.026 -0.208 -0.181 0.674 1.128 -0.761 0.367 -1.022 1.893 -0.506 -0.271 0.061
1.000 1.000 19.509 -3.978 -5.913 -2.541 1.213 -1.255 3.974 2.526 -0.785 -2.807 2.202 -9.809 23.715 -9.683 -0.892 12.855
1.000 0.000 10.299 -1.801 -2.362 -1.276 0.493 -0.792 2.196 0.618 -1.361 -1.107 0.264 -5.145 12.476 -5.345 -0.558 7.074
1.000 1.000 9.606 -1.925 -3.996 -1.241 0.590 -0.452 1.851 2.196 0.928 -2.116 1.859 -5.031 12.217 -4.713 -0.482 5.811
1.000 0.000 5.137 -0.815 -1.933 -0.524 0.085 -0.316 1.192 0.788 0.227 -1.194 0.674 -3.032 6.801 -2.792 -0.266 3.253
1.000 0.000 3.289 -1.791 -1.036 0.211 1.296 1.051 2.183 0.176 -0.116 -1.112 0.494 -3.121 4.634 -2.542 1.027 2.790
1.000 1.000 25.433 -5.465 -7.137 -3.346 1.668 -1.745 5.440 2.443 -1.961 -3.229 2.397 -12.875 30.809 -12.730 -0.899 17.462
1.000 1.000 8.412 -2.056 -4.197 -1.043 0.655 -0.284 1.991 1.943 1.551 -2.474 2.285 -4.918 11.180 -4.393 -0.406 4.925
1.000 1.000 23.910 -4.638 -4.892 -3.024 1.476 -1.607 5.417 1.005 -3.867 -1.959 0.654 -11.892 28.351 -12.307 -0.969 16.748
1.000 1.000 7.640 -1.700 -3.362 -0.729 0.467 -0.299 1.991 1.364 1.076 -2.252 1.558 -4.938 10.112 -3.934 -0.093 4.973
1.000 1.000 13.422 -2.711 -3.831 -1.572 0.844 -0.678 2.975 1.557 -0.628 -1.918 1.364 -6.880 16.217 -6.932 -0.665 8.768
0.000 1.000 7.022 -1.123 -1.998 -0.798 0.293 -0.467 1.389 0.877 -0.370 -1.027 0.467 -3.512 8.574 -3.575 -0.488 4.484
1.000 1.000 20.638 -4.088 -4.940 -2.467 1.347 -1.164 4.497 1.625 -2.246 -2.189 1.282 -10.274 24.516 -10.501 -0.868 14.070
1.000 0.000 30.077 -6.207 -7.781 -3.921 1.925 -2.154 6.282 2.611 -2.919 -3.387 2.336 -14.982 36.081 -15.030 -1.206 20.659
1.000 0.000 15.552 -3.226 -4.251 -1.978 1.009 -1.073 3.283 1.564 -1.189 -1.881 1.323 -7.807 18.858 -7.880 -0.674 10.526
1.000 0.000 20.711 -4.601 -7.414 -2.710 1.480 -1.023 4.324 3.437 0.322 -3.645 3.340 -10.676 25.585 -10.272 -0.781 13.418
1.000 1.000 16.299 -3.155 -4.733 -2.065 0.926 -1.167 3.176 2.000 -0.776 -2.316 1.589 -8.049 19.763 -8.134 -0.877 10.768
0.000 1.000 8.519 -1.701 -3.783 -1.119 0.414 -0.516 1.520 2.098 1.202 -2.188 1.854 -4.488 11.002 -4.314 -0.651 4.994
0.000 1.000 5.295 -0.819 -3.695 -0.648 0.139 -0.239 0.270 2.857 2.614 -2.271 2.231 -2.665 7.135 -2.318 -0.802 2.066
1.000 1.000 18.041 -4.050 -7.091 -2.336 1.324 -0.740 3.695 3.647 1.240 -3.698 3.534 -9.367 22.477 -8.965 -0.785 11.230
1.000 0.000 5.040 -2.782 -2.629 0.545 2.012 0.788 2.122 1.230 1.678 -2.785 1.261 -5.367 7.196 -2.759 1.625 4.193
0.000 0.000 11.820 -2.635 -4.374 -1.185 0.863 0.158 2.684 2.461 0.779 -2.266 2.280 -6.300 14.534 -6.036 -0.355 7.315
0.000 0.000 6.555 -1.300 -1.178 -0.459 0.559 0.214 1.989 0.284 -0.988 -0.527 0.150 -3.540 7.829 -3.804 -0.056 4.536
1.000 0.000 20.664 -4.333 -5.503 -2.560 1.403 -1.189 4.563 2.008 -1.604 -2.602 1.819 -10.422 24.814 -10.575 -0.851 13.980
1.000 0.000 14.743 -2.573 -5.024 -1.903 0.607 -1.094 2.703 2.215 -0.111 -2.518 1.765 -7.566 18.229 -7.065 -0.824 9.506
1.000 0.000 6.454 -1.909 -2.118 -0.499 0.905 0.400 2.412 0.564 0.022 -1.603 0.762 -4.492 8.300 -3.606 0.541 4.614
0.000 1.000 2.025 0.619 -3.588 0.147 0.098 -1.021 -1.421 2.022 4.126 -1.979 1.446 -2.822 4.798 -0.344 -0.729 -0.383
0.000 1.000 0.551 -0.064 -4.312 -0.277 0.018 -0.223 -1.272 4.420 5.666 -2.815 3.637 -0.334 1.973 0.368 -1.062 -2.603
1.000 0.000 14.886 -2.699 -3.280 -1.889 0.796 -1.104 3.261 0.742 -2.198 -1.479 0.400 -7.467 17.848 -7.626 -0.691 10.357
1.000 0.000 18.996 -4.363 -6.148 -2.395 1.368 -0.935 4.333 2.426 -0.366 -3.082 2.621 -10.002 23.373 -9.746 -0.615 12.696
1.000 1.000 4.611 -0.810 -2.281 -0.492 0.225 -0.219 0.620 1.638 1.097 -1.245 1.213 -2.370 5.999 -2.234 -0.433 2.363
1.000 1.000 27.892 -5.409 -7.348 -3.746 1.545 -2.355 5.465 2.497 -2.719 -3.143 2.071 -13.854 33.583 -13.644 -1.305 18.993
0.000 1.000 10.505 -1.867 -2.542 -1.032 0.710 -0.202 2.697 0.707 -1.082 -1.286 0.450 -5.578 12.672 -5.438 -0.146 7.263
1.000 0.000 16.033 -3.010 -3.789 -2.043 0.875 -1.187 3.476 1.036 -2.055 -1.647 0.735 -8.055 19.270 -8.128 -0.705 11.056
0.000 0.000 4.852 -0.689 -4.333 -0.770 0.105 -0.335 0.084 3.421 3.540 -2.691 2.712 -2.530 6.912 -1.879 -0.845 1.370
0.000 0.000 6.017 -3.059 -1.505 0.806 3.067 2.162 3.783 0.194 -1.050 -1.572 0.529 -5.632 8.333 -4.636 2.085 5.749
0.000 1.000 1.919 -0.559 -3.050 0.267 0.747 -0.597 -0.758 2.065 3.714 -2.178 1.393 -2.868 4.231 -0.430 0.188 0.342
0.000 1.000 12.780 -2.303 -3.070 -1.584 0.642 -0.893 2.791 0.844 -1.588 -1.424 0.535 -6.436 15.397 -6.534 -0.620 8.750
0.000 1.000 2.271 -0.905 -2.370 0.263 0.712 -0.279 -0.011 1.480 2.604 -1.950 1.092 -2.911 4.066 -0.811 0.383 1.110
0.000 1.000 6.630 -1.493 -5.919 -1.168 0.390 -0.445 0.485 4.357 4.701 -3.612 4.061 -3.730 9.565 -2.856 -1.062 2.006
0.000 1.000 6.264 -3.636 -1.696 0.429 2.537 1.645 3.828 0.471 -0.188 -2.097 1.002 -5.894 8.402 -4.379 2.216 5.806
0.000 1.000 3.815 -1.037 -5.712 -0.542 0.380 0.091 -0.276 4.917 5.953 -3.649 4.458 -2.238 5.902 -1.263 -0.993 -0.387
1.000 0.000 15.310 -3.186 -5.570 -2.032 0.956 -0.939 2.891 2.852 0.531 -2.798 2.465 -7.717 18.970 -7.546 -0.818 9.665
1.000 0.000 12.666 -2.318 -2.843 -1.484 0.725 -0.717 2.969 0.612 -1.769 -1.292 0.340 -6.492 15.185 -6.488 -0.399 8.896
0.000 0.000 3.100 -0.650 -4.577 -0.729 -0.090 -0.513 -0.200 3.492 4.453 -3.075 3.285 -2.102 5.477 -1.292 -0.989 -0.017
0.000 0.000 2.276 -0.411 -2.673 0.375 0.866 -0.172 -0.192 1.433 2.817 -1.757 1.059 -2.979 4.625 -1.069 0.136 0.759
0.000 1.000 8.633 -1.433 -2.424 -0.928 0.467 -0.269 2.043 0.917 -0.505 -1.277 0.576 -4.568 10.625 -4.448 -0.275 5.769
1.000 0.000 11.450 -2.501 -3.893 -1.334 0.746 -0.495 2.832 1.387 -0.067 -2.146 1.483 -6.477 14.479 -5.921 -0.184 7.867
1.000 1.000 36.691 -7.816 -9.148 -4.724 2.547 -2.372 8.056 2.765 -4.073 -3.868 2.685 -18.328 43.838 -18.488 -1.201 25.534
1.000 0.000 28.756 -5.595 -6.179 -3.661 1.750 -2.020 6.335 1.361 -4.324 -2.557 1.033 -14.240 34.156 -14.732 -1.199 20.151
0.000 1.000 3.709 -0.594 -2.737 -0.407 0.147 -0.259 0.250 2.084 2.035 -1.642 1.637 -2.046 5.127 -1.600 -0.516 1.376
1.000 1.000 9.701 -1.956 -4.056 -1.287 0.569 -0.595 1.694 2.291 0.941 -2.059 1.925 -4.963 12.286 -4.711 -0.604 5.788
0.000 0.000 5.412 -1.695 -1.470 -0.035 1.216 0.945 2.721 -0.214 -0.647 -1.046 0.456 -4.078 7.268 -3.856 0.583 4.192
0.000 0.000 30.777 -6.265 -7.674 -3.994 1.991 -2.206 6.470 2.451 -3.320 -3.255 2.132 -15.221 36.824 -15.460 -1.274 21.191
0.000 0.000 3.071 -0.942 -7.292 -0.803 0.163 -0.269 -0.929 6.433 8.228 -4.760 6.042 -2.057 5.938 -0.743 -1.426 -1.967
1.000 0.000 24.047 -4.714 -5.110 -3.057 1.498 -1.648 5.350 1.144 -3.736 -2.060 0.777 -11.982 28.549 -12.253 -0.921 16.883
1.000 0.000 7.763 -1.892 -3.261 -0.720 0.927 0.103 1.845 1.666 0.847 -1.636 1.670 -4.256 9.785 -3.957 -0.153 4.657
0.000 1.000 3.775 -1.833 -1.560 0.606 1.786 1.015 2.100 0.652 0.368 -1.552 0.761 -3.731 5.653 -2.793 1.209 3.406
0.000 0.000 12.058 -2.127 -2.825 -1.467 0.607 -0.821 2.648 0.742 -1.567 -1.326 0.420 -6.061 14.509 -6.197 -0.600 8.258
1.000 0.000 14.004 -4.668 -6.210 -1.508 2.157 0.911 4.894 2.441 1.748 -3.863 3.728 -9.102 18.091 -7.719 0.579 8.961
1.000 1.000 1.927 0.525 -2.979 0.173 0.113 -0.831 -1.237 1.613 3.224 -1.599 1.022 -2.412 4.237 -0.422 -0.697 -0.051
0.000 1.000 1.576 -0.712 -1.585 0.368 0.867 0.147 0.255 1.029 1.438 -1.213 0.627 -2.017 3.016 -0.912 0.447 0.995
1.000 0.000 7.996 -1.968 -4.567 -1.046 0.480 -0.391 1.843 2.360 2.252 -2.861 2.665 -4.972 10.917 -4.085 -0.431 4.477
1.000 0.000 30.812 -6.431 -7.882 -4.026 2.041 -2.096 6.618 2.557 -3.157 -3.403 2.320 -15.278 36.987 -15.559 -1.143 21.302
0.000 1.000 1.773 -0.307 -1.574 -0.089 0.154 0.028 0.260 1.075 1.352 -1.187 0.755 -1.485 2.915 -0.932 -0.116 0.601
0.000 1.000 5.299 -0.847 -2.169 -0.551 0.232 -0.280 0.887 1.378 0.697 -1.259 0.918 -2.778 6.721 -2.574 -0.373 3.058
1.000 0.000 21.971 -5.097 -8.028 -2.818 1.723 -0.746 4.959 3.707 0.631 -4.074 3.886 -11.538 27.245 -11.178 -0.719 14.127
1.000 0.000 18.110 -3.810 -4.623 -2.246 1.275 -1.064 4.052 1.577 -1.684 -2.079 1.387 -9.084 21.767 -9.353 -0.719 12.366
0.000 0.000 11.993 -2.274 -2.640 -0.946 0.887 0.250 3.225 1.005 -1.262 -1.182 0.704 -6.335 14.095 -6.317 -0.066 8.242
1.000 0.000 21.040 -4.302 -5.295 -2.579 1.404 -1.238 4.629 1.795 -1.999 -2.434 1.564 -10.535 25.152 -10.768 -0.887 14.312
0.000 0.000 0.243 -0.031 -6.109 -0.489 -0.067 -0.549 -2.149 6.256 8.076 -3.945 5.241 -0.014 2.105 0.942 -1.608 -4.081
0.000 0.000 4.145 -0.730 -1.760 -0.341 0.235 -0.011 0.770 1.212 0.680 -0.982 0.844 -2.198 5.330 -2.150 -0.266 2.317
0.000 1.000 1.574 -0.095 -2.061 0.093 0.269 -0.439 -0.458 1.280 2.338 -1.530 0.750 -2.069 3.195 -0.457 -0.124 0.338
1.000 0.000 20.983 -4.123 -6.595 -2.744 1.174 -1.578 3.848 3.039 -0.469 -3.178 2.502 -10.390 25.483 -10.137 -1.093 13.709
1.000 0.000 19.841 -4.210 -5.508 -2.549 1.281 -1.244 4.341 1.977 -1.379 -2.663 1.860 -10.073 24.075 -10.204 -0.824 13.488
1.000 0.000 24.380 -5.686 -6.504 -2.922 2.156 -1.027 5.945 1.758 -2.491 -2.762 2.174 -12.703 29.351 -12.386 -0.300 17.122
1.000 0.000 11.588 -2.124 -2.531 -1.274 0.769 -0.579 2.745 0.561 -1.574 -1.108 0.247 -5.990 13.874 -5.918 -0.278 8.195
1.000 0.000 16.560 -2.952 -3.642 -2.074 0.864 -1.168 3.606 0.873 -2.458 -1.667 0.432 -8.249 19.786 -8.457 -0.771 11.524
0.000 1.000 0.148 0.262 -1.378 0.119 -0.054 -0.160 -0.453 1.328 1.855 -0.971 0.834 -0.395 1.068 -0.047 -0.303 -0.737
1.000 0.000 9.144 -1.504 -3.001 -1.120 0.345 -0.707 1.670 1.338 -0.125 -1.503 0.940 -4.677 11.307 -4.425 -0.586 5.826
1.000 1.000 13.721 -2.416 -2.934 -1.619 0.758 -0.862 3.117 0.627 -2.064 -1.323 0.284 -6.937 16.377 -7.033 -0.553 9.564
1.000 1.000 25.938 -4.937 -5.402 -3.195 1.639 -1.672 5.726 1.357 -3.886 -2.223 0.837 -12.799 30.580 -13.217 -1.129 17.919
1.000 1.000 26.062 -5.272 -5.628 -2.984 1.819 -1.030 6.228 1.475 -3.499 -2.515 1.347 -13.124 30.709 -13.629 -0.894 18.014
0.000 0.000 10.217 -2.207 -4.189 -1.458 0.606 -0.622 2.081 2.200 0.937 -2.307 2.059 -5.500 13.149 -5.286 -0.634 6.235
0.000 1.000 -0.251 0.345 -3.535 -0.150 -0.152 -0.377 -1.575 3.843 5.043 -2.342 2.912 0.234 0.823 0.795 -1.100 -2.934
0.000 1.000 10.285 -1.981 -4.863 -1.261 0.597 -0.405 1.797 2.907 1.826 -2.767 2.460 -5.407 13.163 -4.882 -0.612 5.896
0.000 0.000 3.725 -1.779 -2.319 0.530 1.883 0.690 1.341 1.106 1.559 -1.810 0.971 -4.101 6.063 -2.362 1.096 2.765
0.000 0.000 7.012 -1.425 -4.262 -0.707 0.493 0.202 1.077 3.228 2.829 -2.588 2.708 -3.685 9.080 -3.304 -0.567 3.176
0.000 1.000 5.713 -1.021 -1.491 -0.383 0.391 0.157 1.544 0.656 -0.270 -0.764 0.501 -3.101 6.900 -3.185 -0.233 3.535
0.000 1.000 9.278 -1.612 -3.402 -1.141 0.440 -0.473 1.831 1.627 0.296 -1.798 1.263 -4.841 11.682 -4.583 -0.468 5.819
0.000 1.000 11.625 -2.505 -4.009 -1.440 0.749 -0.511 2.773 1.560 -0.050 -2.133 1.561 -6.375 14.690 -6.046 -0.305 7.837
1.000 0.000 19.064 -3.716 -4.633 -2.365 1.132 -1.287 4.114 1.399 -2.046 -2.164 1.153 -9.564 22.840 -9.795 -0.938 12.987
0.000 1.000 7.806 -1.483 -2.973 -0.726 0.531 0.054 1.637 1.824 0.757 -1.597 1.419 -4.059 9.684 -3.942 -0.295 4.685
1.000 0.000 8.063 -1.486 -2.027 -0.797 0.514 -0.287 1.893 0.804 -0.589 -0.944 0.581 -4.144 9.710 -4.298 -0.428 5.159
1.000 0.000 4.343 -0.578 -2.218 -0.505 0.094 -0.204 0.646 1.417 1.027 -1.255 0.991 -2.345 5.783 -2.111 -0.420 2.249
0.000 1.000 0.961 0.517 -3.018 -0.036 -0.103 -1.163 -1.710 2.099 4.097 -1.801 1.249 -1.865 3.154 0.362 -0.586 -1.055
1.000 1.000 12.868 -2.593 -4.769 -1.770 0.671 -0.928 2.395 2.333 0.467 -2.494 2.037 -6.555 16.171 -6.436 -0.788 8.139
1.000 0.000 11.854 -2.147 -3.032 -1.462 0.631 -0.909 2.354 1.169 -1.071 -1.394 0.718 -5.891 14.287 -5.941 -0.647 7.920
1.000 0.000 15.364 -3.597 -7.105 -2.040 1.144 -0.598 3.129 3.869 2.350 -3.890 3.939 -8.225 19.584 -7.604 -0.805 8.993
1.000 1.000 14.745 -2.829 -4.787 -1.714 0.824 -0.688 2.881 2.433 0.033 -2.326 1.988 -7.469 17.831 -7.183 -0.763 9.286
0.000 1.000 -0.107 0.124 -5.555 -0.432 -0.140 -0.598 -2.176 5.794 7.489 -3.588 4.751 0.228 1.571 1.060 -1.556 -4.047
1.000 0.000 12.857 -2.992 -6.206 -1.677 0.961 -0.532 2.525 3.414 2.293 -3.449 3.439 -6.930 16.498 -6.283 -0.713 7.403
1.000 1.000 17.709 -2.982 -3.966 -2.093 0.890 -1.052 3.881 1.032 -2.431 -1.920 0.544 -8.814 21.031 -9.007 -0.841 12.167
1.000 1.000 16.848 -3.396 -4.509 -2.017 1.077 -0.922 3.677 1.710 -1.202 -2.192 1.452 -8.524 20.199 -8.616 -0.780 11.241
1.000 1.000 19.003 -3.554 -4.220 -2.389 1.096 -1.322 4.199 0.993 -2.736 -1.771 0.648 -9.536 22.657 -9.606 -0.741 13.273
1.000 0.000 23.341 -4.790 -6.440 -3.066 1.448 -1.770 4.719 2.358 -1.847 -2.827 2.041 -11.630 28.159 -11.529 -0.982 15.882
1.000 0.000 9.238 -1.446 -3.466 -1.199 0.259 -0.822 1.426 1.782 0.384 -1.808 1.276 -4.665 11.530 -4.342 -0.759 5.608
0.000 1.000 1.841 -0.404 -3.541 -0.354 0.025 -0.098 -0.420 3.236 3.956 -2.314 2.764 -1.154 3.347 -0.646 -0.785 -0.742
0.000 1.000 1.562 0.747 -2.918 0.055 -0.161 -1.034 -1.400 1.762 3.437 -1.558 1.121 -2.020 3.790 -0.174 -0.797 -0.479
0.000 0.000 3.549 -0.703 -2.648 -0.323 0.173 -0.328 0.413 1.748 1.811 -1.536 1.582 -2.274 5.035 -1.537 -0.357 1.515
1.000 0.000 6.354 -3.722 -2.069 0.534 2.581 1.553 3.635 0.717 0.225 -2.490 1.150 -6.161 8.538 -4.172 2.254 5.871
0.000 0.000 6.852 -1.659 -7.009 -1.049 0.415 -0.171 0.292 5.512 6.156 -4.379 5.143 -3.830 9.891 -2.836 -1.232 1.504
1.000 0.000 21.470 -4.262 -6.030 -2.699 1.311 -1.465 4.311 2.428 -1.294 -2.814 2.017 -10.726 25.811 -10.626 -1.043 14.271
1.000 0.000 11.580 -2.558 -3.361 -1.212 0.908 -0.238 3.152 1.017 -0.538 -1.908 1.098 -6.602 14.371 -6.153 0.018 8.216
1.000 0.000 20.123 -3.997 -4.805 -2.450 1.270 -1.216 4.412 1.441 -2.287 -2.177 1.187 -10.022 24.038 -10.373 -0.886 13.812
0.000 0.000 9.369 -1.680 -1.954 -0.935 0.607 -0.378 2.298 0.414 -1.307 -0.880 0.197 -4.792 11.155 -4.962 -0.363 6.370
0.000 1.000 2.570 -1.197 -1.769 0.358 1.071 0.261 0.867 0.932 1.639 -1.594 0.779 -2.902 4.183 -1.495 0.693 1.795
0.000 1.000 4.658 -0.921 -3.532 -0.555 0.298 -0.217 0.477 2.493 2.522 -2.110 2.152 -2.629 6.427 -2.010 -0.548 1.795
0.000 0.000 3.512 -0.578 -1.727 -0.236 0.173 0.134 0.671 1.323 0.964 -1.015 0.944 -1.931 4.483 -1.793 -0.287 1.688
0.000 0.000 5.101 -1.040 -1.511 -0.357 0.442 0.192 1.359 0.780 0.027 -0.794 0.597 -2.761 6.237 -2.842 -0.184 3.108
0.000 0.000 6.091 -1.068 -2.267 -0.667 0.289 -0.425 1.145 1.047 0.314 -1.235 0.807 -3.277 7.812 -3.105 -0.401 3.739
0.000 0.000 7.557 -1.554 -2.675 -0.609 0.670 0.318 1.966 1.495 0.496 -1.472 1.226 -4.107 9.385 -3.981 -0.030 4.781
0.000 1.000 3.120 -0.781 -4.011 -0.484 0.225 -0.078 -0.015 3.190 3.766 -2.575 2.814 -1.915 4.822 -1.134 -0.646 0.227
1.000 1.000 19.836 -4.584 -5.590 -2.429 1.625 -0.925 4.677 1.905 -1.436 -2.528 2.083 -10.283 24.003 -10.136 -0.448 13.624
1.000 1.000 22.181 -4.283 -5.972 -3.013 1.131 -1.898 4.322 1.964 -1.954 -2.907 1.615 -10.964 27.011 -11.213 -1.205 15.221
1.000 0.000 30.592 -6.333 -8.079 -4.035 1.930 -2.221 6.368 2.735 -2.846 -3.514 2.489 -15.252 36.801 -15.254 -1.215 20.990
0.000 0.000 1.750 -0.335 -4.700 -0.424 0.016 -0.212 -0.906 4.434 5.558 -3.042 3.794 -1.094 3.515 -0.286 -1.079 -1.674
0.000 1.000 1.509 -0.292 -4.673 -0.473 -0.038 -0.316 -1.032 4.403 5.523 -3.008 3.766 -0.960 3.286 -0.145 -1.127 -1.820
1.000 0.000 12.437 -2.267 -4.266 -1.526 0.654 -0.748 2.300 2.251 0.278 -2.173 1.717 -6.276 15.303 -6.016 -0.642 7.847
1.000 0.000 10.125 -1.782 -2.156 -1.155 0.551 -0.611 2.361 0.438 -1.521 -0.986 0.138 -5.182 12.139 -5.247 -0.389 7.089
0.000 1.000 3.385 -1.021 -7.472 -0.607 0.402 0.005 -0.944 6.759 8.574 -4.746 6.147 -2.071 5.884 -0.677 -1.396 -2.027
0.000 0.000 8.205 -1.437 -4.394 -1.245 0.269 -0.711 1.038 2.700 1.918 -2.465 2.220 -4.225 10.799 -3.736 -0.813 4.310
0.000 1.000 1.919 -0.089 -1.350 0.012 0.104 -0.128 0.255 0.667 0.849 -0.879 0.451 -1.538 3.189 -1.178 -0.254 0.891
1.000 1.000 2.713 -1.223 -1.862 0.442 1.547 0.552 0.879 0.939 1.339 -1.337 0.642 -3.082 4.647 -1.787 0.791 1.901
1.000 1.000 15.864 -3.090 -3.818 -1.831 1.012 -0.840 3.563 1.309 -1.578 -1.774 1.036 -7.977 18.866 -8.178 -0.719 10.653
0.000 0.000 4.783 -2.251 -1.478 0.808 2.439 1.711 2.906 0.343 -0.501 -1.412 0.573 -4.590 6.916 -3.743 1.581 4.485
1.000 0.000 12.196 -1.961 -3.338 -1.472 0.481 -0.841 2.439 1.199 -0.980 -1.725 0.730 -6.145 14.770 -6.054 -0.699 8.131
1.000 1.000 3.718 -1.003 -2.091 -0.256 0.512 0.336 1.042 1.270 1.202 -1.486 1.125 -2.443 5.039 -1.965 0.045 1.970
0.000 1.000 6.916 -3.523 -1.466 0.338 2.446 1.775 4.269 -0.027 -0.539 -1.827 0.808 -6.249 9.020 -4.896 2.080 6.139
1.000 1.000 14.352 -2.983 -4.628 -1.832 0.818 -0.947 3.074 1.729 -0.456 -2.323 1.631 -7.619 17.853 -7.194 -0.492 9.781
0.000 0.000 9.806 -1.831 -6.059 -1.435 0.421 -0.685 0.926 4.265 3.537 -3.444 3.572 -4.967 12.884 -4.237 -1.109 4.557
1.000 0.000 29.849 -6.258 -7.498 -3.866 2.043 -1.941 6.508 2.374 -3.133 -3.310 2.167 -14.783 35.798 -15.224 -1.133 20.666
1.000 0.000 9.004 -5.449 -2.203 0.176 4.051 2.682 5.793 0.367 -1.273 -3.104 1.098 -8.184 12.363 -6.759 3.363 8.831
0.000 1.000 4.650 -0.655 -3.038 -0.667 0.033 -0.369 0.424 2.077 1.841 -1.861 1.595 -2.474 6.345 -2.057 -0.618 2.087
1.000 1.000 7.145 -3.976 -2.924 0.776 2.806 1.298 3.576 1.308 1.465 -3.176 1.805 -7.088 9.750 -4.272 2.360 6.237
0.000 0.000 3.590 -1.953 -1.734 0.402 1.645 0.760 1.732 0.807 0.869 -1.715 0.805 -3.749 5.456 -2.402 1.195 3.052
1.000 1.000 13.392 -2.543 -3.694 -1.738 0.625 -1.163 2.679 1.236 -1.090 -1.777 0.971 -6.858 16.434 -6.732 -0.654 9.143
0.000 0.000 11.118 -2.034 -3.087 -1.406 0.511 -0.801 2.307 1.124 -0.872 -1.487 0.797 -5.615 13.526 -5.607 -0.589 7.407
1.000 1.000 29.683 -6.152 -7.621 -3.854 1.939 -2.060 6.293 2.502 -2.939 -3.318 2.267 -14.817 35.583 -14.880 -1.165 20.390
1.000 1.000 7.239 -1.616 -5.469 -0.976 0.463 -0.218 0.797 4.014 4.043 -3.326 3.720 -3.942 9.897 -3.294 -0.917 2.728
1.000 0.000 18.098 -4.145 -7.072 -2.370 1.328 -0.692 3.939 3.530 1.147 -3.682 3.572 -9.536 22.651 -9.185 -0.749 11.318
1.000 0.000 13.596 -2.726 -3.981 -1.657 0.793 -0.810 2.898 1.591 -0.597 -2.006 1.378 -6.947 16.513 -6.967 -0.716 8.927
0.000 0.000 4.383 -0.818 -3.249 -0.522 0.211 -0.174 0.319 2.537 2.406 -1.956 2.031 -2.302 5.993 -1.908 -0.571 1.650
1.000 1.000 18.417 -3.768 -5.382 -2.471 1.057 -1.369 3.769 2.013 -1.109 -2.613 1.797 -9.276 22.566 -9.360 -0.892 12.445
1.000 1.000 20.059 -3.961 -5.487 -2.625 1.113 -1.635 3.907 1.963 -1.523 -2.599 1.616 -9.969 24.294 -10.028 -1.066 13.604
0.000 0.000 30.932 -6.156 -7.134 -3.945 2.004 -2.146 6.668 1.988 -3.996 -2.913 1.675 -15.281 36.790 -15.654 -1.289 21.390
1.000 0.000 16.466 -3.276 -4.031 -1.916 1.074 -0.852 3.728 1.373 -1.588 -1.872 1.157 -8.299 19.639 -8.517 -0.716 11.083
1.000 0.000 17.282 -3.685 -7.096 -2.392 1.086 -1.015 3.135 3.796 1.424 -3.686 3.446 -8.818 21.647 -8.321 -0.947 10.578
1.000 0.000 14.089 -2.855 -3.757 -1.665 0.896 -0.786 3.177 1.353 -1.026 -1.762 1.206 -7.203 16.982 -7.305 -0.665 9.351
0.000 1.000 0.720 0.013 -3.565 -0.385 -0.192 -0.449 -0.929 3.301 4.410 -2.488 2.826 -0.663 2.400 0.010 -0.927 -1.695
0.000 0.000 5.057 -0.689 -2.987 -0.680 0.033 -0.400 0.503 1.993 1.607 -1.788 1.496 -2.662 6.755 -2.269 -0.630 2.436
0.000 1.000 2.426 -0.681 -5.616 -0.468 0.242 -0.056 -0.814 5.130 6.418 -3.534 4.510 -1.456 4.319 -0.429 -1.104 -1.639
0.000 0.000 9.697 -1.706 -4.633 -1.307 0.323 -0.844 1.184 2.921 1.715 -2.495 2.312 -4.899 12.401 -4.348 -0.827 5.457
1.000 0.000 4.129 -1.645 -3.233 0.493 1.620 0.190 0.764 1.452 2.955 -2.491 1.360 -4.826 6.871 -2.037 0.807 2.482
1.000 0.000 18.178 -4.414 -7.656 -2.381 1.486 -0.530 4.174 3.801 1.777 -4.098 4.131 -9.886 22.998 -9.253 -0.658 11.193
1.000 0.000 11.601 -2.124 -3.627 -1.287 0.693 -0.502 2.448 1.662 -0.154 -1.819 1.252 -6.061 14.193 -5.702 -0.403 7.594
1.000 0.000 4.574 -0.804 -2.871 -0.555 0.187 -0.273 0.532 1.972 1.797 -1.727 1.614 -2.438 6.222 -2.161 -0.545 2.053
1.000 0.000 23.155 -4.649 -6.514 -3.069 1.388 -1.720 4.616 2.486 -1.580 -3.061 2.119 -11.424 28.090 -11.600 -1.096 15.655
1.000 1.000 10.817 -2.056 -4.051 -1.364 0.598 -0.525 2.164 1.967 0.391 -2.101 1.631 -5.672 13.595 -5.335 -0.480 6.840
0.000 1.000 -0.385 0.462 -1.477 0.069 -0.137 -0.251 -0.804 1.724 2.346 -1.039 1.013 0.157 0.408 0.335 -0.441 -1.412
0.000 0.000 7.448 -1.526 -4.960 -1.105 0.303 -0.456 0.939 3.316 3.160 -3.096 3.053 -4.072 10.217 -3.594 -0.935 3.347
1.000 1.000 5.751 -1.047 -3.282 -0.813 0.283 -0.335 0.785 2.265 1.775 -1.871 1.785 -3.027 7.674 -2.700 -0.557 2.830
1.000 0.000 25.810 -5.337 -6.907 -3.371 1.641 -1.889 5.322 2.431 -2.214 -3.029 2.164 -12.876 31.073 -12.856 -1.076 17.608
0.000 1.000 6.199 -3.564 -2.012 0.536 2.539 1.486 3.549 0.709 0.290 -2.409 1.122 -5.980 8.361 -4.102 2.165 5.685
0.000 0.000 9.439 -1.616 -2.680 -1.168 0.365 -0.713 1.867 1.004 -0.656 -1.328 0.642 -4.752 11.571 -4.795 -0.589 6.219
1.000 1.000 17.900 -3.798 -5.545 -2.444 1.055 -1.240 3.770 2.222 -0.640 -2.808 2.111 -9.158 22.076 -9.202 -0.877 11.938
1.000 0.000 22.966 -4.322 -5.598 -2.949 1.314 -1.804 4.587 1.880 -2.549 -2.404 1.339 -11.248 27.441 -11.458 -1.152 15.644
1.000 1.000 19.991 -3.960 -5.715 -2.671 1.074 -1.728 3.785 2.124 -1.281 -2.698 1.756 -10.003 24.314 -9.858 -1.057 13.505
1.000 1.000 24.206 -4.687 -5.039 -3.018 1.484 -1.600 5.498 1.077 -3.731 -2.084 0.765 -12.094 28.678 -12.464 -1.010 16.861
1.000 0.000 13.594 -2.935 -5.138 -1.848 0.764 -0.828 2.922 2.242 0.491 -2.780 2.269 -7.276 17.271 -6.963 -0.628 8.786
1.000 0.000 24.021 -5.095 -6.609 -3.070 1.649 -1.599 5.210 2.069 -2.179 -2.859 2.076 -12.319 29.029 -11.878 -0.724 16.556
0.000 1.000 2.391 -0.880 -2.469 0.288 0.927 -0.156 0.051 1.399 2.651 -1.885 1.030 -3.068 4.447 -1.034 0.401 1.110
1.000 1.000 11.501 -2.340 -3.413 -1.391 0.767 -0.580 2.573 1.375 -0.617 -1.577 1.150 -5.934 14.161 -5.889 -0.370 7.723
0.000 1.000 6.180 -1.585 -6.971 -0.934 0.435 -0.107 0.189 5.504 6.407 -4.344 5.201 -3.527 9.083 -2.452 -1.189 0.970
1.000 1.000 14.107 -3.152 -7.088 -2.061 0.890 -0.720 2.476 4.267 2.851 -3.937 4.021 -7.422 18.230 -6.857 -1.021 7.835
0.000 0.000 9.135 -1.415 -2.381 -0.877 0.416 -0.337 2.054 0.860 -0.700 -1.191 0.473 -4.755 10.973 -4.573 -0.364 6.083
1.000 0.000 15.310 -3.186 -5.570 -2.032 0.956 -0.939 2.891 2.852 0.531 -2.798 2.465 -7.717 18.970 -7.546 -0.818 9.665
1.000 0.000 17.917 -3.626 -5.327 -2.414 0.987 -1.467 3.464 2.063 -0.944 -2.554 1.760 -8.985 21.942 -8.940 -0.931 12.065
0.000 0.000 3.864 -2.026 -1.601 0.483 1.791 0.962 2.028 0.646 0.518 -1.576 0.719 -3.913 5.715 -2.695 1.274 3.358
0.000 0.000 2.975 -1.736 -1.376 0.402 1.294 0.652 1.551 0.699 0.605 -1.460 0.677 -3.070 4.347 -1.956 1.062 2.670
1.000 0.000 19.074 -3.763 -4.884 -2.416 1.183 -1.309 4.024 1.655 -1.837 -2.171 1.304 -9.522 22.879 -9.615 -0.878 12.934
1.000 0.000 24.715 -5.459 -6.894 -3.147 1.853 -1.526 5.369 2.346 -1.977 -3.000 2.346 -12.541 29.785 -12.276 -0.732 17.000
0.000 1.000 9.345 -1.869 -2.989 -0.794 0.702 0.262 2.344 1.610 0.158 -1.513 1.325 -4.961 11.322 -4.838 -0.160 5.929
1.000 0.000 19.194 -3.825 -5.359 -2.500 1.163 -1.422 3.817 2.114 -1.282 -2.488 1.723 -9.457 23.255 -9.607 -0.924 12.908
1.000 1.000 5.988 -1.067 -2.395 -0.676 0.313 -0.342 1.058 1.333 0.573 -1.315 1.020 -3.094 7.684 -3.040 -0.426 3.548
1.000 0.000 19.713 -3.838 -5.208 -2.605 1.069 -1.565 3.955 1.730 -1.776 -2.520 1.402 -9.752 23.911 -10.024 -1.042 13.489
1.000 0.000 15.820 -3.440 -4.819 -1.968 1.074 -0.825 3.528 1.993 -0.511 -2.409 1.908 -8.110 19.309 -8.170 -0.658 10.484
1.000 1.000 6.958 -1.755 -3.681 -0.946 0.607 -0.142 1.505 2.197 1.677 -2.107 2.125 -3.871 9.211 -3.582 -0.389 3.795
0.000 0.000 9.122 -1.443 -2.600 -0.986 0.382 -0.445 1.943 1.025 -0.506 -1.355 0.617 -4.726 11.094 -4.546 -0.430 6.005
1.000 1.000 18.262 -4.072 -6.621 -2.468 1.106 -1.058 3.991 2.784 0.341 -3.520 2.974 -9.748 22.939 -9.339 -0.763 11.957
1.000 0.000 19.937 -4.242 -6.036 -2.596 1.295 -1.210 4.247 2.451 -0.823 -2.996 2.298 -10.078 24.373 -10.171 -0.839 13.362
0.000 1.000 1.352 -0.135 -2.505 -0.342 -0.167 -0.372 -0.267 2.026 2.694 -1.736 1.750 -1.014 2.820 -0.632 -0.665 -0.428
1.000 1.000 14.597 -2.493 -3.730 -1.713 0.733 -0.878 3.080 1.305 -1.439 -1.708 0.839 -7.333 17.476 -7.270 -0.691 9.773
1.000 0.000 12.503 -2.782 -5.231 -1.701 0.697 -0.707 2.795 2.339 1.112 -3.048 2.545 -6.972 16.182 -6.496 -0.620 7.870
0.000 1.000 2.727 -0.475 -5.354 -0.618 -0.078 -0.349 -0.837 4.783 5.896 -3.513 4.151 -1.595 4.910 -0.762 -1.255 -1.155
0.000 0.000 9.515 -2.151 -4.539 -1.242 0.548 -0.488 2.159 2.158 1.519 -2.711 2.325 -5.553 12.572 -4.847 -0.439 5.764
1.000 0.000 11.548 -2.459 -5.244 -1.504 0.777 -0.579 1.987 3.106 1.779 -2.831 2.748 -5.930 14.615 -5.555 -0.748 6.653
1.000 1.000 11.791 -2.254 -2.745 -1.345 0.767 -0.543 2.876 0.668 -1.467 -1.262 0.431 -6.141 14.227 -6.085 -0.242 8.321
1.000 0.000 17.448 -3.767 -5.054 -2.137 1.221 -0.881 3.925 2.018 -0.829 -2.500 1.919 -8.901 21.151 -9.008 -0.697 11.643
0.000 0.000 12.016 -2.588 -4.997 -1.636 0.674 -0.701 2.566 2.317 1.011 -2.825 2.341 -6.586 15.486 -6.133 -0.608 7.536
1.000 0.000 16.677 -3.803 -6.131 -2.104 1.346 -0.506 3.747 2.900 0.577 -3.135 2.907 -8.781 20.763 -8.501 -0.544 10.659
1.000 0.000 11.208 -1.936 -3.206 -1.373 0.515 -0.844 2.174 1.301 -0.692 -1.500 0.875 -5.651 13.644 -5.512 -0.622 7.368
0.000 0.000 5.556 -1.125 -1.065 -0.301 0.521 0.332 1.729 0.359 -0.673 -0.474 0.220 -3.011 6.639 -3.178 0.056 3.838
1.000 0.000 21.168 -4.127 -4.663 -2.683 1.207 -1.467 4.763 1.059 -3.019 -2.024 0.856 -10.611 25.332 -10.968 -0.863 14.823
1.000 0.000 20.812 -4.021 -4.461 -2.440 1.367 -1.102 4.708 1.300 -2.822 -1.882 0.897 -10.313 24.520 -10.683 -0.838 14.262
1.000 1.000 27.610 -5.344 -6.075 -3.467 1.737 -1.876 6.002 1.583 -3.845 -2.523 1.165 -13.629 32.723 -14.043 -1.212 19.091
1.000 0.000 16.509 -3.156 -3.551 -2.030 1.026 -1.137 3.611 0.930 -2.362 -1.460 0.518 -8.176 19.630 -8.459 -0.757 11.381
1.000 0.000 13.971 -3.094 -4.419 -1.776 0.941 -0.776 3.126 1.765 -0.445 -2.148 1.688 -7.369 17.268 -7.100 -0.417 9.468
1.000 1.000 9.492 -1.834 -2.645 -1.133 0.557 -0.627 2.014 0.966 -0.595 -1.283 0.735 -4.821 11.688 -4.953 -0.482 6.311
0.000 1.000 4.239 -1.227 -3.848 -0.466 0.282 -0.266 0.766 2.272 2.889 -2.533 2.455 -3.088 6.378 -1.995 -0.389 1.746
1.000 1.000 5.564 -1.010 -2.230 -0.549 0.330 -0.161 1.021 1.427 0.660 -1.170 1.073 -2.836 7.011 -2.827 -0.410 3.120
1.000 0.000 11.847 -2.569 -4.255 -1.527 0.768 -0.688 2.432 2.107 0.423 -2.185 1.927 -6.129 14.717 -6.018 -0.657 7.447
1.000 1.000 6.174 -3.549 -1.850 0.444 2.428 1.528 3.692 0.596 0.247 -2.403 1.078 -5.891 8.265 -4.148 2.193 5.657
0.000 1.000 3.903 -0.808 -2.345 -0.131 0.344 -0.115 0.873 1.006 1.180 -1.530 1.170 -2.819 5.575 -2.108 -0.237 2.184
1.000 1.000 10.411 -2.077 -3.614 -1.256 0.556 -0.527 2.352 1.440 0.064 -2.029 1.367 -5.628 13.214 -5.446 -0.399 6.927
1.000 1.000 12.030 -2.255 -2.721 -1.348 0.823 -0.599 2.845 0.643 -1.579 -1.155 0.353 -6.199 14.455 -6.142 -0.276 8.481
1.000 0.000 7.420 -4.353 -1.941 0.431 3.179 1.983 4.589 0.559 -0.518 -2.330 1.218 -6.829 10.064 -5.368 2.647 7.008
0.000 1.000 2.560 -0.804 -6.440 -0.521 0.322 0.005 -0.902 6.001 7.653 -4.177 5.423 -1.679 4.792 -0.473 -1.219 -2.093
1.000 1.000 29.311 -6.071 -6.904 -3.720 2.016 -1.873 6.477 2.024 -3.578 -2.904 1.779 -14.491 34.956 -15.004 -1.082 20.394
1.000 0.000 13.843 -2.253 -3.552 -1.593 0.613 -0.780 2.928 1.262 -1.313 -1.788 0.779 -6.951 16.569 -6.970 -0.743 9.210
0.000 0.000 4.234 -2.236 -2.462 0.450 1.559 0.435 1.511 1.137 1.785 -2.489 1.147 -4.632 6.173 -2.156 1.200 3.351
0.000 0.000 9.760 -5.193 -3.039 0.947 3.780 2.423 5.630 0.840 0.349 -3.302 1.935 -9.066 12.999 -6.459 3.227 8.694
1.000 0.000 16.878 -3.623 -5.438 -2.286 1.044 -1.076 3.590 2.265 -0.413 -2.723 2.166 -8.638 20.883 -8.665 -0.785 11.171
1.000 0.000 10.687 -2.135 -5.286 -1.578 0.596 -0.563 1.853 3.167 2.018 -2.985 2.728 -5.648 13.891 -5.108 -0.729 6.003
0.000 1.000 13.783 -2.849 -4.408 -1.822 0.875 -0.856 2.860 1.959 -0.268 -2.184 1.686 -7.054 17.053 -7.015 -0.669 9.033
1.000 1.000 30.616 -6.436 -8.178 -3.991 2.019 -2.144 6.379 2.888 -2.614 -3.650 2.628 -15.258 36.788 -15.300 -1.214 20.982
1.000 1.000 7.823 -1.594 -3.357 -0.837 0.354 -0.519 1.778 1.362 0.928 -2.169 1.476 -4.827 10.345 -3.980 -0.285 5.055
0.000 0.000 4.602 -2.327 -1.475 0.569 2.287 1.408 2.675 0.425 -0.131 -1.429 0.582 -4.449 6.642 -3.460 1.528 4.151
1.000 0.000 4.742 -2.016 -3.169 -0.223 1.104 0.478 1.827 1.378 1.771 -2.376 1.868 -4.085 6.854 -2.627 0.455 2.860
1.000 0.000 12.749 -3.177 -4.517 -1.469 1.100 -0.142 3.712 1.536 0.125 -2.567 2.072 -7.483 16.246 -6.919 0.021 8.717
0.000 1.000 4.801 -2.643 -1.455 0.385 1.856 1.147 2.752 0.345 0.186 -1.869 0.643 -4.702 6.434 -3.161 1.575 4.312
0.000 1.000 8.020 -1.383 -4.019 -1.018 0.323 -0.558 0.900 2.683 1.804 -2.243 2.076 -3.985 10.298 -3.673 -0.804 4.250
1.000 1.000 19.371 -4.068 -4.843 -2.421 1.365 -1.179 4.319 1.599 -1.955 -2.128 1.393 -9.665 23.241 -9.969 -0.744 13.305
1.000 1.000 3.566 -1.293 -1.593 -0.041 0.844 0.712 1.650 0.579 0.529 -1.417 0.676 -2.945 4.960 -2.260 0.500 2.436
1.000 1.000 26.820 -5.659 -7.273 -3.484 1.773 -1.885 5.560 2.643 -2.113 -3.292 2.378 -13.403 32.292 -13.409 -1.079 18.339
0.000 0.000 12.572 -2.671 -4.777 -1.685 0.669 -0.916 2.443 2.184 0.473 -2.458 2.050 -6.657 15.860 -6.184 -0.617 8.115
1.000 0.000 10.118 -1.863 -2.573 -1.211 0.501 -0.594 2.355 0.723 -1.096 -1.258 0.502 -5.266 12.336 -5.217 -0.366 6.997
1.000 0.000 14.393 -2.532 -3.152 -1.784 0.758 -1.016 3.197 0.643 -2.185 -1.443 0.316 -7.229 17.260 -7.383 -0.664 10.023
1.000 0.000 14.180 -2.474 -2.782 -1.634 0.840 -0.844 3.280 0.419 -2.390 -1.227 0.044 -7.147 16.798 -7.286 -0.526 10.015
1.000 0.000 15.663 -3.149 -3.751 -1.881 1.089 -1.013 3.386 1.143 -1.790 -1.589 0.876 -7.788 18.744 -7.977 -0.615 10.775
1.000 0.000 26.110 -5.373 -5.613 -3.202 1.868 -1.588 5.995 1.049 -4.019 -2.271 0.962 -13.135 30.949 -13.333 -0.803 18.507
1.000 0.000 9.003 -1.436 -1.648 -0.946 0.506 -0.575 1.991 0.279 -1.341 -0.798 -0.175 -4.659 10.733 -4.674 -0.348 6.347
1.000 1.000 26.586 -5.434 -6.656 -3.456 1.730 -1.844 5.713 2.095 -2.895 -2.811 1.850 -13.185 31.884 -13.418 -1.048 18.304
0.000 0.000 1.863 -1.034 -2.972 -0.083 0.625 0.269 0.258 2.305 2.984 -2.367 2.069 -1.854 3.311 -0.804 -0.002 0.116
1.000 1.000 9.651 -2.472 -4.085 -0.931 1.139 0.081 2.363 1.962 1.001 -2.055 2.152 -5.326 12.093 -4.829 -0.105 5.951
1.000 0.000 11.240 -2.067 -2.898 -1.406 0.555 -0.782 2.448 0.899 -1.191 -1.335 0.619 -5.706 13.651 -5.726 -0.518 7.642
1.000 0.000 22.985 -5.417 -8.005 -2.862 1.938 -0.570 5.505 3.476 0.212 -4.061 3.800 -12.174 28.402 -11.874 -0.567 15.031
0.000 1.000 5.932 -1.001 -3.398 -0.824 0.182 -0.543 0.546 2.379 1.771 -1.851 1.837 -3.012 7.796 -2.619 -0.694 2.879
0.000 1.000 7.170 -1.203 -3.434 -0.862 0.321 -0.437 1.009 2.227 1.397 -1.863 1.688 -3.681 9.199 -3.305 -0.563 3.932
0.000 1.000 4.479 -1.695 -1.980 -0.104 0.927 0.412 1.946 0.674 0.892 -1.736 1.001 -3.951 6.192 -2.611 0.621 3.238
1.000 0.000 18.701 -3.554 -4.370 -2.402 1.094 -1.434 3.868 1.360 -2.317 -1.836 0.900 -9.239 22.367 -9.419 -0.902 12.805
1.000 0.000 16.961 -3.078 -3.994 -2.167 0.886 -1.263 3.614 1.111 -2.204 -1.791 0.727 -8.494 20.360 -8.569 -0.795 11.703
0.000 1.000 3.546 -0.382 -5.163 -0.732 -0.006 -0.370 -0.655 4.444 5.144 -3.247 3.544 -1.785 5.645 -0.958 -1.145 -0.358
1.000 0.000 9.992 -2.052 -3.819 -1.360 0.528 -0.660 1.946 1.897 0.444 -1.993 1.625 -5.260 12.586 -4.908 -0.524 6.288
1.000 0.000 22.358 -4.457 -5.701 -2.762 1.434 -1.433 4.706 2.043 -2.013 -2.587 1.672 -11.105 26.670 -11.244 -1.011 15.114
1.000 0.000 11.807 -2.293 -2.928 -1.362 0.726 -0.684 2.645 0.973 -1.133 -1.310 0.730 -5.956 14.191 -6.147 -0.569 7.897
1.000 0.000 10.691 -2.786 -4.810 -1.267 1.162 -0.018 2.587 2.356 1.302 -2.676 2.538 -6.067 13.658 -5.382 -0.181 6.427
0.000 0.000 11.931 -2.048 -2.986 -1.263 0.676 -0.398 2.881 0.878 -1.215 -1.489 0.564 -6.244 14.417 -6.093 -0.279 8.226
0.000 0.000 0.142 0.133 -3.351 -0.124 -0.071 -0.241 -1.176 3.451 4.523 -2.145 2.703 -0.045 1.137 0.550 -0.894 -2.346
1.000 0.000 12.801 -2.722 -4.728 -1.754 0.674 -0.907 2.579 2.116 0.345 -2.486 2.023 -6.787 16.175 -6.461 -0.653 8.293
0.000 1.000 -0.059 0.273 -2.441 0.022 -0.158 -0.583 -0.903 2.311 3.220 -1.883 1.798 -0.343 1.442 0.193 -0.519 -1.253
0.000 1.000 1.253 -0.334 -2.707 -0.102 0.156 0.080 -0.252 2.511 3.187 -1.772 2.071 -0.883 2.253 -0.331 -0.459 -0.757
1.000 1.000 8.545 -1.270 -2.003 -0.966 0.353 -0.749 1.610 0.564 -0.745 -1.051 0.088 -4.502 10.457 -4.320 -0.457 5.824
0.000 1.000 8.416 -1.354 -2.218 -0.646 0.505 0.067 2.162 0.914 -0.471 -1.176 0.527 -4.527 10.086 -4.314 -0.108 5.644
0.000 1.000 12.079 -1.878 -3.143 -1.238 0.535 -0.514 2.626 1.137 -1.009 -1.564 0.649 -6.186 14.422 -5.978 -0.507 8.066
1.000 0.000 7.598 -1.595 -1.019 -0.519 0.722 0.313 2.403 0.032 -1.585 -0.355 -0.064 -4.045 8.931 -4.420 0.077 5.539
0.000 0.000 5.817 -1.508 -7.611 -1.111 0.204 -0.316 0.013 5.964 7.289 -4.870 5.773 -3.513 9.200 -2.395 -1.453 0.352
1.000 1.000 10.822 -1.707 -3.665 -1.426 0.361 -1.024 1.713 1.789 -0.014 -1.906 1.188 -5.411 13.357 -5.127 -0.845 6.800
0.000 1.000 2.169 -0.840 -2.162 0.201 0.784 -0.148 0.129 1.338 2.395 -1.781 0.911 -2.720 3.945 -0.939 0.412 1.042
1.000 0.000 15.926 -2.597 -3.857 -1.838 0.735 -0.893 3.407 1.261 -1.798 -1.903 0.720 -7.947 18.960 -8.007 -0.780 10.762
1.000 0.000 13.068 -2.345 -3.129 -1.535 0.732 -0.848 2.854 0.932 -1.536 -1.340 0.588 -6.648 15.719 -6.574 -0.506 8.974
0.000 0.000 2.343 -0.706 -2.900 -0.380 0.197 -0.104 0.266 2.189 2.779 -2.220 1.874 -2.064 3.993 -0.968 -0.181 0.423
1.000 1.000 12.308 -3.002 -6.845 -1.847 0.809 -0.641 2.484 3.793 3.214 -4.050 4.096 -7.024 16.431 -6.160 -0.873 6.691
0.000 1.000 5.301 -1.350 -3.776 -0.765 0.478 -0.094 0.848 2.635 2.562 -2.244 2.415 -2.955 7.329 -2.584 -0.524 2.240
0.000 1.000 0.354 0.181 -1.286 0.264 0.207 -0.245 -0.414 1.069 1.655 -0.859 0.546 -0.769 1.547 -0.221 -0.081 -0.233
1.000 0.000 14.146 -2.694 -3.199 -1.669 0.861 -0.889 3.129 0.915 -1.771 -1.375 0.619 -7.025 16.909 -7.357 -0.684 9.617
1.000 0.000 19.243 -3.826 -5.139 -2.447 1.121 -1.402 3.936 1.813 -1.529 -2.469 1.516 -9.645 23.192 -9.715 -0.980 13.017
1.000 1.000 19.941 -4.218 -6.050 -2.614 1.203 -1.491 3.964 2.414 -0.868 -2.880 2.218 -10.137 24.347 -9.893 -0.895 13.416
0.000 0.000 9.322 -2.146 -5.878 -1.306 0.635 -0.379 1.532 3.745 3.380 -3.445 3.581 -5.140 12.457 -4.338 -0.757 4.551
0.000 0.000 4.695 -1.699 -3.293 -0.414 0.866 0.576 1.502 1.878 2.074 -2.315 2.012 -3.400 6.520 -2.521 0.098 2.238
1.000 0.000 34.690 -6.956 -7.291 -4.392 2.328 -2.225 7.853 1.616 -5.366 -2.847 1.360 -17.138 41.071 -17.817 -1.286 24.322
1.000 1.000 14.335 -2.269 -3.555 -1.534 0.652 -0.683 3.125 1.150 -1.466 -1.750 0.643 -7.281 17.073 -7.118 -0.597 9.714
0.000 1.000 4.344 -0.768 -5.288 -0.960 0.025 -0.533 -0.420 4.351 4.880 -3.294 3.723 -2.326 6.851 -1.674 -1.284 0.315
0.000 0.000 3.715 -0.884 -2.465 0.346 0.491 -0.102 1.000 1.180 1.927 -1.852 1.530 -3.644 5.489 -1.903 0.100 2.208
1.000 0.000 11.076 -2.009 -3.937 -1.230 0.664 -0.402 2.214 2.089 0.443 -2.043 1.603 -5.744 13.708 -5.408 -0.432 6.997
1.000 0.000 20.732 -4.473 -8.051 -2.727 1.338 -1.052 3.951 4.280 1.338 -4.163 3.940 -10.544 25.730 -10.149 -1.015 12.954
1.000 1.000 28.232 -5.814 -7.232 -3.672 1.843 -1.986 5.975 2.365 -2.824 -3.132 2.094 -14.013 33.877 -14.203 -1.143 19.407
0.000 1.000 5.444 -1.215 -5.598 -0.980 0.126 -0.433 0.304 4.087 4.709 -3.549 3.866 -3.220 8.238 -2.394 -1.070 1.347
1.000 0.000 21.222 -4.198 -5.920 -2.822 1.169 -1.789 4.088 2.140 -1.550 -2.736 1.761 -10.594 25.721 -10.481 -1.086 14.376
0.000 1.000 8.586 -1.545 -2.438 -0.930 0.434 -0.578 1.903 0.810 -0.457 -1.327 0.602 -4.738 10.641 -4.374 -0.304 5.844
0.000 1.000 2.682 -1.329 -1.877 0.380 1.265 0.336 0.882 1.017 1.627 -1.635 0.778 -3.060 4.391 -1.564 0.795 1.915
0.000 1.000 2.717 -0.964 -2.302 0.563 1.436 0.384 0.600 1.159 1.995 -1.606 0.888 -3.254 4.941 -1.669 0.624 1.641
1.000 0.000 7.187 -1.310 -2.009 -0.651 0.448 -0.046 1.654 1.039 -0.268 -0.960 0.709 -3.698 8.655 -3.786 -0.354 4.502
0.000 0.000 6.419 -3.709 -1.488 0.364 2.574 1.801 4.094 0.255 -0.517 -1.945 0.869 -5.946 8.535 -4.616 2.283 5.962
1.000 1.000 7.388 -4.579 -1.831 0.060 2.978 1.965 4.754 0.472 -0.474 -2.793 1.197 -6.830 10.156 -5.453 2.765 7.149
0.000 0.000 5.077 -1.066 -4.503 -0.744 0.193 -0.255 0.313 3.459 3.705 -2.798 3.103 -2.801 7.259 -2.269 -0.888 1.463
0.000 1.000 6.156 -3.131 -1.609 0.694 2.973 1.970 3.852 0.315 -0.734 -1.718 0.735 -5.703 8.600 -4.741 2.066 5.779
1.000 0.000 19.155 -3.641 -5.394 -2.584 0.945 -1.652 3.607 1.992 -1.342 -2.667 1.579 -9.438 23.374 -9.592 -1.089 12.966
1.000 1.000 31.719 -6.575 -8.297 -4.163 2.019 -2.286 6.609 2.808 -3.000 -3.610 2.547 -15.786 38.107 -15.845 -1.257 21.795
0.000 0.000 2.428 -0.327 -3.518 -0.348 -0.007 -0.156 -0.392 3.044 3.628 -2.279 2.465 -1.344 3.903 -0.834 -0.829 -0.286
1.000 1.000 10.781 -2.259 -2.821 -1.147 0.897 -0.274 2.797 0.799 -1.070 -1.336 0.709 -5.782 13.200 -5.619 -0.031 7.597
1.000 0.000 20.219 -4.056 -5.487 -2.649 1.236 -1.541 4.099 1.983 -1.674 -2.433 1.657 -10.000 24.458 -10.117 -0.933 13.720
0.000 1.000 9.117 -1.666 -3.879 -1.176 0.444 -0.742 1.288 2.323 1.080 -2.047 1.783 -4.594 11.479 -4.222 -0.694 5.351
0.000 1.000 17.765 -3.763 -5.260 -2.317 1.184 -1.035 3.874 2.089 -0.910 -2.534 1.896 -9.095 21.761 -9.079 -0.696 11.964
0.000 0.000 13.570 -2.284 -3.543 -1.657 0.573 -0.923 2.825 1.128 -1.344 -1.785 0.729 -6.841 16.381 -6.811 -0.722 9.156
0.000 1.000 6.743 -3.219 -2.688 -0.079 1.877 1.041 3.331 0.449 0.604 -2.502 1.301 -6.198 8.956 -3.891 1.427 5.261
1.000 1.000 17.519 -3.732 -5.465 -2.324 1.119 -1.188 3.599 2.286 -0.691 -2.502 2.053 -8.849 21.432 -8.718 -0.731 11.674
0.000 1.000 12.910 -2.526 -5.881 -1.678 0.734 -0.683 2.199 3.431 1.947 -3.265 2.935 -6.680 16.406 -6.121 -0.806 7.542
1.000 1.000 22.081 -4.458 -5.790 -2.748 1.424 -1.390 4.678 2.126 -1.830 -2.655 1.786 -10.974 26.422 -11.128 -0.969 14.917
0.000 1.000 10.752 -2.014 -2.955 -1.308 0.595 -0.637 2.406 1.016 -0.844 -1.458 0.745 -5.604 13.152 -5.452 -0.399 7.291
1.000 1.000 18.767 -3.475 -3.943 -2.247 1.190 -1.205 4.210 0.822 -2.823 -1.572 0.451 -9.438 22.239 -9.432 -0.619 13.196
1.000 0.000 19.443 -3.569 -5.051 -2.621 0.942 -1.654 3.897 1.571 -2.095 -2.288 1.157 -9.729 23.502 -9.601 -0.971 13.306
1.000 1.000 9.948 -1.783 -2.568 -0.946 0.633 -0.241 2.408 0.946 -0.762 -1.246 0.603 -5.297 12.047 -5.063 -0.148 6.860
0.000 1.000 0.884 0.043 -1.334 -0.084 -0.061 -0.084 -0.079 1.130 1.455 -0.962 0.775 -0.691 1.812 -0.544 -0.365 -0.173
0.000 0.000 1.074 1.036 -3.116 -0.085 -0.404 -1.348 -1.966 2.058 3.891 -1.640 1.200 -1.582 3.340 0.307 -1.014 -1.044
0.000 1.000 5.401 -0.730 -2.909 -0.688 0.058 -0.358 0.669 1.853 1.375 -1.718 1.376 -2.862 7.133 -2.495 -0.589 2.771
0.000 1.000 3.689 -1.684 -1.330 0.285 1.186 0.660 1.917 0.369 0.605 -1.601 0.553 -3.599 5.112 -2.399 0.921 3.078
1.000 0.000 13.933 -2.999 -4.427 -1.825 0.878 -0.844 3.070 1.784 -0.409 -2.190 1.710 -7.243 17.277 -7.176 -0.560 9.290
1.000 0.000 12.729 -2.818 -7.530 -1.901 0.740 -0.720 1.794 4.950 4.076 -4.299 4.614 -6.689 16.765 -5.967 -1.247 6.311
1.000 0.000 10.398 -1.628 -3.593 -1.370 0.350 -1.015 1.586 1.808 0.104 -1.872 1.199 -5.189 12.859 -4.898 -0.844 6.462
0.000 1.000 3.886 -1.619 -3.247 0.305 1.298 -0.104 0.506 1.723 3.161 -2.711 1.468 -4.609 6.449 -1.660 0.743 2.255
0.000 1.000 4.572 -0.552 -4.583 -0.770 -0.030 -0.444 -0.204 3.633 3.869 -2.862 2.886 -2.350 6.657 -1.619 -0.995 0.974
1.000 0.000 19.387 -3.834 -4.644 -2.464 1.190 -1.397 4.154 1.361 -2.296 -2.001 1.063 -9.654 23.242 -9.866 -0.846 13.372
1.000 0.000 29.093 -6.177 -7.576 -3.797 2.013 -1.885 6.322 2.554 -2.764 -3.319 2.373 -14.436 34.980 -14.748 -1.052 20.045
0.000 1.000 6.285 -1.101 -3.044 -0.610 0.382 -0.068 1.080 2.082 1.438 -1.731 1.596 -3.293 8.031 -2.999 -0.372 3.380
0.000 0.000 4.918 -1.570 -1.869 0.637 1.434 0.853 2.419 0.411 0.625 -1.439 1.092 -4.473 6.975 -3.434 0.790 3.880
1.000 1.000 16.029 -3.222 -4.214 -2.021 0.967 -1.059 3.472 1.405 -1.375 -2.048 1.218 -8.029 19.449 -8.324 -0.763 10.901
0.000 1.000 2.929 -0.704 -2.286 0.638 1.289 0.495 0.673 0.883 1.606 -1.498 0.801 -3.376 5.229 -1.884 0.406 1.810
1.000 1.000 14.742 -3.589 -5.929 -1.732 1.287 -0.358 3.417 2.791 1.164 -3.125 3.057 -7.954 18.479 -7.496 -0.440 9.252
0.000 1.000 2.477 -1.143 -1.319 0.298 0.961 0.482 1.088 0.603 0.733 -1.371 0.427 -2.669 3.784 -1.557 0.700 1.963
0.000 1.000 3.676 -1.602 -3.940 -0.535 0.699 0.262 0.838 2.802 3.430 -2.777 2.780 -2.945 5.631 -1.662 -0.067 1.068
0.000 0.000 3.250 -0.680 -1.340 -0.112 0.439 0.268 1.213 0.397 0.227 -0.891 0.489 -2.260 4.621 -2.209 -0.016 2.057
0.000 0.000 6.945 -1.264 -3.775 -0.767 0.407 -0.146 1.077 2.630 2.090 -2.238 2.104 -3.668 8.982 -3.190 -0.479 3.557
0.000 1.000 2.619 -0.649 -2.044 -0.212 0.289 0.217 0.513 1.644 1.777 -1.334 1.401 -1.605 3.759 -1.437 -0.264 0.861
0.000 0.000 6.858 -1.180 -1.982 -0.757 0.331 -0.408 1.420 0.846 -0.312 -0.974 0.522 -3.467 8.400 -3.538 -0.445 4.355
0.000 1.000 3.893 -2.052 -2.080 0.387 1.758 0.662 1.676 1.003 1.399 -1.959 0.971 -4.127 6.003 -2.471 1.224 3.095
0.000 1.000 -0.733 0.598 -2.451 -0.034 -0.286 -0.712 -1.426 2.579 3.595 -1.737 1.794 0.313 0.527 0.743 -0.747 -2.137
1.000 0.000 9.118 -1.921 -5.080 -1.367 0.463 -0.669 1.231 3.217 2.469 -2.882 2.855 -4.761 12.034 -4.318 -0.922 4.743
0.000 0.000 3.189 -1.003 -0.868 0.516 1.290 1.082 1.628 -0.279 -0.558 -0.652 -0.127 -3.070 4.613 -2.458 0.582 2.667
1.000 0.000 5.025 -0.723 -3.299 -0.746 0.025 -0.501 0.336 2.298 1.983 -1.943 1.753 -2.593 6.802 -2.149 -0.720 2.215
1.000 1.000 23.895 -5.061 -6.471 -3.117 1.598 -1.573 5.162 2.259 -2.031 -2.855 2.084 -11.963 28.847 -12.060 -0.889 16.346
0.000 1.000 5.124 -1.976 -2.671 -0.200 1.132 0.566 2.074 0.865 0.932 -2.182 1.237 -4.309 7.203 -2.989 0.560 3.528
0.000 0.000 3.480 -1.847 -1.394 0.410 1.573 0.841 1.884 0.577 0.497 -1.467 0.608 -3.515 5.087 -2.424 1.158 3.034
1.000 1.000 25.108 -5.231 -6.477 -3.242 1.680 -1.697 5.386 2.173 -2.460 -2.775 1.933 -12.440 30.171 -12.695 -0.962 17.262
1.000 0.000 19.966 -4.580 -6.438 -2.525 1.611 -0.807 4.615 2.545 -0.577 -3.055 2.695 -10.392 24.520 -10.197 -0.550 13.315
1.000 1.000 18.638 -3.657 -5.111 -2.463 1.075 -1.522 3.653 1.887 -1.455 -2.311 1.511 -9.204 22.598 -9.283 -0.942 12.597
0.000 0.000 0.707 -0.228 -1.218 0.161 0.366 -0.106 -0.050 1.057 1.307 -1.028 0.578 -1.030 1.951 -0.543 0.158 0.336
1.000 1.000 10.449 -1.668 -4.000 -1.416 0.285 -1.037 1.496 2.115 0.511 -2.084 1.515 -5.256 13.031 -4.833 -0.890 6.351
0.000 0.000 3.498 -0.844 -2.753 -0.461 0.328 -0.084 0.408 2.036 2.055 -1.633 1.731 -1.969 4.963 -1.653 -0.435 1.279
1.000 0.000 9.196 -1.360 -3.621 -1.118 0.227 -0.701 1.418 1.950 0.639 -1.912 1.393 -4.700 11.474 -4.261 -0.728 5.482
1.000 1.000 11.318 -2.308 -3.459 -1.290 0.760 -0.346 2.871 1.264 -0.544 -1.795 1.132 -6.259 14.106 -5.875 -0.081 7.816
0.000 0.000 3.420 -1.259 -6.836 -0.597 0.494 0.139 -0.471 5.988 7.668 -4.368 5.693 -2.212 5.863 -0.976 -1.120 -1.414
0.000 1.000 3.806 -1.505 -1.904 0.610 1.263 0.529 1.645 0.720 1.214 -1.733 0.975 -3.841 5.572 -2.374 0.788 3.006
0.000 1.000 2.695 -0.845 -3.135 -0.271 0.374 0.109 0.330 2.293 2.816 -2.153 2.072 -1.994 4.179 -1.139 -0.280 0.545
0.000 0.000 4.512 -1.815 -1.865 0.665 1.624 0.889 2.346 0.659 0.837 -1.707 1.060 -4.285 6.544 -3.170 1.060 3.747
0.000 1.000 5.454 -3.066 -2.325 0.550 2.124 1.012 2.689 0.956 1.122 -2.741 1.223 -5.613 7.555 -3.233 1.803 4.825
1.000 0.000 5.089 -2.371 -1.916 0.068 1.477 0.875 2.544 0.433 0.530 -2.161 0.742 -4.843 6.842 -3.012 1.219 4.102
1.000 1.000 20.872 -4.194 -6.435 -2.720 1.223 -1.518 3.953 2.870 -0.647 -3.048 2.440 -10.435 25.379 -10.185 -1.028 13.715
1.000 1.000 23.067 -4.586 -6.098 -2.936 1.429 -1.612 4.775 2.153 -1.980 -2.738 1.800 -11.516 27.681 -11.511 -1.055 15.582
1.000 1.000 22.970 -4.613 -6.382 -3.041 1.337 -1.869 4.490 2.377 -1.757 -2.820 2.003 -11.435 27.738 -11.268 -1.066 15.567
1.000 1.000 10.523 -2.319 -3.079 -1.146 0.833 -0.176 2.797 1.037 -0.618 -1.526 1.014 -5.824 13.072 -5.574 -0.047 7.347
1.000 1.000 12.860 -2.310 -2.590 -1.493 0.774 -0.760 2.994 0.439 -2.063 -1.138 0.095 -6.520 15.289 -6.624 -0.444 9.089
0.000 1.000 5.314 -1.130 -4.386 -0.740 0.269 -0.198 0.431 3.325 3.451 -2.675 2.973 -2.887 7.471 -2.413 -0.827 1.725
0.000 0.000 3.813 -1.162 -3.581 0.204 0.955 -0.456 0.009 1.891 3.696 -2.774 1.598 -4.611 6.583 -1.423 0.345 1.752
0.000 1.000 3.518 -0.518 -4.206 -0.825 -0.086 -0.664 -0.532 3.405 3.676 -2.467 2.769 -1.687 5.490 -1.179 -1.095 0.288
1.000 0.000 8.399 -1.916 -4.485 -1.245 0.436 -0.511 1.677 2.480 1.967 -2.683 2.522 -4.789 11.305 -4.290 -0.622 4.677
1.000 1.000 22.258 -5.167 -5.897 -2.700 1.905 -0.957 5.432 1.661 -2.258 -2.522 1.979 -11.557 26.818 -11.383 -0.327 15.585
0.000 1.000 9.822 -1.563 -3.058 -1.167 0.336 -0.657 1.878 1.297 -0.288 -1.641 0.900 -4.979 12.020 -4.856 -0.672 6.251
1.000 1.000 12.198 -2.254 -3.334 -1.557 0.597 -0.987 2.409 1.218 -0.983 -1.530 0.832 -6.095 14.807 -6.086 -0.661 8.171
1.000 0.000 5.300 -3.055 -1.197 0.338 2.406 1.712 3.459 0.116 -0.852 -1.588 0.439 -4.938 7.185 -3.995 1.940 5.082
0.000 0.000 1.856 0.424 -3.171 0.284 0.300 -0.752 -1.124 1.723 3.577 -1.766 1.244 -2.660 4.433 -0.503 -0.550 -0.183
0.000 0.000 8.192 -1.543 -6.059 -1.358 0.287 -0.736 0.368 4.495 4.140 -3.468 3.782 -4.083 11.141 -3.374 -1.244 3.172
0.000 1.000 14.315 -2.867 -5.028 -2.014 0.750 -1.169 2.580 2.399 0.206 -2.549 2.043 -7.246 17.855 -7.083 -0.931 9.129
1.000 0.000 22.400 -4.237 -4.640 -2.717 1.409 -1.394 5.017 1.142 -3.371 -1.935 0.692 -11.102 26.429 -11.487 -0.976 15.460
0.000 1.000 2.061 -0.954 -1.339 0.246 0.812 0.417 0.867 0.740 0.810 -1.344 0.499 -2.307 3.362 -1.323 0.592 1.549
0.000 0.000 3.068 -0.463 -3.227 -0.454 -0.001 -0.261 -0.071 2.515 2.894 -2.115 2.108 -1.717 4.716 -1.312 -0.743 0.556
0.000 1.000 7.073 -1.767 -3.065 -0.652 0.769 0.210 2.005 1.306 0.782 -1.768 1.519 -4.231 9.161 -3.863 -0.090 4.233
1.000 1.000 20.833 -4.409 -5.733 -2.738 1.333 -1.435 4.440 2.031 -1.647 -2.610 1.852 -10.471 25.274 -10.557 -0.826 14.266
1.000 0.000 18.737 -4.062 -6.919 -2.537 1.038 -1.350 3.634 3.097 0.510 -3.545 3.081 -9.832 23.426 -9.234 -0.941 12.146
0.000 1.000 2.388 -1.127 -1.495 0.275 0.866 0.380 1.117 0.817 1.009 -1.615 0.713 -2.554 3.818 -1.567 0.668 1.892
0.000 1.000 9.804 -2.036 -4.328 -1.438 0.536 -0.654 1.804 2.425 1.298 -2.427 2.178 -5.239 12.722 -4.984 -0.728 5.772
0.000 1.000 5.018 -0.605 -2.452 -0.608 -0.013 -0.731 0.464 1.324 1.006 -1.426 0.979 -2.828 6.810 -2.379 -0.626 2.710
0.000 0.000 4.934 -2.633 -1.359 0.573 2.484 1.684 3.011 0.281 -0.634 -1.350 0.478 -4.703 6.944 -3.760 1.735 4.620
0.000 1.000 1.677 -1.002 -3.414 -0.276 0.329 -0.046 0.015 2.913 3.827 -2.666 2.757 -1.660 3.398 -0.744 -0.241 -0.375
0.000 0.000 7.005 -1.098 -2.601 -0.800 0.204 -0.416 1.269 1.353 0.365 -1.420 0.993 -3.597 8.728 -3.475 -0.591 4.116
1.000 1.000 13.757 -2.935 -5.385 -1.938 0.822 -0.858 2.654 2.739 0.750 -2.749 2.453 -7.133 17.338 -6.781 -0.703 8.656
0.000 1.000 5.682 -1.038 -3.114 -0.650 0.209 -0.593 0.715 1.895 1.472 -1.705 1.616 -3.256 7.552 -2.553 -0.513 3.026
0.000 0.000 5.992 -2.017 -2.928 -0.565 0.774 0.280 2.340 1.108 1.166 -2.177 1.674 -4.537 8.314 -3.543 0.339 3.959
1.000 0.000 11.158 -1.772 -3.455 -1.276 0.422 -0.660 2.199 1.459 -0.370 -1.764 1.003 -5.732 13.627 -5.435 -0.592 7.238
0.000 1.000 4.216 -0.724 -2.945 -0.413 0.228 0.009 0.420 2.388 2.236 -1.801 1.854 -2.193 5.644 -1.912 -0.503 1.588
1.000 1.000 20.858 -3.866 -5.356 -2.538 1.167 -1.330 4.281 2.018 -1.807 -2.504 1.489 -10.384 24.793 -10.340 -1.025 13.908
0.000 1.000 3.880 -2.060 -1.268 0.435 1.665 1.033 2.323 0.434 0.171 -1.503 0.593 -3.770 5.459 -2.790 1.310 3.525
1.000 1.000 21.322 -4.086 -5.061 -2.502 1.315 -1.159 4.629 1.733 -2.285 -2.274 1.305 -10.571 25.202 -10.798 -0.940 14.432
0.000 1.000 10.217 -2.207 -4.189 -1.458 0.606 -0.622 2.081 2.200 0.937 -2.307 2.059 -5.500 13.149 -5.286 -0.634 6.235
1.000 0.000 7.408 -1.895 -3.655 -0.815 0.551 -0.169 2.091 1.575 1.375 -2.427 1.907 -4.901 10.013 -3.918 -0.060 4.638
1.000 1.000 7.204 -1.394 -3.723 -0.973 0.473 -0.167 1.334 2.467 1.789 -2.162 1.993 -3.885 9.468 -3.531 -0.465 3.851
1.000 1.000 12.351 -1.985 -3.177 -1.401 0.545 -0.722 2.601 1.076 -1.175 -1.573 0.613 -6.236 14.833 -6.155 -0.605 8.295
0.000 1.000 12.759 -2.175 -3.150 -1.563 0.597 -0.885 2.693 0.955 -1.463 -1.520 0.555 -6.384 15.363 -6.460 -0.674 8.651
1.000 1.000 27.765 -5.634 -6.296 -3.528 1.835 -1.828 6.220 1.475 -3.953 -2.530 1.328 -13.927 33.061 -14.052 -0.903 19.507
0.000 0.000 11.746 -1.905 -2.952 -1.375 0.532 -0.746 2.441 1.010 -1.205 -1.467 0.532 -5.845 14.095 -5.903 -0.635 7.860
1.000 0.000 9.338 -2.119 -3.411 -1.109 0.643 -0.347 2.483 1.267 0.254 -1.988 1.468 -5.502 12.089 -5.011 -0.142 6.270
0.000 0.000 2.031 0.471 -2.811 0.229 0.061 -0.779 -0.911 1.540 3.053 -1.637 1.142 -2.491 4.308 -0.661 -0.626 0.149
0.000 1.000 4.811 -1.546 -6.695 -0.750 0.541 0.091 0.177 5.372 6.762 -4.251 5.313 -3.022 7.503 -1.902 -1.034 -0.036
0.000 0.000 5.851 -1.242 -4.149 -0.868 0.258 -0.343 0.711 2.876 2.844 -2.565 2.625 -3.242 8.143 -2.831 -0.784 2.432
0.000 0.000 7.877 -1.299 -2.010 -0.929 0.322 -0.604 1.591 0.673 -0.732 -1.017 0.318 -3.958 9.661 -4.126 -0.526 5.232
0.000 0.000 9.779 -1.773 -2.419 -0.830 0.678 0.007 2.423 1.068 -0.695 -1.141 0.690 -5.091 11.646 -5.057 -0.165 6.564
1.000 1.000 17.126 -3.158 -4.042 -2.154 0.952 -1.283 3.653 1.092 -2.172 -1.731 0.749 -8.637 20.566 -8.569 -0.705 11.860
0.000 1.000 6.380 -1.197 -4.110 -0.728 0.377 -0.124 0.812 2.990 2.691 -2.466 2.476 -3.357 8.464 -2.882 -0.608 2.852
1.000 1.000 18.316 -3.581 -4.535 -2.176 1.160 -1.052 3.921 1.611 -1.773 -2.045 1.236 -9.118 21.788 -9.277 -0.831 12.361
1.000 0.000 12.449 -2.635 -4.158 -1.646 0.743 -0.935 2.406 1.897 -0.061 -2.008 1.630 -6.356 15.407 -6.184 -0.634 8.143
1.000 1.000 30.031 -6.292 -7.004 -3.778 2.116 -1.916 6.712 1.793 -3.918 -2.876 1.696 -15.016 35.765 -15.243 -0.961 21.089
0.000 1.000 -0.827 0.444 -4.423 -0.278 -0.230 -0.617 -2.222 4.992 6.458 -2.898 3.817 0.784 0.424 1.296 -1.418 -4.037
1.000 1.000 16.065 -2.627 -3.435 -1.770 0.815 -0.831 3.651 0.748 -2.346 -1.656 0.289 -8.107 19.034 -8.154 -0.619 11.204
0.000 0.000 5.309 -0.902 -3.304 -0.655 0.197 -0.299 0.646 2.230 1.949 -1.996 1.793 -2.854 7.172 -2.416 -0.543 2.540
1.000 0.000 30.147 -5.865 -6.386 -3.774 1.945 -1.964 6.701 1.522 -4.518 -2.565 1.103 -14.889 35.621 -15.372 -1.239 20.937
0.000 1.000 1.457 0.340 -2.735 -0.071 -0.038 -0.923 -1.218 1.741 3.369 -1.629 1.030 -2.064 3.426 0.011 -0.499 -0.421
1.000 0.000 21.146 -4.772 -7.770 -2.794 1.493 -0.964 4.509 3.707 0.654 -3.928 3.699 -10.964 26.226 -10.631 -0.843 13.535
1.000 0.000 11.450 -2.504 -3.079 -1.213 1.025 -0.218 3.016 0.947 -0.987 -1.410 0.940 -6.105 14.028 -6.048 -0.045 8.005
1.000 0.000 15.670 -2.668 -3.576 -1.858 0.803 -0.973 3.391 0.985 -2.066 -1.722 0.520 -7.811 18.653 -7.948 -0.755 10.734
1.000 0.000 9.874 -1.801 -2.730 -1.101 0.540 -0.529 2.150 1.109 -0.582 -1.300 0.833 -5.079 11.948 -5.075 -0.560 6.365
1.000 1.000 22.097 -4.772 -5.124 -2.612 1.831 -1.136 5.158 1.224 -2.882 -2.077 1.246 -11.100 26.350 -11.346 -0.534 15.549
1.000 0.000 12.131 -2.574 -4.895 -1.472 0.769 -0.498 2.448 2.699 1.218 -2.669 2.530 -6.299 15.194 -6.128 -0.688 7.260
0.000 1.000 4.766 -0.966 -1.237 -0.268 0.448 0.306 1.399 0.570 -0.197 -0.646 0.409 -2.627 5.803 -2.749 -0.094 3.022
1.000 1.000 13.912 -2.242 -3.267 -1.458 0.653 -0.635 3.179 0.831 -1.673 -1.572 0.442 -7.173 16.601 -6.967 -0.455 9.636
0.000 1.000 1.429 -0.260 -1.042 0.179 0.387 0.276 0.684 0.500 0.661 -0.827 0.459 -1.453 2.629 -1.267 0.034 0.808
0.000 1.000 6.175 -1.102 -2.809 -0.675 0.314 -0.260 1.113 1.668 0.973 -1.628 1.272 -3.349 7.980 -2.953 -0.314 3.603
0.000 0.000 7.665 -1.137 -2.594 -0.841 0.232 -0.441 1.461 1.188 0.112 -1.444 0.807 -4.029 9.502 -3.747 -0.509 4.795
0.000 1.000 -1.134 0.430 -2.741 -0.067 -0.036 -0.222 -1.577 3.592 4.547 -1.836 2.413 1.227 -0.595 1.132 -0.852 -3.227
0.000 0.000 3.405 -0.983 -8.166 -0.956 0.108 -0.392 -1.148 7.213 9.183 -5.353 6.754 -2.256 6.624 -0.783 -1.660 -2.228
0.000 0.000 7.113 -4.148 -1.918 0.438 2.839 1.853 4.322 0.480 -0.159 -2.502 1.090 -6.720 9.419 -4.848 2.536 6.585
1.000 1.000 16.942 -2.776 -4.074 -1.933 0.798 -0.930 3.661 1.240 -1.968 -1.982 0.712 -8.505 20.154 -8.468 -0.755 11.545
0.000 0.000 2.172 -1.079 -1.310 0.171 0.768 0.394 1.123 0.703 0.795 -1.490 0.627 -2.312 3.538 -1.536 0.619 1.744
1.000 0.000 3.263 -1.422 -1.453 0.503 1.812 0.991 1.534 0.462 0.496 -1.082 0.299 -3.444 5.077 -2.365 0.974 2.538
1.000 0.000 18.135 -3.001 -4.189 -2.120 0.888 -1.034 3.923 1.224 -2.296 -2.062 0.674 -9.015 21.506 -9.141 -0.868 12.358
1.000 0.000 12.876 -2.512 -3.491 -1.631 0.730 -0.886 2.819 1.103 -1.140 -1.687 0.876 -6.723 15.751 -6.490 -0.469 8.866
0.000 0.000 6.240 -3.574 -1.691 0.440 2.519 1.627 3.798 0.450 -0.112 -2.141 0.966 -5.903 8.355 -4.332 2.188 5.751
0.000 1.000 2.154 -0.668 -1.929 0.549 1.153 0.321 0.431 0.947 1.543 -1.307 0.681 -2.615 4.021 -1.365 0.422 1.329
0.000 1.000 6.583 -1.119 -3.865 -0.705 0.356 -0.142 0.851 2.849 2.404 -2.314 2.251 -3.416 8.548 -2.949 -0.569 3.087
0.000 1.000 3.391 -1.620 -2.530 -0.026 1.020 0.697 1.389 1.348 1.703 -1.951 1.569 -3.071 4.900 -1.848 0.470 1.805
0.000 1.000 7.304 -3.701 -2.459 0.633 2.569 1.546 4.030 0.651 0.694 -2.721 1.425 -6.865 9.777 -4.704 2.180 6.319
1.000 0.000 24.572 -4.736 -5.578 -3.109 1.495 -1.776 5.224 1.499 -3.230 -2.358 1.117 -12.123 29.242 -12.494 -1.163 16.954
0.000 0.000 1.897 -0.218 -3.725 -0.448 -0.107 -0.298 -0.599 3.214 3.868 -2.339 2.612 -1.022 3.396 -0.436 -0.876 -0.795
1.000 1.000 17.922 -3.371 -5.488 -2.321 0.917 -1.482 3.180 2.502 -0.526 -2.629 1.932 -8.860 21.707 -8.609 -1.048 11.662
1.000 1.000 10.861 -1.757 -4.143 -1.464 0.330 -1.049 1.585 2.142 0.512 -2.124 1.580 -5.452 13.557 -5.029 -0.888 6.601
1.000 1.000 28.087 -5.883 -6.805 -3.565 1.919 -1.826 6.169 2.009 -3.293 -2.854 1.847 -14.055 33.537 -14.209 -0.966 19.525
0.000 1.000 1.315 -0.217 -4.377 -0.338 0.029 -0.174 -0.967 4.231 5.363 -2.834 3.562 -0.847 2.892 -0.069 -1.026 -1.910
1.000 1.000 17.081 -3.928 -6.908 -2.193 1.320 -0.601 3.612 3.544 1.388 -3.620 3.541 -8.962 21.375 -8.553 -0.722 10.530
1.000 0.000 26.488 -5.611 -6.614 -3.380 1.865 -1.667 5.808 2.110 -2.826 -2.878 1.910 -13.182 31.725 -13.477 -0.921 18.384
1.000 1.000 24.966 -4.802 -5.618 -3.163 1.529 -1.813 5.291 1.546 -3.341 -2.322 1.127 -12.289 29.695 -12.663 -1.159 17.224
1.000 0.000 19.279 -3.735 -4.589 -2.235 1.229 -0.976 4.278 1.597 -2.007 -2.085 1.233 -9.627 22.806 -9.827 -0.827 13.000
1.000 1.000 5.871 -3.438 -1.424 0.373 2.497 1.744 3.772 0.315 -0.661 -1.722 0.824 -5.399 7.967 -4.370 2.131 5.572
0.000 1.000 2.626 -0.856 -2.041 0.210 0.543 0.030 0.841 1.034 1.599 -1.792 1.121 -2.769 4.269 -1.506 0.235 1.647
1.000 0.000 17.314 -3.463 -4.187 -2.032 1.151 -0.913 3.938 1.366 -1.767 -1.916 1.172 -8.711 20.651 -8.977 -0.745 11.695
1.000 1.000 13.103 -2.638 -4.276 -1.662 0.729 -0.785 2.820 1.700 -0.251 -2.283 1.549 -6.912 16.385 -6.742 -0.551 8.787
0.000 1.000 4.388 -0.871 -2.723 -0.458 0.332 -0.139 0.624 1.877 1.664 -1.567 1.557 -2.416 5.887 -2.031 -0.377 2.036
1.000 1.000 18.346 -3.501 -3.960 -2.063 1.211 -0.790 4.246 1.228 -2.402 -1.682 0.852 -9.136 21.578 -9.476 -0.717 12.481
1.000 0.000 3.263 -1.948 -0.759 0.270 1.637 1.367 2.236 0.167 -0.534 -1.209 0.140 -3.067 4.492 -2.568 1.327 3.211
0.000 0.000 2.488 -1.237 -1.811 0.307 1.048 0.207 0.749 1.042 1.666 -1.696 0.786 -2.891 4.085 -1.368 0.710 1.759
0.000 0.000 8.794 -1.853 -6.720 -1.102 0.566 -0.021 0.737 5.199 5.088 -4.060 4.528 -4.529 11.772 -3.766 -1.100 3.201
1.000 1.000 12.223 -2.609 -6.180 -1.828 0.604 -0.859 2.022 3.584 2.478 -3.523 3.407 -6.464 15.991 -6.012 -1.056 6.793
1.000 1.000 10.241 -1.669 -4.433 -1.363 0.310 -0.836 1.483 2.460 1.115 -2.371 1.910 -5.264 12.996 -4.715 -0.805 6.032
1.000 0.000 7.326 -1.351 -2.332 -0.808 0.458 -0.213 1.724 1.010 -0.151 -1.168 0.729 -3.927 9.196 -3.814 -0.211 4.824
1.000 0.000 16.997 -3.488 -4.379 -2.140 1.125 -1.131 3.673 1.486 -1.619 -1.889 1.241 -8.508 20.470 -8.644 -0.711 11.580
0.000 0.000 2.713 -1.702 -1.110 0.192 1.230 0.974 1.762 0.526 0.304 -1.350 0.558 -2.653 3.903 -2.029 1.008 2.319
1.000 1.000 18.686 -3.373 -3.991 -2.291 1.059 -1.228 4.188 0.798 -2.877 -1.752 0.421 -9.381 22.207 -9.487 -0.738 13.137
1.000 1.000 14.042 -2.299 -3.639 -1.660 0.629 -0.879 2.895 1.290 -1.343 -1.778 0.776 -7.007 16.838 -6.983 -0.733 9.392
0.000 1.000 1.162 -0.296 -6.282 -0.538 0.025 -0.390 -1.643 6.148 7.930 -4.083 5.365 -0.775 3.306 0.359 -1.467 -3.289
1.000 1.000 15.474 -3.377 -7.163 -2.115 0.997 -0.833 2.738 4.115 2.406 -3.865 3.856 -8.043 19.655 -7.431 -0.987 8.947
0.000 1.000 4.236 -0.734 -3.623 -0.798 0.057 -0.502 0.078 2.768 2.824 -2.236 2.288 -2.282 6.248 -1.925 -0.891 1.316
1.000 0.000 8.432 -1.451 -2.338 -1.036 0.343 -0.606 1.745 0.869 -0.656 -1.147 0.537 -4.288 10.338 -4.314 -0.506 5.573
1.000 0.000 23.557 -4.563 -6.131 -3.131 1.323 -1.963 4.645 2.102 -2.331 -2.611 1.689 -11.694 28.370 -11.594 -1.110 16.034
1.000 0.000 31.000 -6.030 -7.455 -3.979 1.894 -2.301 6.380 2.324 -3.589 -3.146 1.859 -15.281 36.917 -15.491 -1.430 21.240
0.000 0.000 1.719 -0.998 -3.259 -0.254 0.428 0.131 0.070 2.852 3.647 -2.500 2.559 -1.588 3.185 -0.677 -0.182 -0.396
0.000 1.000 1.487 -0.620 -1.719 0.359 0.861 0.089 0.071 1.146 1.656 -1.239 0.677 -1.998 3.036 -0.817 0.395 0.807
0.000 1.000 0.544 0.581 -2.331 0.230 0.012 -0.795 -1.283 1.628 3.085 -1.325 0.983 -1.295 2.386 0.139 -0.504 -0.855
0.000 0.000 5.159 -1.787 -2.096 -0.135 0.949 0.412 2.100 0.650 0.757 -1.802 0.946 -4.277 6.895 -2.925 0.610 3.768
1.000 0.000 16.728 -3.153 -3.866 -2.072 1.005 -1.162 3.657 1.065 -2.153 -1.594 0.757 -8.400 19.993 -8.421 -0.688 11.488
1.000 1.000 3.675 -0.816 -1.460 -0.138 0.532 0.351 1.421 0.392 0.178 -0.964 0.553 -2.552 5.157 -2.492 0.026 2.376
0.000 1.000 2.725 -0.462 -3.991 -0.488 -0.040 -0.252 -0.403 3.362 4.030 -2.573 2.869 -1.529 4.494 -0.993 -0.940 -0.240
1.000 0.000 20.406 -4.971 -8.058 -2.603 1.757 -0.463 4.864 3.801 1.339 -4.234 4.224 -11.047 25.601 -10.493 -0.594 12.862
1.000 1.000 17.219 -3.425 -4.151 -1.999 1.136 -0.857 3.890 1.409 -1.747 -1.917 1.150 -8.660 20.477 -8.880 -0.723 11.640
1.000 0.000 12.855 -2.746 -5.550 -1.564 0.874 -0.377 2.305 3.313 1.701 -3.024 2.913 -6.569 16.119 -6.297 -0.754 7.576
0.000 1.000 7.216 -1.444 -2.660 -0.542 0.583 0.394 1.810 1.650 0.683 -1.439 1.337 -3.874 8.872 -3.780 -0.128 4.332
1.000 1.000 4.323 -1.377 -2.265 -0.155 0.661 0.104 1.367 0.985 1.326 -1.958 0.954 -3.790 5.994 -2.143 0.403 2.890
0.000 0.000 1.868 -0.793 -3.210 -0.114 0.460 0.155 0.078 2.487 3.278 -2.309 2.263 -1.710 3.353 -0.705 -0.234 -0.130
1.000 0.000 10.636 -1.854 -3.163 -1.376 0.437 -0.958 1.851 1.372 -0.438 -1.635 0.931 -5.224 13.115 -5.322 -0.733 6.970
0.000 1.000 8.630 -5.099 -2.454 0.531 3.480 2.140 5.166 0.776 -0.074 -3.006 1.585 -8.045 11.447 -5.834 3.097 8.012
1.000 0.000 8.458 -1.265 -3.645 -1.091 0.184 -0.756 1.119 2.104 0.965 -1.929 1.540 -4.276 10.668 -3.848 -0.798 4.823
1.000 0.000 26.398 -5.389 -6.119 -3.289 1.815 -1.690 5.826 1.725 -3.340 -2.521 1.488 -13.031 31.458 -13.513 -0.986 18.351
1.000 1.000 13.454 -2.568 -3.267 -1.586 0.847 -0.720 3.145 0.867 -1.585 -1.456 0.616 -6.968 16.248 -6.837 -0.339 9.432
0.000 1.000 11.472 -2.577 -2.967 -1.060 1.053 0.185 3.034 1.141 -0.786 -1.461 1.081 -6.107 13.741 -6.197 -0.200 7.669
0.000 1.000 6.551 -1.482 -6.949 -0.964 0.550 -0.054 0.127 5.591 6.290 -4.344 5.042 -3.540 9.387 -2.470 -1.156 1.158
1.000 1.000 5.485 -0.818 -1.525 -0.478 0.260 -0.197 1.217 0.685 -0.204 -0.801 0.348 -2.881 6.701 -2.847 -0.327 3.454
1.000 1.000 12.299 -2.238 -2.663 -1.510 0.660 -0.867 2.731 0.628 -1.797 -1.187 0.291 -6.152 14.774 -6.390 -0.585 8.520
1.000 1.000 22.143 -4.242 -4.486 -2.756 1.382 -1.471 5.002 0.918 -3.591 -1.829 0.531 -11.004 26.211 -11.401 -0.931 15.472
1.000 1.000 21.555 -4.228 -5.263 -2.578 1.366 -1.235 4.682 1.796 -2.157 -2.420 1.446 -10.745 25.595 -10.952 -0.960 14.586
1.000 1.000 6.438 -0.951 -2.671 -0.775 0.148 -0.481 0.986 1.517 0.649 -1.470 1.061 -3.317 8.145 -3.048 -0.576 3.714
0.000 1.000 3.908 -0.802 -4.699 -0.836 -0.064 -0.503 0.034 3.455 4.253 -3.103 3.259 -2.448 6.410 -1.776 -1.038 0.568
0.000 1.000 2.085 0.053 -3.323 -0.282 -0.443 -1.082 -0.828 2.134 3.237 -2.063 1.830 -1.876 4.131 -0.482 -0.851 0.070
0.000 0.000 3.756 -0.580 -3.678 -0.620 -0.001 -0.359 0.002 2.793 3.001 -2.258 2.319 -2.000 5.519 -1.481 -0.783 0.859
0.000 1.000 -0.133 0.161 -4.514 -0.347 -0.152 -0.514 -1.821 4.779 6.162 -2.950 3.841 0.178 1.317 0.836 -1.312 -3.355
1.000 0.000 17.868 -3.952 -5.399 -2.300 1.231 -0.949 4.112 2.014 -0.895 -2.574 2.059 -9.278 21.942 -9.198 -0.554 12.105
0.000 0.000 9.069 -1.481 -2.172 -0.886 0.488 -0.244 2.276 0.549 -0.965 -1.107 0.277 -4.845 11.002 -4.700 -0.198 6.292
1.000 1.000 11.554 -1.998 -3.097 -1.499 0.485 -1.071 2.098 1.148 -0.919 -1.561 0.704 -5.660 14.137 -5.850 -0.783 7.737
0.000 1.000 11.950 -2.399 -4.087 -1.600 0.707 -0.838 2.296 1.962 0.112 -2.037 1.626 -6.085 14.874 -5.985 -0.705 7.616
1.000 0.000 21.147 -4.176 -4.813 -2.474 1.393 -1.051 4.785 1.457 -2.563 -2.138 1.160 -10.541 25.017 -10.894 -0.846 14.488
1.000 0.000 14.126 -2.896 -4.928 -1.844 0.843 -1.019 2.599 2.435 0.288 -2.426 2.061 -7.126 17.422 -6.896 -0.805 8.987
1.000 0.000 12.811 -2.444 -4.277 -1.594 0.743 -0.801 2.497 2.033 -0.032 -2.097 1.632 -6.492 15.830 -6.304 -0.599 8.272
1.000 0.000 13.137 -2.836 -3.834 -1.490 1.142 -0.564 2.924 1.413 -0.711 -1.746 1.321 -6.738 15.962 -6.639 -0.395 8.784
1.000 1.000 13.953 -2.255 -3.567 -1.661 0.606 -0.944 2.861 1.165 -1.412 -1.778 0.660 -7.020 16.791 -6.918 -0.702 9.465
0.000 0.000 -0.082 0.325 -1.675 -0.096 -0.182 -0.285 -0.620 1.727 2.389 -1.337 1.225 -0.135 1.043 0.007 -0.503 -1.178
1.000 0.000 26.469 -5.148 -6.885 -3.523 1.507 -2.207 5.210 2.320 -2.654 -2.938 1.903 -13.146 31.835 -12.979 -1.222 18.063
1.000 0.000 10.807 -1.818 -3.112 -1.404 0.367 -1.084 1.996 1.078 -0.709 -1.680 0.720 -5.620 13.428 -5.397 -0.658 7.280
0.000 1.000 3.187 -0.761 -4.457 -0.521 0.110 -0.036 -0.163 3.834 4.530 -2.882 3.400 -1.898 5.107 -1.291 -0.884 -0.092
1.000 1.000 15.937 -2.984 -3.705 -1.934 0.958 -1.068 3.520 0.951 -2.032 -1.562 0.637 -8.105 19.092 -7.985 -0.546 11.108
0.000 1.000 7.781 -1.592 -4.898 -0.985 0.528 -0.101 1.240 3.368 3.003 -2.964 2.902 -4.236 10.371 -3.574 -0.574 3.737
1.000 1.000 13.373 -2.767 -4.070 -1.587 0.870 -0.646 2.925 1.791 -0.324 -2.083 1.580 -6.887 16.230 -6.866 -0.655 8.664
1.000 1.000 13.612 -2.264 -3.301 -1.631 0.646 -0.899 2.871 0.994 -1.592 -1.603 0.541 -6.790 16.322 -6.863 -0.704 9.239
1.000 0.000 6.863 -1.060 -2.900 -0.858 0.161 -0.523 1.011 1.705 0.746 -1.577 1.201 -3.474 8.659 -3.266 -0.651 3.909
0.000 1.000 7.025 -1.420 -1.199 -0.449 0.620 0.322 2.173 0.275 -1.092 -0.524 0.177 -3.819 8.292 -4.026 -0.001 4.890
0.000 1.000 3.671 -0.668 -2.307 -0.375 0.169 -0.095 0.482 1.743 1.600 -1.386 1.396 -1.993 4.910 -1.812 -0.489 1.474
0.000 1.000 7.177 -1.266 -5.221 -0.948 0.292 -0.373 0.434 3.947 3.714 -3.088 3.253 -3.630 9.623 -2.953 -0.961 2.796
1.000 1.000 5.426 -2.072 -3.736 -0.623 0.952 0.558 1.682 2.170 2.317 -2.612 2.319 -3.809 7.439 -2.790 0.148 2.630
1.000 1.000 14.074 -3.168 -4.554 -1.696 1.092 -0.602 3.277 1.742 -0.496 -2.135 1.819 -7.466 17.351 -7.143 -0.339 9.415
1.000 1.000 14.395 -2.347 -3.492 -1.730 0.642 -0.970 3.035 0.986 -1.730 -1.728 0.522 -7.229 17.294 -7.217 -0.706 9.877
1.000 0.000 24.682 -5.104 -6.162 -3.176 1.642 -1.632 5.414 1.923 -2.707 -2.586 1.742 -12.273 29.619 -12.525 -0.915 17.013
0.000 1.000 12.984 -2.106 -3.113 -1.429 0.609 -0.688 2.845 0.929 -1.469 -1.543 0.487 -6.573 15.497 -6.533 -0.577 8.841
1.000 1.000 18.418 -3.719 -4.391 -2.190 1.228 -1.008 4.234 1.299 -2.045 -1.977 1.146 -9.262 21.999 -9.603 -0.760 12.566
1.000 1.000 5.111 -1.226 -6.310 -0.949 0.115 -0.301 0.019 4.961 5.918 -4.052 4.674 -3.018 7.984 -2.158 -1.255 0.526
0.000 1.000 1.938 -0.285 -1.254 0.330 0.435 0.170 0.572 0.406 0.610 -0.922 0.384 -1.956 3.228 -1.354 -0.012 1.255
0.000 0.000 2.441 -1.252 -1.619 0.354 1.142 0.346 0.912 0.899 1.302 -1.423 0.709 -2.727 4.003 -1.529 0.748 1.835
1.000 1.000 8.478 -5.272 -2.210 0.161 3.564 2.226 5.364 0.694 -0.650 -2.971 1.539 -7.720 11.688 -6.273 3.162 8.235
1.000 1.000 10.805 -1.944 -2.770 -1.397 0.470 -0.888 2.256 0.855 -1.162 -1.312 0.544 -5.498 13.211 -5.515 -0.550 7.379
0.000 1.000 1.397 0.658 -2.785 0.220 -0.108 -0.833 -1.183 1.678 3.264 -1.558 1.195 -2.073 3.580 -0.240 -0.673 -0.441
0.000 1.000 4.312 -1.956 -1.323 0.642 2.074 1.339 2.630 0.325 -0.181 -1.328 0.523 -4.086 6.229 -3.369 1.326 3.900
0.000 1.000 3.250 -1.255 -2.452 0.324 0.656 0.071 1.190 1.172 1.866 -1.844 1.688 -3.335 5.125 -1.929 0.310 2.024
1.000 0.000 12.909 -2.244 -3.416 -1.417 0.700 -0.570 2.845 1.323 -1.004 -1.644 0.895 -6.616 15.464 -6.471 -0.532 8.568
1.000 1.000 19.891 -3.235 -4.392 -2.242 0.971 -1.056 4.425 1.056 -2.780 -2.131 0.496 -9.989 23.532 -9.984 -0.779 13.829
0.000 1.000 9.629 -1.888 -7.188 -1.456 0.469 -0.534 0.584 5.399 5.100 -4.215 4.632 -4.864 12.991 -3.993 -1.332 3.679
0.000 1.000 3.679 -1.815 -1.267 0.434 1.716 0.997 2.106 0.409 0.232 -1.274 0.493 -3.602 5.371 -2.731 1.168 3.182
0.000 1.000 7.030 -1.325 -6.450 -1.178 0.264 -0.490 -0.020 5.126 5.251 -3.852 4.342 -3.529 9.912 -2.716 -1.318 1.883
1.000 1.000 25.184 -4.908 -5.724 -3.226 1.546 -1.814 5.413 1.557 -3.390 -2.342 1.207 -12.454 30.028 -12.775 -1.068 17.446
1.000 1.000 11.462 -1.872 -2.964 -1.283 0.540 -0.612 2.425 1.163 -0.988 -1.466 0.700 -5.744 13.726 -5.800 -0.634 7.518
0.000 1.000 9.178 -5.315 -3.364 0.868 3.792 1.987 4.871 1.332 0.843 -3.815 1.972 -8.952 12.324 -5.701 3.173 8.400
1.000 1.000 18.343 -3.487 -4.053 -2.346 1.055 -1.317 4.023 1.031 -2.668 -1.698 0.653 -9.149 21.908 -9.355 -0.784 12.764
0.000 1.000 2.089 -1.103 -2.030 0.156 0.782 0.522 0.873 1.414 1.828 -1.859 1.334 -2.108 3.435 -1.305 0.406 0.997
1.000 0.000 15.708 -3.401 -4.918 -2.041 0.977 -0.933 3.522 1.859 -0.573 -2.481 1.863 -8.279 19.463 -8.081 -0.552 10.637
0.000 1.000 5.468 -3.293 -1.290 0.228 2.344 1.612 3.543 0.253 -0.647 -1.784 0.659 -5.095 7.467 -4.094 2.021 5.263
1.000 0.000 4.257 -1.509 -1.978 -0.018 1.065 0.368 1.461 0.695 1.150 -1.853 0.565 -4.097 5.934 -2.185 0.688 2.992
0.000 1.000 4.213 -1.143 -2.133 0.757 1.071 0.438 1.546 0.674 1.310 -1.692 1.140 -4.117 6.035 -2.489 0.486 3.143
1.000 1.000 4.975 -0.585 -2.587 -0.618 0.043 -0.355 0.588 1.651 1.213 -1.445 1.133 -2.654 6.589 -2.291 -0.536 2.545
0.000 0.000 3.231 -0.751 -2.745 -0.451 0.275 -0.128 0.281 2.071 2.151 -1.632 1.741 -1.803 4.661 -1.477 -0.473 1.036
0.000 0.000 9.069 -1.946 -4.064 -1.327 0.501 -0.597 1.725 2.278 1.270 -2.265 2.105 -4.902 11.820 -4.648 -0.660 5.312
1.000 0.000 25.472 -5.326 -6.894 -3.333 1.633 -1.824 5.315 2.440 -2.184 -2.997 2.195 -12.728 30.673 -12.668 -0.979 17.432
1.000 1.000 8.283 -1.276 -3.219 -1.065 0.227 -0.773 1.162 1.843 0.573 -1.708 1.248 -4.155 10.328 -3.845 -0.739 4.903
1.000 1.000 12.068 -2.271 -2.662 -1.338 0.820 -0.557 2.920 0.590 -1.599 -1.207 0.304 -6.262 14.455 -6.181 -0.229 8.571
0.000 0.000 4.036 -1.701 -1.769 0.683 1.675 0.900 2.164 0.734 0.744 -1.654 0.971 -3.902 6.035 -2.939 1.086 3.446
0.000 1.000 11.381 -2.099 -2.608 -0.900 0.790 0.215 2.989 1.065 -1.089 -1.210 0.735 -6.003 13.388 -5.979 -0.147 7.700
1.000 0.000 12.891 -2.602 -3.732 -1.596 0.799 -0.847 2.650 1.566 -0.616 -1.795 1.260 -6.458 15.661 -6.536 -0.657 8.524
0.000 0.000 6.068 -3.526 -1.475 0.354 2.417 1.676 3.835 0.294 -0.358 -1.962 0.832 -5.674 8.062 -4.300 2.172 5.630
0.000 1.000 3.344 -1.533 -2.665 0.465 1.392 0.198 0.752 1.399 2.469 -2.241 1.221 -3.955 5.603 -1.700 0.839 2.194
1.000 1.000 18.320 -3.475 -3.415 -1.946 1.217 -0.584 4.469 0.740 -3.047 -1.399 0.438 -9.159 21.371 -9.639 -0.608 12.734
1.000 1.000 12.143 -2.265 -3.000 -1.462 0.675 -0.831 2.570 0.981 -1.286 -1.310 0.622 -6.054 14.613 -6.206 -0.622 8.177
1.000 1.000 10.995 -1.904 -2.357 -1.341 0.532 -0.768 2.457 0.485 -1.690 -1.115 0.158 -5.508 13.264 -5.768 -0.546 7.650
1.000 0.000 3.066 -0.595 -3.852 -0.469 0.055 -0.133 -0.092 3.253 3.844 -2.500 2.864 -1.819 4.858 -1.294 -0.811 0.115
0.000 1.000 1.593 -0.289 -2.035 0.479 0.652 -0.070 -0.062 1.241 2.106 -1.410 0.920 -2.105 3.391 -0.855 0.148 0.679
0.000 1.000 19.682 -4.215 -5.550 -2.514 1.374 -1.296 4.169 2.017 -1.458 -2.446 1.853 -9.926 23.798 -9.803 -0.694 13.424
1.000 0.000 15.727 -2.867 -4.582 -2.141 0.653 -1.506 2.783 1.723 -0.934 -2.345 1.302 -7.759 19.336 -7.839 -1.028 10.571
0.000 1.000 10.200 -1.826 -2.470 -0.878 0.728 -0.018 2.663 0.876 -0.874 -1.235 0.561 -5.438 12.192 -5.275 -0.083 6.995
1.000 1.000 20.526 -4.030 -4.748 -2.617 1.269 -1.460 4.497 1.264 -2.706 -1.923 0.991 -10.260 24.529 -10.396 -0.830 14.209
0.000 1.000 7.106 -1.855 -8.697 -1.204 0.467 -0.108 0.109 6.982 8.270 -5.491 6.653 -4.124 10.692 -2.809 -1.540 0.671
1.000 0.000 24.953 -4.834 -5.810 -3.258 1.460 -1.873 5.314 1.605 -3.302 -2.391 1.244 -12.417 29.809 -12.539 -1.048 17.282
0.000 0.000 2.284 -0.921 -0.738 0.470 1.115 0.887 1.470 0.120 -0.265 -0.645 0.121 -2.231 3.475 -1.964 0.668 2.066
0.000 1.000 6.629 -0.984 -2.099 -0.867 0.127 -0.724 1.017 0.866 -0.168 -1.213 0.483 -3.330 8.446 -3.394 -0.612 4.285
0.000 1.000 11.227 -2.181 -7.650 -1.648 0.613 -0.613 1.001 5.533 4.997 -4.476 4.753 -5.734 14.922 -4.731 -1.282 4.825
0.000 1.000 2.170 -0.829 -6.371 -0.486 0.331 -0.035 -0.838 5.788 7.686 -4.202 5.444 -1.563 4.497 -0.367 -1.133 -2.266
0.000 1.000 26.347 -5.442 -7.166 -3.462 1.649 -1.981 5.379 2.538 -2.228 -3.109 2.272 -13.162 31.733 -13.006 -1.067 17.985
1.000 1.000 28.302 -5.995 -7.172 -3.661 1.945 -1.824 6.230 2.292 -2.938 -3.088 2.137 -14.086 33.961 -14.382 -0.997 19.575
0.000 1.000 2.590 -1.103 -6.604 -0.499 0.540 0.145 -0.687 5.923 7.749 -4.234 5.564 -1.780 4.787 -0.447 -1.052 -2.050
0.000 1.000 4.795 -0.525 -1.817 -0.583 -0.026 -0.605 0.630 0.813 0.319 -1.075 0.461 -2.594 6.396 -2.507 -0.575 2.813
0.000 1.000 5.061 -1.141 -4.684 -0.879 0.151 -0.426 0.445 3.252 3.739 -2.922 3.143 -2.943 7.549 -2.365 -0.922 1.491
0.000 1.000 6.790 -1.175 -3.800 -0.961 0.202 -0.501 0.836 2.369 1.792 -2.176 1.953 -3.510 8.909 -3.082 -0.723 3.428
1.000 0.000 20.551 -4.020 -4.773 -2.565 1.306 -1.400 4.438 1.400 -2.532 -2.034 1.030 -10.203 24.464 -10.432 -0.915 14.104
0.000 1.000 2.419 -0.491 -2.938 0.121 0.478 -0.636 -0.540 1.751 3.425 -2.127 1.265 -3.173 4.645 -0.672 0.006 0.603
1.000 1.000 5.032 -1.759 -3.288 -0.441 0.883 0.415 1.479 1.865 2.034 -2.110 2.099 -3.381 6.822 -2.591 0.050 2.503
0.000 1.000 0.285 0.171 -2.463 -0.086 -0.108 -0.199 -0.764 2.487 3.321 -1.678 1.898 -0.265 1.262 0.197 -0.665 -1.544
1.000 1.000 11.008 -2.201 -4.127 -1.540 0.595 -0.896 1.923 2.110 0.491 -2.061 1.747 -5.593 13.832 -5.398 -0.762 6.825
1.000 0.000 26.711 -5.332 -6.646 -3.482 1.658 -1.981 5.581 2.070 -2.935 -2.829 1.736 -13.226 31.995 -13.409 -1.180 18.348
0.000 1.000 1.425 -0.312 -0.963 0.402 0.598 0.317 0.675 0.449 0.559 -0.770 0.308 -1.509 2.565 -1.213 0.220 1.076
0.000 0.000 0.011 0.361 -2.818 -0.272 -0.241 -0.450 -1.232 2.767 3.709 -1.709 2.030 0.036 1.101 0.536 -0.918 -2.096
0.000 1.000 6.073 -1.668 -2.775 -0.478 0.902 0.400 1.864 1.213 0.864 -1.762 1.375 -3.862 7.998 -3.385 0.067 3.606
1.000 1.000 14.366 -2.369 -3.503 -1.634 0.684 -0.769 3.108 1.189 -1.549 -1.733 0.705 -7.191 17.109 -7.275 -0.726 9.621
1.000 0.000 20.966 -4.833 -7.326 -2.633 1.686 -0.622 4.881 3.275 0.252 -3.719 3.426 -11.036 25.929 -10.775 -0.596 13.656
0.000 1.000 10.570 -1.987 -4.467 -1.162 0.599 -0.231 1.958 2.702 1.369 -2.480 2.203 -5.487 13.229 -5.074 -0.507 6.267
0.000 0.000 4.080 -1.211 -5.542 -0.445 0.581 0.361 0.060 4.722 5.715 -3.562 4.356 -2.442 6.055 -1.490 -0.796 -0.068
1.000 1.000 8.439 -1.568 -1.755 -0.666 0.611 0.110 2.286 0.600 -1.040 -0.756 0.393 -4.445 9.992 -4.610 -0.191 5.684
1.000 1.000 4.440 -2.215 -0.813 0.555 2.218 1.755 2.974 -0.216 -1.098 -0.963 -0.055 -4.126 5.936 -3.460 1.537 4.159
1.000 1.000 19.120 -3.657 -4.307 -2.461 1.131 -1.427 4.103 1.164 -2.639 -1.775 0.756 -9.489 22.821 -9.688 -0.861 13.211
1.000 0.000 12.313 -1.993 -3.516 -1.443 0.528 -0.778 2.419 1.479 -0.737 -1.724 0.950 -6.167 14.851 -6.032 -0.701 8.011
0.000 1.000 8.123 -1.464 -2.010 -0.892 0.465 -0.465 1.810 0.665 -0.785 -0.932 0.381 -4.103 9.824 -4.237 -0.419 5.387
0.000 1.000 2.826 -0.542 -2.916 0.409 0.960 -0.068 -0.042 1.420 2.855 -1.919 1.135 -3.543 5.401 -1.354 0.177 1.122
1.000 0.000 26.833 -5.599 -7.055 -3.475 1.759 -1.874 5.604 2.470 -2.397 -3.151 2.179 -13.373 32.242 -13.469 -1.074 18.416
1.000 0.000 2.579 -1.140 -1.005 0.461 1.157 0.941 1.265 0.157 -0.027 -0.872 0.123 -2.768 3.872 -1.812 0.754 2.154
0.000 1.000 8.391 -1.377 -1.949 -0.988 0.370 -0.619 1.672 0.706 -0.934 -0.991 0.253 -4.160 10.178 -4.392 -0.556 5.630
0.000 1.000 8.574 -1.616 -1.892 -0.691 0.603 0.099 2.270 0.713 -0.901 -0.868 0.547 -4.515 10.150 -4.672 -0.269 5.632
1.000 1.000 16.359 -3.170 -4.660 -2.154 0.917 -1.353 3.135 1.836 -1.052 -2.133 1.438 -8.091 19.904 -8.105 -0.868 10.938
1.000 1.000 14.167 -2.765 -3.939 -1.757 0.840 -0.999 2.851 1.595 -0.877 -1.843 1.220 -7.049 17.114 -7.109 -0.740 9.399
0.000 1.000 4.144 -2.257 -1.191 0.345 1.726 1.128 2.558 0.313 0.072 -1.627 0.514 -4.018 5.734 -2.979 1.428 3.794
1.000 0.000 24.346 -4.765 -5.467 -3.123 1.430 -1.766 5.304 1.343 -3.381 -2.325 1.053 -12.099 29.077 -12.466 -1.025 17.023
1.000 1.000 26.020 -4.968 -5.409 -3.238 1.637 -1.702 5.775 1.275 -4.009 -2.198 0.799 -12.863 30.722 -13.263 -1.100 18.057
1.000 1.000 7.899 -1.757 -5.659 -1.060 0.470 -0.208 1.052 4.086 4.057 -3.484 3.826 -4.377 10.780 -3.735 -0.916 3.222
0.000 1.000 5.005 -1.085 -3.701 -0.645 0.273 -0.126 0.557 2.780 2.739 -2.253 2.431 -2.724 6.881 -2.365 -0.663 1.906
0.000 1.000 5.452 -2.092 -2.855 -0.273 1.269 0.935 2.293 1.101 1.040 -2.111 1.549 -4.203 7.413 -3.327 0.469 3.359
1.000 0.000 7.962 -2.948 -2.218 -0.530 1.589 1.022 3.590 0.175 -0.560 -1.853 0.771 -5.902 10.042 -4.657 1.165 6.078
1.000 1.000 16.014 -3.080 -4.785 -2.103 0.825 -1.277 3.016 1.992 -0.714 -2.389 1.584 -7.908 19.565 -7.979 -0.900 10.647
1.000 1.000 14.767 -3.109 -3.982 -1.791 1.004 -0.720 3.371 1.404 -1.097 -1.974 1.295 -7.500 17.949 -7.759 -0.580 10.025
1.000 1.000 10.728 -2.584 -4.404 -1.307 0.780 -0.346 2.774 1.833 0.882 -2.573 2.169 -6.263 13.880 -5.655 -0.244 6.936
1.000 1.000 10.470 -2.331 -4.824 -1.381 0.590 -0.628 2.154 2.338 1.447 -2.753 2.424 -5.810 13.613 -5.226 -0.572 6.330
0.000 0.000 4.766 -0.626 -3.140 -0.695 0.001 -0.424 0.356 2.165 1.920 -1.915 1.648 -2.504 6.499 -2.077 -0.684 2.090
1.000 0.000 17.105 -3.158 -4.035 -2.086 1.017 -1.171 3.706 1.056 -2.132 -1.711 0.700 -8.680 20.517 -8.528 -0.605 11.915
1.000 0.000 17.965 -3.542 -4.162 -2.215 1.134 -1.182 3.935 1.199 -2.229 -1.788 0.875 -8.900 21.479 -9.247 -0.761 12.406
0.000 1.000 -0.609 0.087 -2.973 -0.096 0.141 -0.070 -1.227 3.549 4.594 -2.081 2.584 0.710 0.142 0.757 -0.725 -2.814
1.000 0.000 24.823 -5.349 -7.063 -3.232 1.629 -1.719 5.201 2.588 -1.645 -3.262 2.473 -12.588 30.050 -12.380 -0.931 16.943
1.000 0.000 13.546 -2.172 -3.559 -1.588 0.576 -0.877 2.766 1.232 -1.237 -1.771 0.720 -6.827 16.306 -6.692 -0.686 9.120
1.000 0.000 27.138 -5.525 -6.477 -3.448 1.802 -1.862 5.890 1.735 -3.439 -2.658 1.552 -13.596 32.395 -13.611 -0.946 18.907
0.000 1.000 10.711 -2.560 -3.560 -1.292 0.851 -0.216 2.982 1.287 -0.111 -1.969 1.537 -6.108 13.607 -5.877 -0.100 7.318
1.000 0.000 25.068 -5.286 -6.819 -3.243 1.670 -1.755 5.196 2.497 -1.928 -3.089 2.232 -12.531 30.182 -12.535 -1.029 17.094
1.000 0.000 22.523 -4.344 -6.104 -3.003 1.222 -1.892 4.402 2.146 -2.006 -2.625 1.738 -11.234 27.181 -11.012 -1.089 15.229
1.000 0.000 11.896 -2.483 -5.909 -1.692 0.716 -0.639 1.942 3.642 2.363 -3.267 3.190 -6.175 15.317 -5.611 -0.836 6.627
0.000 1.000 6.011 -1.251 -1.721 -0.443 0.511 0.237 1.575 0.940 -0.061 -0.852 0.713 -3.182 7.311 -3.286 -0.126 3.833
0.000 1.000 4.571 -2.349 -2.934 -0.045 1.187 0.441 2.093 1.239 1.832 -2.638 1.899 -4.518 6.866 -2.772 0.818 3.150
1.000 1.000 2.486 -1.476 -2.212 0.123 0.898 0.530 1.087 1.314 1.696 -1.888 1.440 -2.553 3.925 -1.528 0.480 1.352
0.000 0.000 2.498 -0.758 -6.423 -0.466 0.390 0.014 -1.004 5.915 7.550 -4.036 5.218 -1.466 4.479 -0.231 -1.206 -2.169
1.000 0.000 17.705 -3.276 -4.017 -2.273 0.942 -1.302 3.844 1.031 -2.494 -1.787 0.652 -8.864 21.205 -9.007 -0.793 12.321
0.000 1.000 10.210 -1.881 -3.535 -1.060 0.604 -0.242 2.106 1.895 0.327 -1.852 1.465 -5.265 12.597 -5.061 -0.343 6.507
0.000 0.000 1.023 -0.468 -1.151 0.228 0.550 0.115 0.247 0.951 0.991 -1.026 0.526 -1.291 2.219 -0.775 0.338 0.756
0.000 1.000 1.040 0.539 -3.334 0.158 0.109 -1.119 -1.807 2.253 4.399 -1.940 1.430 -2.125 3.575 0.239 -0.573 -1.048
1.000 1.000 10.186 -1.999 -3.064 -1.146 0.624 -0.481 2.227 1.385 -0.213 -1.556 1.158 -5.258 12.374 -5.272 -0.578 6.446
1.000 1.000 14.269 -2.751 -4.028 -1.911 0.691 -1.280 2.731 1.442 -1.021 -1.916 1.128 -7.198 17.476 -7.105 -0.778 9.656
0.000 1.000 9.450 -1.556 -2.460 -1.235 0.348 -0.969 1.652 0.863 -0.819 -1.308 0.416 -4.642 11.672 -4.858 -0.721 6.366
1.000 0.000 17.598 -3.694 -4.602 -2.195 1.237 -1.080 3.867 1.629 -1.542 -2.013 1.420 -8.767 21.194 -9.014 -0.703 11.968
0.000 0.000 5.527 -0.990 -3.646 -0.964 0.133 -0.631 0.400 2.559 2.248 -2.139 2.093 -2.881 7.694 -2.596 -0.883 2.420
1.000 1.000 15.650 -3.515 -6.250 -2.126 0.973 -0.863 3.235 3.086 1.062 -3.310 3.071 -8.245 19.736 -7.873 -0.757 9.821
1.000 0.000 18.172 -3.656 -4.648 -2.139 1.177 -0.922 4.031 1.659 -1.541 -2.234 1.428 -9.207 21.698 -9.326 -0.802 12.210
1.000 1.000 5.743 -1.173 -3.079 -0.702 0.416 -0.082 1.021 2.137 1.648 -1.784 1.738 -3.064 7.556 -2.833 -0.402 2.933
0.000 1.000 3.641 -1.882 -1.188 0.522 1.707 1.087 2.178 0.371 -0.103 -1.226 0.486 -3.545 5.198 -2.712 1.221 3.344
0.000 1.000 2.036 -1.206 -1.679 0.312 0.893 0.485 0.917 1.039 1.168 -1.552 0.937 -2.259 3.258 -1.250 0.594 1.394
0.000 1.000 3.270 -1.410 -3.986 -0.398 0.552 0.037 0.854 2.751 3.840 -2.688 3.169 -2.756 5.542 -1.806 -0.247 0.738
1.000 0.000 20.158 -3.857 -4.420 -2.300 1.312 -0.934 4.586 1.387 -2.569 -1.895 0.987 -10.014 23.701 -10.340 -0.810 13.712
0.000 1.000 2.232 -0.510 -6.066 -0.462 0.244 -0.086 -1.191 5.720 7.196 -3.817 4.862 -1.211 4.089 -0.113 -1.295 -2.284
0.000 1.000 4.960 -0.904 -1.562 -0.352 0.346 0.030 1.232 0.815 0.163 -0.842 0.621 -2.680 6.074 -2.686 -0.273 2.892
0.000 1.000 2.527 -0.281 -2.309 -0.279 0.002 -0.242 -0.014 1.892 2.001 -1.458 1.391 -1.417 3.713 -1.027 -0.496 0.638
0.000 0.000 1.383 0.127 -3.397 -0.426 -0.288 -0.447 -0.945 3.004 3.753 -2.069 2.270 -0.652 2.754 -0.133 -1.016 -1.205
1.000 1.000 20.901 -3.895 -5.033 -2.730 1.121 -1.658 4.283 1.462 -2.606 -2.227 0.975 -10.388 25.032 -10.432 -0.985 14.444
1.000 1.000 7.294 -1.423 -2.606 -0.678 0.350 -0.460 1.735 0.776 0.226 -1.633 1.054 -4.514 9.515 -3.930 -0.315 4.719
0.000 1.000 16.819 -3.283 -3.538 -1.486 1.246 0.167 4.484 1.166 -2.114 -1.523 0.919 -8.764 19.687 -8.851 -0.132 11.664
0.000 0.000 2.911 -1.322 -4.467 -0.312 0.730 0.486 0.252 3.726 4.772 -3.010 3.511 -2.144 4.534 -1.036 -0.350 -0.279
1.000 1.000 13.719 -3.011 -3.712 -1.637 1.031 -0.561 3.443 1.115 -1.175 -1.784 1.123 -7.283 16.855 -7.229 -0.226 9.639
0.000 0.000 25.820 -5.335 -6.536 -3.339 1.686 -1.799 5.493 2.147 -2.672 -2.788 1.870 -12.821 30.965 -13.014 -1.010 17.793
1.000 1.000 22.585 -5.299 -8.661 -2.933 1.730 -0.756 5.085 4.180 1.177 -4.493 4.409 -11.934 28.136 -11.486 -0.793 14.312
1.000 0.000 17.833 -4.118 -7.967 -2.371 1.371 -0.621 3.550 4.458 2.470 -4.343 4.394 -9.370 22.486 -8.768 -0.909 10.487
1.000 0.000 16.537 -3.375 -4.418 -2.010 1.079 -0.949 3.631 1.657 -1.209 -2.128 1.425 -8.373 19.880 -8.488 -0.754 11.073
1.000 1.000 26.786 -5.633 -6.979 -3.447 1.812 -1.808 5.673 2.418 -2.431 -3.142 2.155 -13.350 32.165 -13.520 -1.056 18.416
1.000 1.000 5.982 -2.910 -3.881 0.469 2.145 0.387 1.694 1.811 3.137 -3.631 1.837 -6.656 9.061 -2.883 1.508 4.311
1.000 0.000 21.058 -4.235 -4.752 -2.421 1.435 -0.919 4.984 1.367 -2.547 -2.171 1.234 -10.636 24.945 -11.019 -0.796 14.401
0.000 1.000 1.808 -0.376 -2.682 -0.195 0.099 0.005 -0.040 2.209 2.760 -1.897 1.836 -1.291 3.103 -0.760 -0.445 -0.096
0.000 1.000 4.569 -0.696 -2.971 -0.454 0.242 0.113 0.736 2.244 2.102 -1.867 1.715 -2.530 6.120 -2.120 -0.373 1.959
1.000 1.000 19.030 -3.673 -4.079 -2.352 1.149 -1.268 4.303 0.965 -2.760 -1.709 0.671 -9.535 22.631 -9.808 -0.818 13.177
0.000 1.000 1.135 0.168 -3.611 -0.443 -0.294 -0.500 -1.093 3.230 4.082 -2.204 2.467 -0.545 2.560 0.065 -1.058 -1.519
0.000 1.000 7.998 -1.407 -4.163 -1.023 0.351 -0.518 1.025 2.746 1.966 -2.382 2.176 -4.108 10.358 -3.610 -0.675 4.261
0.000 0.000 21.790 -4.223 -4.685 -2.776 1.309 -1.509 4.839 1.094 -3.322 -1.923 0.723 -10.863 25.923 -11.122 -0.866 15.258
0.000 1.000 1.827 -0.837 -1.462 0.351 0.886 0.230 0.576 0.886 1.266 -1.253 0.592 -2.145 3.210 -1.148 0.525 1.291
1.000 1.000 19.503 -3.966 -5.603 -2.538 1.169 -1.509 3.826 2.174 -1.137 -2.615 1.846 -9.750 23.657 -9.688 -0.977 13.096
1.000 0.000 24.585 -5.229 -6.871 -3.237 1.608 -1.744 5.143 2.421 -1.905 -3.071 2.262 -12.349 29.733 -12.238 -0.914 16.856
0.000 0.000 5.184 -2.839 -1.344 0.410 2.173 1.441 3.232 0.287 -0.127 -1.805 0.625 -4.921 6.984 -3.687 1.800 4.752
0.000 0.000 4.541 -0.904 -2.238 -0.300 0.222 -0.230 1.126 0.817 0.741 -1.444 1.002 -3.150 6.274 -2.445 -0.187 2.803
0.000 0.000 9.038 -1.384 -2.565 -0.926 0.353 -0.413 1.921 1.006 -0.481 -1.324 0.603 -4.695 10.961 -4.491 -0.441 5.937
0.000 0.000 6.730 -1.480 -4.853 -1.001 0.324 -0.350 0.839 3.365 3.371 -3.013 3.141 -3.754 9.342 -3.231 -0.878 2.772
0.000 0.000 9.984 -2.065 -6.382 -1.210 0.646 -0.136 1.136 4.677 4.143 -3.754 4.054 -5.101 13.030 -4.459 -1.014 4.441
0.000 1.000 5.589 -1.350 -4.404 0.050 0.997 -0.579 0.135 2.111 3.902 -3.187 1.819 -6.016 8.559 -1.720 0.284 2.803
0.000 0.000 12.555 -2.498 -2.209 -1.080 0.986 0.184 3.542 0.475 -2.136 -0.921 0.329 -6.545 14.677 -6.907 -0.111 8.846
0.000 1.000 9.675 -1.953 -7.030 -1.316 0.592 -0.219 0.852 5.326 5.053 -4.204 4.583 -4.978 12.933 -4.148 -1.169 3.788
1.000 0.000 13.042 -2.685 -5.440 -1.813 0.758 -0.854 2.250 3.038 1.251 -2.787 2.625 -6.620 16.435 -6.299 -0.838 7.824
1.000 1.000 5.024 -2.854 -1.445 0.415 2.131 1.392 3.042 0.360 -0.151 -1.812 0.625 -4.825 6.787 -3.501 1.772 4.656
0.000 1.000 2.633 -0.534 -0.967 -0.038 0.337 0.308 0.781 0.634 0.271 -0.522 0.411 -1.541 3.403 -1.591 -0.056 1.483
1.000 0.000 10.108 -1.668 -4.237 -1.362 0.306 -0.879 1.474 2.313 0.932 -2.243 1.792 -5.152 12.778 -4.686 -0.827 5.981
1.000 1.000 14.367 -2.542 -3.694 -1.792 0.678 -1.060 2.925 1.255 -1.441 -1.761 0.808 -7.193 17.308 -7.204 -0.750 9.733
0.000 1.000 2.737 -0.717 -3.576 0.195 0.816 -0.665 -0.667 2.168 4.143 -2.595 1.579 -3.725 5.469 -0.757 0.176 0.721
1.000 1.000 18.179 -3.007 -4.287 -2.125 0.855 -1.029 3.952 1.272 -2.197 -2.139 0.766 -9.089 21.613 -9.197 -0.890 12.347
0.000 1.000 4.831 -1.670 -2.089 0.812 1.739 0.962 2.310 0.604 0.702 -1.694 1.110 -4.624 7.137 -3.397 0.938 3.967
0.000 1.000 -0.941 0.548 -3.188 -0.154 -0.182 -0.416 -1.777 3.849 4.972 -2.157 2.713 0.913 -0.043 1.091 -1.086 -3.344
1.000 0.000 24.590 -4.754 -6.424 -3.275 1.365 -2.044 4.870 2.161 -2.445 -2.730 1.773 -12.212 29.625 -12.088 -1.144 16.736
1.000 1.000 33.310 -6.768 -7.743 -4.293 2.184 -2.269 7.304 2.098 -4.319 -3.168 1.871 -16.525 39.699 -16.912 -1.276 23.170
0.000 1.000 8.847 -1.582 -3.939 -1.216 0.324 -0.905 1.120 2.380 1.143 -1.986 1.835 -4.502 11.213 -3.971 -0.760 5.112
1.000 1.000 18.330 -3.803 -5.810 -2.433 1.140 -1.245 3.659 2.531 -0.522 -2.747 2.217 -9.196 22.452 -9.108 -0.853 12.089
0.000 1.000 1.789 -0.534 -2.495 0.236 0.532 -0.470 -0.474 1.656 2.950 -1.886 1.142 -2.544 3.683 -0.476 0.162 0.505
0.000 0.000 7.524 -1.320 -3.893 -0.837 0.392 -0.229 1.097 2.674 1.971 -2.246 2.111 -3.880 9.637 -3.455 -0.570 3.917
1.000 0.000 13.984 -2.576 -2.991 -1.725 0.807 -0.958 3.144 0.668 -2.128 -1.288 0.346 -7.008 16.723 -7.213 -0.618 9.711
1.000 0.000 14.846 -2.438 -3.739 -1.721 0.686 -0.860 3.132 1.265 -1.522 -1.834 0.755 -7.432 17.733 -7.416 -0.741 9.970
0.000 0.000 10.143 -2.191 -7.300 -1.367 0.650 -0.231 0.978 5.429 5.136 -4.339 4.808 -5.243 13.524 -4.412 -1.187 4.085
0.000 1.000 5.983 -1.118 -4.187 -0.685 0.349 -0.080 0.624 3.191 3.014 -2.535 2.631 -3.111 8.002 -2.648 -0.671 2.403
1.000 0.000 10.783 -2.067 -3.019 -1.331 0.584 -0.666 2.434 1.023 -0.833 -1.470 0.801 -5.651 13.288 -5.506 -0.352 7.383
0.000 0.000 9.088 -2.128 -4.591 -1.210 0.654 -0.429 1.908 2.527 1.819 -2.596 2.583 -5.238 12.003 -4.495 -0.432 5.215
1.000 1.000 19.898 -3.961 -5.421 -2.308 1.265 -0.857 4.295 2.252 -1.299 -2.510 1.889 -10.042 23.753 -10.004 -0.814 13.185
0.000 1.000 1.938 0.349 -3.475 0.049 0.151 -0.972 -1.350 2.085 4.158 -2.055 1.407 -2.791 4.615 -0.266 -0.523 -0.375
1.000 0.000 18.686 -3.763 -4.920 -2.363 1.196 -1.308 3.871 1.762 -1.589 -2.210 1.432 -9.292 22.464 -9.415 -0.879 12.645
1.000 1.000 21.840 -4.119 -4.883 -2.834 1.219 -1.594 4.774 1.189 -3.187 -2.068 0.829 -10.896 26.086 -11.084 -0.929 15.222
1.000 1.000 25.748 -5.080 -5.984 -3.299 1.617 -1.843 5.519 1.684 -3.299 -2.454 1.351 -12.735 30.702 -13.038 -1.102 17.798
1.000 0.000 25.149 -5.246 -6.723 -3.258 1.634 -1.782 5.207 2.414 -2.110 -3.016 2.114 -12.547 30.263 -12.589 -1.022 17.214
0.000 1.000 3.538 -1.207 -1.391 0.383 1.184 0.891 1.338 0.059 0.128 -1.052 0.177 -3.598 5.138 -2.161 0.631 2.658
1.000 1.000 17.088 -3.458 -5.477 -2.190 0.950 -1.383 3.195 2.153 -0.343 -2.770 1.985 -8.787 21.021 -8.406 -0.926 11.305
0.000 1.000 2.069 -0.763 -2.532 0.273 0.686 -0.375 -0.257 1.648 2.901 -1.988 1.183 -2.803 3.996 -0.661 0.310 0.829
0.000 1.000 1.380 -0.226 -2.359 0.119 0.146 -0.495 -0.362 1.599 2.546 -1.893 1.255 -1.946 3.095 -0.419 -0.112 0.223
1.000 1.000 8.598 -1.743 -3.812 -1.096 0.449 -0.484 1.670 1.961 0.992 -2.102 1.806 -4.698 11.064 -4.212 -0.475 5.138
1.000 1.000 4.289 -2.487 -1.087 0.320 2.121 1.481 2.815 0.205 -0.717 -1.433 0.330 -4.023 6.028 -3.362 1.621 4.231
0.000 1.000 4.419 -0.789 -2.038 -0.442 0.227 -0.170 0.802 1.241 0.713 -1.120 0.910 -2.436 5.798 -2.183 -0.258 2.541
1.000 1.000 10.354 -2.063 -3.739 -1.308 0.547 -0.670 2.064 1.707 0.163 -1.876 1.488 -5.460 12.948 -5.124 -0.523 6.606
1.000 1.000 13.186 -2.789 -3.774 -1.584 0.926 -0.611 3.108 1.378 -0.920 -1.716 1.235 -6.882 16.163 -6.772 -0.293 9.065
1.000 0.000 3.182 -1.278 -1.638 0.661 1.388 0.704 1.627 0.775 0.831 -1.475 0.861 -3.184 4.982 -2.347 0.846 2.692
0.000 0.000 2.250 0.286 -3.379 0.193 0.255 -0.787 -0.981 1.877 3.824 -2.037 1.405 -3.034 4.971 -0.665 -0.478 0.028
1.000 1.000 29.966 -6.154 -6.970 -3.812 1.997 -1.981 6.591 1.959 -3.813 -2.899 1.740 -14.907 35.716 -15.250 -1.089 20.866
1.000 1.000 9.370 -1.428 -3.757 -1.165 0.242 -0.707 1.464 2.016 0.693 -2.002 1.478 -4.827 11.750 -4.361 -0.723 5.612
1.000 1.000 14.324 -2.642 -3.548 -1.798 0.784 -1.113 2.874 1.265 -1.472 -1.587 0.785 -7.098 17.203 -7.169 -0.742 9.667
0.000 1.000 14.784 -3.086 -7.025 -2.078 0.890 -0.840 2.379 4.258 2.557 -3.796 3.784 -7.537 18.825 -7.004 -1.073 8.340
0.000 1.000 3.800 -1.240 -7.437 -0.691 0.442 0.076 -0.647 6.635 8.365 -4.793 6.179 -2.387 6.460 -1.069 -1.313 -1.541
1.000 0.000 16.283 -3.280 -4.867 -2.137 0.929 -1.266 3.153 1.996 -0.726 -2.350 1.659 -8.137 19.884 -8.122 -0.861 10.854
0.000 1.000 2.950 -0.605 -5.876 -0.737 -0.090 -0.424 -0.791 5.043 6.350 -3.879 4.591 -1.837 5.492 -0.896 -1.324 -1.164
1.000 0.000 9.175 -1.477 -3.496 -1.202 0.283 -0.833 1.402 1.803 0.448 -1.794 1.329 -4.628 11.483 -4.299 -0.751 5.536
1.000 0.000 16.393 -2.999 -3.997 -2.136 0.861 -1.311 3.373 1.224 -1.960 -1.763 0.812 -8.160 19.726 -8.219 -0.816 11.219
1.000 0.000 19.431 -3.632 -5.638 -2.668 0.867 -1.833 3.500 2.055 -1.239 -2.810 1.647 -9.601 23.832 -9.648 -1.187 13.133
0.000 1.000 2.584 -1.077 -2.677 0.301 1.024 -0.169 0.097 1.647 2.927 -2.167 1.215 -3.310 4.747 -1.073 0.548 1.289
0.000 0.000 -0.967 0.441 -1.934 -0.062 -0.114 -0.335 -1.291 2.546 3.241 -1.347 1.560 0.848 -0.352 0.832 -0.656 -2.324
1.000 0.000 34.573 -7.272 -9.104 -4.539 2.260 -2.417 7.293 3.080 -3.243 -3.970 2.845 -17.217 41.497 -17.278 -1.291 23.829
1.000 0.000 11.056 -2.115 -2.711 -1.252 0.677 -0.618 2.497 0.911 -1.073 -1.206 0.670 -5.590 13.281 -5.783 -0.559 7.331
1.000 1.000 9.115 -1.347 -2.367 -0.818 0.445 -0.291 1.991 0.961 -0.556 -1.164 0.465 -4.770 10.949 -4.522 -0.308 6.044
0.000 1.000 5.203 -1.277 -4.178 -0.689 0.402 -0.102 0.759 2.759 2.967 -2.658 2.588 -3.177 7.300 -2.308 -0.496 2.005
1.000 0.000 10.820 -2.461 -3.307 -1.142 1.077 -0.266 2.567 1.279 -0.372 -1.497 1.258 -5.644 13.221 -5.564 -0.235 7.159
0.000 1.000 5.947 -1.845 -2.485 -0.348 0.782 0.270 2.198 0.843 0.793 -1.952 1.165 -4.494 7.899 -3.355 0.405 4.205
0.000 1.000 2.051 -0.312 -2.957 -0.267 -0.003 -0.041 -0.119 2.541 3.147 -2.076 2.122 -1.327 3.502 -0.907 -0.612 -0.154
1.000 1.000 9.608 -1.854 -2.595 -1.175 0.555 -0.546 2.243 0.858 -0.844 -1.267 0.622 -5.058 11.819 -4.960 -0.306 6.610
1.000 0.000 2.629 -1.521 -1.118 0.306 1.143 0.882 1.690 0.417 0.228 -1.155 0.575 -2.645 3.890 -2.016 0.893 2.241
0.000 1.000 1.983 -0.453 -1.737 0.625 0.851 0.374 0.371 0.752 1.216 -1.085 0.653 -2.380 3.691 -1.276 0.258 1.249
0.000 0.000 2.920 -1.496 -1.557 0.412 1.449 0.636 1.308 0.748 0.850 -1.350 0.635 -3.124 4.615 -1.992 0.931 2.366
0.000 1.000 9.734 -2.156 -3.834 -1.296 0.581 -0.499 2.238 1.726 0.568 -2.148 1.731 -5.415 12.539 -5.063 -0.379 6.267
0.000 1.000 11.641 -2.288 -4.735 -1.687 0.568 -0.987 1.865 2.591 0.989 -2.472 2.159 -5.919 14.752 -5.641 -0.912 7.009
0.000 1.000 2.404 -1.385 -3.882 -0.350 0.592 0.233 0.305 3.131 4.040 -2.875 3.021 -2.143 4.132 -0.986 -0.154 -0.096
1.000 1.000 8.579 -1.883 -3.892 -1.086 0.534 -0.408 1.981 1.916 1.154 -2.273 1.965 -5.030 11.311 -4.392 -0.316 5.262
0.000 1.000 3.694 -0.693 -3.829 -0.735 -0.090 -0.589 0.064 2.684 3.212 -2.474 2.488 -2.271 5.879 -1.693 -0.902 0.900
1.000 0.000 12.292 -2.646 -5.572 -1.755 0.624 -0.847 2.328 2.877 1.641 -3.123 2.856 -6.539 15.902 -6.177 -0.865 7.280
0.000 1.000 7.066 -2.331 -4.118 -0.828 0.841 0.224 2.307 1.985 2.089 -2.846 2.513 -4.967 9.730 -3.863 0.101 4.135
0.000 1.000 2.927 -1.271 -1.978 0.471 1.391 0.482 1.000 0.945 1.562 -1.647 0.781 -3.332 4.882 -1.831 0.792 2.070
1.000 0.000 30.939 -6.071 -6.255 -3.900 2.027 -2.024 7.008 1.242 -5.084 -2.406 0.885 -15.299 36.530 -15.867 -1.215 21.666
1.000 0.000 22.684 -4.888 -6.893 -2.983 1.449 -1.584 4.623 2.754 -0.972 -3.304 2.595 -11.513 27.651 -11.307 -0.959 15.295
0.000 1.000 5.127 -0.802 -2.639 -0.645 0.133 -0.467 0.504 1.830 1.259 -1.487 1.311 -2.589 6.723 -2.365 -0.574 2.650
1.000 1.000 12.113 -2.393 -3.922 -1.579 0.650 -0.932 2.254 1.820 -0.124 -1.969 1.448 -6.041 14.915 -6.018 -0.710 7.875
1.000 0.000 11.844 -1.994 -4.641 -1.618 0.376 -1.073 1.795 2.397 0.656 -2.389 1.864 -5.980 14.834 -5.513 -0.918 7.199
0.000 0.000 5.163 -0.968 -1.834 -0.412 0.345 0.027 1.146 1.114 0.411 -0.992 0.835 -2.758 6.353 -2.704 -0.319 2.942
1.000 1.000 12.994 -2.191 -3.107 -1.534 0.648 -0.829 2.765 0.954 -1.532 -1.504 0.510 -6.490 15.544 -6.566 -0.657 8.804
1.000 0.000 29.383 -5.955 -7.086 -3.758 1.902 -2.041 6.324 1.955 -3.633 -2.950 1.717 -14.699 35.061 -14.716 -1.070 20.447
1.000 0.000 21.846 -4.436 -4.945 -2.643 1.552 -1.359 4.834 1.308 -2.879 -2.025 1.083 -10.794 25.999 -11.201 -0.797 15.217
1.000 0.000 23.390 -5.343 -7.594 -2.976 1.780 -0.985 5.328 3.197 -0.471 -3.703 3.332 -12.076 28.640 -11.927 -0.704 15.528
0.000 0.000 4.184 -0.916 -2.757 -0.451 0.288 0.062 0.726 2.027 1.973 -1.748 1.768 -2.388 5.716 -2.182 -0.439 1.753
0.000 0.000 5.521 -0.694 -3.668 -0.754 0.065 -0.362 0.450 2.619 2.385 -2.218 1.972 -2.909 7.465 -2.347 -0.702 2.357
1.000 1.000 7.271 -1.321 -2.825 -0.922 0.316 -0.461 1.410 1.441 0.433 -1.526 1.119 -3.898 9.313 -3.644 -0.403 4.517
0.000 1.000 6.591 -1.196 -4.330 -0.822 0.361 -0.282 0.721 3.114 2.822 -2.587 2.554 -3.451 8.769 -2.837 -0.651 2.937
1.000 0.000 12.878 -2.250 -3.448 -1.223 0.759 -0.181 3.041 1.517 -0.762 -1.733 1.078 -6.720 15.297 -6.493 -0.375 8.474
1.000 0.000 16.082 -3.261 -5.191 -2.169 0.888 -1.292 3.040 2.217 -0.366 -2.527 1.910 -8.121 19.831 -7.952 -0.875 10.603
0.000 0.000 11.014 -1.984 -2.224 -0.883 0.760 0.126 2.999 0.663 -1.450 -1.078 0.407 -5.833 12.933 -5.932 -0.176 7.564
0.000 0.000 3.013 -0.855 -2.044 -0.112 0.477 0.090 0.787 0.940 1.161 -1.605 0.859 -2.613 4.553 -1.561 0.111 1.708
1.000 0.000 25.522 -5.120 -7.703 -3.293 1.503 -1.778 4.873 3.390 -0.946 -3.659 2.892 -12.649 30.832 -12.422 -1.211 16.871
0.000 1.000 9.088 -1.744 -4.332 -0.981 0.566 -0.016 1.637 2.903 1.948 -2.475 2.378 -4.759 11.447 -4.341 -0.518 4.962
1.000 0.000 13.988 -2.981 -4.494 -1.875 0.857 -0.946 2.920 1.936 -0.266 -2.255 1.775 -7.152 17.306 -7.176 -0.713 9.191
1.000 0.000 21.514 -4.499 -5.943 -2.809 1.339 -1.565 4.499 2.053 -1.671 -2.734 1.901 -10.860 26.082 -10.808 -0.870 14.722
1.000 0.000 35.864 -7.721 -8.503 -4.510 2.724 -2.058 8.156 2.326 -4.439 -3.587 2.317 -17.816 42.756 -18.376 -1.043 25.201
0.000 0.000 1.748 0.127 -2.773 0.057 0.170 -0.751 -0.905 1.685 3.343 -1.759 1.132 -2.441 3.932 -0.376 -0.333 -0.094
0.000 0.000 5.181 -1.289 -3.657 -0.752 0.437 -0.162 0.766 2.536 2.451 -2.141 2.297 -2.863 7.151 -2.481 -0.537 2.207
1.000 0.000 7.117 -4.175 -2.338 0.576 2.970 1.668 4.066 0.928 0.246 -2.664 1.468 -6.764 9.684 -4.794 2.504 6.614
0.000 0.000 2.010 -0.158 -3.893 -0.334 -0.066 -0.231 -0.807 3.588 4.332 -2.458 2.805 -1.007 3.400 -0.413 -1.022 -1.020
1.000 0.000 15.688 -3.234 -4.704 -2.065 0.903 -1.133 3.242 1.767 -0.800 -2.317 1.581 -8.030 19.332 -7.964 -0.712 10.633
1.000 1.000 3.008 -0.193 -1.696 0.487 0.681 0.275 0.356 0.313 0.555 -0.949 0.217 -2.834 4.839 -1.869 -0.175 1.933
0.000 1.000 9.545 -1.581 -3.162 -1.113 0.426 -0.518 1.894 1.444 -0.054 -1.634 1.027 -4.923 11.810 -4.699 -0.490 6.086
0.000 0.000 2.636 -0.739 -2.399 0.466 1.069 0.135 0.325 1.132 2.212 -1.670 0.933 -3.196 4.838 -1.443 0.360 1.381
0.000 1.000 3.547 -1.913 -1.438 0.425 1.719 0.917 1.922 0.620 0.328 -1.355 0.626 -3.522 5.253 -2.559 1.201 3.140
1.000 1.000 15.732 -3.058 -4.488 -2.000 0.906 -1.261 2.959 1.887 -0.869 -2.075 1.442 -7.812 19.039 -7.722 -0.826 10.441
1.000 1.000 16.600 -3.164 -4.123 -2.144 0.897 -1.267 3.537 1.220 -1.913 -1.775 0.942 -8.375 20.017 -8.322 -0.714 11.402
1.000 1.000 26.042 -5.007 -5.336 -3.236 1.650 -1.724 5.819 1.168 -4.077 -2.171 0.747 -12.901 30.762 -13.357 -1.125 18.102
0.000 1.000 4.643 -2.091 -1.777 0.728 2.079 1.240 2.672 0.674 0.345 -1.684 0.977 -4.416 6.872 -3.524 1.384 4.124
0.000 1.000 10.131 -1.735 -3.423 -1.213 0.472 -0.530 2.050 1.526 -0.015 -1.758 1.162 -5.258 12.600 -5.017 -0.500 6.470
1.000 1.000 13.016 -2.913 -4.454 -1.575 0.945 -0.550 3.088 1.618 -0.075 -2.337 1.843 -7.062 16.359 -6.813 -0.393 8.678
0.000 1.000 4.151 -1.719 -1.493 0.523 1.485 0.895 2.185 0.299 0.234 -1.356 0.675 -3.958 5.860 -2.875 0.977 3.474
1.000 0.000 16.539 -3.318 -4.045 -1.950 1.090 -0.871 3.731 1.334 -1.663 -1.876 1.115 -8.319 19.771 -8.587 -0.715 11.208
0.000 0.000 2.602 -1.152 -1.412 0.221 0.877 0.515 1.465 0.515 0.677 -1.276 0.785 -2.573 4.173 -2.048 0.526 2.017
0.000 1.000 2.634 -0.797 -1.326 0.437 0.858 0.650 0.837 0.273 0.461 -0.977 0.274 -2.885 4.083 -1.618 0.397 1.871
1.000 1.000 4.648 -1.172 -3.390 -0.441 0.390 -0.189 0.948 1.843 2.154 -2.110 2.019 -3.122 6.720 -2.381 -0.385 2.215
1.000 0.000 29.566 -6.171 -7.886 -3.845 1.939 -2.087 6.154 2.770 -2.519 -3.493 2.525 -14.753 35.516 -14.742 -1.205 20.182
1.000 0.000 24.995 -5.143 -6.373 -3.183 1.667 -1.786 5.258 1.916 -2.688 -2.677 1.730 -12.562 29.956 -12.380 -0.895 17.288
1.000 1.000 29.870 -6.189 -8.066 -3.948 1.877 -2.210 6.146 2.823 -2.604 -3.510 2.547 -14.893 35.941 -14.791 -1.193 20.441
1.000 0.000 21.899 -4.434 -6.767 -2.907 1.223 -1.725 4.081 2.845 -0.783 -3.285 2.451 -10.896 26.726 -10.738 -1.113 14.625
0.000 1.000 4.538 -1.620 -1.848 0.811 1.683 1.138 2.367 0.510 0.387 -1.404 1.021 -4.254 6.748 -3.407 0.962 3.833
0.000 1.000 11.916 -2.132 -2.859 -1.472 0.591 -0.827 2.615 0.788 -1.477 -1.342 0.486 -6.011 14.375 -6.115 -0.590 8.144
1.000 0.000 14.693 -2.874 -4.577 -2.005 0.726 -1.283 2.713 1.861 -0.546 -2.268 1.520 -7.367 18.154 -7.322 -0.863 9.785
0.000 1.000 5.435 -1.103 -4.084 -0.650 0.301 -0.063 0.540 3.048 3.005 -2.511 2.629 -2.909 7.449 -2.462 -0.686 2.063
0.000 0.000 9.605 -2.232 -4.136 -1.337 0.645 -0.482 1.991 2.161 1.006 -2.233 2.064 -5.138 12.350 -4.885 -0.493 5.870
0.000 0.000 4.855 -2.727 -1.462 0.406 1.939 1.218 2.850 0.400 0.155 -1.886 0.688 -4.736 6.537 -3.257 1.665 4.411
0.000 1.000 2.659 -0.372 -3.156 -0.568 -0.053 -0.384 -0.265 2.601 2.945 -2.053 2.105 -1.488 4.342 -1.145 -0.848 0.227
1.000 0.000 7.060 -1.200 -3.374 -0.936 0.204 -0.573 0.942 2.067 1.207 -1.809 1.575 -3.612 9.058 -3.286 -0.673 3.892
1.000 1.000 12.369 -2.662 -5.051 -1.710 0.660 -0.820 2.508 2.381 0.899 -2.752 2.356 -6.610 15.826 -6.242 -0.676 7.757
0.000 1.000 8.241 -1.642 -3.426 -1.022 0.400 -0.440 1.709 1.633 0.658 -1.878 1.527 -4.507 10.586 -4.155 -0.431 5.032
0.000 1.000 2.205 0.070 -1.664 -0.259 -0.235 -0.583 -0.156 0.895 1.221 -1.073 0.577 -1.532 3.636 -1.053 -0.540 0.818
1.000 1.000 15.734 -2.997 -3.996 -1.834 0.956 -0.839 3.363 1.543 -1.364 -1.820 1.134 -7.863 18.738 -7.953 -0.729 10.477
1.000 0.000 13.728 -2.310 -3.479 -1.675 0.647 -0.946 2.825 1.159 -1.439 -1.666 0.685 -6.831 16.490 -6.853 -0.721 9.239
0.000 1.000 4.858 -1.396 -2.063 -0.055 0.684 0.139 1.602 0.791 0.950 -1.727 0.876 -3.905 6.399 -2.536 0.362 3.467
0.000 0.000 5.024 -0.675 -3.573 -0.798 -0.051 -0.512 0.245 2.506 2.269 -2.145 1.959 -2.563 6.890 -2.113 -0.823 2.026
0.000 0.000 14.500 -2.955 -4.560 -1.399 1.037 0.215 3.546 2.320 -0.020 -2.329 2.006 -7.614 17.523 -7.419 -0.195 9.479
1.000 0.000 17.524 -3.495 -4.014 -1.981 1.177 -0.748 4.126 1.222 -2.015 -1.842 1.050 -8.867 20.784 -9.165 -0.686 11.912
0.000 0.000 3.712 -1.157 -1.254 0.697 1.402 1.156 1.893 -0.102 -0.340 -0.903 0.302 -3.587 5.405 -2.761 0.671 3.129
1.000 1.000 8.060 -1.416 -2.074 -0.948 0.356 -0.492 1.842 0.621 -0.821 -1.050 0.356 -4.196 9.886 -4.189 -0.345 5.523
0.000 1.000 1.624 -0.794 -1.046 0.332 0.696 0.413 0.827 0.587 0.584 -1.025 0.417 -1.829 2.686 -1.160 0.520 1.302
0.000 1.000 3.145 -1.534 -1.453 0.298 1.130 0.574 1.640 0.628 0.810 -1.715 0.689 -3.175 4.662 -2.116 0.893 2.672
1.000 1.000 7.921 -1.745 -5.923 -1.254 0.373 -0.499 0.828 4.175 4.141 -3.569 3.903 -4.315 10.990 -3.665 -1.106 3.127
0.000 1.000 2.751 -0.542 -0.745 -0.062 0.322 0.294 0.896 0.406 -0.052 -0.384 0.195 -1.597 3.501 -1.724 -0.023 1.727
1.000 1.000 10.581 -1.913 -3.604 -1.322 0.512 -0.801 1.863 1.804 0.087 -1.788 1.373 -5.274 13.126 -5.170 -0.651 6.688
1.000 0.000 24.306 -5.155 -6.726 -3.204 1.614 -1.596 5.235 2.401 -1.973 -2.942 2.235 -12.171 29.396 -12.237 -0.909 16.574
0.000 1.000 6.636 -1.490 -4.745 -0.954 0.361 -0.286 0.872 3.320 3.312 -2.932 3.094 -3.707 9.166 -3.192 -0.823 2.750
1.000 0.000 10.014 -2.109 -4.199 -1.249 0.697 -0.409 2.055 2.104 0.866 -2.243 1.957 -5.383 12.745 -4.946 -0.433 6.109
0.000 0.000 8.118 -1.627 -3.163 -1.100 0.406 -0.525 1.600 1.588 0.432 -1.686 1.313 -4.312 10.332 -4.042 -0.443 5.083
1.000 0.000 6.579 -1.538 -2.940 -0.440 0.722 -0.066 1.658 1.106 0.870 -1.692 1.434 -4.132 8.655 -3.442 -0.131 4.009
1.000 0.000 24.259 -4.702 -6.282 -3.227 1.358 -2.010 4.807 2.125 -2.459 -2.674 1.709 -12.048 29.194 -11.944 -1.126 16.546
0.000 1.000 6.887 -1.220 -2.709 -0.744 0.333 -0.308 1.284 1.517 0.551 -1.453 1.135 -3.618 8.744 -3.384 -0.340 4.243
1.000 1.000 8.394 -1.893 -3.901 -1.017 0.671 -0.282 1.732 2.148 1.229 -2.061 2.050 -4.619 10.839 -4.155 -0.369 4.913
1.000 1.000 22.019 -4.723 -6.533 -2.939 1.360 -1.556 4.598 2.475 -1.213 -3.086 2.368 -11.199 26.871 -11.053 -0.905 14.923
1.000 0.000 7.495 -1.669 -4.455 -1.124 0.444 -0.488 1.015 2.908 2.349 -2.485 2.564 -3.989 9.985 -3.453 -0.700 3.761
1.000 1.000 14.781 -2.816 -3.133 -1.820 0.898 -1.009 3.335 0.735 -2.199 -1.309 0.423 -7.403 17.631 -7.634 -0.643 10.249
0.000 1.000 5.866 -3.351 -1.448 0.254 2.259 1.606 3.670 0.133 -0.287 -2.139 0.607 -5.566 7.759 -4.053 2.056 5.397
1.000 1.000 15.608 -3.094 -4.769 -2.002 0.952 -1.088 3.045 2.130 -0.516 -2.252 1.736 -7.723 19.050 -7.784 -0.813 10.210
0.000 1.000 25.567 -4.985 -5.798 -3.231 1.612 -1.799 5.484 1.598 -3.376 -2.386 1.226 -12.612 30.403 -12.978 -1.141 17.641
1.000 0.000 11.548 -2.260 -3.691 -1.369 0.740 -0.497 2.584 1.574 -0.290 -1.828 1.294 -6.079 14.322 -5.841 -0.333 7.690
1.000 0.000 15.687 -2.955 -3.964 -1.974 0.838 -1.206 3.186 1.228 -1.619 -1.806 0.878 -7.785 18.969 -7.967 -0.782 10.737
1.000 0.000 27.418 -5.772 -7.533 -3.583 1.778 -1.986 5.605 2.780 -2.065 -3.398 2.507 -13.706 33.043 -13.634 -1.124 18.703
1.000 0.000 12.358 -2.282 -2.621 -1.492 0.708 -0.817 2.815 0.614 -1.843 -1.145 0.297 -6.205 14.795 -6.438 -0.559 8.559
1.000 0.000 15.387 -2.936 -4.217 -1.905 0.910 -1.084 3.060 1.723 -1.027 -1.909 1.282 -7.633 18.480 -7.642 -0.831 10.141
1.000 0.000 14.019 -2.693 -3.725 -1.809 0.759 -1.068 2.938 1.259 -1.328 -1.612 0.969 -7.117 17.028 -7.000 -0.604 9.531
0.000 0.000 -1.195 0.671 -2.869 -0.207 -0.294 -0.579 -1.924 3.375 4.523 -1.769 2.303 1.044 -0.335 1.243 -1.127 -3.406
1.000 1.000 14.281 -3.072 -6.531 -1.776 0.965 -0.438 2.511 4.007 2.369 -3.590 3.614 -7.311 17.987 -6.912 -0.881 8.171
1.000 0.000 12.989 -3.144 -3.739 -1.366 1.347 -0.023 3.621 1.170 -0.842 -1.762 1.434 -7.086 15.947 -6.960 0.056 9.027
1.000 1.000 18.513 -3.689 -4.879 -2.403 1.119 -1.372 3.856 1.659 -1.738 -2.116 1.344 -9.222 22.338 -9.291 -0.822 12.605
1.000 1.000 10.387 -1.628 -3.736 -1.390 0.324 -1.043 1.523 1.933 0.262 -1.957 1.314 -5.208 12.898 -4.845 -0.861 6.412
0.000 1.000 3.200 -0.411 -3.230 -0.417 0.020 -0.224 -0.223 2.750 2.922 -2.022 2.113 -1.614 4.648 -1.229 -0.779 0.530
1.000 1.000 7.487 -1.772 -4.411 -1.077 0.410 -0.405 1.567 2.436 2.280 -2.732 2.588 -4.476 10.287 -3.848 -0.568 3.982
1.000 1.000 32.109 -6.327 -7.157 -4.163 1.976 -2.280 6.993 1.791 -4.611 -2.888 1.412 -15.902 38.169 -16.266 -1.270 22.427
1.000 0.000 24.396 -4.735 -6.092 -3.214 1.408 -1.955 4.966 1.902 -2.763 -2.566 1.532 -12.141 29.287 -12.082 -1.071 16.758
0.000 0.000 12.253 -2.365 -2.268 -1.011 0.919 0.233 3.432 0.594 -1.918 -0.988 0.387 -6.428 14.333 -6.691 -0.105 8.592
1.000 0.000 22.506 -4.304 -5.144 -2.830 1.322 -1.632 4.787 1.372 -2.893 -2.266 1.038 -11.152 26.833 -11.504 -1.111 15.506
0.000 1.000 10.120 -1.708 -2.266 -1.268 0.422 -0.899 1.940 0.552 -1.357 -1.169 0.191 -5.013 12.437 -5.358 -0.679 7.033
0.000 1.000 13.484 -2.609 -4.027 -1.313 0.853 -0.083 3.090 1.985 -0.259 -1.966 1.637 -7.041 16.186 -6.792 -0.390 8.718
0.000 0.000 1.622 0.123 -2.519 0.216 0.259 -0.528 -0.671 1.524 2.945 -1.619 1.061 -2.289 3.728 -0.555 -0.253 0.042
0.000 1.000 3.625 -1.905 -1.345 0.393 1.520 0.897 2.067 0.489 0.479 -1.619 0.560 -3.618 5.134 -2.488 1.214 3.195
1.000 1.000 11.150 -2.409 -5.189 -1.615 0.621 -0.714 1.970 2.968 1.730 -2.852 2.753 -5.853 14.397 -5.550 -0.846 6.425
1.000 1.000 24.627 -5.309 -6.397 -3.113 1.789 -1.550 5.353 2.120 -2.332 -2.812 1.974 -12.349 29.554 -12.416 -0.806 17.047
0.000 1.000 4.234 -1.876 -1.721 0.773 2.164 1.290 2.277 0.608 0.230 -1.443 0.706 -4.196 6.377 -3.181 1.290 3.707
1.000 1.000 35.690 -7.303 -8.706 -4.622 2.310 -2.516 7.592 2.627 -4.077 -3.721 2.346 -17.689 42.641 -18.010 -1.431 24.732
1.000 1.000 26.651 -5.269 -6.224 -3.473 1.600 -1.916 5.793 1.667 -3.535 -2.555 1.373 -13.274 31.838 -13.472 -1.049 18.541
1.000 0.000 11.770 -1.988 -3.095 -1.256 0.601 -0.512 2.585 1.212 -0.917 -1.511 0.782 -6.024 14.075 -5.910 -0.523 7.767
1.000 0.000 0.624 0.025 -2.231 0.204 0.283 -0.650 -1.061 1.803 3.068 -1.491 1.017 -1.448 2.305 0.155 -0.073 -0.540
1.000 1.000 9.121 -1.379 -3.951 -1.220 0.194 -0.898 1.131 2.291 1.041 -2.087 1.681 -4.587 11.505 -4.103 -0.881 5.217
1.000 1.000 9.199 -1.581 -2.905 -1.104 0.314 -0.834 1.787 1.006 -0.311 -1.577 0.815 -4.975 11.603 -4.649 -0.516 6.110
0.000 1.000 -0.529 0.196 -2.945 -0.089 0.014 -0.173 -1.282 3.403 4.430 -1.961 2.530 0.585 0.287 0.721 -0.836 -2.718
0.000 0.000 8.899 -1.636 -1.957 -0.836 0.608 -0.226 2.296 0.456 -1.077 -0.935 0.314 -4.643 10.635 -4.781 -0.303 5.975
1.000 1.000 16.744 -3.521 -4.419 -2.091 1.173 -1.035 3.675 1.580 -1.428 -1.932 1.372 -8.349 20.198 -8.578 -0.669 11.378
0.000 1.000 5.163 -1.438 -4.420 -0.723 0.278 -0.298 1.042 2.688 3.299 -2.896 2.943 -3.562 7.677 -2.553 -0.487 2.160
1.000 1.000 18.806 -3.751 -4.869 -2.419 1.143 -1.372 3.947 1.613 -1.910 -2.078 1.328 -9.396 22.664 -9.415 -0.767 12.880
0.000 1.000 2.485 -0.470 -3.949 -0.629 -0.135 -0.433 -0.459 3.242 3.935 -2.574 2.824 -1.461 4.387 -0.974 -1.020 -0.315
1.000 1.000 12.708 -2.346 -4.496 -1.624 0.659 -0.956 2.141 2.413 0.395 -2.231 1.866 -6.259 15.672 -6.112 -0.822 7.887
1.000 0.000 18.438 -3.627 -4.715 -2.326 1.080 -1.323 3.818 1.551 -1.768 -2.186 1.245 -9.148 22.193 -9.389 -0.919 12.571
1.000 1.000 25.914 -5.092 -5.673 -3.295 1.613 -1.761 5.719 1.354 -3.840 -2.316 0.981 -12.874 30.805 -13.195 -0.985 18.155
0.000 1.000 5.612 -1.276 -4.202 -0.795 0.174 -0.464 0.963 2.429 2.791 -2.711 2.540 -3.573 8.109 -2.732 -0.611 2.578
1.000 0.000 12.900 -2.413 -3.292 -1.607 0.717 -0.996 2.583 1.199 -1.221 -1.463 0.761 -6.396 15.542 -6.470 -0.670 8.680
0.000 0.000 10.632 -1.850 -2.725 -1.137 0.639 -0.284 2.653 0.826 -1.003 -1.381 0.540 -5.630 12.975 -5.518 -0.212 7.334
0.000 0.000 3.603 -0.584 -1.969 -0.331 0.136 -0.022 0.644 1.379 1.107 -1.182 1.041 -1.972 4.766 -1.896 -0.391 1.644
1.000 1.000 23.835 -4.719 -5.951 -3.115 1.392 -1.855 4.908 1.831 -2.566 -2.643 1.506 -11.832 28.682 -12.037 -1.107 16.435
1.000 0.000 7.187 -1.772 -4.502 -0.748 0.698 0.145 1.478 2.994 2.885 -2.745 2.937 -4.102 9.526 -3.549 -0.433 3.394
0.000 1.000 6.291 -1.237 -3.591 -0.697 0.391 -0.116 0.804 2.633 2.124 -2.091 2.152 -3.238 8.208 -2.963 -0.594 3.024
1.000 1.000 26.319 -5.104 -5.781 -3.299 1.666 -1.803 5.697 1.523 -3.641 -2.394 1.117 -12.951 31.231 -13.435 -1.181 18.203
1.000 1.000 14.395 -2.354 -3.273 -1.645 0.688 -0.843 3.173 0.819 -1.928 -1.574 0.370 -7.248 17.176 -7.276 -0.618 9.955
1.000 1.000 20.637 -3.866 -4.633 -2.670 1.140 -1.511 4.498 1.132 -2.995 -1.975 0.763 -10.292 24.666 -10.476 -0.893 14.372
0.000 1.000 4.127 -1.956 -1.376 0.652 2.070 1.342 2.451 0.406 -0.161 -1.322 0.545 -3.986 6.043 -3.201 1.336 3.779
1.000 0.000 21.469 -4.422 -5.799 -2.728 1.417 -1.453 4.476 2.155 -1.659 -2.601 1.847 -10.704 25.812 -10.767 -0.940 14.511
1.000 1.000 5.164 -2.207 -1.459 0.791 2.445 1.788 3.192 0.179 -0.656 -1.290 0.603 -4.780 7.490 -4.186 1.509 4.731
0.000 1.000 6.851 -1.311 -1.591 -0.473 0.521 0.239 1.931 0.611 -0.592 -0.772 0.505 -3.706 8.181 -3.834 -0.182 4.424
0.000 0.000 7.293 -1.109 -2.576 -0.794 0.214 -0.411 1.364 1.275 0.250 -1.432 0.911 -3.788 9.031 -3.587 -0.550 4.402
1.000 0.000 7.302 -1.158 -3.031 -0.950 0.235 -0.749 0.925 1.797 0.757 -1.564 1.264 -3.687 9.221 -3.344 -0.701 4.196
0.000 0.000 1.737 0.096 -2.647 0.218 0.331 -0.502 -0.670 1.589 3.048 -1.716 1.097 -2.444 3.972 -0.619 -0.222 0.089
1.000 0.000 9.705 -1.885 -3.213 -1.259 0.466 -0.766 1.848 1.432 -0.015 -1.681 1.161 -4.973 12.064 -4.938 -0.674 6.207
0.000 0.000 1.168 -0.483 -3.387 -0.138 0.293 0.146 -0.420 3.218 4.207 -2.251 2.756 -0.873 2.292 -0.175 -0.550 -1.334
0.000 1.000 4.593 -1.238 -6.147 -0.641 0.405 0.095 -0.062 5.121 6.159 -3.925 4.768 -2.694 6.963 -1.702 -1.038 0.057
1.000 0.000 19.557 -4.563 -5.065 -2.253 1.814 -0.703 4.874 1.313 -2.054 -2.126 1.612 -10.142 23.512 -10.087 -0.248 13.706
0.000 0.000 7.507 -1.676 -3.269 -0.679 0.693 0.290 1.772 2.057 1.281 -1.888 1.793 -4.081 9.492 -3.869 -0.168 4.374
0.000 1.000 0.641 -0.330 -2.874 -0.060 0.266 0.148 -0.473 2.940 3.883 -2.026 2.404 -0.467 1.604 -0.044 -0.479 -1.517
0.000 1.000 6.230 -2.005 -5.892 -0.640 0.917 0.445 1.086 4.307 5.078 -3.708 4.388 -3.879 8.675 -2.768 -0.513 1.816
0.000 0.000 7.052 -1.181 -2.979 -0.860 0.231 -0.494 1.000 1.826 0.847 -1.654 1.336 -3.555 8.992 -3.397 -0.585 4.122
0.000 1.000 4.751 -0.606 -2.135 -0.545 0.134 -0.185 0.815 1.226 0.807 -1.166 0.817 -2.585 6.286 -2.373 -0.366 2.621
1.000 0.000 14.711 -2.376 -3.620 -1.654 0.671 -0.784 3.168 1.209 -1.573 -1.792 0.697 -7.396 17.537 -7.389 -0.704 9.918
1.000 1.000 5.722 -0.869 -3.185 -0.775 0.101 -0.573 0.503 2.160 1.578 -1.771 1.609 -2.946 7.518 -2.512 -0.689 2.857
1.000 0.000 13.878 -2.612 -4.115 -1.720 0.726 -1.062 2.525 1.875 -0.511 -1.943 1.386 -6.892 16.787 -6.752 -0.804 9.043
1.000 1.000 14.719 -2.932 -4.237 -1.889 0.877 -1.095 2.977 1.611 -1.012 -1.894 1.314 -7.464 17.888 -7.269 -0.659 9.885
1.000 0.000 8.430 -1.747 -2.806 -0.930 0.592 -0.403 1.906 1.062 -0.128 -1.392 0.990 -4.549 10.567 -4.359 -0.307 5.531
1.000 0.000 15.473 -2.886 -3.366 -1.769 0.959 -0.828 3.424 1.094 -1.995 -1.425 0.665 -7.654 18.266 -7.916 -0.669 10.510
1.000 1.000 5.677 -2.641 -1.827 0.591 1.956 1.227 3.158 0.465 0.505 -1.877 1.094 -5.300 7.735 -3.863 1.536 4.835
1.000 1.000 16.893 -3.289 -4.461 -2.160 0.934 -1.268 3.441 1.512 -1.466 -2.124 1.215 -8.398 20.457 -8.608 -0.882 11.470
1.000 1.000 8.356 -1.510 -2.461 -1.031 0.365 -0.568 1.735 1.004 -0.443 -1.206 0.706 -4.251 10.271 -4.271 -0.498 5.424
1.000 1.000 17.800 -3.657 -5.874 -2.419 0.943 -1.438 3.398 2.432 -0.350 -2.891 2.214 -9.117 22.015 -8.762 -0.910 11.812
1.000 1.000 18.712 -3.049 -4.656 -2.193 0.847 -1.092 3.926 1.519 -2.018 -2.287 0.915 -9.333 22.274 -9.270 -0.890 12.664
1.000 0.000 11.003 -6.521 -2.712 0.473 5.070 3.395 6.943 0.399 -1.764 -3.451 1.298 -10.003 14.875 -8.097 4.064 10.733
0.000 0.000 2.782 -0.482 -2.027 -0.243 0.164 -0.112 0.411 1.214 1.448 -1.468 0.926 -2.081 4.234 -1.354 -0.164 1.222
0.000 1.000 5.388 -0.987 -1.299 -0.329 0.398 0.224 1.540 0.525 -0.379 -0.655 0.387 -2.956 6.507 -3.061 -0.154 3.432
1.000 0.000 11.770 -2.308 -3.065 -1.341 0.741 -0.617 2.663 1.124 -0.912 -1.427 0.921 -5.995 14.169 -6.143 -0.585 7.749
1.000 0.000 15.372 -2.604 -3.495 -1.807 0.787 -0.930 3.340 0.973 -2.024 -1.686 0.502 -7.661 18.285 -7.803 -0.737 10.519
1.000 1.000 31.111 -6.099 -6.996 -3.955 1.947 -2.191 6.723 1.765 -4.244 -2.922 1.423 -15.377 36.940 -15.812 -1.364 21.599
0.000 0.000 4.070 -1.555 -1.763 0.618 1.359 0.726 2.014 0.597 0.863 -1.572 0.961 -3.907 5.904 -2.785 0.861 3.307
0.000 1.000 4.184 -0.861 -2.924 -0.488 0.224 -0.077 0.540 2.212 2.152 -1.792 1.886 -2.323 5.727 -2.058 -0.539 1.626
1.000 1.000 20.171 -4.134 -5.522 -2.550 1.316 -1.335 4.161 2.162 -1.413 -2.554 1.817 -10.015 24.308 -10.131 -0.869 13.619
0.000 1.000 3.148 -1.313 -1.494 0.539 1.483 0.746 1.597 0.621 0.720 -1.339 0.628 -3.204 4.928 -2.331 0.867 2.576
1.000 1.000 6.335 -2.059 -4.502 -0.683 0.849 0.440 1.738 2.789 3.148 -3.113 2.977 -4.204 8.695 -3.267 -0.124 2.942
1.000 0.000 6.895 -1.496 -6.146 -1.136 0.273 -0.447 0.478 4.505 4.897 -3.838 4.217 -3.855 9.949 -3.075 -1.183 2.110
1.000 0.000 8.728 -2.368 -3.395 -0.655 0.845 -0.016 2.765 1.062 0.714 -2.167 1.740 -5.816 11.295 -4.771 0.176 5.991
0.000 0.000 8.346 -1.916 -4.278 -1.028 0.709 -0.035 1.813 2.563 1.926 -2.715 2.237 -4.802 10.882 -4.028 -0.227 4.710
1.000 1.000 14.847 -3.034 -5.472 -2.065 0.852 -1.064 2.734 2.707 0.440 -2.699 2.335 -7.527 18.515 -7.259 -0.849 9.385
0.000 0.000 7.813 -1.695 -1.088 -0.523 0.796 0.397 2.567 0.024 -1.578 -0.403 0.010 -4.220 9.192 -4.610 0.088 5.622
1.000 1.000 9.778 -1.953 -3.138 -1.276 0.569 -0.723 1.913 1.425 -0.168 -1.520 1.116 -4.958 12.149 -4.958 -0.559 6.341
0.000 0.000 8.232 -1.526 -6.068 -1.349 0.282 -0.720 0.375 4.506 4.146 -3.485 3.778 -4.112 11.174 -3.382 -1.241 3.187
0.000 1.000 8.142 -1.867 -3.579 -0.916 0.496 -0.368 2.094 1.507 1.011 -2.244 1.751 -5.059 10.798 -4.256 -0.174 5.222
0.000 1.000 7.789 -1.927 -4.718 -1.080 0.602 -0.321 1.549 2.837 2.580 -2.785 2.931 -4.621 10.593 -3.813 -0.492 3.988
1.000 1.000 15.849 -3.041 -4.632 -2.090 0.862 -1.327 2.982 1.895 -0.879 -2.137 1.474 -7.852 19.313 -7.804 -0.869 10.521
0.000 1.000 6.603 -1.303 -2.886 -0.566 0.510 0.164 1.378 1.933 1.201 -1.671 1.544 -3.518 8.350 -3.352 -0.257 3.752
1.000 0.000 1.877 -0.567 -2.548 0.282 0.484 -0.422 -0.474 1.707 2.738 -1.914 1.181 -2.615 3.687 -0.431 0.158 0.615
0.000 0.000 7.011 -1.421 -4.773 -0.781 0.451 0.076 0.868 3.669 3.431 -2.876 3.118 -3.695 9.223 -3.124 -0.687 2.872
1.000 1.000 30.880 -6.245 -6.971 -3.852 2.109 -2.002 6.792 1.864 -4.123 -2.845 1.597 -15.191 36.693 -15.805 -1.185 21.518
1.000 1.000 14.168 -2.317 -3.261 -1.669 0.676 -0.891 3.035 0.914 -1.840 -1.610 0.421 -7.040 16.907 -7.193 -0.722 9.678
1.000 0.000 29.465 -6.579 -7.546 -3.696 2.295 -1.662 6.709 2.243 -3.048 -3.243 2.377 -14.925 35.301 -14.905 -0.734 20.597
1.000 1.000 5.788 -2.457 -2.034 0.656 1.975 1.140 3.036 0.512 0.650 -1.964 1.151 -5.432 8.013 -3.908 1.387 4.838
1.000 1.000 5.985 -3.315 -3.725 0.740 2.523 0.685 2.085 1.945 2.899 -3.559 1.944 -6.558 8.874 -3.053 1.906 4.745
1.000 1.000 21.582 -4.686 -5.411 -2.695 1.568 -1.252 4.929 1.685 -2.254 -2.349 1.627 -10.922 25.890 -11.060 -0.662 14.966
1.000 1.000 21.019 -4.209 -6.346 -2.768 1.208 -1.642 3.969 2.695 -0.830 -3.030 2.263 -10.436 25.535 -10.287 -1.071 13.953
1.000 1.000 12.991 -2.123 -3.803 -1.633 0.508 -0.992 2.436 1.553 -0.756 -1.919 1.022 -6.467 15.774 -6.344 -0.812 8.487
1.000 1.000 3.363 -1.721 -1.055 0.536 1.840 1.323 2.087 0.290 -0.456 -0.990 0.284 -3.284 4.957 -2.716 1.219 3.205
1.000 1.000 9.599 -1.783 -2.243 -1.046 0.623 -0.442 2.329 0.573 -1.126 -1.060 0.315 -5.042 11.635 -4.968 -0.209 6.750
0.000 1.000 15.561 -3.065 -3.945 -1.395 1.096 0.142 3.927 1.679 -1.119 -1.825 1.409 -8.165 18.411 -8.020 -0.217 10.457
0.000 0.000 6.914 -2.585 -3.532 -0.556 1.125 0.416 2.638 1.241 1.353 -2.636 1.947 -5.393 9.421 -3.816 0.559 4.600
0.000 0.000 31.535 -6.164 -6.935 -4.008 1.998 -2.204 6.838 1.732 -4.476 -2.810 1.356 -15.539 37.410 -16.038 -1.363 21.898
0.000 0.000 1.710 -0.488 -6.694 -0.700 0.008 -0.454 -1.392 6.143 8.084 -4.454 5.640 -1.280 4.326 -0.031 -1.474 -2.871
0.000 0.000 6.087 -1.311 -6.004 -1.018 0.197 -0.426 0.219 4.524 5.069 -3.740 4.211 -3.392 8.947 -2.610 -1.208 1.467
1.000 1.000 6.475 -1.704 -2.564 -0.375 0.927 0.259 1.985 0.893 0.451 -1.376 1.273 -4.053 8.356 -3.597 0.084 4.124
0.000 1.000 9.971 -1.769 -3.431 -1.054 0.550 -0.336 1.945 1.914 0.355 -1.770 1.408 -5.074 12.219 -4.861 -0.431 6.243
1.000 0.000 9.935 -2.300 -5.103 -1.172 0.865 -0.188 1.852 3.158 2.396 -2.897 3.030 -5.329 12.730 -4.826 -0.604 5.332
0.000 1.000 2.634 -0.387 -2.250 -0.190 0.019 -0.269 0.396 1.315 1.721 -1.586 1.240 -1.954 4.190 -1.380 -0.360 1.077
0.000 1.000 0.033 1.164 -2.900 -0.092 -0.660 -1.582 -2.324 2.314 4.300 -1.709 1.332 -0.875 1.982 0.969 -1.040 -1.816
1.000 0.000 6.529 -1.522 -4.801 -0.762 0.516 -0.022 1.028 3.374 3.549 -3.008 3.229 -3.740 8.946 -3.105 -0.652 2.616
0.000 1.000 8.652 -1.603 -4.982 -1.362 0.334 -0.793 0.975 3.163 2.429 -2.785 2.677 -4.413 11.442 -3.856 -0.933 4.316
0.000 1.000 -0.512 0.477 -2.675 -0.227 -0.227 -0.427 -1.435 2.931 3.921 -1.654 2.049 0.479 0.430 0.774 -0.937 -2.579
1.000 1.000 31.135 -6.640 -7.539 -3.934 2.251 -1.934 6.894 2.197 -3.624 -3.224 2.091 -15.556 37.175 -15.819 -1.000 21.760
1.000 0.000 34.415 -7.323 -8.852 -4.430 2.373 -2.316 7.347 2.827 -3.448 -3.832 2.710 -17.233 41.223 -17.212 -1.186 23.847
1.000 1.000 10.140 -1.911 -2.425 -1.148 0.605 -0.576 2.293 0.800 -1.049 -1.094 0.523 -5.125 12.209 -5.334 -0.513 6.760
1.000 1.000 17.246 -3.229 -3.470 -1.909 1.094 -0.762 4.062 0.901 -2.561 -1.514 0.545 -8.642 20.241 -8.976 -0.674 11.844
0.000 1.000 6.411 -3.318 -2.271 -0.000 2.023 1.296 3.498 0.249 0.241 -2.551 0.956 -6.065 8.589 -3.986 1.684 5.304
1.000 1.000 21.201 -4.233 -5.707 -2.519 1.354 -1.079 4.523 2.295 -1.479 -2.643 1.929 -10.652 25.322 -10.639 -0.894 14.125
0.000 0.000 3.023 -0.516 -1.892 -0.249 0.153 0.053 0.508 1.415 1.269 -1.131 1.088 -1.689 4.113 -1.598 -0.347 1.211
0.000 1.000 0.676 0.064 -2.671 -0.145 -0.167 -0.356 -0.558 2.389 3.327 -2.014 2.015 -0.751 2.109 -0.142 -0.598 -1.034
0.000 1.000 1.984 -0.525 -2.454 0.214 0.457 -0.466 -0.350 1.557 2.823 -1.873 1.123 -2.656 3.847 -0.596 0.118 0.648
0.000 1.000 2.201 -1.081 -1.212 0.497 1.133 0.596 1.081 0.611 0.509 -1.094 0.457 -2.377 3.491 -1.573 0.728 1.925
1.000 1.000 14.993 -3.118 -5.512 -1.838 0.980 -0.640 2.818 2.976 0.735 -2.860 2.570 -7.559 18.514 -7.393 -0.739 9.398
0.000 1.000 6.606 -1.701 -2.368 -0.431 0.708 0.073 2.089 0.812 0.536 -1.787 0.922 -4.557 8.492 -3.547 0.263 4.652
1.000 1.000 17.692 -3.769 -4.711 -2.145 1.242 -0.934 4.058 1.637 -1.367 -2.227 1.556 -9.003 21.318 -9.185 -0.686 11.967
1.000 1.000 16.666 -3.237 -4.502 -1.972 1.008 -0.943 3.473 1.863 -1.092 -2.126 1.453 -8.337 19.902 -8.346 -0.807 11.017
0.000 1.000 11.567 -2.331 -4.233 -1.588 0.668 -0.835 2.127 2.159 0.440 -2.143 1.802 -5.883 14.500 -5.758 -0.746 7.218
1.000 0.000 21.866 -4.848 -6.104 -2.790 1.645 -1.224 4.926 2.057 -1.831 -2.657 2.077 -11.131 26.440 -11.005 -0.588 15.056
1.000 1.000 14.368 -2.809 -2.907 -1.540 0.999 -0.519 3.527 0.738 -2.056 -1.254 0.545 -7.272 16.934 -7.631 -0.527 9.830
0.000 1.000 1.856 -0.361 -5.681 -0.621 -0.068 -0.443 -1.223 5.211 6.636 -3.712 4.574 -1.186 4.058 -0.179 -1.349 -2.126
1.000 0.000 11.860 -2.654 -5.588 -1.527 0.972 -0.416 2.185 3.266 2.030 -3.009 3.045 -6.187 15.080 -5.725 -0.682 6.721
1.000 0.000 23.174 -4.601 -6.488 -2.997 1.339 -1.833 4.437 2.527 -1.510 -3.008 2.079 -11.492 27.929 -11.403 -1.186 15.574
0.000 0.000 11.119 -2.198 -6.547 -1.572 0.659 -0.578 1.380 4.489 3.638 -3.757 3.841 -5.713 14.528 -4.960 -1.036 5.440
1.000 1.000 14.536 -3.096 -5.162 -1.997 0.791 -1.046 2.914 2.265 0.143 -2.647 2.161 -7.591 18.218 -7.308 -0.730 9.486
0.000 1.000 5.576 -1.025 -5.532 -1.125 0.104 -0.609 -0.146 4.360 4.622 -3.381 3.735 -2.924 8.298 -2.300 -1.309 1.239
0.000 1.000 2.196 -1.177 -1.185 0.322 1.000 0.541 1.087 0.693 0.563 -1.289 0.456 -2.365 3.422 -1.489 0.786 1.928
1.000 0.000 29.909 -5.859 -6.432 -3.845 1.853 -2.073 6.627 1.369 -4.663 -2.579 1.019 -14.891 35.491 -15.161 -1.118 21.039
0.000 0.000 4.660 -2.376 -1.357 0.529 2.216 1.388 2.833 0.350 -0.237 -1.459 0.569 -4.428 6.604 -3.526 1.545 4.266
0.000 1.000 2.235 -0.578 -3.463 -0.414 0.117 -0.025 -0.092 2.836 3.433 -2.270 2.445 -1.410 3.704 -0.803 -0.588 -0.253
0.000 0.000 13.358 -2.539 -3.269 -1.191 0.907 0.093 3.374 1.381 -1.106 -1.531 1.062 -6.968 15.781 -6.963 -0.265 8.933
1.000 0.000 16.717 -3.334 -5.403 -2.326 0.782 -1.494 3.056 2.188 -0.424 -2.753 1.938 -8.494 20.768 -8.339 -1.022 11.107
1.000 0.000 17.111 -3.499 -4.261 -2.089 1.160 -1.035 3.788 1.439 -1.669 -1.916 1.205 -8.574 20.492 -8.793 -0.726 11.634
1.000 1.000 14.752 -2.754 -4.152 -1.929 0.760 -1.209 2.862 1.631 -1.072 -1.861 1.221 -7.393 17.915 -7.270 -0.797 9.804
1.000 0.000 12.059 -2.649 -5.370 -1.666 0.585 -0.901 2.328 2.564 1.411 -3.023 2.649 -6.659 15.641 -5.971 -0.729 7.415
1.000 1.000 20.907 -5.064 -8.174 -2.663 1.779 -0.494 4.958 3.852 1.268 -4.278 4.244 -11.272 26.172 -10.724 -0.602 13.226
1.000 0.000 10.764 -2.052 -2.767 -1.256 0.665 -0.574 2.497 0.861 -1.016 -1.355 0.616 -5.623 13.076 -5.506 -0.347 7.371
0.000 0.000 12.703 -2.468 -2.526 -0.978 1.014 0.341 3.574 0.801 -1.666 -1.075 0.560 -6.725 14.853 -6.779 0.024 8.896
0.000 1.000 8.833 -1.396 -2.712 -0.970 0.360 -0.441 1.831 1.167 -0.275 -1.408 0.758 -4.570 10.830 -4.385 -0.446 5.703
0.000 1.000 5.877 -2.520 -2.034 0.627 1.878 1.090 3.044 0.499 0.721 -1.968 1.204 -5.486 8.006 -3.856 1.390 4.868
0.000 1.000 6.532 -1.603 -7.137 -1.121 0.254 -0.291 0.334 5.438 6.348 -4.514 5.229 -3.806 9.806 -2.835 -1.320 1.254
0.000 1.000 1.309 -0.236 -4.624 -0.460 -0.054 -0.341 -1.109 4.395 5.541 -2.972 3.741 -0.842 3.045 -0.024 -1.139 -1.979
1.000 1.000 28.811 -5.796 -6.960 -3.712 1.830 -2.049 6.158 2.018 -3.381 -2.965 1.748 -14.275 34.446 -14.589 -1.230 19.905
1.000 1.000 22.859 -4.438 -4.820 -2.645 1.522 -1.080 5.273 1.353 -3.171 -2.075 0.973 -11.388 26.852 -11.779 -0.873 15.704
1.000 1.000 23.933 -4.763 -6.517 -3.000 1.437 -1.566 4.841 2.517 -1.714 -3.075 2.104 -11.861 28.741 -11.953 -1.108 16.124
0.000 0.000 6.743 -2.545 -2.754 -0.462 1.261 0.609 2.800 0.670 0.508 -2.350 1.168 -5.402 8.954 -3.774 0.848 4.940
0.000 1.000 4.726 -0.961 -2.581 -0.306 0.233 -0.323 1.032 1.054 1.083 -1.649 1.249 -3.330 6.565 -2.406 -0.240 2.818
0.000 1.000 3.596 -1.608 -1.441 0.625 1.809 1.087 1.999 0.534 0.232 -1.222 0.585 -3.523 5.441 -2.763 1.103 3.131
1.000 0.000 20.324 -4.438 -7.336 -2.718 1.288 -1.161 4.119 3.500 0.434 -3.689 3.325 -10.428 25.153 -10.067 -0.872 13.132
0.000 1.000 0.615 0.091 -2.142 -0.096 -0.067 -0.085 -0.565 2.124 2.726 -1.444 1.546 -0.398 1.484 -0.079 -0.620 -1.097
0.000 1.000 5.880 -1.764 -5.804 -0.714 0.608 0.193 1.002 4.129 5.030 -3.793 4.204 -3.765 8.496 -2.678 -0.609 1.687
0.000 1.000 11.021 -1.918 -2.730 -0.970 0.671 -0.021 2.697 1.174 -0.881 -1.322 0.777 -5.729 13.043 -5.715 -0.326 7.275
1.000 1.000 7.260 -1.206 -2.279 -0.807 0.313 -0.432 1.408 1.109 -0.097 -1.136 0.723 -3.660 8.897 -3.675 -0.527 4.480
1.000 1.000 10.937 -2.319 -3.990 -1.351 0.707 -0.556 2.397 1.707 0.177 -2.045 1.672 -5.914 13.786 -5.511 -0.372 7.077
1.000 0.000 30.192 -5.874 -6.688 -3.896 1.857 -2.212 6.455 1.742 -4.283 -2.703 1.292 -14.895 35.858 -15.255 -1.300 20.971
1.000 0.000 31.359 -6.197 -6.946 -3.984 2.017 -2.154 6.860 1.724 -4.413 -2.813 1.409 -15.470 37.226 -15.988 -1.316 21.812
0.000 1.000 4.177 -0.582 -4.130 -0.835 -0.033 -0.612 -0.214 3.167 3.330 -2.479 2.565 -2.109 6.216 -1.551 -0.982 0.924
1.000 1.000 7.879 -1.344 -2.608 -0.777 0.447 -0.191 1.718 1.290 0.089 -1.328 0.903 -4.173 9.740 -3.936 -0.278 5.034
0.000 0.000 0.570 0.074 -2.853 -0.220 -0.158 -0.324 -0.723 2.630 3.579 -2.017 2.180 -0.566 1.923 0.001 -0.733 -1.386
1.000 1.000 12.089 -2.135 -2.172 -1.257 0.796 -0.528 2.978 0.229 -2.126 -0.915 -0.129 -6.187 14.188 -6.246 -0.297 8.672
1.000 1.000 28.325 -5.478 -6.059 -3.476 1.826 -1.781 6.269 1.594 -4.024 -2.490 1.139 -13.985 33.408 -14.438 -1.207 19.528
0.000 1.000 8.161 -1.381 -2.400 -0.884 0.375 -0.400 1.739 1.011 -0.333 -1.233 0.699 -4.177 9.957 -4.199 -0.501 5.172
0.000 1.000 4.276 -1.426 -8.471 -0.829 0.457 0.007 -0.706 7.389 9.426 -5.435 7.057 -2.721 7.390 -1.214 -1.499 -1.723
0.000 0.000 21.094 -4.071 -4.527 -2.676 1.272 -1.462 4.664 1.074 -3.208 -1.872 0.686 -10.511 25.092 -10.762 -0.849 14.761
1.000 1.000 15.883 -3.008 -5.340 -1.898 0.843 -0.807 2.971 2.789 0.221 -2.619 2.273 -7.992 19.255 -7.636 -0.852 9.941
0.000 0.000 1.115 0.040 -1.754 -0.023 -0.041 -0.248 -0.249 1.313 1.838 -1.144 0.943 -1.020 2.277 -0.481 -0.381 -0.121
0.000 1.000 7.856 -1.421 -3.366 -0.887 0.318 -0.744 1.269 1.520 0.899 -1.914 1.409 -4.363 10.225 -3.801 -0.588 4.727
0.000 0.000 1.694 -0.257 -4.121 -0.443 -0.090 -0.313 -0.768 3.694 4.669 -2.706 3.159 -1.047 3.419 -0.392 -1.006 -1.239
0.000 0.000 2.972 -1.641 -1.010 0.311 1.176 0.813 1.766 0.355 0.191 -1.311 0.359 -2.992 4.143 -2.038 1.051 2.664
1.000 0.000 14.264 -2.692 -6.051 -1.933 0.671 -1.069 2.114 3.526 1.563 -3.178 2.898 -7.111 17.930 -6.633 -1.001 8.490
0.000 1.000 4.013 -1.460 -1.116 0.819 1.926 1.601 2.293 -0.189 -0.949 -0.788 0.115 -3.873 5.799 -3.186 0.986 3.656
0.000 1.000 2.793 -0.685 -3.640 -0.252 0.343 0.196 0.009 3.165 3.786 -2.368 2.775 -1.671 4.210 -1.066 -0.562 -0.033
0.000 1.000 2.574 -1.218 -4.597 -0.402 0.656 0.346 0.023 3.824 4.931 -3.093 3.563 -1.944 4.278 -0.811 -0.463 -0.611
0.000 1.000 20.226 -3.943 -4.561 -2.499 1.311 -1.335 4.406 1.344 -2.619 -1.861 0.975 -9.992 24.041 -10.298 -0.873 13.879
1.000 1.000 10.098 -1.856 -2.151 -0.998 0.628 -0.293 2.541 0.605 -1.310 -0.969 0.406 -5.187 11.987 -5.453 -0.417 6.774
1.000 1.000 1.476 -0.672 -1.069 0.315 0.701 0.326 0.607 0.726 0.722 -1.026 0.396 -1.705 2.576 -1.031 0.484 1.172
0.000 1.000 4.780 -0.650 -2.275 -0.619 0.046 -0.480 0.565 1.323 0.869 -1.408 0.914 -2.493 6.389 -2.361 -0.568 2.645
1.000 1.000 14.298 -2.488 -3.279 -1.746 0.746 -0.980 3.087 0.868 -1.919 -1.523 0.461 -7.143 17.111 -7.266 -0.692 9.819
1.000 1.000 12.115 -2.540 -3.365 -1.435 0.879 -0.636 2.755 1.077 -0.894 -1.596 1.032 -6.202 14.847 -6.336 -0.448 8.214
1.000 0.000 10.126 -2.319 -5.451 -1.235 0.831 -0.226 1.783 3.494 2.799 -3.168 3.326 -5.426 13.039 -4.872 -0.702 5.259
1.000 1.000 18.577 -3.913 -5.707 -2.463 1.208 -1.096 3.979 2.382 -0.692 -2.827 2.157 -9.535 22.832 -9.461 -0.774 12.411
0.000 1.000 2.107 -0.963 -6.877 -0.522 0.425 -0.010 -1.039 6.348 8.349 -4.429 5.937 -1.420 4.404 -0.193 -1.244 -2.692
1.000 0.000 17.308 -3.552 -4.480 -2.170 1.149 -1.183 3.649 1.606 -1.543 -2.003 1.300 -8.627 20.817 -8.772 -0.740 11.796
1.000 1.000 15.535 -2.729 -4.083 -1.877 0.791 -1.035 3.077 1.738 -1.199 -1.902 1.148 -7.665 18.533 -7.673 -0.842 10.222
1.000 1.000 25.600 -5.504 -6.963 -3.347 1.725 -1.679 5.564 2.358 -2.155 -3.157 2.285 -12.893 30.953 -12.943 -0.883 17.645
0.000 0.000 10.989 -2.042 -2.520 -0.904 0.748 0.172 2.861 1.018 -1.097 -1.184 0.716 -5.763 12.950 -5.832 -0.213 7.384
1.000 1.000 29.610 -6.304 -7.500 -3.824 2.043 -1.858 6.600 2.288 -3.129 -3.288 2.240 -14.798 35.589 -15.132 -0.998 20.570
1.000 1.000 2.093 -0.411 -0.885 -0.016 0.264 0.285 0.649 0.632 0.415 -0.525 0.407 -1.281 2.820 -1.338 -0.073 1.087
1.000 1.000 16.625 -3.101 -4.091 -1.913 1.004 -0.814 3.614 1.575 -1.597 -1.791 1.134 -8.284 19.732 -8.419 -0.744 11.065
0.000 1.000 20.132 -4.537 -5.936 -2.504 1.583 -1.119 4.460 2.049 -1.301 -2.644 2.142 -10.384 24.421 -10.025 -0.538 13.769
1.000 0.000 40.207 -7.983 -9.640 -5.182 2.543 -2.919 8.362 2.942 -4.713 -4.058 2.495 -19.802 47.843 -20.140 -1.760 27.689
0.000 0.000 4.312 -0.847 -4.617 -0.705 0.054 -0.304 -0.015 3.670 4.163 -2.948 3.269 -2.419 6.484 -1.831 -1.002 0.744
0.000 1.000 9.162 -1.625 -2.986 -0.952 0.511 -0.322 1.822 1.621 0.129 -1.499 1.153 -4.659 11.203 -4.510 -0.388 5.805
1.000 1.000 9.094 -1.604 -2.447 -1.120 0.413 -0.652 1.902 0.889 -0.770 -1.179 0.559 -4.589 11.082 -4.644 -0.527 6.022
1.000 1.000 12.033 -2.234 -2.674 -1.339 0.803 -0.606 2.847 0.604 -1.596 -1.166 0.311 -6.213 14.421 -6.128 -0.276 8.502
1.000 1.000 5.749 -3.294 -1.690 0.438 2.406 1.516 3.435 0.479 -0.061 -2.126 0.834 -5.506 7.761 -3.961 2.024 5.334
1.000 1.000 25.482 -5.478 -7.118 -3.361 1.658 -1.686 5.516 2.486 -1.885 -3.358 2.441 -12.904 30.927 -12.938 -0.942 17.487
1.000 1.000 19.749 -4.221 -7.535 -2.663 1.237 -1.187 3.735 3.811 0.910 -3.772 3.492 -10.055 24.512 -9.586 -0.966 12.476
0.000 1.000 4.708 -1.757 -6.958 -0.642 0.805 0.423 0.147 5.795 7.249 -4.507 5.602 -3.015 7.193 -1.647 -0.847 -0.252
1.000 1.000 20.965 -4.149 -5.276 -2.714 1.283 -1.541 4.388 1.703 -2.231 -2.242 1.392 -10.464 25.163 -10.495 -0.921 14.299
1.000 1.000 30.408 -5.916 -6.143 -3.880 1.909 -2.064 6.796 1.186 -5.123 -2.429 0.725 -15.059 35.974 -15.540 -1.154 21.470
1.000 1.000 17.234 -3.495 -4.018 -1.994 1.190 -0.800 3.999 1.242 -1.959 -1.806 1.059 -8.678 20.512 -8.992 -0.668 11.764
0.000 1.000 4.180 -0.541 -4.633 -0.762 0.033 -0.379 -0.279 3.808 4.175 -2.896 3.044 -2.145 6.269 -1.443 -0.987 0.580
1.000 1.000 10.356 -1.836 -3.300 -1.286 0.446 -0.888 1.967 1.259 -0.330 -1.707 0.950 -5.426 12.963 -5.113 -0.529 6.971
1.000 0.000 35.559 -7.618 -8.200 -4.460 2.678 -1.999 8.207 2.082 -4.653 -3.477 2.104 -17.700 42.374 -18.375 -1.044 25.062
0.000 1.000 4.087 -0.794 -2.885 -0.519 0.106 -0.269 0.644 1.753 1.811 -1.880 1.593 -2.509 5.836 -1.990 -0.432 1.824
0.000 1.000 6.613 -1.098 -3.950 -1.035 0.190 -0.595 0.712 2.570 2.082 -2.271 2.077 -3.422 8.900 -2.968 -0.770 3.182
0.000 1.000 8.446 -1.504 -3.619 -0.910 0.463 -0.268 1.484 2.215 1.161 -1.996 1.730 -4.370 10.653 -4.034 -0.453 4.941
1.000 0.000 27.078 -5.679 -7.379 -3.522 1.777 -1.929 5.578 2.699 -2.088 -3.317 2.437 -13.512 32.607 -13.498 -1.122 18.438
0.000 1.000 23.824 -4.599 -5.056 -2.940 1.533 -1.545 5.264 1.325 -3.473 -2.016 0.899 -11.757 28.163 -12.146 -1.007 16.452
0.000 1.000 5.686 -1.065 -3.425 -0.781 0.337 -0.171 0.853 2.459 2.090 -2.029 1.954 -3.073 7.641 -2.690 -0.509 2.693
1.000 1.000 17.401 -3.572 -4.733 -2.223 1.090 -1.218 3.639 1.718 -1.311 -2.226 1.462 -8.711 21.052 -8.839 -0.809 11.801
0.000 1.000 8.233 -1.410 -3.350 -1.121 0.219 -0.668 1.331 1.790 0.619 -1.824 1.362 -4.178 10.392 -3.937 -0.657 4.922
1.000 1.000 3.747 -2.088 -1.125 0.430 1.861 1.232 2.333 0.339 -0.321 -1.307 0.387 -3.625 5.291 -2.824 1.383 3.582
1.000 1.000 10.420 -1.656 -2.460 -1.295 0.379 -0.859 2.141 0.576 -1.276 -1.300 0.198 -5.313 12.730 -5.375 -0.587 7.183
1.000 1.000 5.676 -0.798 -2.893 -0.702 0.169 -0.373 0.724 1.847 1.310 -1.595 1.326 -2.940 7.441 -2.608 -0.542 2.950
1.000 0.000 24.919 -4.729 -6.155 -3.200 1.452 -1.907 5.005 2.078 -2.657 -2.638 1.557 -12.277 29.734 -12.365 -1.227 16.915
1.000 0.000 4.153 -0.552 -2.172 -0.412 0.085 -0.187 0.553 1.510 1.101 -1.264 1.047 -2.199 5.396 -1.931 -0.435 2.053
1.000 0.000 13.114 -2.799 -3.901 -1.607 0.897 -0.657 3.036 1.402 -0.706 -1.909 1.313 -6.891 16.209 -6.793 -0.385 8.973
1.000 0.000 30.467 -6.078 -6.894 -3.888 1.982 -2.072 6.684 1.796 -4.149 -2.779 1.521 -15.075 36.214 -15.484 -1.224 21.155
1.000 0.000 5.574 -3.068 -1.470 0.341 2.092 1.423 3.408 0.258 -0.083 -1.903 0.772 -5.244 7.450 -3.872 1.851 5.032
0.000 0.000 3.922 -1.165 -7.078 -0.702 0.358 0.045 -0.560 6.298 7.787 -4.566 5.787 -2.409 6.522 -1.205 -1.278 -1.189
1.000 0.000 30.662 -6.278 -7.425 -3.937 2.025 -2.112 6.580 2.276 -3.543 -3.114 1.980 -15.161 36.605 -15.508 -1.205 21.222
0.000 1.000 -1.322 0.647 -2.726 -0.098 -0.220 -0.440 -1.780 3.430 4.483 -1.773 2.262 1.226 -0.649 1.275 -0.959 -3.363
0.000 0.000 2.241 -0.942 -5.053 -0.249 0.563 0.315 -0.343 4.600 6.005 -3.291 4.194 -1.596 3.856 -0.473 -0.677 -1.432
0.000 0.000 20.384 -3.921 -4.552 -2.622 1.205 -1.502 4.396 1.207 -2.865 -1.874 0.793 -10.113 24.307 -10.346 -0.893 14.137
1.000 0.000 13.033 -2.440 -2.454 -1.352 1.001 -0.474 3.266 0.346 -2.082 -1.056 -0.007 -6.728 15.344 -6.684 -0.141 9.431
1.000 0.000 14.221 -2.661 -2.773 -1.497 1.047 -0.485 3.603 0.385 -2.266 -1.224 0.069 -7.350 16.789 -7.335 -0.169 10.277
1.000 0.000 24.647 -4.802 -5.615 -3.197 1.441 -1.786 5.379 1.440 -3.419 -2.300 1.122 -12.292 29.405 -12.479 -1.003 17.150
1.000 1.000 11.908 -2.587 -3.640 -1.459 0.800 -0.539 2.892 1.289 -0.569 -1.840 1.265 -6.438 14.840 -6.229 -0.253 8.221
1.000 1.000 15.117 -2.950 -4.187 -1.892 0.916 -1.000 3.134 1.648 -1.026 -1.937 1.293 -7.622 18.252 -7.591 -0.759 10.008
0.000 0.000 0.587 -0.061 -1.402 0.281 0.262 -0.226 -0.354 1.143 1.718 -1.018 0.628 -1.058 1.767 -0.225 0.048 -0.008
1.000 0.000 2.970 -1.578 -1.107 0.218 1.262 1.077 1.834 0.414 0.144 -1.411 0.394 -2.896 4.215 -2.161 0.992 2.501
1.000 0.000 17.681 -3.761 -4.817 -2.251 1.210 -1.132 3.799 1.814 -1.331 -2.199 1.571 -8.880 21.362 -8.988 -0.700 12.033
1.000 0.000 17.981 -3.690 -5.155 -2.382 0.960 -1.428 3.656 1.839 -1.133 -2.521 1.707 -9.214 22.006 -9.086 -0.867 12.202
1.000 0.000 19.233 -3.989 -4.364 -2.287 1.466 -1.113 4.348 1.110 -2.530 -1.797 0.955 -9.584 22.916 -9.878 -0.615 13.434
0.000 1.000 6.285 -1.270 -3.606 -0.744 0.453 -0.293 0.821 2.440 1.943 -1.980 2.050 -3.314 8.204 -2.831 -0.537 3.112
0.000 0.000 -0.519 0.146 -3.054 -0.103 0.072 -0.137 -1.269 3.522 4.607 -2.127 2.587 0.585 0.299 0.753 -0.788 -2.784
0.000 1.000 10.012 -1.903 -3.496 -0.987 0.629 -0.025 2.198 1.958 0.449 -1.818 1.557 -5.227 12.240 -5.003 -0.334 6.231
0.000 1.000 1.592 -0.566 -0.905 0.433 0.808 0.500 0.803 0.373 0.324 -0.773 0.197 -1.743 2.676 -1.272 0.413 1.326
1.000 0.000 6.637 -3.649 -3.103 0.484 2.367 1.181 3.427 1.080 1.407 -3.314 1.821 -6.591 9.275 -4.062 1.954 5.625
1.000 0.000 10.731 -2.145 -4.445 -1.502 0.556 -0.750 1.911 2.383 1.022 -2.418 2.073 -5.549 13.711 -5.358 -0.752 6.487
1.000 0.000 27.306 -5.589 -6.952 -3.529 1.762 -1.960 5.697 2.326 -2.715 -3.002 2.033 -13.573 32.721 -13.680 -1.148 18.705
1.000 0.000 10.954 -2.733 -4.594 -1.243 0.958 -0.039 3.088 1.934 1.044 -2.702 2.374 -6.474 14.168 -5.898 -0.125 7.023
0.000 0.000 5.646 -2.289 -2.843 -0.263 1.117 0.397 2.234 0.911 1.133 -2.401 1.391 -4.943 7.746 -3.004 0.738 3.998
1.000 1.000 15.730 -2.996 -3.653 -1.987 0.925 -1.150 3.381 1.059 -2.000 -1.573 0.702 -7.852 18.868 -8.008 -0.701 10.827
0.000 0.000 -0.023 0.293 -1.547 0.130 -0.064 -0.271 -0.645 1.504 2.096 -1.081 0.929 -0.340 0.970 0.135 -0.307 -0.920
1.000 1.000 11.995 -1.949 -3.331 -1.376 0.535 -0.702 2.424 1.378 -0.810 -1.625 0.873 -6.016 14.431 -5.930 -0.663 7.824
0.000 0.000 10.959 -1.820 -2.824 -1.214 0.475 -0.602 2.432 0.845 -1.033 -1.438 0.545 -5.690 13.245 -5.523 -0.486 7.445
0.000 1.000 3.570 -0.702 -1.351 -0.236 0.342 0.170 0.939 0.706 0.270 -0.819 0.517 -2.063 4.687 -2.130 -0.180 2.118
0.000 1.000 2.972 -1.108 -2.168 0.234 0.781 -0.036 0.663 1.201 2.063 -2.047 0.990 -3.299 4.679 -1.397 0.504 1.894
0.000 0.000 10.163 -1.869 -5.390 -1.378 0.459 -0.806 1.119 3.538 2.510 -2.964 2.895 -5.102 13.093 -4.453 -0.943 5.371
1.000 1.000 22.904 -4.602 -5.621 -2.948 1.429 -1.640 4.876 1.708 -2.658 -2.358 1.432 -11.441 27.453 -11.506 -0.892 15.813
1.000 1.000 4.388 -0.797 -3.084 -0.498 0.203 -0.138 0.545 2.240 2.228 -1.985 1.896 -2.457 6.069 -2.086 -0.519 1.790
0.000 1.000 4.357 -1.693 -2.232 0.448 1.243 0.663 2.175 0.693 1.037 -1.605 1.516 -4.081 6.510 -3.087 0.668 3.228
0.000 1.000 10.066 -1.827 -1.975 -0.789 0.724 0.135 2.761 0.569 -1.375 -0.946 0.307 -5.326 11.820 -5.439 -0.138 6.948
1.000 0.000 13.977 -2.642 -4.530 -1.772 0.783 -1.034 2.509 2.263 -0.064 -2.181 1.750 -6.873 17.085 -6.813 -0.826 8.901
0.000 0.000 3.056 -1.196 -0.657 0.325 1.330 1.108 2.106 -0.151 -0.569 -0.721 0.028 -2.793 4.520 -2.718 0.813 2.719
1.000 0.000 13.137 -2.861 -4.633 -1.624 0.869 -0.523 2.976 2.049 0.202 -2.460 2.005 -6.961 16.455 -6.822 -0.473 8.594
0.000 0.000 5.511 -0.834 -2.370 -0.643 0.104 -0.416 0.864 1.283 0.624 -1.398 0.927 -2.930 7.234 -2.732 -0.444 3.300
0.000 0.000 9.559 -1.760 -2.055 -1.058 0.524 -0.565 2.051 0.580 -1.287 -0.931 0.287 -4.787 11.565 -5.081 -0.472 6.627
1.000 1.000 25.296 -4.956 -6.490 -3.094 1.530 -1.535 5.292 2.357 -2.233 -3.005 1.936 -12.559 30.128 -12.680 -1.146 17.084
1.000 0.000 10.188 -1.622 -3.980 -1.289 0.327 -0.822 1.570 2.119 0.649 -2.052 1.584 -5.176 12.732 -4.739 -0.779 6.113
1.000 0.000 10.243 -2.240 -5.596 -1.571 0.509 -0.726 1.634 3.382 2.601 -3.207 3.230 -5.486 13.590 -5.036 -0.978 5.418
1.000 1.000 20.180 -3.313 -4.482 -2.326 0.990 -1.104 4.451 1.146 -2.791 -2.189 0.574 -10.069 23.875 -10.177 -0.874 13.933
0.000 1.000 6.135 -1.149 -5.415 -1.077 0.213 -0.565 0.145 4.139 4.255 -3.241 3.565 -3.223 8.767 -2.488 -1.105 1.827
0.000 0.000 3.063 -0.680 -0.994 -0.065 0.431 0.381 0.985 0.561 0.096 -0.521 0.386 -1.805 3.941 -1.900 -0.000 1.889
0.000 1.000 1.804 -0.638 -2.051 0.108 0.416 -0.031 0.317 1.142 1.647 -1.557 1.066 -2.022 3.192 -0.843 0.041 0.756
1.000 0.000 26.091 -5.437 -6.865 -3.375 1.727 -1.829 5.496 2.331 -2.343 -3.028 2.102 -13.014 31.371 -13.104 -1.070 17.856
0.000 1.000 7.911 -1.328 -3.702 -0.934 0.362 -0.448 1.147 2.375 1.457 -2.019 1.816 -4.045 10.083 -3.641 -0.585 4.388
0.000 0.000 6.610 -1.409 -4.507 -0.774 0.431 0.003 0.737 3.417 3.141 -2.709 2.933 -3.444 8.789 -3.026 -0.728 2.753
0.000 0.000 2.834 -0.594 -5.005 -0.645 -0.054 -0.430 -0.477 4.072 5.232 -3.311 3.760 -1.866 5.151 -0.972 -1.076 -0.619
1.000 1.000 7.746 -1.405 -2.705 -0.896 0.389 -0.674 1.328 1.229 0.175 -1.389 0.962 -4.045 9.751 -3.814 -0.515 4.881
1.000 1.000 20.333 -4.060 -6.159 -2.489 1.218 -1.173 4.064 2.781 -0.622 -2.939 2.370 -10.237 24.517 -9.992 -0.962 13.262
1.000 0.000 7.405 -1.463 -4.634 -1.048 0.418 -0.470 0.969 2.953 2.558 -2.663 2.630 -3.976 9.939 -3.332 -0.724 3.510
1.000 0.000 12.809 -2.385 -3.437 -1.660 0.624 -0.977 2.671 1.149 -1.213 -1.567 0.842 -6.458 15.565 -6.430 -0.624 8.648
1.000 0.000 25.904 -5.449 -6.991 -3.381 1.706 -1.859 5.416 2.334 -2.327 -3.040 2.146 -12.967 31.201 -12.867 -0.953 17.852
1.000 1.000 30.600 -6.414 -6.791 -3.785 2.256 -1.819 7.041 1.396 -4.531 -2.687 1.406 -15.392 36.320 -15.554 -0.827 21.681
1.000 1.000 13.839 -2.595 -4.294 -1.828 0.640 -1.168 2.518 1.840 -0.439 -2.194 1.436 -6.851 17.023 -6.886 -0.847 9.119
0.000 1.000 12.053 -7.012 -3.474 0.768 4.914 2.907 7.058 1.060 -0.098 -4.082 2.252 -11.173 15.897 -8.029 4.228 11.124
0.000 1.000 4.690 -2.423 -1.330 0.210 1.653 1.066 2.736 0.158 0.171 -1.851 0.518 -4.486 6.351 -3.204 1.387 4.150
0.000 0.000 2.085 -0.487 -4.099 -0.472 0.057 -0.129 -0.400 3.435 4.253 -2.701 2.942 -1.345 3.704 -0.533 -0.764 -0.778
1.000 1.000 17.948 -3.987 -6.348 -2.352 1.228 -0.874 3.845 3.012 0.316 -3.192 2.911 -9.254 22.223 -9.086 -0.731 11.577
1.000 1.000 12.622 -3.030 -6.885 -1.515 1.172 -0.098 2.361 4.388 3.619 -4.048 4.334 -6.836 16.187 -6.078 -0.772 6.548
0.000 1.000 6.335 -1.101 -2.741 -0.736 0.313 -0.364 1.027 1.684 0.849 -1.412 1.258 -3.258 8.086 -3.041 -0.457 3.612
1.000 0.000 26.309 -5.877 -9.083 -3.450 1.840 -1.306 5.583 4.145 0.096 -4.498 4.107 -13.483 32.316 -13.113 -0.945 17.220
1.000 0.000 21.619 -4.623 -6.598 -2.847 1.417 -1.539 4.377 2.570 -1.096 -2.989 2.388 -10.961 26.289 -10.573 -0.834 14.580
0.000 0.000 1.040 -0.355 -2.491 -0.015 0.131 -0.118 -0.262 2.140 2.822 -1.844 1.723 -1.107 2.136 -0.189 -0.265 -0.508
0.000 1.000 1.660 -0.275 -3.593 -0.503 -0.200 -0.549 -0.526 2.949 3.868 -2.436 2.673 -1.283 3.552 -0.568 -0.869 -0.719
0.000 1.000 11.245 -2.322 -5.237 -1.328 0.733 -0.260 1.890 3.371 2.112 -2.910 2.908 -5.716 14.182 -5.427 -0.747 6.257
1.000 0.000 32.909 -6.479 -7.665 -4.174 2.105 -2.305 6.953 2.285 -4.051 -3.197 1.861 -16.210 39.090 -16.581 -1.434 22.657
1.000 1.000 25.172 -5.167 -5.513 -3.087 1.798 -1.439 5.750 1.422 -3.493 -2.272 1.219 -12.462 29.880 -13.052 -0.917 17.565
1.000 0.000 18.192 -3.328 -4.340 -2.323 0.939 -1.359 3.857 1.151 -2.365 -1.950 0.770 -9.090 21.821 -9.172 -0.845 12.587
0.000 0.000 2.343 -0.275 -4.846 -0.765 -0.183 -0.575 -1.079 4.340 5.148 -3.062 3.585 -1.209 4.448 -0.571 -1.358 -1.168
0.000 0.000 3.505 -0.798 -3.260 -0.476 0.213 -0.029 0.423 2.340 2.603 -2.084 2.082 -2.123 5.117 -1.590 -0.481 0.964
0.000 1.000 5.666 -3.274 -1.572 0.351 2.264 1.485 3.527 0.464 -0.069 -2.013 0.947 -5.302 7.706 -4.037 2.019 5.248
1.000 1.000 30.115 -6.243 -7.323 -3.848 2.027 -2.032 6.543 2.113 -3.572 -3.060 1.917 -15.040 35.946 -15.157 -1.062 20.960
1.000 0.000 15.682 -3.107 -3.908 -1.858 1.008 -0.895 3.483 1.331 -1.489 -1.791 1.087 -7.876 18.759 -8.092 -0.719 10.544
1.000 0.000 7.485 -1.486 -4.854 -1.053 0.488 -0.227 1.120 3.315 2.984 -2.935 2.851 -4.035 10.069 -3.406 -0.636 3.473
0.000 0.000 1.844 -0.387 -4.019 -0.442 0.027 -0.153 -0.504 3.434 4.272 -2.630 2.902 -1.177 3.393 -0.387 -0.789 -0.975
1.000 0.000 9.282 -1.687 -2.252 -1.083 0.489 -0.582 2.078 0.639 -1.039 -1.059 0.384 -4.704 11.259 -4.842 -0.446 6.285
1.000 0.000 13.831 -2.524 -4.406 -1.776 0.690 -1.111 2.433 2.113 -0.204 -2.142 1.601 -6.853 16.915 -6.674 -0.825 8.863
0.000 0.000 5.943 -1.051 -4.100 -0.765 0.295 -0.250 0.669 2.958 2.760 -2.486 2.416 -3.172 8.046 -2.579 -0.610 2.558
1.000 1.000 29.151 -5.777 -6.685 -3.686 1.884 -2.024 6.253 1.902 -3.762 -2.738 1.545 -14.320 34.678 -14.814 -1.233 20.172
0.000 1.000 0.441 0.029 -4.018 -0.216 0.005 -0.205 -1.281 4.142 5.329 -2.593 3.327 -0.255 1.696 0.448 -1.038 -2.568
1.000 0.000 17.993 -3.563 -4.686 -2.310 1.056 -1.401 3.630 1.606 -1.619 -2.135 1.267 -8.940 21.723 -9.081 -0.897 12.268
0.000 0.000 1.111 -0.126 -4.992 -0.569 -0.191 -0.578 -1.263 4.491 5.954 -3.339 3.974 -0.848 3.201 0.103 -1.252 -2.257
1.000 0.000 12.872 -2.256 -3.136 -1.603 0.650 -0.936 2.720 0.924 -1.532 -1.458 0.548 -6.444 15.502 -6.506 -0.657 8.746
1.000 1.000 8.801 -2.705 -3.802 -0.730 1.421 0.527 2.656 1.641 1.031 -2.058 2.132 -5.253 11.082 -4.611 0.219 5.463
1.000 1.000 14.785 -3.488 -6.037 -2.028 1.051 -0.655 3.370 2.810 1.073 -3.258 3.015 -8.087 18.849 -7.557 -0.559 9.342
1.000 1.000 24.398 -4.693 -5.386 -3.057 1.514 -1.689 5.257 1.445 -3.340 -2.249 1.011 -12.030 28.946 -12.418 -1.120 16.823
1.000 1.000 11.199 -2.085 -3.019 -1.380 0.602 -0.740 2.458 0.971 -1.006 -1.412 0.703 -5.796 13.709 -5.659 -0.417 7.673
1.000 0.000 17.216 -3.692 -5.258 -2.280 1.051 -1.203 3.605 2.066 -0.746 -2.542 1.944 -8.848 21.150 -8.685 -0.716 11.616
1.000 0.000 13.120 -2.513 -3.033 -1.548 0.805 -0.839 2.855 0.944 -1.559 -1.287 0.619 -6.507 15.700 -6.779 -0.632 8.889
1.000 0.000 13.433 -2.577 -2.942 -1.576 0.842 -0.809 3.019 0.795 -1.798 -1.250 0.500 -6.667 16.057 -7.040 -0.621 9.194
0.000 0.000 -0.116 0.092 -3.038 -0.123 -0.001 -0.207 -1.115 3.210 4.252 -2.039 2.477 0.160 0.838 0.532 -0.801 -2.325
0.000 1.000 1.817 -0.634 -3.162 -0.047 0.331 0.005 0.018 2.373 3.225 -2.164 2.240 -1.691 3.326 -0.671 -0.315 -0.116
0.000 0.000 2.829 -0.601 -4.504 -0.726 -0.087 -0.461 -0.338 3.585 4.511 -3.008 3.298 -1.818 5.086 -1.161 -1.042 -0.300
1.000 0.000 11.022 -1.992 -3.040 -1.355 0.565 -0.842 2.149 1.230 -0.747 -1.428 0.798 -5.503 13.367 -5.505 -0.630 7.273
1.000 1.000 7.448 -4.113 -1.622 0.496 3.502 2.493 4.837 -0.017 -1.414 -2.061 0.485 -6.784 9.977 -5.589 2.662 7.103
0.000 0.000 2.687 -1.094 -3.807 -0.359 0.470 0.236 0.265 3.057 3.863 -2.702 2.828 -2.041 4.303 -1.072 -0.328 0.042
1.000 1.000 16.273 -3.044 -3.742 -2.005 0.968 -1.108 3.598 0.972 -2.168 -1.530 0.675 -8.201 19.479 -8.213 -0.638 11.235
1.000 0.000 12.551 -2.572 -4.161 -1.680 0.644 -0.918 2.591 1.669 -0.175 -2.222 1.548 -6.618 15.761 -6.445 -0.632 8.363
1.000 0.000 8.357 -1.971 -6.815 -1.221 0.537 -0.247 0.881 5.014 5.247 -4.182 4.772 -4.625 11.597 -3.767 -1.132 2.904
0.000 0.000 2.242 -0.630 -2.169 0.173 0.616 -0.230 0.047 1.191 2.366 -1.650 0.875 -2.771 4.071 -0.975 0.200 0.932
0.000 1.000 2.314 -0.484 -2.736 -0.206 0.223 0.070 0.018 2.366 2.763 -1.769 1.979 -1.362 3.505 -0.930 -0.450 0.143
1.000 1.000 11.351 -2.191 -3.709 -1.452 0.589 -0.737 2.365 1.528 -0.278 -1.861 1.286 -5.953 14.129 -5.668 -0.475 7.490
1.000 0.000 21.305 -4.090 -6.289 -2.716 1.156 -1.565 3.999 2.765 -0.897 -3.013 2.210 -10.541 25.674 -10.360 -1.127 14.014
0.000 1.000 2.030 -0.791 -1.409 0.433 0.935 0.323 0.704 0.650 0.982 -1.113 0.488 -2.300 3.416 -1.320 0.464 1.464
0.000 0.000 4.813 -0.626 -3.437 -0.654 0.134 -0.208 0.431 2.552 2.484 -2.111 1.933 -2.559 6.640 -2.076 -0.600 1.869
1.000 0.000 14.757 -2.450 -3.627 -1.831 0.670 -1.058 3.060 1.053 -1.756 -1.767 0.587 -7.346 17.750 -7.415 -0.784 10.051
0.000 1.000 5.567 -3.122 -1.521 0.378 2.147 1.397 3.336 0.336 -0.015 -1.970 0.793 -5.318 7.423 -3.793 1.880 5.057
0.000 1.000 10.253 -1.732 -2.409 -0.966 0.557 -0.259 2.475 0.846 -1.025 -1.200 0.541 -5.334 12.182 -5.370 -0.423 6.787
1.000 0.000 24.937 -4.765 -5.207 -3.062 1.589 -1.600 5.518 1.321 -3.700 -2.129 0.828 -12.317 29.410 -12.723 -1.090 17.200
1.000 0.000 23.897 -4.680 -5.051 -3.009 1.523 -1.599 5.391 1.114 -3.663 -2.027 0.810 -11.890 28.344 -12.247 -0.953 16.677
1.000 0.000 16.681 -3.069 -4.147 -2.152 0.860 -1.342 3.376 1.281 -1.887 -1.868 0.828 -8.300 20.061 -8.336 -0.837 11.417
1.000 1.000 16.162 -3.185 -4.839 -2.195 0.803 -1.439 3.001 1.874 -0.794 -2.396 1.552 -8.121 19.886 -8.066 -0.943 10.864
0.000 0.000 1.527 -0.229 -3.747 -0.489 -0.151 -0.397 -0.781 3.349 4.184 -2.493 2.826 -0.946 3.204 -0.397 -0.994 -1.086
1.000 1.000 5.255 -2.640 -1.755 0.645 2.800 1.735 2.880 0.437 -0.223 -1.386 0.529 -5.148 7.610 -3.878 1.761 4.580
0.000 1.000 -0.397 0.258 -1.599 0.053 0.027 -0.278 -0.853 1.846 2.376 -1.157 1.079 0.121 0.465 0.366 -0.343 -1.309
1.000 0.000 14.580 -2.880 -4.493 -1.881 0.861 -0.996 2.894 1.952 -0.471 -2.203 1.601 -7.284 17.905 -7.358 -0.758 9.594
0.000 0.000 2.330 -0.127 -2.448 -0.340 -0.155 -0.457 -0.321 1.934 2.216 -1.585 1.442 -1.277 3.665 -0.889 -0.698 0.345
1.000 0.000 16.810 -3.426 -4.378 -1.974 1.129 -0.795 3.840 1.598 -1.317 -2.138 1.416 -8.560 20.139 -8.736 -0.735 11.229
1.000 1.000 4.887 -1.017 -2.431 -0.417 0.403 0.082 1.178 1.371 1.142 -1.526 1.285 -2.860 6.532 -2.627 -0.201 2.725
1.000 0.000 16.297 -3.513 -6.864 -2.192 1.033 -0.868 3.001 3.814 1.714 -3.626 3.505 -8.371 20.484 -7.971 -0.951 9.818
0.000 1.000 2.501 -0.619 -2.593 0.442 1.071 0.021 0.078 1.333 2.559 -1.745 1.009 -3.161 4.844 -1.297 0.300 1.107
0.000 1.000 9.604 -1.583 -2.365 -1.001 0.505 -0.341 2.319 0.681 -0.979 -1.206 0.372 -5.044 11.646 -4.940 -0.275 6.594
0.000 1.000 6.850 -1.280 -1.658 -0.450 0.509 0.226 1.971 0.592 -0.480 -0.864 0.541 -3.759 8.196 -3.847 -0.204 4.341
1.000 1.000 6.019 -2.816 -1.378 0.126 1.947 1.471 3.526 -0.194 -0.412 -1.796 0.348 -5.437 7.774 -3.981 1.630 5.166
1.000 0.000 10.275 -2.399 -3.118 -1.019 1.082 -0.199 2.531 1.099 -0.402 -1.403 1.183 -5.471 12.575 -5.319 -0.154 6.864
1.000 0.000 20.369 -4.044 -6.312 -2.682 1.153 -1.522 3.836 2.811 -0.615 -3.043 2.333 -10.076 24.766 -9.951 -1.037 13.416
0.000 1.000 4.006 -1.816 -2.063 0.262 1.207 0.493 1.777 0.905 1.261 -2.307 1.010 -4.065 5.793 -2.354 0.944 3.177
0.000 1.000 6.785 -1.349 -2.443 -0.647 0.503 -0.273 1.525 0.929 0.200 -1.291 0.905 -3.797 8.695 -3.560 -0.268 4.303
1.000 0.000 27.528 -5.460 -6.752 -3.481 1.757 -1.889 5.801 2.180 -2.961 -2.911 1.798 -13.595 32.817 -13.858 -1.226 18.809
1.000 0.000 7.639 -1.846 -2.690 -0.566 0.881 0.060 2.152 0.815 0.139 -1.413 1.168 -4.571 9.709 -4.166 -0.021 4.989
1.000 1.000 11.725 -2.510 -4.790 -1.444 0.782 -0.426 2.192 2.739 1.172 -2.562 2.388 -6.000 14.672 -5.820 -0.654 7.101
0.000 0.000 1.099 0.186 -1.560 0.201 0.022 -0.289 -0.342 0.848 1.397 -0.930 0.591 -1.337 2.425 -0.530 -0.357 0.156
0.000 1.000 8.053 -1.657 -1.291 -0.526 0.723 0.416 2.581 0.184 -1.411 -0.569 0.154 -4.400 9.485 -4.686 0.037 5.693
1.000 0.000 8.793 -2.037 -4.382 -1.074 0.508 -0.515 2.012 1.999 1.670 -2.727 2.321 -5.372 11.770 -4.469 -0.395 5.281
1.000 0.000 27.046 -5.435 -7.188 -3.552 1.667 -2.123 5.412 2.403 -2.550 -3.063 2.121 -13.492 32.557 -13.262 -1.132 18.484
1.000 1.000 10.128 -2.071 -4.427 -1.415 0.505 -0.793 1.618 2.485 1.171 -2.299 2.116 -5.234 12.922 -4.828 -0.720 6.045
1.000 0.000 27.286 -5.864 -7.694 -3.581 1.787 -1.876 5.725 2.836 -1.904 -3.521 2.669 -13.758 32.965 -13.615 -1.028 18.639
0.000 1.000 4.942 -0.781 -3.270 -0.636 0.111 -0.370 0.371 2.330 2.072 -1.967 1.830 -2.570 6.724 -2.187 -0.663 2.171
0.000 1.000 6.381 -1.185 -3.597 -0.792 0.351 -0.317 0.924 2.311 1.842 -2.106 1.893 -3.423 8.398 -2.895 -0.501 3.299
0.000 1.000 6.860 -3.949 -1.948 0.436 2.719 1.731 4.181 0.587 0.077 -2.503 1.187 -6.418 9.168 -4.702 2.440 6.307
0.000 0.000 21.419 -4.266 -5.671 -2.811 1.268 -1.653 4.368 1.961 -2.027 -2.430 1.630 -10.671 25.811 -10.607 -0.915 14.612
0.000 0.000 4.818 -2.350 -1.288 0.095 1.688 1.346 2.845 -0.224 -0.591 -1.343 0.330 -4.370 6.318 -3.181 1.294 4.036
0.000 0.000 26.361 -5.526 -6.448 -3.303 1.872 -1.737 5.759 1.738 -3.175 -2.673 1.647 -13.305 31.467 -13.159 -0.824 18.417
1.000 0.000 9.445 -1.881 -3.050 -1.126 0.563 -0.525 1.882 1.478 -0.010 -1.554 1.171 -4.772 11.630 -4.816 -0.548 6.029
0.000 0.000 9.013 -1.755 -5.489 -1.439 0.376 -0.764 0.885 3.759 3.008 -3.050 3.168 -4.544 11.949 -3.994 -1.061 4.283
1.000 0.000 4.339 -2.354 -1.233 0.372 1.876 1.185 2.680 0.355 0.017 -1.621 0.575 -4.165 6.046 -3.176 1.492 3.996
1.000 1.000 22.481 -4.287 -4.972 -2.829 1.369 -1.603 4.800 1.354 -3.075 -2.068 0.905 -11.074 26.714 -11.432 -1.059 15.483
1.000 1.000 13.602 -2.176 -3.623 -1.546 0.580 -0.773 2.818 1.311 -1.147 -1.792 0.796 -6.856 16.316 -6.705 -0.665 9.084
0.000 0.000 0.659 -0.068 -1.307 0.281 0.387 -0.086 -0.201 1.029 1.482 -0.904 0.534 -1.060 1.889 -0.423 0.084 0.113
1.000 1.000 18.327 -3.713 -5.430 -2.500 1.000 -1.488 3.588 2.069 -0.985 -2.682 1.805 -9.209 22.507 -9.252 -0.984 12.362
0.000 1.000 4.062 -0.994 -5.585 -0.614 0.271 0.125 -0.136 4.835 5.669 -3.582 4.289 -2.354 6.249 -1.547 -1.014 -0.130
0.000 1.000 5.279 -1.064 -3.484 -0.619 0.383 -0.227 0.572 2.512 2.247 -1.963 2.102 -2.807 7.027 -2.303 -0.537 2.306
0.000 1.000 6.724 -1.226 -4.146 -0.957 0.310 -0.451 0.742 2.873 2.404 -2.408 2.338 -3.494 8.942 -2.973 -0.710 3.164
1.000 1.000 14.289 -2.683 -3.415 -1.807 0.799 -1.075 3.052 0.999 -1.744 -1.470 0.670 -7.158 17.195 -7.244 -0.650 9.798
0.000 1.000 6.200 -0.914 -3.435 -0.857 0.057 -0.539 0.646 2.215 1.624 -1.973 1.699 -3.206 8.136 -2.762 -0.723 3.140
0.000 1.000 0.343 0.202 -2.999 -0.167 -0.123 -0.257 -1.067 3.035 3.966 -1.986 2.304 -0.218 1.396 0.322 -0.897 -1.959
0.000 1.000 7.711 -2.424 -2.682 -0.463 1.229 0.633 3.073 0.346 -0.133 -1.756 1.191 -5.352 10.042 -4.668 0.497 5.474
1.000 0.000 16.971 -3.734 -7.116 -2.196 1.160 -0.713 3.266 3.983 1.841 -3.802 3.734 -8.760 21.239 -8.337 -0.882 10.230
0.000 1.000 4.590 -0.803 -3.635 -0.561 0.192 -0.212 0.279 2.799 2.754 -2.203 2.266 -2.432 6.338 -1.902 -0.628 1.640
1.000 0.000 13.352 -2.464 -3.202 -1.643 0.742 -0.981 2.762 1.070 -1.508 -1.420 0.623 -6.628 16.020 -6.749 -0.668 9.058
0.000 1.000 1.465 -0.158 -3.213 -0.199 0.032 -0.102 -0.571 2.989 3.716 -2.055 2.377 -0.841 2.625 -0.259 -0.722 -0.965
0.000 1.000 0.029 0.004 -5.645 -0.443 -0.091 -0.547 -2.025 5.792 7.557 -3.711 4.860 0.111 1.815 0.902 -1.497 -3.918
1.000 1.000 28.528 -5.596 -6.433 -3.603 1.827 -1.964 6.155 1.758 -3.799 -2.636 1.371 -14.062 33.869 -14.480 -1.240 19.705
0.000 1.000 3.262 -0.296 -2.425 -0.325 -0.026 -0.702 -0.039 1.360 1.686 -1.421 1.106 -2.201 4.950 -1.330 -0.528 1.366
0.000 1.000 6.638 -1.267 -4.043 -0.881 0.275 -0.408 0.968 2.477 2.150 -2.383 2.210 -3.654 8.889 -3.055 -0.629 3.252
0.000 1.000 1.473 -0.714 -1.456 0.329 0.740 0.105 0.289 0.990 1.370 -1.159 0.634 -1.850 2.786 -0.856 0.436 0.955
0.000 1.000 5.930 -1.044 -3.468 -0.682 0.278 -0.236 0.796 2.382 1.960 -2.042 1.908 -3.138 7.837 -2.692 -0.511 2.932
0.000 0.000 1.806 0.703 -3.338 0.084 -0.070 -1.084 -1.497 1.950 3.872 -1.821 1.314 -2.450 4.321 -0.193 -0.799 -0.465
0.000 1.000 9.820 -1.970 -7.129 -1.442 0.518 -0.459 0.727 5.316 4.969 -4.183 4.591 -4.987 13.175 -4.150 -1.278 3.884
1.000 0.000 4.506 -0.588 -4.098 -0.847 -0.060 -0.688 -0.186 3.080 3.164 -2.431 2.470 -2.255 6.546 -1.690 -1.012 1.191
0.000 1.000 0.212 0.255 -1.677 0.165 -0.000 -0.494 -0.823 1.367 2.112 -1.115 0.766 -0.831 1.503 0.149 -0.233 -0.632
1.000 1.000 26.308 -5.496 -7.055 -3.417 1.706 -1.885 5.433 2.527 -2.184 -3.145 2.250 -13.135 31.658 -13.136 -1.076 17.980
1.000 0.000 12.250 -2.152 -3.312 -1.544 0.570 -0.962 2.409 1.237 -1.026 -1.563 0.786 -6.113 14.830 -6.078 -0.679 8.177
1.000 0.000 11.739 -2.246 -2.866 -1.347 0.716 -0.711 2.598 0.971 -1.155 -1.269 0.717 -5.886 14.093 -6.092 -0.577 7.833
1.000 0.000 20.100 -3.934 -5.420 -2.659 1.154 -1.591 3.974 1.962 -1.640 -2.529 1.575 -9.886 24.377 -10.120 -1.016 13.651
0.000 0.000 5.099 -0.795 -4.586 -0.971 0.027 -0.664 -0.080 3.432 3.489 -2.709 2.825 -2.548 7.367 -1.965 -1.050 1.437
1.000 0.000 2.056 -1.094 -1.123 0.323 1.000 0.546 0.980 0.651 0.527 -1.156 0.383 -2.267 3.256 -1.407 0.740 1.768
0.000 1.000 4.310 -1.186 -2.334 0.681 1.026 0.383 1.563 0.742 1.419 -1.793 1.317 -4.234 6.276 -2.554 0.424 3.093
0.000 0.000 3.796 -0.664 -2.676 -0.400 0.054 -0.512 0.386 1.766 1.711 -1.557 1.539 -2.438 5.361 -1.598 -0.396 1.737
1.000 0.000 16.417 -3.304 -4.867 -2.104 0.935 -1.257 3.114 2.029 -0.752 -2.357 1.668 -8.208 20.014 -8.129 -0.814 11.008
0.000 0.000 0.483 -0.164 -0.954 0.168 0.321 0.063 0.056 0.886 0.989 -0.803 0.467 -0.684 1.448 -0.510 0.092 0.156
0.000 0.000 13.550 -2.756 -7.357 -1.955 0.762 -0.835 1.742 4.847 3.539 -4.065 4.202 -6.835 17.500 -6.182 -1.255 7.041
0.000 0.000 22.397 -4.332 -5.113 -2.828 1.396 -1.596 4.797 1.444 -2.928 -2.087 1.092 -11.073 26.673 -11.339 -0.989 15.419
0.000 0.000 7.204 -1.553 -5.695 -1.063 0.367 -0.340 0.696 4.079 4.177 -3.484 3.729 -3.923 10.025 -3.223 -0.993 2.671
0.000 1.000 1.887 -0.246 -3.751 -0.375 -0.068 -0.226 -0.636 3.371 4.166 -2.443 2.785 -1.088 3.436 -0.539 -0.940 -0.900
1.000 1.000 17.421 -3.336 -4.533 -2.143 1.046 -1.199 3.546 1.737 -1.449 -2.020 1.295 -8.634 20.812 -8.679 -0.879 11.616
0.000 1.000 8.939 -1.690 -3.866 -0.914 0.564 -0.038 1.782 2.365 1.328 -2.177 1.921 -4.736 11.234 -4.344 -0.370 5.237
1.000 1.000 28.441 -5.623 -6.173 -3.571 1.875 -1.856 6.310 1.567 -4.093 -2.460 1.226 -14.039 33.697 -14.517 -1.137 19.749
0.000 1.000 7.952 -1.456 -3.563 -0.996 0.413 -0.602 1.098 2.232 1.202 -1.900 1.738 -4.038 10.082 -3.662 -0.624 4.526
1.000 1.000 18.711 -4.012 -8.069 -2.485 1.204 -0.928 3.324 4.601 2.226 -4.295 4.205 -9.553 23.461 -8.984 -1.073 11.171
0.000 0.000 3.023 -0.254 -2.685 -0.383 -0.136 -0.586 -0.168 2.040 2.222 -1.624 1.551 -1.804 4.497 -1.137 -0.656 0.844
1.000 1.000 8.658 -1.339 -3.072 -1.125 0.294 -0.847 1.284 1.627 0.223 -1.597 1.051 -4.318 10.755 -4.082 -0.739 5.286
1.000 0.000 11.943 -2.209 -2.931 -1.399 0.695 -0.676 2.759 0.787 -1.382 -1.330 0.531 -6.193 14.480 -6.096 -0.370 8.314
1.000 0.000 25.666 -5.275 -5.802 -3.158 1.837 -1.564 5.750 1.533 -3.407 -2.382 1.329 -12.664 30.555 -13.227 -0.915 17.932
1.000 1.000 2.005 0.061 -2.739 0.397 0.661 -0.254 -0.653 1.324 2.770 -1.493 0.909 -2.773 4.386 -0.813 -0.222 0.293
0.000 0.000 2.854 -0.625 -2.496 -0.399 0.206 -0.144 0.194 1.925 2.015 -1.483 1.579 -1.582 4.151 -1.291 -0.465 0.834
0.000 1.000 2.067 -0.733 -2.743 -0.015 0.211 -0.206 0.350 1.857 2.596 -1.910 1.965 -2.096 3.737 -1.043 -0.170 0.494
1.000 0.000 11.065 -2.274 -4.005 -1.403 0.689 -0.690 2.079 2.076 0.434 -2.030 1.728 -5.604 13.729 -5.466 -0.613 6.942
1.000 1.000 11.353 -2.004 -2.795 -1.432 0.535 -0.904 2.319 0.852 -1.299 -1.309 0.453 -5.657 13.754 -5.777 -0.619 7.739
0.000 1.000 36.713 -7.328 -8.219 -4.691 2.404 -2.501 8.032 2.097 -5.090 -3.304 1.813 -18.127 43.568 -18.645 -1.473 25.538
0.000 1.000 3.430 -0.535 -2.717 -0.407 0.093 -0.230 0.220 2.021 2.112 -1.725 1.629 -1.895 4.897 -1.547 -0.551 1.146
1.000 1.000 26.260 -5.744 -6.377 -3.280 2.070 -1.434 6.049 1.780 -3.105 -2.707 1.791 -13.153 31.421 -13.452 -0.674 18.433
1.000 1.000 14.243 -2.884 -6.391 -1.896 0.836 -0.836 2.278 3.821 2.093 -3.438 3.315 -7.204 17.977 -6.790 -1.024 8.213
0.000 1.000 6.420 -1.341 -5.709 -1.080 0.362 -0.272 0.390 4.367 4.508 -3.482 3.777 -3.414 9.151 -2.684 -0.978 1.978
0.000 1.000 8.789 -1.863 -2.704 -0.858 0.622 -0.320 2.306 0.632 -0.371 -1.502 0.924 -5.090 11.142 -4.781 -0.191 5.948
0.000 1.000 11.851 -2.251 -3.239 -1.100 0.820 0.002 2.886 1.491 -0.568 -1.584 1.112 -6.170 14.219 -6.074 -0.175 7.942
1.000 1.000 11.405 -2.017 -2.482 -1.297 0.618 -0.627 2.688 0.492 -1.640 -1.187 0.189 -5.875 13.641 -5.868 -0.382 8.039
1.000 0.000 21.657 -4.188 -5.514 -2.853 1.217 -1.745 4.387 1.798 -2.311 -2.331 1.423 -10.779 26.053 -10.731 -0.980 14.797
0.000 1.000 3.527 -1.496 -0.965 0.470 1.225 1.119 1.783 -0.189 -0.449 -0.930 0.114 -3.475 4.767 -2.299 0.852 3.054
0.000 0.000 4.007 -1.681 -1.562 0.344 1.282 0.673 1.913 0.380 0.658 -1.741 0.563 -3.960 5.536 -2.484 0.889 3.263
0.000 1.000 4.405 -1.376 -1.815 -0.261 0.754 0.414 1.594 0.563 0.320 -1.550 0.588 -3.338 5.955 -2.439 0.417 3.057
0.000 0.000 1.318 -0.428 -6.883 -0.570 0.140 -0.336 -1.785 6.784 8.716 -4.468 5.907 -0.817 3.524 0.411 -1.564 -3.572
0.000 1.000 0.334 -0.196 -2.920 -0.063 0.152 0.014 -0.692 3.049 4.032 -2.106 2.411 -0.285 1.264 0.197 -0.546 -1.819
1.000 0.000 21.889 -4.152 -5.181 -2.833 1.205 -1.736 4.517 1.447 -2.745 -2.238 1.033 -10.816 26.231 -11.063 -1.050 15.144
0.000 1.000 9.746 -1.750 -2.879 -0.981 0.584 -0.270 2.102 1.433 -0.220 -1.418 0.994 -4.993 11.815 -4.875 -0.325 6.351
0.000 1.000 4.533 -2.407 -1.243 0.519 2.195 1.464 2.866 0.323 -0.500 -1.360 0.545 -4.256 6.401 -3.519 1.582 4.302
1.000 0.000 18.042 -3.562 -5.352 -2.251 1.055 -1.220 3.518 2.317 -0.722 -2.570 1.883 -9.044 21.776 -8.895 -0.945 11.842
1.000 0.000 8.428 -1.610 -2.602 -1.032 0.411 -0.553 1.780 1.036 -0.225 -1.383 0.849 -4.345 10.491 -4.455 -0.534 5.448
0.000 0.000 3.492 -0.886 -3.777 -0.589 0.200 -0.161 0.141 3.005 3.384 -2.320 2.683 -2.016 5.306 -1.559 -0.718 0.632
0.000 0.000 4.722 -1.101 -6.579 -0.893 0.075 -0.276 -0.355 5.479 6.484 -4.165 5.020 -2.688 7.481 -1.777 -1.377 -0.088
0.000 0.000 3.344 -0.706 -3.435 -0.460 -0.000 -0.366 0.218 2.530 2.843 -2.162 2.279 -2.236 5.064 -1.365 -0.536 0.933
1.000 0.000 9.794 -1.849 -2.986 -1.289 0.484 -0.764 1.988 1.152 -0.415 -1.565 0.893 -5.046 12.283 -5.095 -0.559 6.547
1.000 1.000 11.001 -2.241 -4.786 -1.647 0.554 -0.869 1.796 2.702 1.202 -2.466 2.287 -5.614 14.060 -5.315 -0.820 6.527
1.000 0.000 9.957 -2.305 -6.383 -1.466 0.646 -0.466 1.459 4.262 3.867 -3.719 4.087 -5.382 13.331 -4.707 -1.014 4.605
0.000 0.000 6.249 -3.365 -1.969 0.624 2.887 1.722 3.589 0.587 -0.066 -2.058 0.983 -5.989 8.775 -4.463 2.118 5.680
0.000 1.000 -0.029 0.146 -3.231 -0.235 -0.138 -0.369 -1.267 3.369 4.365 -2.091 2.648 0.032 1.100 0.526 -0.966 -2.356
0.000 0.000 7.665 -1.211 -3.107 -0.964 0.159 -0.907 1.013 1.595 0.659 -1.713 1.189 -4.061 9.866 -3.630 -0.683 4.638
0.000 0.000 0.348 0.390 -1.685 0.248 0.023 -0.514 -0.807 1.374 2.254 -1.149 0.760 -0.887 1.705 0.035 -0.267 -0.497
1.000 0.000 17.845 -4.279 -7.619 -2.219 1.559 -0.382 3.879 4.019 2.023 -4.101 4.156 -9.488 22.364 -8.912 -0.677 10.783
0.000 0.000 8.777 -1.955 -3.783 -1.108 0.515 -0.413 2.140 1.649 0.925 -2.268 1.802 -5.161 11.557 -4.609 -0.313 5.566
1.000 0.000 8.182 -1.273 -3.053 -1.032 0.242 -0.701 1.276 1.619 0.376 -1.625 1.132 -4.142 10.211 -3.880 -0.692 4.928
1.000 0.000 21.584 -4.964 -7.496 -2.756 1.615 -0.842 4.897 3.377 0.178 -3.763 3.505 -11.247 26.617 -11.017 -0.702 14.077
1.000 1.000 17.935 -3.652 -5.596 -2.397 1.033 -1.385 3.445 2.360 -0.588 -2.696 2.026 -8.996 21.979 -8.880 -0.927 11.893
1.000 1.000 14.050 -2.951 -5.576 -1.874 0.872 -0.801 2.638 2.953 0.982 -2.870 2.605 -7.198 17.612 -6.878 -0.744 8.707
1.000 1.000 10.940 -2.604 -7.882 -1.509 0.826 -0.242 1.476 5.537 5.537 -4.803 5.390 -6.016 14.748 -5.045 -1.203 4.465
1.000 0.000 23.285 -4.505 -4.868 -2.746 1.527 -1.218 5.289 1.322 -3.336 -2.074 0.888 -11.555 27.383 -11.964 -0.920 16.059
0.000 1.000 3.167 -1.012 -2.099 0.163 0.484 -0.089 0.869 1.202 1.877 -1.747 1.208 -3.170 4.665 -1.526 0.289 1.903
1.000 1.000 12.362 -2.205 -2.607 -1.443 0.704 -0.753 2.773 0.685 -1.817 -1.174 0.267 -6.164 14.720 -6.405 -0.574 8.510
0.000 1.000 3.318 -1.438 -1.486 0.239 1.052 0.486 1.518 0.550 0.872 -1.669 0.563 -3.356 4.780 -2.046 0.781 2.618
0.000 0.000 4.910 -0.692 -3.673 -0.658 0.160 -0.173 0.434 2.815 2.760 -2.293 2.168 -2.626 6.754 -2.074 -0.620 1.826
1.000 0.000 18.457 -3.741 -5.196 -2.126 1.200 -0.757 4.013 2.273 -0.931 -2.487 1.945 -9.347 22.072 -9.299 -0.754 12.142
1.000 1.000 23.715 -4.682 -5.118 -2.988 1.522 -1.573 5.348 1.185 -3.512 -2.076 0.908 -11.802 28.173 -12.163 -0.925 16.549
0.000 1.000 13.540 -2.567 -3.763 -1.327 0.868 -0.150 3.145 1.740 -0.614 -1.804 1.362 -7.012 16.193 -6.844 -0.345 8.929
1.000 1.000 29.416 -5.858 -6.572 -3.705 1.949 -1.937 6.477 1.749 -4.009 -2.657 1.444 -14.531 34.906 -14.985 -1.184 20.390
0.000 1.000 6.022 -1.097 -2.770 -0.691 0.273 -0.304 0.921 1.808 1.081 -1.480 1.367 -3.132 7.665 -2.891 -0.520 3.284
1.000 1.000 13.615 -2.988 -5.304 -1.780 0.907 -0.684 2.740 2.801 0.967 -2.793 2.604 -7.031 17.016 -6.841 -0.722 8.411
0.000 0.000 6.806 -1.355 -1.363 -0.486 0.568 0.227 2.044 0.401 -0.871 -0.627 0.298 -3.689 8.153 -3.932 -0.092 4.603
0.000 1.000 4.087 -0.752 -1.146 -0.237 0.305 0.184 1.097 0.621 -0.052 -0.569 0.399 -2.226 5.015 -2.302 -0.152 2.493
1.000 0.000 14.519 -2.868 -3.405 -1.692 0.953 -0.804 3.269 1.056 -1.646 -1.513 0.816 -7.233 17.360 -7.581 -0.640 9.888
1.000 0.000 9.740 -1.572 -3.948 -1.270 0.311 -0.810 1.462 2.134 0.775 -2.079 1.609 -4.956 12.267 -4.543 -0.772 5.799
0.000 1.000 3.268 -0.405 -2.040 -0.420 0.036 -0.185 0.388 1.363 1.259 -1.205 0.984 -1.815 4.582 -1.585 -0.411 1.451
0.000 1.000 6.325 -1.592 -3.548 -0.736 0.468 -0.204 1.547 1.986 1.798 -2.201 2.137 -4.081 8.670 -3.240 -0.188 3.560
0.000 1.000 1.899 -0.152 -2.257 -0.208 -0.078 -0.287 -0.161 1.841 2.195 -1.472 1.417 -1.201 3.073 -0.736 -0.523 0.131
0.000 0.000 5.609 -2.960 -1.408 0.555 2.632 1.710 3.523 0.276 -0.585 -1.598 0.639 -5.208 7.739 -4.244 1.909 5.234
1.000 1.000 5.490 -1.561 -4.089 -0.580 0.573 0.282 1.387 2.634 3.023 -2.785 2.718 -3.566 7.684 -2.860 -0.275 2.389
0.000 1.000 5.316 -1.098 -1.631 -0.384 0.462 0.191 1.379 0.880 0.103 -0.864 0.679 -2.851 6.496 -2.931 -0.197 3.221
1.000 1.000 18.412 -3.878 -5.934 -2.442 1.185 -1.146 3.750 2.635 -0.418 -2.823 2.358 -9.264 22.586 -9.193 -0.811 12.094
0.000 1.000 2.556 -0.286 -1.907 -0.271 0.002 -0.254 0.171 1.382 1.448 -1.248 1.026 -1.470 3.750 -1.228 -0.439 0.900
0.000 1.000 1.024 -0.221 -2.644 -0.060 0.086 -0.215 -0.333 2.091 2.821 -1.832 1.806 -1.070 2.362 -0.281 -0.435 -0.539
0.000 0.000 5.384 -0.771 -3.673 -0.859 -0.037 -0.565 0.300 2.547 2.206 -2.169 1.994 -2.720 7.324 -2.291 -0.840 2.287
1.000 0.000 13.752 -2.624 -2.974 -1.460 0.889 -0.495 3.279 0.892 -1.730 -1.344 0.649 -6.965 16.220 -7.223 -0.552 9.309
1.000 0.000 13.472 -2.571 -3.835 -1.801 0.627 -1.053 2.775 1.374 -1.066 -1.807 1.073 -6.833 16.468 -6.723 -0.624 9.106
1.000 1.000 20.845 -4.150 -5.325 -2.642 1.243 -1.465 4.389 1.721 -1.988 -2.501 1.460 -10.421 25.056 -10.621 -1.010 14.219
1.000 1.000 13.164 -2.453 -3.097 -1.576 0.790 -0.865 2.938 0.819 -1.638 -1.323 0.527 -6.728 15.854 -6.658 -0.459 9.148
1.000 0.000 28.201 -5.856 -7.203 -3.603 1.890 -1.986 5.882 2.397 -2.785 -3.115 2.131 -14.040 33.771 -14.102 -1.105 19.415
0.000 1.000 4.454 -0.622 -3.106 -0.587 0.031 -0.371 0.189 2.297 2.089 -1.916 1.745 -2.288 6.129 -1.948 -0.712 1.813
0.000 1.000 9.133 -1.748 -5.629 -1.256 0.490 -0.624 0.849 3.909 3.290 -3.218 3.278 -4.625 11.957 -3.882 -0.967 4.313
0.000 1.000 1.059 0.867 -3.433 0.083 -0.132 -1.263 -2.012 2.193 4.357 -1.819 1.387 -2.004 3.586 0.347 -0.869 -1.187
0.000 0.000 9.413 -1.837 -3.146 -0.837 0.631 0.122 2.180 1.753 0.309 -1.586 1.428 -4.981 11.423 -4.767 -0.278 5.855
0.000 1.000 3.645 -1.344 -3.156 -0.338 0.550 0.186 0.924 1.990 2.374 -2.204 2.022 -2.835 5.321 -1.751 -0.022 1.511
0.000 0.000 8.249 -1.776 -3.728 -0.812 0.705 0.183 1.830 2.348 1.540 -2.162 2.027 -4.456 10.447 -4.127 -0.240 4.742
1.000 0.000 28.731 -5.682 -7.182 -3.781 1.707 -2.245 5.879 2.219 -3.108 -3.156 1.868 -14.188 34.511 -14.447 -1.340 19.786
1.000 1.000 19.834 -4.097 -5.780 -2.625 1.180 -1.559 3.912 2.228 -1.182 -2.675 1.940 -9.954 24.104 -9.796 -0.896 13.418
0.000 0.000 0.948 0.562 -2.195 0.263 -0.083 -0.611 -0.894 1.432 2.632 -1.282 0.978 -1.533 2.768 -0.250 -0.506 -0.406
0.000 0.000 1.160 -0.711 -6.504 -0.392 0.356 -0.091 -1.399 6.367 8.445 -4.300 5.757 -0.690 3.178 0.266 -1.271 -3.401
0.000 1.000 1.585 0.503 -2.537 -0.232 -0.239 -1.027 -1.231 1.713 2.994 -1.480 0.899 -1.750 3.423 -0.077 -0.634 -0.243
1.000 0.000 12.239 -2.360 -3.589 -1.438 0.769 -0.669 2.639 1.456 -0.587 -1.756 1.148 -6.253 15.031 -6.236 -0.464 8.211
1.000 0.000 6.615 -1.549 -6.529 -1.094 0.277 -0.324 0.434 4.879 5.521 -4.121 4.631 -3.775 9.716 -2.929 -1.207 1.686
0.000 1.000 1.968 0.043 -2.598 0.184 0.285 -0.486 -0.514 1.467 2.873 -1.714 1.065 -2.603 4.165 -0.760 -0.237 0.295
1.000 0.000 23.448 -4.832 -6.100 -3.014 1.544 -1.636 4.948 2.074 -2.180 -2.658 1.810 -11.677 28.155 -11.778 -0.981 16.012
0.000 1.000 3.129 -0.256 -2.501 -0.483 -0.081 -0.313 0.040 1.835 1.916 -1.498 1.334 -1.691 4.554 -1.346 -0.612 0.978
0.000 1.000 1.058 -0.168 -3.934 -0.390 -0.077 -0.322 -0.997 3.749 4.731 -2.533 3.133 -0.664 2.564 -0.013 -1.015 -1.745
1.000 1.000 5.441 -0.765 -2.872 -0.662 0.090 -0.410 0.626 1.881 1.328 -1.638 1.359 -2.869 7.108 -2.453 -0.574 2.833
0.000 1.000 10.633 -1.967 -2.522 -1.137 0.656 -0.451 2.526 0.756 -1.162 -1.187 0.509 -5.435 12.755 -5.604 -0.438 7.147
1.000 1.000 3.262 -1.891 -0.816 0.353 1.657 1.262 2.198 0.157 -0.621 -1.103 0.175 -3.155 4.589 -2.586 1.291 3.259
1.000 1.000 17.071 -3.237 -3.823 -1.893 1.082 -0.720 3.883 1.266 -2.033 -1.702 0.885 -8.518 20.080 -8.768 -0.701 11.556
1.000 1.000 29.881 -6.492 -7.699 -3.724 2.211 -1.866 6.686 2.096 -3.246 -3.256 2.282 -15.333 35.834 -14.862 -0.741 20.908
1.000 1.000 10.154 -1.800 -2.697 -1.226 0.487 -0.693 2.132 0.957 -0.897 -1.272 0.622 -5.116 12.318 -5.174 -0.570 6.745
1.000 1.000 24.634 -5.244 -6.942 -3.218 1.582 -1.745 5.111 2.567 -1.688 -3.198 2.377 -12.425 29.795 -12.292 -0.974 16.801
0.000 1.000 13.013 -2.302 -3.099 -1.414 0.754 -0.479 3.198 0.753 -1.565 -1.493 0.510 -6.796 15.701 -6.698 -0.290 9.088
0.000 1.000 5.188 -0.587 -2.991 -0.696 0.048 -0.407 0.481 1.994 1.665 -1.650 1.415 -2.736 6.987 -2.314 -0.623 2.435
0.000 1.000 15.342 -9.220 -3.790 0.551 6.470 4.054 9.460 0.887 -1.603 -4.550 2.571 -13.837 20.388 -10.905 5.510 14.610
0.000 1.000 5.243 -1.045 -1.361 -0.307 0.459 0.301 1.520 0.605 -0.220 -0.712 0.468 -2.879 6.342 -2.986 -0.122 3.298
0.000 1.000 8.863 -1.568 -2.159 -1.008 0.472 -0.551 1.944 0.661 -0.945 -1.021 0.354 -4.474 10.750 -4.636 -0.463 5.954
1.000 1.000 9.391 -1.993 -3.240 -1.087 0.559 -0.492 2.263 1.218 0.087 -1.867 1.241 -5.405 11.986 -4.894 -0.218 6.367
0.000 1.000 20.790 -4.016 -4.599 -2.659 1.253 -1.518 4.471 1.238 -2.945 -1.875 0.798 -10.285 24.760 -10.561 -0.905 14.427
1.000 1.000 16.572 -3.620 -4.972 -2.198 1.052 -1.009 3.712 1.912 -0.809 -2.444 1.876 -8.576 20.390 -8.577 -0.631 11.201
0.000 1.000 -0.022 0.261 -2.919 -0.241 -0.277 -0.572 -1.042 2.871 3.949 -2.263 2.344 -0.215 1.577 0.190 -0.820 -1.816
0.000 1.000 3.778 -1.927 -1.608 0.456 1.906 0.993 1.932 0.648 0.484 -1.430 0.633 -3.835 5.726 -2.719 1.232 3.214
0.000 0.000 2.628 -0.769 -4.388 -0.260 0.402 0.256 -0.174 3.910 4.880 -2.820 3.491 -1.623 4.158 -0.849 -0.687 -0.668
0.000 1.000 5.655 -1.161 -6.199 -0.723 0.409 0.147 0.014 5.240 5.898 -3.868 4.481 -2.995 8.048 -2.145 -1.119 0.665
0.000 0.000 2.432 -0.390 -3.806 -0.467 -0.031 -0.190 -0.332 3.137 3.754 -2.412 2.641 -1.354 4.018 -0.775 -0.811 -0.347
0.000 0.000 4.791 -1.550 -8.358 -0.726 0.654 0.251 -0.453 7.249 9.115 -5.298 6.786 -2.880 7.611 -1.362 -1.324 -1.243
0.000 1.000 -1.021 0.287 -3.241 -0.184 0.051 -0.402 -1.645 3.945 4.953 -2.430 2.744 0.993 0.005 1.027 -0.821 -3.078
0.000 1.000 1.649 0.036 -3.202 -0.452 -0.228 -0.415 -0.745 2.758 3.358 -1.954 2.079 -0.808 3.049 -0.343 -0.911 -0.790
1.000 0.000 13.809 -2.886 -5.514 -1.864 0.752 -0.899 2.606 2.762 0.964 -2.953 2.553 -7.153 17.446 -6.854 -0.798 8.614
1.000 0.000 11.695 -2.528 -4.661 -1.428 0.805 -0.393 2.253 2.623 1.032 -2.486 2.297 -5.993 14.601 -5.842 -0.615 7.151
0.000 1.000 1.390 0.389 -2.957 -0.005 -0.033 -1.014 -1.347 1.920 3.780 -1.791 1.234 -2.163 3.609 0.002 -0.524 -0.596
1.000 0.000 2.581 -1.118 -2.525 0.284 1.009 -0.121 0.181 1.528 2.700 -2.050 1.106 -3.239 4.589 -1.074 0.568 1.342
1.000 1.000 32.882 -6.363 -7.140 -4.220 2.015 -2.401 7.032 1.731 -4.789 -2.922 1.277 -16.157 39.023 -16.727 -1.480 22.902
1.000 0.000 12.835 -2.414 -3.148 -1.545 0.708 -0.878 2.737 0.986 -1.350 -1.422 0.682 -6.384 15.469 -6.641 -0.663 8.690
1.000 1.000 5.308 -0.796 -1.415 -0.402 0.310 -0.102 1.233 0.678 -0.211 -0.711 0.310 -2.814 6.437 -2.739 -0.234 3.373
1.000 1.000 14.832 -2.574 -2.876 -1.709 0.881 -0.877 3.426 0.389 -2.528 -1.287 -0.010 -7.471 17.529 -7.607 -0.551 10.520
1.000 1.000 9.808 -1.682 -2.425 -0.899 0.564 -0.152 2.340 1.006 -0.815 -1.140 0.693 -5.067 11.651 -5.127 -0.429 6.337
1.000 1.000 11.375 -1.880 -4.017 -1.459 0.398 -0.923 1.913 1.950 0.160 -2.032 1.438 -5.758 14.083 -5.415 -0.803 7.097
0.000 1.000 15.452 -2.960 -3.253 -1.330 1.126 0.203 4.147 1.095 -1.933 -1.436 0.820 -8.075 18.083 -8.168 -0.138 10.680
1.000 1.000 4.163 -1.221 -1.933 0.641 1.216 0.712 1.859 0.421 0.705 -1.429 1.030 -3.984 6.164 -2.859 0.540 3.184
1.000 1.000 16.541 -2.932 -3.917 -2.094 0.826 -1.221 3.486 1.104 -2.125 -1.820 0.665 -8.246 19.840 -8.354 -0.815 11.391
1.000 1.000 3.056 -1.356 -1.527 0.319 1.302 0.585 1.286 0.523 0.971 -1.452 0.421 -3.293 4.629 -1.914 0.803 2.281
1.000 1.000 22.864 -4.529 -5.153 -2.873 1.485 -1.531 5.072 1.327 -3.092 -2.130 1.057 -11.355 27.226 -11.703 -0.939 15.851
0.000 1.000 -0.422 0.323 -3.008 -0.120 -0.148 -0.339 -1.333 3.235 4.275 -2.008 2.409 0.383 0.510 0.745 -0.905 -2.601
0.000 1.000 20.541 -4.186 -5.648 -2.684 1.255 -1.575 4.145 2.064 -1.656 -2.466 1.756 -10.273 24.800 -10.134 -0.871 13.966
1.000 1.000 8.324 -1.495 -2.081 -0.705 0.534 0.015 2.077 0.925 -0.617 -0.960 0.662 -4.349 9.927 -4.441 -0.322 5.344
1.000 1.000 18.477 -3.742 -5.487 -2.477 1.086 -1.422 3.657 2.156 -1.029 -2.548 1.848 -9.213 22.576 -9.219 -0.906 12.387
0.000 1.000 -0.878 0.223 -3.701 -0.093 0.100 -0.168 -1.705 4.515 5.782 -2.469 3.325 1.034 -0.080 1.122 -0.979 -3.637
1.000 1.000 2.726 -1.572 -1.141 0.407 1.421 0.881 1.553 0.520 0.101 -1.244 0.395 -2.822 4.064 -1.996 1.052 2.612
0.000 1.000 9.797 -1.893 -2.450 -1.085 0.617 -0.477 2.391 0.545 -1.081 -1.169 0.490 -5.143 12.030 -5.253 -0.350 6.718
1.000 1.000 10.278 -1.895 -3.944 -1.316 0.548 -0.480 2.057 1.974 0.517 -2.084 1.596 -5.423 13.007 -5.084 -0.478 6.430
1.000 0.000 16.677 -3.369 -5.215 -1.974 1.027 -0.799 3.407 2.506 -0.232 -2.542 2.140 -8.468 20.149 -8.258 -0.779 10.734
1.000 0.000 4.055 -0.678 -2.240 0.670 0.804 0.274 0.847 0.605 1.276 -1.633 0.881 -4.031 6.029 -2.183 0.072 2.752
1.000 0.000 22.899 -4.636 -5.894 -2.949 1.446 -1.670 4.758 1.970 -2.200 -2.589 1.661 -11.381 27.508 -11.508 -1.018 15.659
0.000 1.000 0.922 -0.461 -1.345 0.106 0.443 0.059 0.169 1.197 1.369 -1.265 0.746 -1.160 2.131 -0.676 0.242 0.448
1.000 0.000 23.096 -5.411 -8.757 -3.027 1.721 -0.919 5.105 4.123 0.975 -4.469 4.357 -12.155 28.726 -11.631 -0.799 14.780
0.000 1.000 2.514 -0.627 -3.785 -0.400 0.080 -0.144 -0.044 3.008 3.838 -2.577 2.748 -1.733 4.294 -1.000 -0.631 -0.082
0.000 0.000 2.005 0.828 -3.323 -0.122 -0.341 -1.308 -1.606 2.089 3.901 -1.813 1.307 -2.265 4.398 -0.150 -0.936 -0.394
0.000 0.000 6.316 -0.867 -3.149 -0.852 0.054 -0.493 0.808 1.887 1.267 -1.853 1.403 -3.285 8.223 -2.919 -0.678 3.368
0.000 1.000 2.732 0.612 -3.167 -0.046 -0.162 -1.047 -1.080 1.796 3.322 -1.751 1.182 -2.709 5.169 -0.783 -0.820 0.374
0.000 1.000 3.768 -1.816 -1.351 0.530 1.858 1.108 2.164 0.458 0.095 -1.288 0.532 -3.685 5.576 -2.870 1.204 3.349
1.000 1.000 24.307 -5.003 -5.737 -3.026 1.693 -1.482 5.418 1.703 -2.873 -2.475 1.478 -12.054 28.978 -12.505 -0.958 16.794
1.000 0.000 18.352 -3.635 -4.236 -2.272 1.186 -1.196 4.087 1.070 -2.459 -1.795 0.822 -9.204 21.943 -9.350 -0.659 12.801
0.000 0.000 4.902 -2.570 -1.653 0.008 1.563 1.010 2.876 0.278 0.369 -2.028 0.873 -4.676 6.866 -3.441 1.290 4.099
1.000 0.000 8.329 -1.231 -3.277 -0.976 0.243 -0.562 1.350 1.769 0.614 -1.747 1.248 -4.304 10.433 -3.904 -0.611 4.975
1.000 0.000 8.941 -1.929 -2.895 -0.919 0.641 -0.342 2.307 0.804 -0.303 -1.538 1.033 -5.146 11.369 -4.783 -0.152 6.069
0.000 1.000 2.787 -0.683 -2.716 0.226 0.751 -0.243 0.044 1.414 2.824 -2.007 1.129 -3.411 5.086 -1.239 0.198 1.171
0.000 1.000 0.432 0.100 -4.181 -0.275 -0.107 -0.386 -1.351 4.160 5.474 -2.771 3.400 -0.306 1.899 0.471 -1.091 -2.563
0.000 0.000 5.654 -0.949 -3.666 -0.814 0.161 -0.530 0.389 2.676 2.247 -2.066 2.102 -2.867 7.541 -2.397 -0.747 2.470
0.000 1.000 1.832 -0.348 -2.679 0.459 0.963 -0.204 -0.440 1.612 2.954 -1.671 1.082 -2.625 4.119 -0.789 0.167 0.453
1.000 1.000 8.354 -1.259 -3.882 -1.149 0.141 -0.803 1.002 2.307 1.244 -2.090 1.720 -4.219 10.659 -3.764 -0.845 4.648
1.000 1.000 10.543 -2.067 -3.471 -1.340 0.531 -0.702 2.269 1.316 -0.188 -1.888 1.192 -5.639 13.327 -5.482 -0.485 7.072
0.000 1.000 3.443 -0.561 -1.815 -0.219 0.175 0.181 0.649 1.424 1.111 -1.082 1.023 -1.902 4.429 -1.750 -0.276 1.595
0.000 1.000 2.753 -0.195 -3.186 -0.501 -0.163 -0.350 -0.323 2.581 2.880 -2.003 1.982 -1.422 4.252 -0.981 -0.820 0.215
0.000 1.000 3.654 -0.410 -4.433 -0.636 0.036 -0.206 -0.260 3.738 4.240 -2.841 2.962 -1.923 5.583 -1.220 -0.894 0.217
0.000 1.000 4.077 -2.279 -1.180 0.301 1.691 1.074 2.524 0.369 0.133 -1.662 0.580 -3.956 5.701 -2.959 1.428 3.770
1.000 1.000 19.312 -3.698 -5.888 -2.526 1.026 -1.580 3.484 2.626 -0.643 -2.809 2.079 -9.546 23.415 -9.320 -1.083 12.648
1.000 1.000 20.036 -4.153 -5.416 -2.592 1.265 -1.469 4.167 1.847 -1.720 -2.424 1.641 -10.066 24.223 -10.031 -0.807 13.745
0.000 1.000 7.848 -1.583 -4.454 -1.021 0.514 -0.338 1.189 2.895 2.298 -2.574 2.483 -4.173 10.264 -3.568 -0.582 4.026
0.000 1.000 -0.482 -0.083 -3.137 -0.114 0.250 0.000 -1.151 3.695 4.786 -2.251 2.728 0.608 0.287 0.710 -0.656 -2.788
1.000 1.000 -0.797 0.488 -3.242 -0.091 -0.221 -0.430 -1.666 3.670 4.817 -2.127 2.665 0.730 0.049 1.093 -1.031 -3.180
1.000 0.000 12.613 -2.339 -2.486 -1.375 0.854 -0.527 3.143 0.381 -2.025 -1.119 0.062 -6.505 14.922 -6.521 -0.246 9.055
0.000 1.000 15.927 -3.144 -4.211 -1.495 1.092 0.056 3.916 1.866 -0.973 -1.975 1.578 -8.323 18.903 -8.177 -0.309 10.590
1.000 0.000 12.396 -2.377 -2.763 -1.359 0.858 -0.512 3.059 0.655 -1.572 -1.319 0.358 -6.500 14.840 -6.381 -0.181 8.848
1.000 1.000 13.516 -2.388 -3.107 -1.702 0.677 -0.983 2.966 0.726 -1.902 -1.437 0.408 -6.794 16.278 -6.923 -0.652 9.347
1.000 1.000 5.614 -2.610 -1.718 0.053 1.687 1.120 3.045 0.127 0.125 -1.964 0.625 -5.167 7.413 -3.560 1.346 4.643
1.000 1.000 19.122 -4.200 -4.484 -2.187 1.659 -0.850 4.609 1.003 -2.464 -1.800 1.096 -9.723 22.817 -9.849 -0.382 13.452
0.000 1.000 3.529 -0.521 -2.087 -0.395 0.064 -0.138 0.524 1.392 1.198 -1.284 1.046 -1.967 4.801 -1.731 -0.387 1.676
1.000 0.000 18.348 -3.478 -5.110 -2.459 0.914 -1.550 3.493 1.882 -1.336 -2.531 1.474 -9.024 22.374 -9.229 -1.039 12.422
1.000 0.000 21.869 -4.275 -5.199 -2.687 1.337 -1.381 4.802 1.540 -2.453 -2.422 1.302 -10.966 26.089 -11.252 -1.026 14.917
1.000 0.000 28.810 -5.895 -6.537 -3.616 1.953 -1.873 6.453 1.520 -4.035 -2.653 1.386 -14.432 34.242 -14.598 -0.955 20.262
1.000 0.000 5.016 -1.645 -3.794 -0.517 0.667 0.408 1.427 2.478 2.886 -2.653 2.570 -3.423 7.033 -2.650 -0.111 2.163
1.000 1.000 24.246 -4.862 -5.129 -2.798 1.681 -1.050 5.729 1.286 -3.433 -2.232 1.094 -12.158 28.571 -12.659 -0.853 16.821
1.000 0.000 34.354 -7.539 -8.509 -4.332 2.627 -1.917 7.895 2.395 -3.925 -3.601 2.530 -17.225 41.086 -17.524 -0.899 24.075
1.000 0.000 18.221 -3.603 -4.135 -2.190 1.222 -1.101 4.135 0.807 -2.574 -1.758 0.665 -9.176 21.792 -9.349 -0.644 12.771
1.000 1.000 4.259 -1.893 -1.453 0.312 1.386 0.817 2.234 0.261 0.441 -1.705 0.553 -4.107 5.823 -2.783 1.025 3.579
1.000 0.000 9.203 -1.832 -3.489 -1.093 0.601 -0.500 1.644 1.931 0.626 -1.804 1.573 -4.655 11.478 -4.513 -0.536 5.618
0.000 1.000 8.556 -1.615 -6.807 -1.487 0.296 -0.774 0.280 5.127 4.931 -3.965 4.375 -4.301 11.831 -3.478 -1.403 3.018
0.000 1.000 1.977 -1.074 -3.592 -0.339 0.494 0.217 0.129 2.950 3.842 -2.684 2.726 -1.747 3.558 -0.764 -0.246 -0.411
1.000 0.000 15.438 -3.134 -4.067 -1.928 1.000 -1.091 3.203 1.507 -1.276 -1.826 1.183 -7.701 18.607 -7.800 -0.696 10.459
1.000 0.000 8.176 -1.507 -1.880 -0.683 0.562 0.043 2.093 0.776 -0.793 -0.834 0.523 -4.255 9.722 -4.416 -0.275 5.361
1.000 1.000 29.452 -5.767 -5.939 -3.729 1.883 -1.954 6.653 1.085 -4.991 -2.341 0.705 -14.635 34.837 -15.066 -1.071 20.831
0.000 0.000 11.641 -2.288 -4.735 -1.687 0.568 -0.987 1.865 2.591 0.989 -2.472 2.159 -5.919 14.752 -5.641 -0.912 7.009
1.000 0.000 17.250 -3.827 -5.141 -2.198 1.212 -0.876 4.029 1.909 -0.926 -2.428 1.949 -8.962 21.160 -8.916 -0.507 11.701
0.000 0.000 6.511 -1.079 -4.393 -0.820 0.270 -0.355 0.502 3.323 3.010 -2.583 2.658 -3.301 8.631 -2.732 -0.795 2.681
1.000 1.000 12.383 -2.793 -4.795 -1.613 0.793 -0.728 2.648 2.072 0.620 -2.574 2.213 -6.715 15.710 -6.295 -0.566 7.917
1.000 1.000 4.293 -0.838 -1.057 -0.161 0.428 0.349 1.385 0.416 -0.240 -0.547 0.319 -2.463 5.251 -2.553 -0.045 2.719
1.000 1.000 8.801 -5.154 -2.927 0.443 3.557 2.048 5.215 1.105 0.361 -3.554 1.915 -8.128 12.124 -6.075 3.139 8.204
0.000 0.000 -1.257 0.483 -4.312 -0.265 -0.178 -0.588 -2.252 5.046 6.577 -2.906 3.802 1.261 -0.085 1.446 -1.337 -4.297
0.000 0.000 3.354 -1.066 -7.597 -0.593 0.501 0.100 -0.928 6.910 8.788 -4.827 6.262 -2.027 5.782 -0.588 -1.344 -2.158
1.000 0.000 20.391 -3.996 -4.711 -2.401 1.335 -1.099 4.513 1.496 -2.389 -2.052 1.146 -10.127 24.139 -10.416 -0.846 13.918
0.000 0.000 5.597 -0.988 -1.734 -0.539 0.335 -0.166 1.278 0.831 -0.029 -0.899 0.554 -2.916 6.915 -2.982 -0.332 3.422
1.000 0.000 26.518 -5.239 -5.997 -3.368 1.671 -1.833 5.744 1.585 -3.641 -2.479 1.196 -13.152 31.549 -13.447 -1.046 18.483
1.000 0.000 26.095 -5.326 -6.751 -3.349 1.676 -1.928 5.314 2.338 -2.449 -2.940 1.997 -12.956 31.295 -13.003 -1.111 17.868
1.000 0.000 8.131 -1.458 -2.531 -0.977 0.386 -0.594 1.546 1.180 -0.174 -1.228 0.797 -4.069 9.985 -4.091 -0.552 5.141
0.000 1.000 3.831 -0.387 -3.379 -0.660 -0.114 -0.450 -0.080 2.525 2.625 -2.078 1.949 -1.988 5.558 -1.505 -0.824 1.077
0.000 1.000 3.697 -0.574 -3.222 -0.624 0.002 -0.387 0.015 2.478 2.469 -1.934 1.946 -1.922 5.308 -1.506 -0.732 1.100
1.000 0.000 9.655 -1.524 -3.456 -1.120 0.359 -0.614 1.708 1.725 0.274 -1.777 1.227 -4.972 11.970 -4.593 -0.593 6.009
1.000 1.000 9.750 -5.936 -2.405 0.292 4.072 2.606 6.151 0.638 -0.877 -3.124 1.659 -8.847 13.165 -7.092 3.578 9.350
1.000 0.000 9.540 -1.766 -3.009 -1.067 0.529 -0.460 1.889 1.559 -0.025 -1.487 1.142 -4.827 11.568 -4.760 -0.575 5.944
1.000 1.000 11.006 -2.278 -3.271 -1.285 0.750 -0.520 2.361 1.453 -0.371 -1.588 1.202 -5.565 13.419 -5.676 -0.520 7.193
1.000 1.000 16.928 -3.735 -5.414 -2.243 1.073 -1.020 3.740 2.146 -0.471 -2.726 2.158 -8.880 20.970 -8.668 -0.615 11.405
1.000 0.000 18.740 -4.160 -7.233 -2.492 1.278 -0.970 3.774 3.578 0.947 -3.641 3.459 -9.701 23.342 -9.233 -0.827 11.830
0.000 0.000 3.617 -1.982 -1.014 0.361 1.528 1.115 2.288 0.173 -0.188 -1.285 0.316 -3.508 4.951 -2.610 1.280 3.309
0.000 0.000 1.795 -1.161 -2.808 -0.184 0.639 0.212 0.579 2.453 3.212 -2.461 2.403 -1.724 3.660 -1.324 0.096 0.252
0.000 0.000 9.032 -1.702 -4.719 -1.030 0.515 -0.202 1.436 3.114 2.320 -2.741 2.598 -4.725 11.600 -4.184 -0.615 4.795
1.000 1.000 8.810 -1.880 -4.131 -1.219 0.473 -0.596 1.596 2.250 1.408 -2.281 2.093 -4.667 11.446 -4.391 -0.660 5.069
0.000 1.000 6.657 -1.365 -4.172 -0.906 0.426 -0.198 1.071 2.817 2.471 -2.536 2.393 -3.680 8.949 -3.079 -0.506 3.216
0.000 1.000 5.225 -0.965 -1.997 -0.522 0.320 -0.117 1.120 1.121 0.441 -1.087 0.829 -2.746 6.581 -2.745 -0.342 3.006
1.000 0.000 17.938 -3.457 -4.901 -2.373 0.972 -1.464 3.572 1.736 -1.552 -2.111 1.385 -8.982 21.730 -8.841 -0.862 12.092
1.000 1.000 11.959 -2.355 -4.533 -1.495 0.686 -0.613 2.170 2.550 0.787 -2.334 2.106 -6.057 14.809 -5.801 -0.699 7.271
1.000 1.000 16.346 -3.318 -4.893 -2.178 0.906 -1.309 3.194 1.957 -0.739 -2.377 1.678 -8.252 20.010 -8.201 -0.890 10.898
1.000 0.000 29.288 -5.808 -8.599 -3.723 1.705 -1.943 5.648 3.719 -1.347 -4.043 3.166 -14.519 35.211 -14.240 -1.353 19.412
1.000 0.000 3.007 -0.659 -2.730 0.347 0.927 -0.053 0.226 1.266 2.646 -1.900 1.080 -3.591 5.449 -1.523 0.216 1.365
1.000 1.000 5.878 -2.163 -2.804 -0.378 0.980 0.412 2.354 0.930 1.011 -2.347 1.362 -4.841 8.069 -3.311 0.616 4.121
1.000 0.000 5.494 -0.996 -2.775 -0.652 0.254 -0.322 0.881 1.708 1.284 -1.653 1.415 -2.950 7.279 -2.743 -0.489 2.946
0.000 1.000 8.952 -1.978 -5.481 -0.961 0.691 0.250 1.422 4.048 3.575 -3.299 3.576 -4.736 11.606 -4.196 -0.663 4.135
0.000 1.000 2.310 -1.108 -3.190 -0.240 0.352 -0.065 0.403 2.400 3.163 -2.494 2.380 -2.281 4.083 -1.079 -0.065 0.425
1.000 0.000 10.112 -1.869 -2.578 -1.229 0.550 -0.783 2.056 0.838 -0.942 -1.217 0.556 -5.043 12.356 -5.227 -0.553 6.832
1.000 0.000 11.747 -2.617 -3.304 -1.364 0.882 -0.347 3.133 0.991 -0.859 -1.694 1.056 -6.427 14.578 -6.319 -0.103 8.290
0.000 1.000 14.316 -2.896 -7.233 -2.044 0.803 -0.916 1.989 4.590 3.033 -3.932 3.970 -7.209 18.334 -6.616 -1.217 7.783
0.000 0.000 4.091 -2.106 -1.380 0.477 1.972 1.158 2.357 0.454 0.077 -1.399 0.566 -3.988 5.931 -3.033 1.358 3.655
1.000 0.000 16.591 -3.328 -5.663 -2.129 0.928 -1.036 3.076 2.789 0.173 -2.893 2.351 -8.275 20.382 -8.160 -0.887 10.686
1.000 0.000 3.140 -0.831 -1.660 0.165 0.748 0.229 1.017 0.673 1.066 -1.512 0.534 -3.038 4.664 -1.791 0.338 2.163
1.000 0.000 12.650 -2.368 -2.668 -1.304 0.806 -0.430 3.073 0.762 -1.645 -1.208 0.539 -6.427 14.912 -6.696 -0.516 8.533
1.000 1.000 23.239 -5.206 -6.173 -2.893 1.832 -1.253 5.343 1.866 -2.299 -2.620 1.979 -11.874 27.942 -11.707 -0.529 16.182
1.000 0.000 11.121 -1.915 -2.620 -1.305 0.568 -0.722 2.390 0.798 -1.345 -1.244 0.395 -5.552 13.343 -5.693 -0.578 7.544
0.000 0.000 4.973 -0.713 -3.656 -0.818 0.038 -0.572 0.241 2.563 2.458 -2.182 2.046 -2.601 6.971 -2.091 -0.800 1.922
0.000 0.000 8.030 -1.226 -2.682 -0.920 0.243 -0.522 1.505 1.217 0.028 -1.469 0.841 -4.151 9.922 -3.928 -0.570 5.015
0.000 1.000 7.490 -2.164 -3.811 -0.779 0.683 -0.063 2.323 1.613 1.556 -2.428 2.263 -5.073 10.192 -4.149 -0.026 4.701
1.000 0.000 14.704 -2.610 -3.940 -1.789 0.760 -1.027 2.862 1.686 -1.035 -1.833 1.117 -7.257 17.582 -7.237 -0.821 9.646
0.000 0.000 0.378 0.853 -2.850 -0.090 -0.515 -1.348 -1.875 2.121 3.799 -1.700 1.348 -1.061 2.275 0.641 -0.913 -1.356
1.000 0.000 15.181 -2.400 -3.462 -1.610 0.720 -0.715 3.407 0.914 -1.923 -1.676 0.414 -7.720 18.022 -7.604 -0.555 10.502
0.000 0.000 8.409 -1.515 -6.440 -1.295 0.343 -0.616 0.363 4.867 4.649 -3.782 4.074 -4.230 11.430 -3.360 -1.225 3.101
0.000 0.000 1.996 -0.643 -1.841 0.585 1.023 0.296 0.510 1.041 1.604 -1.365 0.816 -2.383 3.775 -1.333 0.452 1.312
1.000 0.000 13.384 -2.795 -5.052 -1.851 0.669 -0.990 2.630 2.254 0.463 -2.688 2.161 -7.059 16.965 -6.720 -0.731 8.618
0.000 0.000 5.928 -3.374 -1.370 0.373 2.502 1.752 3.839 0.245 -0.658 -1.675 0.777 -5.414 8.029 -4.448 2.098 5.561
1.000 0.000 25.898 -5.495 -7.143 -3.374 1.706 -1.825 5.361 2.639 -1.920 -3.238 2.390 -12.974 31.223 -12.913 -1.026 17.683
1.000 0.000 18.095 -3.715 -4.724 -2.156 1.213 -0.894 4.072 1.721 -1.451 -2.273 1.524 -9.175 21.674 -9.339 -0.766 12.161
1.000 0.000 17.369 -3.424 -5.700 -2.040 0.998 -0.738 3.455 2.837 0.009 -2.785 2.415 -8.868 21.026 -8.492 -0.834 11.021
1.000 0.000 10.337 -2.382 -4.293 -1.284 0.713 -0.477 2.285 2.047 0.938 -2.329 2.085 -5.678 13.202 -5.240 -0.413 6.471
1.000 0.000 13.563 -2.284 -3.214 -1.636 0.636 -0.917 2.930 0.850 -1.721 -1.587 0.463 -6.841 16.310 -6.885 -0.663 9.342
0.000 1.000 11.095 -2.115 -2.428 -1.198 0.727 -0.570 2.676 0.624 -1.357 -1.149 0.347 -5.827 13.297 -5.744 -0.252 7.828
0.000 0.000 1.504 -0.211 -4.672 -0.501 -0.132 -0.433 -1.118 4.296 5.430 -2.992 3.659 -0.884 3.301 -0.105 -1.202 -1.821
1.000 0.000 25.503 -5.440 -6.585 -3.281 1.757 -1.610 5.628 2.183 -2.417 -2.963 2.044 -12.782 30.660 -13.030 -0.942 17.578
0.000 1.000 2.903 -0.303 -2.271 -0.364 -0.055 -0.253 0.100 1.672 1.697 -1.517 1.226 -1.598 4.231 -1.325 -0.536 1.032
1.000 0.000 17.116 -3.644 -5.929 -2.381 0.954 -1.134 3.613 2.472 -0.007 -3.122 2.484 -8.953 21.474 -8.808 -0.846 11.236
0.000 0.000 -0.485 0.315 -4.308 -0.316 -0.220 -0.581 -1.839 4.597 6.122 -2.984 3.681 0.436 1.019 0.901 -1.275 -3.492
0.000 0.000 2.429 -0.739 -3.873 -0.475 0.167 -0.009 -0.051 3.104 3.812 -2.622 2.755 -1.674 4.078 -0.852 -0.574 -0.248
1.000 0.000 35.867 -8.095 -8.515 -4.370 3.005 -1.800 8.473 2.080 -4.492 -3.567 2.437 -18.205 42.664 -18.313 -0.728 25.395
1.000 0.000 22.756 -4.523 -6.080 -2.931 1.322 -1.691 4.584 2.143 -1.867 -2.877 1.800 -11.299 27.408 -11.430 -1.140 15.459
1.000 1.000 12.929 -2.936 -5.117 -1.587 0.822 -0.667 2.970 2.088 0.785 -2.879 2.360 -7.316 16.512 -6.540 -0.411 8.419
0.000 0.000 1.119 -0.489 -6.551 -0.471 0.195 -0.255 -1.621 6.419 8.347 -4.226 5.662 -0.651 3.155 0.429 -1.414 -3.492
0.000 0.000 4.137 -1.442 -2.530 0.398 1.001 0.383 1.745 0.796 1.472 -1.770 1.669 -4.006 6.253 -2.682 0.357 2.731
1.000 1.000 13.190 -2.493 -3.113 -1.622 0.785 -0.910 2.922 0.870 -1.594 -1.386 0.605 -6.708 15.860 -6.701 -0.558 9.035
1.000 1.000 2.403 -1.316 -2.587 -0.011 0.847 0.643 0.837 1.922 2.432 -1.922 1.901 -2.130 3.685 -1.325 0.194 0.676
1.000 0.000 19.724 -4.288 -5.573 -2.539 1.359 -1.230 4.285 2.116 -1.309 -2.572 1.962 -9.970 23.899 -9.989 -0.697 13.439
1.000 0.000 3.240 -1.336 -1.731 0.606 1.685 0.869 1.349 0.635 0.778 -1.229 0.546 -3.482 5.180 -2.253 0.881 2.473
1.000 0.000 20.384 -4.046 -6.073 -2.794 1.054 -1.750 3.842 2.305 -1.101 -2.988 1.971 -10.184 24.999 -10.160 -1.127 13.762
0.000 1.000 -1.234 0.571 -2.004 -0.124 -0.203 -0.411 -1.528 2.734 3.470 -1.315 1.645 1.115 -0.650 1.015 -0.780 -2.688
1.000 1.000 16.309 -3.747 -5.509 -1.987 1.364 -0.455 3.852 2.387 -0.017 -2.748 2.461 -8.587 20.154 -8.429 -0.427 10.693
1.000 1.000 2.790 -1.496 -0.947 0.406 1.441 1.002 1.718 0.297 -0.144 -1.102 0.213 -2.826 4.068 -2.133 1.039 2.647
1.000 1.000 19.679 -4.753 -7.389 -2.396 1.829 -0.273 4.779 3.373 0.870 -3.842 3.720 -10.603 24.518 -10.135 -0.431 12.587
1.000 1.000 15.588 -2.557 -3.870 -1.800 0.709 -0.866 3.348 1.286 -1.635 -1.946 0.804 -7.827 18.603 -7.867 -0.802 10.452
0.000 0.000 11.106 -2.401 -5.206 -1.503 0.776 -0.520 2.023 2.993 1.740 -2.822 2.690 -5.836 14.189 -5.299 -0.622 6.442
1.000 0.000 18.048 -3.431 -4.889 -2.398 0.885 -1.528 3.500 1.641 -1.500 -2.409 1.300 -8.945 21.993 -9.141 -1.027 12.297
0.000 1.000 4.080 -1.182 -3.521 -0.315 0.357 -0.222 0.732 1.978 2.540 -2.407 2.105 -3.126 6.072 -1.858 -0.259 1.874
0.000 0.000 8.381 -1.510 -5.209 -1.084 0.370 -0.435 0.801 3.728 3.165 -3.007 3.070 -4.232 10.981 -3.629 -0.925 3.845
1.000 1.000 16.857 -2.753 -4.096 -1.943 0.778 -0.931 3.615 1.336 -1.882 -2.028 0.794 -8.426 20.056 -8.466 -0.820 11.382
0.000 1.000 6.841 -1.137 -2.342 -0.774 0.266 -0.549 1.258 1.009 0.100 -1.274 0.738 -3.620 8.680 -3.483 -0.482 4.285
1.000 1.000 7.721 -1.484 -3.401 -0.953 0.526 -0.123 1.625 2.062 1.161 -1.916 1.642 -4.174 9.949 -3.877 -0.341 4.510
0.000 1.000 6.424 -1.183 -2.653 -0.709 0.344 -0.269 1.064 1.648 0.799 -1.462 1.250 -3.284 8.187 -3.218 -0.454 3.746
1.000 0.000 15.030 -3.185 -5.299 -1.917 0.976 -0.759 2.924 2.734 0.405 -2.655 2.389 -7.605 18.507 -7.446 -0.748 9.535
1.000 0.000 20.724 -3.922 -4.688 -2.581 1.204 -1.473 4.442 1.235 -2.691 -2.081 0.914 -10.277 24.706 -10.642 -1.047 14.242
1.000 0.000 13.675 -2.781 -3.816 -1.628 0.883 -0.744 3.003 1.543 -0.761 -1.868 1.311 -6.974 16.500 -7.028 -0.653 9.015
1.000 1.000 17.411 -3.482 -4.292 -2.009 1.143 -0.819 3.983 1.481 -1.619 -2.046 1.279 -8.829 20.726 -9.007 -0.739 11.699
0.000 1.000 12.741 -2.136 -3.413 -1.379 0.644 -0.513 2.896 1.150 -1.045 -1.695 0.783 -6.597 15.405 -6.394 -0.408 8.622
0.000 1.000 3.870 -1.620 -1.595 0.819 1.986 1.316 2.123 0.523 0.101 -1.338 0.628 -3.866 5.909 -2.993 1.168 3.449
0.000 1.000 7.516 -1.227 -3.164 -0.899 0.312 -0.544 1.104 1.937 0.946 -1.739 1.395 -3.839 9.503 -3.501 -0.561 4.376
0.000 1.000 2.068 -0.834 -1.136 0.275 0.801 0.487 0.870 0.553 0.622 -1.150 0.288 -2.282 3.284 -1.345 0.562 1.549
1.000 0.000 16.563 -3.241 -4.440 -2.163 0.949 -1.312 3.358 1.531 -1.451 -1.975 1.209 -8.315 20.035 -8.239 -0.803 11.203
1.000 0.000 5.937 -0.809 -1.849 -0.683 0.112 -0.496 1.132 0.666 -0.220 -1.007 0.369 -3.144 7.572 -3.128 -0.481 3.762
1.000 1.000 5.022 -0.957 -3.508 -0.646 0.184 -0.250 0.564 2.573 2.516 -2.126 2.263 -2.764 6.874 -2.398 -0.709 1.941
1.000 0.000 24.015 -4.992 -6.328 -3.122 1.583 -1.683 5.073 2.172 -2.180 -2.762 1.922 -11.955 28.903 -12.070 -0.970 16.436
1.000 1.000 3.975 -1.057 -2.913 -0.298 0.525 0.346 0.875 2.141 2.290 -1.907 2.001 -2.463 5.480 -2.016 -0.198 1.559
1.000 1.000 24.247 -4.847 -6.593 -3.227 1.426 -1.981 4.766 2.349 -1.975 -2.978 1.996 -11.985 29.328 -12.059 -1.190 16.493
0.000 1.000 5.124 -0.935 -1.383 -0.327 0.372 0.165 1.408 0.624 -0.171 -0.716 0.474 -2.810 6.238 -2.879 -0.195 3.159
0.000 0.000 11.657 -2.053 -2.930 -1.420 0.553 -0.794 2.502 0.885 -1.282 -1.400 0.563 -5.870 14.074 -5.938 -0.603 7.880
0.000 1.000 8.676 -1.570 -3.855 -0.920 0.534 -0.163 1.611 2.417 1.446 -2.161 1.914 -4.547 10.934 -4.113 -0.401 4.988
0.000 1.000 14.415 -2.350 -3.448 -1.605 0.689 -0.769 3.148 1.034 -1.660 -1.683 0.561 -7.270 17.168 -7.223 -0.629 9.812
1.000 1.000 14.399 -3.136 -5.012 -1.762 1.159 -0.543 3.078 2.328 0.145 -2.445 2.185 -7.420 17.799 -7.219 -0.493 9.270
0.000 0.000 9.046 -1.588 -2.807 -1.050 0.419 -0.508 1.836 1.260 -0.239 -1.429 0.888 -4.586 11.062 -4.572 -0.545 5.745
0.000 0.000 1.553 -0.731 -2.955 -0.093 0.462 0.357 0.053 2.681 3.505 -2.060 2.353 -1.212 2.653 -0.555 -0.255 -0.625
0.000 1.000 8.404 -1.376 -2.757 -0.959 0.315 -0.480 1.627 1.320 -0.029 -1.450 0.921 -4.268 10.312 -4.207 -0.588 5.195
0.000 1.000 4.904 -0.680 -2.219 -0.587 0.054 -0.399 0.642 1.347 0.756 -1.337 0.907 -2.575 6.460 -2.389 -0.469 2.803
1.000 1.000 10.633 -1.872 -2.637 -1.225 0.557 -0.553 2.497 0.712 -1.214 -1.266 0.435 -5.549 12.933 -5.453 -0.336 7.384
0.000 0.000 3.970 -1.971 -2.169 0.426 1.821 0.662 1.632 1.000 1.559 -1.998 0.939 -4.258 6.156 -2.482 1.190 3.037
1.000 0.000 9.673 -2.127 -4.916 -1.354 0.460 -0.730 1.736 2.597 1.892 -2.809 2.607 -5.334 12.745 -4.728 -0.723 5.537
1.000 1.000 20.106 -3.729 -4.258 -2.503 1.165 -1.331 4.530 0.894 -3.118 -1.823 0.531 -10.074 23.870 -10.244 -0.778 14.124
1.000 1.000 -0.091 0.707 -2.378 0.278 -0.152 -0.940 -1.642 1.908 3.143 -1.386 1.150 -0.745 1.580 0.614 -0.587 -1.235
1.000 1.000 17.217 -3.147 -3.646 -2.157 0.962 -1.180 3.870 0.744 -2.733 -1.579 0.402 -8.604 20.543 -8.852 -0.742 12.037
1.000 0.000 10.613 -2.033 -3.358 -1.348 0.519 -0.710 2.240 1.335 -0.378 -1.707 1.105 -5.568 13.159 -5.308 -0.453 7.046
1.000 0.000 28.581 -6.011 -7.596 -3.702 1.903 -1.984 5.968 2.697 -2.447 -3.424 2.420 -14.240 34.349 -14.332 -1.127 19.623
0.000 1.000 2.938 -1.638 -1.823 -0.076 0.894 0.477 1.509 1.019 1.188 -2.029 1.111 -3.008 4.618 -1.983 0.744 2.126
0.000 0.000 2.131 -1.233 -4.219 -0.271 0.703 0.400 0.016 3.717 4.847 -3.000 3.403 -1.694 3.639 -0.684 -0.323 -0.818
1.000 1.000 13.515 -2.548 -3.796 -1.779 0.648 -1.106 2.665 1.330 -0.952 -1.922 1.050 -6.731 16.604 -6.932 -0.796 9.111
1.000 1.000 9.949 -1.830 -2.494 -1.198 0.504 -0.637 2.210 0.783 -1.064 -1.153 0.514 -5.040 12.053 -5.144 -0.479 6.716
0.000 1.000 10.994 -2.731 -6.879 -1.386 0.938 -0.032 2.377 4.226 4.090 -4.236 4.395 -6.426 14.701 -5.389 -0.614 5.476
1.000 1.000 13.543 -3.379 -4.771 -1.403 1.516 0.019 3.450 2.021 0.296 -2.345 2.324 -7.286 16.690 -7.038 -0.165 8.742
1.000 0.000 16.263 -2.615 -3.843 -1.778 0.769 -0.818 3.581 1.107 -1.933 -1.871 0.590 -8.230 19.315 -8.106 -0.647 11.155
0.000 1.000 -0.285 0.138 -2.034 0.047 0.055 -0.048 -0.780 2.460 3.191 -1.471 1.693 0.282 0.338 0.413 -0.470 -1.802
1.000 0.000 11.697 -2.450 -4.236 -1.527 0.616 -0.801 2.413 1.813 0.215 -2.231 1.716 -6.271 14.767 -5.881 -0.522 7.684
0.000 0.000 21.790 -4.223 -4.685 -2.776 1.309 -1.509 4.839 1.094 -3.322 -1.923 0.723 -10.863 25.923 -11.122 -0.866 15.258
1.000 1.000 16.660 -3.153 -4.092 -2.095 0.925 -1.212 3.540 1.137 -1.999 -1.796 0.827 -8.369 20.003 -8.368 -0.725 11.486
0.000 0.000 5.039 -2.616 -1.548 0.570 2.353 1.449 3.065 0.494 -0.184 -1.663 0.785 -4.734 7.158 -3.805 1.690 4.680
0.000 1.000 7.703 -1.506 -2.339 -0.704 0.517 -0.381 1.852 0.830 -0.092 -1.342 0.735 -4.505 9.617 -3.938 -0.115 5.261
1.000 0.000 8.851 -1.422 -3.893 -1.145 0.270 -0.673 1.304 2.195 1.076 -2.116 1.683 -4.584 11.283 -4.109 -0.700 5.159
0.000 1.000 12.334 -2.061 -2.584 -1.095 0.715 -0.193 3.120 0.741 -1.594 -1.262 0.407 -6.446 14.494 -6.444 -0.336 8.427
1.000 0.000 19.260 -3.875 -4.569 -2.217 1.307 -0.836 4.468 1.488 -2.037 -2.153 1.277 -9.764 22.853 -10.002 -0.763 13.061
0.000 0.000 12.153 -1.991 -3.282 -1.278 0.616 -0.418 2.803 1.119 -0.936 -1.663 0.733 -6.366 14.745 -6.112 -0.343 8.260
0.000 1.000 3.177 -0.955 -2.742 -0.070 0.353 -0.264 0.583 1.357 1.932 -2.029 1.481 -3.142 4.991 -1.366 0.028 1.624
1.000 1.000 24.731 -5.059 -6.430 -3.180 1.611 -1.718 5.190 2.218 -2.276 -2.828 1.918 -12.285 29.682 -12.418 -1.046 16.872
0.000 0.000 3.892 -0.980 -3.858 -0.626 0.246 -0.154 0.266 3.000 3.320 -2.362 2.698 -2.241 5.771 -1.768 -0.703 0.927
0.000 1.000 2.753 -0.431 -1.917 -0.234 0.114 -0.049 0.319 1.487 1.395 -1.158 1.101 -1.541 3.851 -1.320 -0.325 1.089
0.000 1.000 -1.549 0.797 -3.242 -0.197 -0.319 -0.625 -2.234 3.994 5.183 -2.087 2.679 1.420 -0.759 1.569 -1.258 -3.968
1.000 0.000 13.670 -2.739 -5.018 -1.882 0.599 -1.175 2.448 2.214 0.278 -2.602 2.007 -7.100 17.231 -6.722 -0.827 8.871
1.000 1.000 11.658 -2.045 -3.115 -1.457 0.536 -0.910 2.311 1.115 -1.038 -1.475 0.684 -5.830 14.130 -5.834 -0.650 7.821
1.000 1.000 9.295 -1.427 -2.790 -1.006 0.382 -0.502 1.817 1.297 -0.317 -1.405 0.792 -4.704 11.259 -4.560 -0.561 5.903
1.000 0.000 16.993 -3.137 -4.246 -1.966 0.996 -0.880 3.623 1.674 -1.555 -1.865 1.201 -8.450 20.167 -8.543 -0.790 11.267
0.000 0.000 3.381 -1.572 -1.397 0.518 1.722 0.970 1.815 0.525 0.331 -1.243 0.511 -3.406 5.170 -2.553 1.051 2.903
1.000 1.000 19.574 -4.329 -7.894 -2.565 1.358 -0.895 3.871 4.158 1.602 -4.139 3.977 -10.114 24.418 -9.627 -0.933 12.061
0.000 0.000 7.840 -1.383 -2.395 -0.890 0.459 -0.247 1.858 0.968 -0.264 -1.260 0.681 -4.179 9.799 -4.079 -0.254 5.174
1.000 1.000 16.480 -3.112 -3.975 -2.112 0.892 -1.228 3.552 1.124 -2.024 -1.736 0.836 -8.295 19.828 -8.325 -0.725 11.346
1.000 0.000 15.276 -2.629 -3.140 -1.786 0.843 -0.928 3.489 0.551 -2.466 -1.419 0.164 -7.692 18.155 -7.824 -0.597 10.739
1.000 0.000 6.711 -1.227 -2.552 -0.609 0.445 -0.454 1.316 1.012 0.730 -1.699 0.771 -4.236 8.752 -3.272 -0.155 4.401
0.000 1.000 3.699 -1.545 -9.786 -0.877 0.619 0.037 -1.119 8.791 11.509 -6.339 8.505 -2.598 7.134 -0.697 -1.671 -3.102
0.000 1.000 3.155 -1.622 -1.213 0.496 1.450 0.885 1.826 0.464 0.144 -1.233 0.517 -3.135 4.611 -2.316 1.050 2.868
1.000 1.000 5.793 -3.263 -2.085 0.505 2.213 1.207 3.058 0.664 0.615 -2.552 1.018 -5.780 7.740 -3.517 1.907 5.190
1.000 0.000 28.948 -6.031 -7.498 -3.751 1.907 -2.014 6.101 2.552 -2.751 -3.267 2.297 -14.403 34.717 -14.518 -1.146 19.868
0.000 1.000 3.233 -1.319 -1.845 0.233 0.988 0.239 1.066 0.782 1.539 -1.732 0.724 -3.463 4.853 -1.749 0.637 2.209
0.000 1.000 10.408 -1.899 -2.965 -1.345 0.426 -0.791 2.159 1.057 -0.785 -1.451 0.777 -5.300 12.774 -5.266 -0.549 6.948
1.000 0.000 25.945 -5.026 -6.779 -3.459 1.454 -2.167 5.110 2.295 -2.555 -2.879 1.899 -12.868 31.251 -12.745 -1.220 17.647
0.000 1.000 11.879 -2.342 -2.233 -0.985 0.915 0.197 3.294 0.631 -1.792 -0.948 0.424 -6.232 13.919 -6.446 -0.075 8.342
1.000 0.000 19.250 -4.065 -5.238 -2.482 1.266 -1.323 4.056 1.941 -1.502 -2.348 1.687 -9.643 23.259 -9.690 -0.746 13.148
1.000 0.000 11.465 -2.729 -4.794 -1.431 0.889 -0.351 2.737 2.245 1.031 -2.620 2.416 -6.375 14.666 -5.908 -0.359 7.191
1.000 0.000 16.002 -2.837 -3.828 -2.022 0.799 -1.182 3.364 1.091 -2.020 -1.770 0.661 -7.980 19.209 -8.071 -0.786 11.001
1.000 1.000 10.637 -1.923 -2.623 -1.319 0.496 -0.723 2.390 0.700 -1.277 -1.262 0.435 -5.465 12.936 -5.470 -0.449 7.360
1.000 0.000 11.036 -2.053 -2.700 -1.255 0.630 -0.633 2.490 0.868 -1.128 -1.210 0.624 -5.618 13.273 -5.753 -0.562 7.360
1.000 1.000 8.462 -1.429 -2.713 -1.003 0.379 -0.550 1.601 1.339 -0.096 -1.328 0.908 -4.263 10.360 -4.182 -0.578 5.248
1.000 0.000 23.536 -4.650 -5.651 -2.840 1.525 -1.373 5.093 1.862 -2.536 -2.522 1.491 -11.693 27.918 -11.930 -1.013 16.034
1.000 0.000 13.596 -2.416 -3.333 -1.685 0.674 -0.995 2.830 1.037 -1.561 -1.558 0.609 -6.785 16.351 -6.865 -0.685 9.277
1.000 0.000 11.804 -1.854 -4.271 -1.569 0.363 -1.133 1.780 2.117 0.280 -2.211 1.521 -5.939 14.664 -5.496 -0.934 7.303
0.000 1.000 1.650 -0.688 -1.743 0.200 0.536 0.304 0.621 1.237 1.624 -1.613 1.080 -1.743 2.949 -1.072 0.272 0.788
1.000 1.000 21.580 -4.343 -6.699 -2.948 1.159 -1.725 4.127 2.692 -0.844 -3.307 2.377 -10.837 26.502 -10.713 -1.140 14.424
1.000 1.000 5.992 -3.096 -3.106 -0.334 1.770 1.182 2.989 1.173 1.343 -2.734 1.818 -5.324 8.231 -3.537 1.202 4.123
0.000 1.000 2.257 0.658 -3.467 -0.048 -0.096 -1.176 -1.484 2.010 3.950 -1.888 1.296 -2.669 4.827 -0.320 -0.825 -0.231
0.000 1.000 5.139 -2.197 -2.475 -0.348 1.160 0.628 2.184 0.785 0.754 -2.249 1.065 -4.443 7.030 -2.810 0.810 3.637
1.000 1.000 13.274 -2.364 -3.298 -1.680 0.633 -0.973 2.843 0.920 -1.587 -1.539 0.601 -6.682 16.044 -6.741 -0.663 9.063
0.000 1.000 8.476 -1.466 -2.841 -0.907 0.369 -0.685 1.660 0.938 -0.140 -1.558 0.852 -4.741 10.736 -4.258 -0.472 5.553
0.000 1.000 1.685 -0.697 -1.635 0.124 0.578 0.235 0.481 1.056 1.396 -1.488 0.779 -1.942 2.981 -0.980 0.275 0.821
0.000 1.000 5.384 -2.813 -1.712 0.601 2.374 1.422 3.121 0.522 0.100 -1.826 0.869 -5.161 7.516 -3.820 1.773 4.830
1.000 1.000 6.231 -1.508 -4.433 -0.687 0.558 0.050 1.102 3.075 3.200 -2.759 2.970 -3.596 8.470 -2.999 -0.528 2.600
0.000 1.000 4.684 -1.198 -7.569 -0.969 0.120 -0.324 -0.499 6.277 7.802 -4.887 5.937 -2.856 7.858 -1.652 -1.508 -0.677
1.000 1.000 14.990 -3.470 -5.395 -1.712 1.342 -0.366 3.393 2.539 0.520 -2.736 2.598 -7.852 18.482 -7.600 -0.446 9.552
1.000 1.000 11.961 -2.557 -4.097 -1.559 0.728 -0.654 2.702 1.662 -0.070 -2.133 1.615 -6.413 15.084 -6.199 -0.432 7.977
0.000 1.000 9.614 -1.620 -2.823 -1.214 0.305 -0.909 1.846 0.948 -0.587 -1.487 0.671 -5.024 12.023 -4.878 -0.578 6.440
0.000 1.000 3.821 -1.254 -2.518 0.076 0.733 0.193 1.325 0.999 1.463 -1.707 1.492 -3.297 5.654 -2.186 0.180 2.311
0.000 1.000 8.319 -1.537 -2.284 -0.955 0.464 -0.443 1.854 0.828 -0.588 -1.130 0.564 -4.248 10.181 -4.345 -0.412 5.480
1.000 0.000 20.508 -4.332 -5.867 -2.725 1.269 -1.394 4.383 2.132 -1.383 -2.784 2.000 -10.369 25.019 -10.452 -0.844 13.965
1.000 1.000 26.791 -5.209 -5.477 -3.412 1.681 -1.824 6.041 1.104 -4.367 -2.153 0.746 -13.290 31.730 -13.738 -1.083 18.762
1.000 0.000 25.292 -4.947 -5.811 -3.222 1.572 -1.827 5.404 1.579 -3.295 -2.409 1.249 -12.495 30.147 -12.845 -1.138 17.481
1.000 1.000 14.863 -2.750 -3.411 -1.778 0.898 -0.972 3.307 0.852 -1.942 -1.439 0.533 -7.567 17.810 -7.477 -0.510 10.368
0.000 1.000 1.572 -0.246 -1.202 0.254 0.354 0.149 0.546 0.503 0.707 -0.902 0.489 -1.646 2.768 -1.169 -0.017 0.903
0.000 1.000 3.850 -1.861 -1.527 0.565 1.729 0.987 2.222 0.646 0.354 -1.513 0.826 -3.701 5.732 -2.905 1.208 3.459
0.000 1.000 6.881 -1.354 -5.507 -0.882 0.469 -0.218 0.404 4.257 4.255 -3.330 3.628 -3.539 9.293 -2.746 -0.898 2.363
1.000 0.000 24.165 -4.847 -5.642 -2.828 1.605 -1.131 5.561 1.754 -2.711 -2.617 1.552 -12.165 28.615 -12.484 -0.938 16.493
1.000 1.000 9.711 -2.004 -3.889 -1.215 0.607 -0.471 2.023 1.898 0.634 -2.075 1.740 -5.241 12.352 -4.838 -0.407 6.039
0.000 0.000 5.242 -1.735 -3.676 -0.646 0.575 0.089 1.652 2.046 2.447 -2.545 2.451 -3.857 7.630 -2.928 -0.062 2.708
1.000 1.000 16.262 -3.141 -3.945 -1.951 0.976 -0.989 3.595 1.241 -1.671 -1.874 1.013 -8.187 19.472 -8.428 -0.806 10.973
0.000 1.000 0.874 -0.516 -1.891 0.006 0.281 -0.224 -0.147 1.712 2.182 -1.686 1.145 -1.281 2.093 -0.271 0.159 -0.018
0.000 1.000 7.000 -1.089 -2.517 -0.891 0.138 -0.640 1.043 1.295 0.205 -1.414 0.864 -3.527 8.902 -3.464 -0.586 4.381
0.000 0.000 6.335 -3.680 -1.670 0.416 2.585 1.686 3.898 0.437 -0.266 -2.085 0.965 -5.938 8.472 -4.449 2.246 5.885
1.000 1.000 26.060 -5.357 -6.625 -3.329 1.729 -1.865 5.483 1.991 -2.820 -2.784 1.799 -13.081 31.223 -12.919 -0.942 18.027
0.000 0.000 4.972 -2.754 -1.388 0.360 1.942 1.276 2.945 0.242 -0.028 -1.836 0.569 -4.820 6.623 -3.340 1.666 4.496
0.000 1.000 3.907 -1.656 -1.823 0.266 1.093 0.497 1.739 0.453 0.746 -1.703 0.845 -3.885 5.495 -2.301 0.733 2.972
1.000 0.000 12.510 -2.256 -2.452 -1.412 0.770 -0.695 2.958 0.418 -2.030 -1.061 0.071 -6.363 14.804 -6.444 -0.406 8.863
0.000 1.000 9.596 -2.066 -5.247 -1.466 0.458 -0.680 1.606 3.043 2.457 -3.124 2.961 -5.233 12.855 -4.804 -0.919 5.112
1.000 0.000 12.100 -2.142 -3.082 -1.327 0.693 -0.554 2.672 1.233 -1.018 -1.415 0.820 -6.127 14.451 -6.112 -0.521 7.999
0.000 1.000 5.310 -1.153 -1.339 -0.279 0.542 0.463 1.674 0.664 -0.202 -0.697 0.532 -2.918 6.458 -3.081 0.067 3.515
1.000 1.000 13.207 -2.397 -3.609 -1.715 0.598 -1.002 2.744 1.176 -1.222 -1.700 0.877 -6.660 16.073 -6.625 -0.677 8.885
0.000 1.000 6.349 -1.474 -2.640 -0.484 0.619 -0.011 1.731 0.917 0.480 -1.514 1.163 -3.964 8.285 -3.393 -0.065 4.024
0.000 0.000 1.928 -0.749 -1.810 0.140 0.453 -0.201 0.168 1.272 2.000 -1.678 0.880 -2.378 3.366 -0.787 0.343 1.013
0.000 1.000 6.512 -1.232 -3.645 -0.852 0.260 -0.433 0.931 2.238 1.738 -2.068 1.930 -3.519 8.581 -3.005 -0.599 3.357
1.000 1.000 26.457 -5.179 -6.102 -3.322 1.685 -1.800 5.674 1.773 -3.321 -2.562 1.397 -13.031 31.454 -13.439 -1.174 18.211
1.000 1.000 19.829 -4.380 -6.256 -2.521 1.416 -0.989 4.372 2.700 -0.467 -3.069 2.630 -10.109 24.237 -10.117 -0.727 13.129
0.000 1.000 7.480 -1.315 -2.771 -0.748 0.416 -0.189 1.500 1.561 0.498 -1.468 1.134 -3.914 9.328 -3.679 -0.301 4.632
0.000 1.000 8.100 -1.653 -4.839 -1.247 0.312 -0.653 1.067 3.051 2.620 -2.878 2.804 -4.334 10.945 -3.921 -0.953 3.996
1.000 0.000 11.062 -2.209 -4.156 -1.437 0.626 -0.638 2.199 1.948 0.348 -2.142 1.720 -5.814 13.912 -5.455 -0.512 7.011
1.000 0.000 22.492 -4.785 -6.678 -2.892 1.514 -1.319 4.772 2.763 -1.016 -3.251 2.548 -11.268 27.316 -11.381 -0.898 15.086
1.000 0.000 27.108 -5.522 -7.539 -3.583 1.584 -2.171 5.305 2.749 -2.023 -3.449 2.378 -13.560 32.704 -13.333 -1.236 18.472
1.000 0.000 7.914 -1.475 -3.208 -1.056 0.324 -0.590 1.405 1.694 0.599 -1.707 1.361 -4.150 10.097 -3.872 -0.512 4.810
1.000 0.000 15.782 -2.984 -4.002 -2.020 0.890 -1.198 3.277 1.291 -1.627 -1.767 0.950 -7.925 18.993 -7.886 -0.770 10.674
1.000 0.000 11.687 -1.903 -3.071 -1.277 0.532 -0.608 2.513 1.074 -1.006 -1.490 0.650 -5.975 14.043 -5.798 -0.501 7.829
1.000 0.000 3.059 -1.686 -1.091 0.404 1.474 1.003 1.817 0.355 -0.002 -1.297 0.309 -3.111 4.399 -2.216 1.130 2.864
1.000 1.000 12.792 -3.222 -5.328 -1.451 1.172 -0.063 3.489 2.244 1.132 -3.037 2.770 -7.435 16.389 -6.745 -0.140 8.201
0.000 1.000 1.963 -0.957 -8.060 -0.565 0.439 -0.068 -1.496 7.730 10.188 -5.308 7.146 -1.272 4.574 0.031 -1.533 -3.700
1.000 1.000 16.138 -3.177 -3.888 -1.994 1.009 -1.088 3.484 1.196 -1.791 -1.729 0.920 -7.990 19.384 -8.339 -0.769 11.043
0.000 1.000 11.474 -2.118 -2.551 -1.033 0.739 -0.001 2.893 0.988 -1.276 -1.173 0.656 -5.924 13.527 -6.074 -0.292 7.747
0.000 1.000 7.690 -4.478 -1.850 0.397 3.188 2.113 4.878 0.437 -0.706 -2.239 1.221 -6.995 10.362 -5.647 2.727 7.234
0.000 0.000 12.689 -2.008 -3.074 -1.295 0.595 -0.530 2.851 0.959 -1.338 -1.514 0.508 -6.506 15.104 -6.352 -0.486 8.626
0.000 0.000 11.414 -2.153 -2.529 -0.910 0.825 0.198 3.004 0.993 -1.182 -1.118 0.698 -5.985 13.404 -6.003 -0.141 7.749
1.000 0.000 13.914 -2.514 -3.273 -1.723 0.771 -1.052 2.817 1.171 -1.576 -1.483 0.647 -6.837 16.632 -7.019 -0.750 9.395
0.000 1.000 1.029 0.293 -1.713 -0.006 -0.164 -0.510 -0.502 1.091 1.713 -1.022 0.722 -1.087 2.362 -0.399 -0.495 -0.140
1.000 0.000 32.177 -6.504 -7.319 -4.114 2.139 -2.146 7.107 1.928 -4.323 -2.968 1.695 -15.932 38.283 -16.393 -1.244 22.380
1.000 0.000 17.634 -3.964 -7.193 -2.359 1.274 -0.755 3.571 3.748 1.456 -3.771 3.639 -9.167 22.111 -8.742 -0.823 10.828
0.000 1.000 4.875 -2.824 -1.072 0.319 2.106 1.552 3.208 0.096 -0.725 -1.404 0.431 -4.535 6.544 -3.642 1.783 4.612
0.000 1.000 4.678 -2.066 -2.421 0.167 1.169 0.455 2.046 0.771 1.287 -2.100 1.376 -4.525 6.585 -2.684 0.781 3.407
0.000 1.000 5.729 -0.988 -1.679 -0.401 0.350 0.071 1.478 0.788 -0.023 -0.910 0.631 -3.126 6.963 -3.136 -0.302 3.417
0.000 1.000 2.208 -0.469 -5.525 -0.607 -0.026 -0.342 -1.031 5.081 6.321 -3.570 4.441 -1.348 4.339 -0.421 -1.280 -1.732
1.000 1.000 8.490 -1.610 -2.808 -0.925 0.601 -0.088 2.066 1.350 0.060 -1.462 1.025 -4.571 10.632 -4.420 -0.165 5.540
1.000 1.000 12.561 -2.612 -4.084 -1.642 0.817 -0.767 2.588 1.848 -0.191 -1.975 1.569 -6.392 15.546 -6.373 -0.596 8.196
1.000 1.000 17.274 -3.176 -3.848 -2.163 0.984 -1.276 3.595 1.193 -2.271 -1.707 0.654 -8.519 20.595 -8.768 -0.855 11.843
1.000 1.000 28.016 -5.468 -6.757 -3.637 1.694 -2.093 5.827 2.047 -3.324 -2.853 1.653 -13.880 33.470 -14.016 -1.221 19.260
1.000 0.000 0.073 1.050 -2.946 0.052 -0.454 -1.403 -2.215 2.259 4.205 -1.700 1.349 -1.052 2.180 0.813 -0.906 -1.730
0.000 1.000 9.861 -1.856 -6.848 -1.512 0.432 -0.707 0.690 4.990 4.498 -3.960 4.221 -4.973 13.192 -4.104 -1.269 4.130
0.000 0.000 6.907 -1.323 -4.856 -0.961 0.401 -0.372 0.618 3.507 3.268 -2.877 2.949 -3.603 9.282 -2.900 -0.788 2.883
0.000 0.000 6.445 -1.007 -4.877 -0.866 0.260 -0.244 0.508 3.707 3.651 -3.027 2.976 -3.381 8.769 -2.635 -0.798 2.411
1.000 0.000 15.337 -3.617 -6.268 -1.892 1.159 -0.367 3.747 2.965 1.320 -3.531 3.231 -8.524 19.475 -7.944 -0.426 9.697
1.000 1.000 1.622 0.502 -3.290 0.468 0.506 -0.651 -1.418 1.761 3.519 -1.691 1.197 -2.613 4.294 -0.339 -0.567 -0.303
1.000 1.000 12.477 -2.255 -3.399 -1.568 0.603 -1.021 2.333 1.362 -0.884 -1.649 0.919 -6.131 15.171 -6.271 -0.754 8.319
1.000 0.000 13.110 -2.160 -3.515 -1.474 0.615 -0.702 2.734 1.388 -1.025 -1.685 0.896 -6.597 15.701 -6.499 -0.655 8.632
1.000 0.000 25.317 -4.832 -5.244 -3.137 1.604 -1.665 5.588 1.276 -3.860 -2.137 0.764 -12.490 29.877 -12.917 -1.104 17.529
0.000 1.000 1.815 -0.840 -5.787 -0.251 0.552 0.246 -0.826 5.606 7.331 -3.841 4.991 -1.208 3.539 -0.138 -0.924 -2.413
1.000 0.000 20.183 -4.021 -6.363 -2.665 1.149 -1.525 3.760 2.886 -0.497 -3.026 2.431 -10.074 24.605 -9.813 -1.032 13.198
0.000 0.000 4.047 -1.355 -7.754 -0.687 0.583 0.169 -0.566 6.771 8.586 -4.913 6.322 -2.476 6.683 -1.041 -1.260 -1.497
0.000 1.000 0.205 -0.279 -2.797 -0.073 0.260 0.078 -0.672 3.017 3.967 -2.013 2.365 -0.106 1.065 0.208 -0.496 -1.859
1.000 1.000 13.203 -2.442 -3.148 -1.625 0.713 -0.983 2.724 0.997 -1.506 -1.401 0.595 -6.508 15.882 -6.763 -0.703 8.969
1.000 0.000 8.632 -1.396 -3.979 -1.203 0.217 -0.886 1.011 2.384 1.258 -2.113 1.787 -4.371 11.019 -3.866 -0.831 4.892
0.000 1.000 2.984 -0.618 -0.984 -0.087 0.386 0.307 0.951 0.533 0.106 -0.544 0.353 -1.753 3.870 -1.887 -0.066 1.780
1.000 1.000 21.017 -4.703 -4.757 -2.385 1.903 -0.854 5.203 0.901 -2.941 -1.863 1.106 -10.702 25.008 -10.878 -0.318 14.930
1.000 1.000 4.248 -1.544 -2.285 0.493 1.368 0.571 1.451 0.639 1.282 -1.935 0.873 -4.536 6.394 -2.434 0.763 3.063
1.000 0.000 9.656 -1.569 -2.706 -1.039 0.455 -0.409 2.155 1.008 -0.617 -1.391 0.638 -5.024 11.771 -4.865 -0.375 6.427
0.000 1.000 0.158 0.256 -2.585 -0.120 -0.124 -0.222 -0.980 2.663 3.514 -1.749 1.958 -0.137 1.093 0.335 -0.801 -1.847
1.000 1.000 29.380 -7.204 -10.098 -3.559 2.637 -0.482 7.416 4.132 0.005 -5.085 4.899 -15.750 36.171 -15.234 -0.413 19.529
1.000 1.000 14.201 -2.591 -4.829 -1.909 0.610 -1.142 2.619 2.081 -0.189 -2.391 1.686 -7.302 17.626 -6.838 -0.775 9.251
0.000 1.000 1.858 -0.415 -1.248 0.333 0.526 0.222 0.771 0.451 0.719 -0.961 0.516 -1.928 3.185 -1.411 0.118 1.271
1.000 0.000 28.327 -5.614 -6.334 -3.635 1.776 -1.958 6.264 1.470 -4.134 -2.547 1.212 -14.145 33.705 -14.321 -1.029 19.858
1.000 0.000 5.214 -0.894 -4.271 -0.833 0.208 -0.325 0.326 3.169 3.185 -2.631 2.611 -2.761 7.330 -2.168 -0.780 1.776
1.000 1.000 39.059 -8.474 -9.155 -4.896 2.986 -2.149 9.058 2.381 -4.984 -3.821 2.503 -19.486 46.518 -20.090 -1.069 27.491
1.000 1.000 21.196 -4.370 -5.323 -2.737 1.362 -1.473 4.607 1.657 -2.257 -2.314 1.451 -10.631 25.487 -10.745 -0.822 14.625
1.000 1.000 6.781 -1.050 -3.644 -0.938 0.126 -0.730 0.605 2.403 1.668 -1.986 1.793 -3.489 8.839 -2.942 -0.774 3.526
1.000 1.000 11.727 -2.673 -5.948 -1.483 0.854 -0.399 2.184 3.592 2.655 -3.366 3.486 -6.260 15.063 -5.730 -0.772 6.404
0.000 1.000 10.113 -1.832 -4.251 -1.282 0.461 -0.666 1.457 2.538 1.179 -2.303 1.987 -5.031 12.745 -4.822 -0.803 5.928
1.000 1.000 23.799 -4.597 -5.413 -3.055 1.401 -1.717 5.120 1.417 -3.302 -2.235 1.012 -11.816 28.363 -12.032 -0.990 16.549
1.000 1.000 14.719 -2.688 -4.033 -1.703 0.842 -0.715 3.146 1.732 -0.940 -1.886 1.277 -7.427 17.618 -7.372 -0.693 9.608
1.000 1.000 5.630 -2.966 -1.753 0.524 2.690 1.592 3.238 0.482 -0.105 -1.752 0.759 -5.397 8.011 -4.125 1.877 5.040
0.000 1.000 1.266 -0.012 -2.033 0.440 0.520 -0.135 -0.321 1.321 2.236 -1.300 0.897 -1.827 3.102 -0.667 0.013 0.256
1.000 0.000 5.825 -1.191 -2.681 -0.638 0.309 -0.350 1.397 1.080 0.895 -1.763 1.196 -3.654 7.983 -3.166 -0.293 3.597
0.000 1.000 4.207 -1.088 -2.519 -0.354 0.439 -0.047 0.957 1.225 1.273 -1.772 1.227 -2.939 5.854 -2.028 -0.050 2.327
0.000 1.000 4.689 -0.964 -2.325 -0.439 0.323 0.024 0.927 1.578 1.206 -1.369 1.322 -2.561 6.080 -2.472 -0.381 2.370
1.000 1.000 27.548 -5.673 -7.380 -3.575 1.751 -2.043 5.570 2.671 -2.281 -3.298 2.319 -13.711 33.118 -13.688 -1.176 18.802
1.000 0.000 8.471 -1.730 -4.040 -1.047 0.322 -0.706 1.604 1.897 1.383 -2.447 1.943 -4.955 11.234 -4.156 -0.531 5.137
0.000 1.000 1.710 -1.310 -1.783 0.004 0.887 0.644 0.877 1.566 1.781 -1.832 1.323 -1.699 2.886 -1.204 0.542 0.792
1.000 0.000 14.750 -2.900 -5.121 -2.044 0.679 -1.308 2.619 2.233 -0.032 -2.578 1.923 -7.504 18.405 -7.204 -0.890 9.637
0.000 0.000 1.953 -0.954 -1.259 0.241 0.743 0.342 0.848 0.736 0.833 -1.321 0.505 -2.185 3.154 -1.244 0.585 1.514
0.000 1.000 6.099 -1.933 -2.440 0.758 1.651 0.957 2.536 0.312 0.740 -1.818 1.235 -5.660 8.292 -3.601 0.871 4.678
0.000 1.000 4.387 -2.152 -1.960 -0.166 1.329 1.081 2.282 0.759 0.764 -1.683 1.168 -3.680 5.854 -2.735 0.844 2.931
0.000 0.000 5.184 -1.025 -2.304 -0.517 0.324 -0.104 0.972 1.503 0.937 -1.299 1.185 -2.743 6.576 -2.633 -0.400 2.807
1.000 1.000 11.459 -1.897 -4.731 -1.574 0.323 -1.013 1.677 2.539 0.915 -2.461 1.980 -5.796 14.413 -5.288 -0.926 6.828
1.000 1.000 16.899 -3.218 -3.642 -2.005 1.111 -1.005 3.882 0.806 -2.419 -1.501 0.485 -8.584 20.085 -8.540 -0.480 11.914
1.000 0.000 3.369 -1.142 -1.242 0.013 0.802 0.606 1.564 0.261 0.083 -1.106 0.366 -2.779 4.645 -2.172 0.483 2.483
0.000 1.000 15.567 -3.135 -4.588 -1.482 1.048 0.088 3.728 2.223 -0.379 -2.245 1.944 -8.203 18.636 -7.917 -0.328 10.174
0.000 1.000 4.707 -1.616 -2.987 -0.196 0.651 0.022 1.619 1.330 1.888 -2.322 1.739 -4.126 6.871 -2.526 0.296 2.996
1.000 1.000 16.148 -2.638 -3.908 -1.840 0.758 -0.890 3.480 1.208 -1.841 -1.909 0.687 -8.107 19.225 -8.074 -0.735 10.978
1.000 0.000 18.993 -4.051 -5.124 -2.431 1.289 -1.221 4.105 1.881 -1.514 -2.329 1.657 -9.533 22.939 -9.649 -0.702 13.002
1.000 0.000 24.356 -5.260 -6.228 -3.085 1.765 -1.516 5.387 1.919 -2.533 -2.642 1.859 -12.261 29.237 -12.278 -0.729 16.926
1.000 0.000 21.614 -4.449 -5.351 -2.615 1.473 -1.165 4.853 1.782 -2.128 -2.490 1.583 -10.841 25.799 -11.142 -0.873 14.744
0.000 1.000 10.477 -2.183 -5.108 -1.437 0.541 -0.620 1.954 2.788 1.918 -2.995 2.666 -5.694 13.702 -5.214 -0.749 6.010
1.000 1.000 12.455 -2.878 -6.212 -1.633 0.905 -0.469 2.468 3.481 2.465 -3.529 3.486 -6.777 16.071 -6.080 -0.691 7.076
0.000 1.000 1.336 -0.002 -2.091 0.033 0.003 -0.479 -0.437 1.273 1.976 -1.304 0.999 -1.490 2.772 -0.394 -0.386 0.097
1.000 0.000 15.000 -2.761 -3.231 -1.881 0.826 -1.119 3.223 0.782 -2.190 -1.398 0.374 -7.410 17.970 -7.758 -0.757 10.384
1.000 0.000 10.350 -1.946 -2.832 -1.147 0.638 -0.565 2.192 1.250 -0.534 -1.330 0.928 -5.168 12.471 -5.292 -0.559 6.676
1.000 0.000 13.586 -3.122 -5.227 -1.716 1.169 -0.446 2.899 2.420 0.557 -2.603 2.414 -7.129 16.947 -6.744 -0.468 8.583
0.000 0.000 8.592 -1.571 -2.227 -0.900 0.525 -0.343 2.010 0.797 -0.686 -1.079 0.542 -4.414 10.397 -4.525 -0.397 5.631
0.000 1.000 12.752 -2.578 -8.037 -1.769 0.747 -0.519 1.364 5.718 4.911 -4.651 4.969 -6.474 16.687 -5.600 -1.341 5.843
0.000 1.000 3.719 -0.488 -3.827 -0.731 -0.045 -0.546 -0.259 2.990 3.190 -2.315 2.385 -1.877 5.589 -1.353 -0.921 0.710
0.000 0.000 1.164 -0.238 -1.896 0.041 0.211 -0.025 0.180 1.363 1.903 -1.441 1.281 -1.282 2.606 -0.878 -0.243 0.064
1.000 0.000 21.045 -4.451 -5.938 -2.757 1.377 -1.407 4.471 2.194 -1.489 -2.721 1.994 -10.571 25.539 -10.638 -0.851 14.301
1.000 1.000 6.505 -1.229 -1.466 -0.510 0.472 0.098 1.737 0.572 -0.660 -0.649 0.397 -3.421 7.801 -3.632 -0.231 4.230
1.000 0.000 26.473 -5.137 -7.154 -3.564 1.452 -2.278 5.099 2.531 -2.356 -3.087 2.099 -13.154 31.937 -12.888 -1.270 17.944
1.000 0.000 12.390 -2.276 -2.729 -1.383 0.812 -0.647 2.906 0.602 -1.667 -1.203 0.291 -6.391 14.824 -6.296 -0.309 8.755
1.000 1.000 13.961 -2.909 -5.621 -1.915 0.635 -1.190 2.445 2.644 0.937 -2.983 2.541 -7.367 17.724 -6.785 -0.897 8.786
0.000 0.000 5.769 -1.091 -3.492 -0.697 0.343 -0.279 0.777 2.323 1.974 -2.010 1.947 -3.071 7.664 -2.571 -0.486 2.802
0.000 1.000 2.633 -0.719 -4.880 -0.539 0.232 -0.086 -0.538 4.208 5.172 -3.067 3.705 -1.498 4.418 -0.692 -0.965 -0.850
1.000 1.000 12.910 -2.862 -4.257 -1.598 1.000 -0.528 2.917 1.850 -0.151 -2.064 1.767 -6.708 15.976 -6.643 -0.433 8.457
0.000 1.000 1.865 -0.871 -1.535 0.427 0.990 0.270 0.519 0.882 1.268 -1.185 0.595 -2.245 3.294 -1.140 0.542 1.299
0.000 1.000 3.217 -1.126 -2.765 0.069 0.435 -0.102 0.933 1.530 2.221 -1.902 1.952 -3.136 5.034 -1.677 0.064 1.595
1.000 0.000 17.203 -3.680 -5.933 -2.262 1.039 -1.074 3.532 2.621 0.051 -3.029 2.493 -8.931 21.342 -8.621 -0.762 11.294
0.000 1.000 1.892 -0.922 -3.158 -0.098 0.558 0.357 0.228 2.590 3.406 -2.302 2.406 -1.677 3.313 -0.849 -0.182 -0.224
1.000 1.000 7.636 -2.369 -2.563 -0.665 1.147 0.499 2.877 0.645 -0.040 -1.894 1.014 -5.319 9.878 -4.302 0.647 5.461
1.000 1.000 16.789 -3.273 -3.954 -2.073 1.071 -1.155 3.577 1.186 -2.037 -1.710 0.811 -8.346 20.089 -8.511 -0.705 11.563
1.000 1.000 17.772 -3.953 -6.462 -2.337 1.205 -0.864 3.765 3.139 0.538 -3.279 3.040 -9.178 22.055 -8.977 -0.762 11.354
1.000 0.000 25.409 -4.936 -5.555 -3.128 1.634 -1.611 5.613 1.514 -3.463 -2.367 1.088 -12.604 30.047 -12.957 -1.089 17.498
1.000 0.000 18.573 -3.678 -5.320 -2.466 1.066 -1.428 3.664 2.049 -1.177 -2.531 1.704 -9.190 22.652 -9.342 -0.944 12.502
0.000 1.000 4.406 -1.437 -1.840 0.636 1.284 0.712 2.089 0.510 0.830 -1.495 1.042 -4.119 6.300 -2.985 0.732 3.462
0.000 0.000 8.206 -1.728 -4.244 -0.794 0.663 0.234 1.528 3.015 2.356 -2.530 2.581 -4.312 10.456 -4.026 -0.463 4.221
1.000 1.000 8.040 -1.393 -2.422 -0.962 0.326 -0.533 1.644 0.994 -0.362 -1.216 0.689 -4.088 9.872 -4.074 -0.507 5.156
1.000 1.000 4.719 -0.695 -3.073 -0.665 0.048 -0.509 0.278 2.182 1.861 -1.759 1.672 -2.454 6.377 -2.009 -0.683 2.059
1.000 1.000 15.161 -3.245 -7.035 -2.188 0.877 -0.944 2.564 4.063 2.304 -3.817 3.737 -7.818 19.376 -7.339 -1.098 8.758
1.000 0.000 29.539 -6.105 -6.725 -3.711 2.054 -1.877 6.599 1.750 -3.963 -2.751 1.551 -14.670 35.130 -15.091 -1.009 20.704
0.000 1.000 1.927 -0.283 -5.100 -0.501 -0.056 -0.343 -1.070 4.730 5.962 -3.337 4.031 -1.170 3.879 -0.284 -1.231 -1.772
0.000 1.000 1.261 -0.054 -2.510 0.237 0.508 -0.503 -0.828 1.705 3.192 -1.609 1.050 -2.081 3.339 -0.317 -0.048 -0.193
0.000 0.000 9.039 -1.625 -2.460 -0.983 0.495 -0.420 2.019 0.948 -0.612 -1.205 0.652 -4.620 10.960 -4.701 -0.462 5.888
1.000 1.000 12.565 -2.307 -3.114 -1.571 0.634 -0.891 2.714 0.935 -1.446 -1.418 0.625 -6.328 15.161 -6.398 -0.602 8.567
1.000 1.000 34.726 -6.974 -7.801 -4.470 2.247 -2.355 7.688 1.938 -4.878 -3.126 1.701 -17.215 41.279 -17.658 -1.314 24.240
1.000 0.000 7.002 -1.764 -3.174 -0.604 0.885 0.112 1.708 1.577 1.040 -1.702 1.654 -4.028 8.963 -3.548 -0.098 4.134
0.000 0.000 3.880 -2.069 -2.681 -0.041 1.049 0.383 1.757 1.267 1.842 -2.502 1.756 -3.933 5.987 -2.391 0.710 2.578
1.000 0.000 9.141 -1.571 -2.346 -1.039 0.453 -0.555 1.944 0.864 -0.829 -1.121 0.493 -4.593 11.032 -4.695 -0.521 6.036
0.000 0.000 10.169 -1.757 -2.677 -1.247 0.431 -0.740 2.112 0.874 -0.961 -1.320 0.537 -5.125 12.374 -5.178 -0.561 6.823
0.000 0.000 4.754 -2.428 -1.432 0.539 2.270 1.394 2.853 0.395 -0.178 -1.521 0.611 -4.533 6.758 -3.573 1.576 4.340
1.000 0.000 26.287 -5.272 -6.163 -3.341 1.675 -1.780 5.723 1.698 -3.386 -2.571 1.387 -13.069 31.343 -13.325 -0.992 18.313
1.000 1.000 17.508 -2.818 -3.995 -1.966 0.828 -0.951 3.845 1.040 -2.297 -1.948 0.496 -8.803 20.778 -8.750 -0.704 12.121
0.000 1.000 1.810 -0.596 -1.108 0.382 0.687 0.417 0.903 0.377 0.465 -0.855 0.412 -1.892 2.994 -1.411 0.290 1.354
1.000 0.000 17.375 -3.655 -6.493 -2.356 1.071 -1.083 3.249 3.308 0.711 -3.246 2.940 -8.786 21.566 -8.490 -0.916 10.943
1.000 1.000 3.319 -0.625 -2.344 -0.297 0.241 0.025 0.403 1.860 1.795 -1.445 1.479 -1.820 4.568 -1.583 -0.362 1.260
1.000 0.000 11.384 -1.960 -3.700 -1.477 0.448 -0.942 2.017 1.688 -0.231 -1.786 1.222 -5.701 13.972 -5.483 -0.759 7.231
1.000 0.000 3.009 -1.782 -1.161 0.349 1.407 0.827 1.814 0.583 0.067 -1.218 0.625 -2.904 4.478 -2.308 1.112 2.896
0.000 0.000 8.012 -1.650 -3.695 -1.158 0.360 -0.594 1.336 2.095 1.082 -1.981 1.782 -4.220 10.352 -3.852 -0.571 4.701
1.000 0.000 11.729 -2.396 -3.273 -1.359 0.799 -0.597 2.591 1.331 -0.641 -1.552 1.118 -5.951 14.215 -6.076 -0.545 7.712
0.000 1.000 1.494 -0.858 -5.246 -0.206 0.569 0.216 -0.799 5.126 6.748 -3.575 4.483 -1.038 2.992 -0.001 -0.774 -2.321
1.000 0.000 24.361 -4.749 -5.407 -3.122 1.444 -1.730 5.373 1.237 -3.545 -2.249 0.959 -12.154 29.029 -12.411 -0.970 17.076
0.000 0.000 10.373 -5.784 -2.357 0.553 4.564 3.111 6.626 0.231 -1.466 -2.805 1.222 -9.238 13.881 -7.705 3.608 9.768
0.000 0.000 1.678 -0.174 -1.839 -0.131 0.021 0.017 -0.005 1.610 1.850 -1.268 1.177 -1.002 2.639 -0.792 -0.407 0.137
1.000 0.000 6.484 -1.215 -4.270 -1.053 0.249 -0.493 0.636 2.986 2.673 -2.571 2.514 -3.440 8.937 -3.075 -0.912 2.861
0.000 1.000 12.200 -2.055 -3.312 -1.614 0.469 -1.207 2.181 1.161 -1.009 -1.718 0.671 -6.101 14.948 -6.086 -0.819 8.217
1.000 0.000 15.228 -2.947 -3.991 -1.915 0.847 -1.118 3.128 1.344 -1.319 -1.916 1.054 -7.595 18.428 -7.789 -0.814 10.304
0.000 1.000 3.834 -1.922 -1.586 0.057 1.242 0.854 2.074 0.390 0.336 -1.800 0.597 -3.752 5.427 -2.470 1.021 3.100
0.000 1.000 1.176 -1.123 -2.639 0.045 0.735 0.293 0.180 2.469 2.998 -2.274 2.022 -1.295 2.366 -0.510 0.257 -0.169
1.000 1.000 27.904 -5.612 -6.686 -3.602 1.789 -1.965 6.001 1.954 -3.342 -2.791 1.695 -13.855 33.339 -14.096 -1.150 19.243
1.000 1.000 14.507 -2.955 -4.590 -1.861 0.867 -0.824 3.158 1.798 -0.555 -2.264 1.604 -7.621 17.959 -7.260 -0.453 9.796
1.000 0.000 27.239 -5.522 -6.341 -3.486 1.759 -1.835 6.039 1.602 -3.675 -2.580 1.442 -13.656 32.524 -13.769 -0.926 19.046
0.000 1.000 7.131 -1.354 -3.084 -0.734 0.371 -0.122 1.282 1.981 1.074 -1.643 1.584 -3.755 8.921 -3.468 -0.484 3.986
1.000 1.000 4.028 -0.949 -3.950 -0.433 0.381 0.105 0.310 3.191 3.612 -2.509 2.872 -2.314 5.786 -1.749 -0.609 0.871
0.000 1.000 1.405 -0.986 -2.364 0.026 0.655 0.297 0.291 2.045 2.480 -2.080 1.629 -1.545 2.562 -0.633 0.225 0.097
1.000 1.000 18.031 -3.411 -3.758 -1.986 1.178 -0.715 4.224 1.095 -2.533 -1.573 0.724 -8.978 21.151 -9.347 -0.679 12.323
1.000 0.000 28.087 -5.883 -6.805 -3.565 1.919 -1.826 6.169 2.009 -3.293 -2.854 1.847 -14.055 33.537 -14.209 -0.966 19.525
0.000 1.000 2.014 -0.704 -1.758 0.442 0.944 0.227 0.427 0.910 1.606 -1.304 0.674 -2.450 3.700 -1.218 0.422 1.202
0.000 1.000 6.091 -3.567 -1.812 0.445 2.469 1.559 3.646 0.577 -0.029 -2.207 1.069 -5.800 8.250 -4.198 2.172 5.657
1.000 0.000 19.617 -3.695 -4.598 -2.462 1.137 -1.395 4.249 1.207 -2.518 -1.931 0.865 -9.908 23.463 -9.782 -0.724 13.653
0.000 0.000 8.130 -1.504 -4.459 -0.953 0.441 -0.212 1.245 2.999 2.347 -2.621 2.469 -4.289 10.526 -3.724 -0.594 4.198
1.000 0.000 22.113 -4.287 -5.182 -2.855 1.314 -1.612 4.748 1.451 -2.856 -2.148 1.142 -11.011 26.450 -11.159 -0.929 15.257
1.000 0.000 19.095 -4.059 -7.183 -2.517 1.226 -1.059 3.621 3.701 0.912 -3.675 3.347 -9.685 23.655 -9.337 -0.938 12.044
1.000 1.000 30.807 -6.409 -7.995 -4.011 2.029 -2.125 6.545 2.665 -2.940 -3.477 2.465 -15.359 36.957 -15.433 -1.211 21.107
0.000 1.000 3.187 -0.588 -4.496 -0.565 -0.027 -0.268 -0.358 3.737 4.472 -2.904 3.268 -1.811 5.185 -1.186 -1.005 -0.111
0.000 1.000 3.849 -2.205 -1.332 0.436 1.680 1.016 2.229 0.499 0.156 -1.568 0.600 -3.813 5.342 -2.636 1.374 3.565
1.000 1.000 4.647 -1.591 -1.497 0.808 1.874 1.511 2.535 -0.064 -0.555 -1.052 0.484 -4.369 6.790 -3.606 0.966 4.030
0.000 1.000 2.133 -0.654 -4.653 -0.556 0.041 -0.403 -0.281 3.767 5.157 -3.236 3.723 -1.823 4.479 -0.811 -0.816 -0.870
0.000 1.000 4.573 -1.118 -2.995 -0.330 0.487 -0.087 0.857 1.767 1.828 -1.764 1.766 -2.952 6.233 -2.081 -0.196 2.247
0.000 1.000 1.575 -0.045 -2.459 -0.177 -0.182 -0.451 -0.386 1.896 2.514 -1.582 1.489 -1.304 2.905 -0.437 -0.525 -0.149
0.000 0.000 5.652 -2.639 -3.018 -0.221 1.345 0.588 2.576 0.957 1.345 -2.613 1.678 -5.286 7.997 -3.209 0.965 4.028
1.000 1.000 24.995 -5.143 -6.373 -3.183 1.667 -1.786 5.258 1.916 -2.688 -2.677 1.730 -12.562 29.956 -12.380 -0.895 17.288
1.000 1.000 7.796 -1.406 -2.090 -0.676 0.496 -0.004 1.858 1.036 -0.399 -0.964 0.730 -4.036 9.335 -4.114 -0.345 4.914
1.000 1.000 31.921 -6.205 -7.469 -4.139 1.933 -2.397 6.657 2.151 -4.072 -3.083 1.698 -15.680 38.040 -16.052 -1.418 22.070
1.000 0.000 18.274 -3.727 -5.884 -2.430 1.084 -1.250 3.591 2.622 -0.392 -2.868 2.275 -9.150 22.429 -9.093 -0.901 11.997
1.000 0.000 15.514 -3.095 -4.724 -1.958 0.885 -1.048 3.005 2.092 -0.493 -2.319 1.715 -7.731 18.867 -7.692 -0.797 10.216
1.000 1.000 21.455 -4.112 -4.675 -2.694 1.317 -1.540 4.569 1.281 -3.018 -1.922 0.814 -10.549 25.517 -10.938 -0.984 14.835
0.000 1.000 8.344 -1.520 -1.927 -0.950 0.469 -0.516 1.828 0.560 -0.995 -0.884 0.283 -4.202 10.160 -4.450 -0.441 5.659
0.000 0.000 5.824 -1.038 -3.364 -0.781 0.179 -0.356 0.827 2.099 1.683 -1.941 1.769 -3.094 7.729 -2.736 -0.605 2.866
1.000 1.000 21.272 -4.270 -5.866 -2.611 1.344 -1.289 4.393 2.357 -1.379 -2.705 1.983 -10.635 25.513 -10.611 -0.963 14.176
0.000 0.000 6.859 -1.150 -2.216 -0.737 0.268 -0.501 1.447 0.679 -0.168 -1.230 0.571 -3.781 8.789 -3.606 -0.388 4.475
1.000 1.000 3.524 -1.379 -2.841 -0.263 0.706 0.612 1.114 2.050 2.405 -2.103 2.007 -2.589 4.963 -1.879 0.082 1.358
0.000 1.000 4.256 -2.058 -1.541 0.642 2.023 1.227 2.485 0.554 0.095 -1.565 0.739 -4.110 6.243 -3.217 1.369 3.896
1.000 0.000 10.590 -2.163 -4.691 -1.418 0.621 -0.622 1.806 2.730 1.409 -2.503 2.322 -5.450 13.472 -5.094 -0.684 6.231
1.000 1.000 8.770 -1.553 -2.535 -1.060 0.436 -0.560 1.871 0.994 -0.504 -1.275 0.657 -4.566 10.796 -4.420 -0.406 5.822
0.000 1.000 3.541 -0.568 -2.558 -0.115 0.613 -0.263 0.175 1.157 2.266 -1.636 0.710 -3.478 5.574 -1.410 0.036 1.570
1.000 1.000 15.970 -3.236 -5.056 -2.059 0.981 -1.082 3.105 2.330 -0.286 -2.445 1.957 -8.014 19.486 -7.872 -0.816 10.369
1.000 1.000 7.130 -1.131 -3.267 -0.951 0.202 -0.725 0.820 2.035 1.103 -1.739 1.481 -3.615 9.103 -3.215 -0.724 3.955
1.000 1.000 4.877 -1.274 -7.111 -1.045 0.128 -0.348 -0.243 5.761 7.031 -4.592 5.476 -2.981 8.023 -1.919 -1.405 -0.156
1.000 0.000 21.046 -4.448 -5.167 -2.578 1.569 -1.264 4.732 1.378 -2.503 -2.151 1.301 -10.618 25.204 -10.645 -0.600 14.720
0.000 1.000 2.727 -0.736 -4.718 -0.361 0.314 0.095 -0.398 4.201 5.176 -2.993 3.685 -1.612 4.369 -0.787 -0.859 -0.780
1.000 0.000 5.433 -1.150 -2.667 -0.400 0.273 -0.322 1.315 1.088 1.080 -1.770 1.244 -3.741 7.367 -2.786 -0.164 3.412
1.000 0.000 12.979 -2.433 -3.602 -1.622 0.722 -0.911 2.718 1.277 -1.055 -1.631 0.953 -6.666 15.848 -6.461 -0.527 8.812
1.000 0.000 23.991 -5.096 -6.343 -3.086 1.631 -1.595 5.130 2.227 -2.078 -2.848 2.001 -12.005 28.856 -12.116 -0.917 16.470
1.000 1.000 6.359 -1.154 -2.643 -0.709 0.322 -0.283 1.353 1.378 0.573 -1.460 1.113 -3.592 8.238 -3.198 -0.262 3.909
1.000 0.000 19.855 -3.719 -4.659 -2.539 1.078 -1.447 4.280 1.174 -2.669 -2.067 0.846 -9.963 23.774 -10.020 -0.855 13.818
0.000 1.000 5.195 -0.844 -1.740 -0.582 0.187 -0.404 0.925 0.886 0.081 -0.919 0.549 -2.697 6.613 -2.725 -0.437 3.185
1.000 0.000 7.902 -2.912 -3.805 -0.324 1.299 0.459 3.087 1.233 1.531 -2.952 2.149 -6.500 10.696 -4.427 0.737 5.590
0.000 1.000 1.246 -0.121 -3.632 -0.336 -0.104 -0.308 -0.721 3.197 4.067 -2.370 2.628 -0.843 2.662 -0.065 -0.802 -1.250
0.000 0.000 27.740 -5.710 -6.939 -3.589 1.814 -1.938 5.900 2.241 -2.966 -2.944 1.952 -13.747 33.222 -13.983 -1.094 19.134
0.000 1.000 1.276 -0.126 -3.339 -0.156 0.083 0.056 -0.635 3.293 4.136 -2.182 2.621 -0.747 2.429 -0.238 -0.791 -1.404
0.000 1.000 3.930 -2.036 -1.389 0.417 1.799 1.008 2.234 0.521 0.316 -1.415 0.640 -3.826 5.714 -2.874 1.285 3.438
1.000 1.000 8.981 -1.887 -3.770 -1.190 0.516 -0.563 1.728 2.046 0.843 -1.949 1.807 -4.787 11.499 -4.440 -0.473 5.469
1.000 1.000 19.626 -3.195 -4.608 -2.267 0.919 -1.090 4.230 1.354 -2.421 -2.269 0.750 -9.805 23.278 -9.812 -0.884 13.430
1.000 1.000 11.012 -1.966 -3.094 -1.407 0.470 -0.879 2.171 1.146 -0.828 -1.481 0.774 -5.529 13.433 -5.508 -0.630 7.330
0.000 1.000 2.325 -0.599 -2.010 0.271 0.487 0.060 0.695 0.886 1.415 -1.405 1.141 -2.393 3.917 -1.465 -0.031 1.226
0.000 0.000 3.565 -1.620 -1.445 0.556 1.558 0.889 1.913 0.484 0.430 -1.393 0.620 -3.569 5.289 -2.561 1.028 3.044
1.000 0.000 9.554 -2.405 -4.630 -1.176 0.741 -0.221 2.566 2.058 1.636 -2.842 2.526 -5.829 12.727 -5.083 -0.258 5.828
0.000 1.000 9.027 -1.428 -2.653 -0.970 0.384 -0.424 1.926 1.075 -0.417 -1.377 0.675 -4.692 11.031 -4.503 -0.412 5.916
0.000 0.000 9.531 -2.402 -7.406 -1.387 0.882 -0.174 1.333 5.162 5.457 -4.486 5.105 -5.382 13.081 -4.288 -1.018 3.591
0.000 0.000 6.731 -1.308 -4.316 -0.995 0.293 -0.414 1.000 2.767 2.545 -2.664 2.459 -3.771 9.247 -3.195 -0.682 3.238
0.000 1.000 3.868 -1.925 -1.908 0.090 1.162 0.600 1.814 0.607 0.770 -2.056 0.793 -3.930 5.512 -2.246 0.930 3.040
0.000 1.000 4.858 -0.855 -3.038 -0.492 0.274 -0.043 0.570 2.366 2.067 -1.829 1.839 -2.516 6.411 -2.245 -0.500 2.102
1.000 1.000 14.764 -2.624 -3.334 -1.856 0.760 -1.062 3.237 0.762 -2.142 -1.524 0.413 -7.397 17.719 -7.555 -0.697 10.252
1.000 1.000 3.398 -1.783 -0.642 0.562 1.658 1.567 2.339 -0.155 -0.938 -0.791 0.007 -3.303 4.632 -2.690 1.297 3.288
0.000 1.000 7.866 -1.566 -5.053 -1.148 0.506 -0.240 1.210 3.416 3.036 -3.058 2.951 -4.245 10.593 -3.616 -0.669 3.690
0.000 1.000 6.447 -1.434 -5.103 -0.773 0.443 0.102 0.602 3.999 4.002 -3.144 3.510 -3.416 8.771 -2.886 -0.829 2.232
0.000 0.000 2.699 -0.463 -3.079 -0.008 -0.092 -0.654 0.015 1.952 2.747 -2.067 2.039 -2.621 4.475 -0.974 -0.446 0.824
1.000 0.000 7.255 -1.690 -4.985 -1.045 0.449 -0.240 1.383 3.127 3.244 -3.183 3.172 -4.339 10.141 -3.652 -0.674 3.320
1.000 1.000 9.867 -1.974 -3.745 -1.180 0.721 -0.543 1.763 2.017 0.629 -1.935 1.668 -5.035 12.281 -4.767 -0.542 6.033
1.000 1.000 15.051 -2.654 -3.414 -1.872 0.773 -1.069 3.251 0.862 -2.112 -1.579 0.448 -7.510 18.030 -7.673 -0.725 10.414
0.000 1.000 0.332 0.320 -3.072 -0.327 -0.238 -0.442 -1.195 2.932 3.877 -1.883 2.172 -0.133 1.537 0.398 -0.960 -1.965
0.000 1.000 5.957 -2.823 -2.286 0.021 1.720 0.951 2.936 0.376 0.528 -2.300 0.987 -5.564 7.927 -3.464 1.322 4.746
0.000 0.000 20.314 -3.926 -4.373 -2.571 1.228 -1.402 4.490 1.058 -3.063 -1.795 0.669 -10.114 24.171 -10.371 -0.822 14.191
1.000 1.000 25.730 -4.973 -5.726 -3.331 1.562 -1.902 5.504 1.510 -3.639 -2.324 1.075 -12.725 30.609 -12.995 -1.120 17.835
1.000 0.000 24.842 -5.565 -6.003 -2.955 2.138 -1.158 5.955 1.425 -3.093 -2.443 1.643 -12.621 29.661 -12.711 -0.453 17.535
1.000 0.000 30.742 -6.608 -7.876 -3.975 2.143 -1.908 6.868 2.433 -3.156 -3.463 2.411 -15.419 36.939 -15.656 -0.988 21.361
0.000 1.000 1.670 -0.436 -1.998 0.533 0.789 -0.000 0.146 1.257 2.071 -1.464 0.962 -2.129 3.452 -0.991 0.279 0.882
1.000 1.000 2.940 -0.752 -3.336 0.253 0.693 -0.529 -0.526 1.914 3.524 -2.398 1.442 -3.821 5.407 -0.820 0.136 1.040
1.000 1.000 24.779 -4.784 -5.086 -3.090 1.540 -1.636 5.615 1.059 -3.920 -2.085 0.710 -12.346 29.325 -12.754 -1.037 17.286
1.000 0.000 6.160 -2.979 -1.426 0.730 3.027 2.146 3.965 0.063 -1.048 -1.464 0.446 -5.591 8.473 -4.827 2.020 5.732
0.000 0.000 3.838 -0.616 -2.851 -0.469 0.127 -0.278 0.233 2.131 2.107 -1.759 1.689 -2.045 5.342 -1.688 -0.578 1.415
0.000 1.000 6.847 -1.243 -5.683 -1.030 0.339 -0.452 0.205 4.371 4.370 -3.400 3.662 -3.476 9.419 -2.649 -1.047 2.235
0.000 1.000 12.067 -2.152 -3.442 -1.391 0.654 -0.568 2.694 1.230 -0.801 -1.696 0.930 -6.242 14.743 -6.076 -0.417 8.092
0.000 0.000 0.777 -0.505 -1.369 0.085 0.522 0.034 0.096 1.360 1.398 -1.320 0.870 -0.940 2.074 -0.708 0.240 0.485
0.000 0.000 1.900 -0.663 -7.416 -0.664 0.174 -0.310 -1.515 6.985 9.062 -4.813 6.357 -1.304 4.478 0.071 -1.543 -3.272
0.000 1.000 7.132 -1.373 -4.185 -1.108 0.313 -0.510 0.893 2.789 2.285 -2.483 2.360 -3.782 9.632 -3.456 -0.845 3.495
0.000 0.000 3.748 -1.872 -1.653 0.517 1.674 0.853 1.916 0.691 0.719 -1.607 0.768 -3.817 5.574 -2.570 1.175 3.175
0.000 1.000 3.372 -1.931 -2.058 0.038 1.200 0.667 1.778 1.012 1.233 -2.184 1.231 -3.407 5.167 -2.259 0.897 2.492
1.000 0.000 9.764 -1.505 -3.948 -1.322 0.237 -1.010 1.274 2.201 0.757 -2.081 1.563 -4.930 12.254 -4.444 -0.889 5.809
1.000 0.000 10.421 -2.102 -3.608 -1.400 0.522 -0.707 2.218 1.489 0.028 -1.991 1.376 -5.559 13.257 -5.467 -0.553 6.851
1.000 1.000 23.985 -5.734 -9.066 -3.006 1.904 -0.685 5.651 4.122 1.003 -4.732 4.553 -12.870 29.833 -12.180 -0.597 15.510
0.000 0.000 5.174 -2.715 -1.438 0.549 2.435 1.557 3.218 0.376 -0.411 -1.583 0.690 -4.834 7.269 -3.943 1.758 4.837
1.000 0.000 18.799 -3.653 -4.267 -2.250 1.220 -1.109 4.183 1.326 -2.278 -1.870 0.961 -9.371 22.286 -9.632 -0.821 12.790
1.000 1.000 18.343 -3.388 -4.292 -2.282 1.041 -1.317 3.950 1.106 -2.360 -1.824 0.749 -9.270 21.949 -9.136 -0.705 12.760
1.000 0.000 29.511 -5.802 -6.450 -3.799 1.832 -2.050 6.525 1.427 -4.485 -2.639 1.100 -14.750 35.025 -14.910 -1.094 20.757
0.000 0.000 3.005 -1.177 -1.522 0.659 1.300 0.754 1.589 0.687 0.646 -1.347 0.794 -3.001 4.744 -2.294 0.798 2.585
0.000 0.000 10.241 -2.038 -5.716 -1.305 0.633 -0.337 1.556 3.803 3.004 -3.331 3.267 -5.366 13.301 -4.735 -0.795 5.273
1.000 1.000 25.392 -5.282 -6.415 -3.293 1.705 -1.691 5.490 2.072 -2.608 -2.851 1.827 -12.568 30.532 -12.975 -0.995 17.559
0.000 1.000 2.565 -1.543 -1.326 0.315 1.148 0.517 1.368 0.807 0.647 -1.538 0.717 -2.655 3.959 -1.795 0.952 2.431
1.000 0.000 11.301 -2.593 -6.480 -1.511 0.764 -0.373 1.868 4.234 3.500 -3.756 4.011 -6.041 14.759 -5.432 -0.930 5.729
1.000 0.000 28.645 -5.665 -6.524 -3.424 1.893 -1.525 6.400 1.950 -3.508 -2.879 1.609 -14.249 33.814 -14.630 -1.145 19.661
0.000 1.000 -0.296 0.287 -2.968 -0.154 -0.163 -0.335 -1.281 3.213 4.227 -2.015 2.438 0.222 0.736 0.593 -0.928 -2.476
1.000 1.000 7.448 -1.743 -6.679 -1.157 0.430 -0.279 0.593 5.034 5.442 -4.126 4.753 -4.150 10.583 -3.281 -1.178 2.196
1.000 1.000 2.926 -1.315 -1.059 0.517 1.343 0.894 1.660 0.235 -0.099 -0.972 0.300 -2.913 4.282 -2.191 0.846 2.610
1.000 0.000 5.174 -1.293 -2.451 -0.214 0.717 0.140 1.473 0.941 0.810 -1.434 1.245 -3.466 6.936 -2.855 -0.029 3.143
1.000 1.000 3.356 -1.584 -0.960 0.640 1.667 1.282 2.094 0.162 -0.482 -0.843 0.312 -3.234 4.858 -2.686 1.104 3.129
0.000 1.000 3.657 -0.604 -1.020 -0.287 0.227 -0.015 0.981 0.345 -0.200 -0.607 0.155 -2.044 4.752 -2.229 -0.207 2.352
0.000 1.000 2.532 -1.014 -1.954 0.303 0.965 0.147 0.632 1.041 1.910 -1.663 0.827 -2.956 4.325 -1.410 0.556 1.547
0.000 0.000 17.007 -3.392 -3.916 -1.576 1.227 0.131 4.403 1.483 -1.772 -1.738 1.252 -8.836 20.020 -8.933 -0.245 11.587
0.000 0.000 3.771 -1.506 -2.043 0.723 1.919 1.031 1.629 0.802 1.033 -1.519 0.786 -4.016 6.080 -2.673 1.046 2.895
0.000 0.000 9.235 -1.601 -2.191 -1.039 0.470 -0.557 2.039 0.643 -1.058 -1.036 0.330 -4.659 11.162 -4.842 -0.492 6.213
0.000 0.000 4.848 -2.533 -1.819 0.516 2.412 1.325 2.606 0.656 0.272 -1.702 0.767 -4.790 7.130 -3.500 1.615 4.259
1.000 0.000 6.332 -3.578 -1.480 0.313 2.708 1.862 4.128 0.258 -0.706 -1.887 0.810 -5.727 8.667 -4.831 2.228 5.976
0.000 1.000 -0.407 0.476 -1.374 0.096 -0.133 -0.486 -0.946 1.428 2.053 -0.895 0.722 -0.070 0.596 0.390 -0.349 -1.145
0.000 1.000 17.147 -3.429 -4.404 -1.610 1.202 0.093 4.296 1.868 -1.219 -2.055 1.614 -8.973 20.323 -8.851 -0.271 11.522
1.000 0.000 25.044 -4.851 -6.176 -3.299 1.442 -1.993 5.127 1.893 -2.921 -2.593 1.520 -12.451 30.047 -12.442 -1.099 17.225
1.000 0.000 12.422 -2.368 -2.880 -1.468 0.754 -0.804 2.700 0.899 -1.463 -1.238 0.570 -6.152 14.897 -6.443 -0.609 8.419
1.000 0.000 8.266 -4.825 -2.362 0.527 3.359 2.059 4.928 0.747 -0.090 -2.880 1.490 -7.746 11.052 -5.660 2.916 7.689
0.000 1.000 4.836 -2.566 -1.851 0.468 2.165 1.140 2.578 0.692 0.595 -1.925 0.876 -4.812 6.993 -3.324 1.587 4.192
1.000 1.000 10.524 -1.959 -3.708 -1.345 0.516 -0.642 2.086 1.703 0.089 -1.888 1.367 -5.495 13.163 -5.198 -0.517 6.757
0.000 0.000 0.425 -0.235 -2.886 -0.052 0.206 0.038 -0.664 3.007 3.982 -2.054 2.383 -0.333 1.350 0.145 -0.536 -1.719
1.000 0.000 22.008 -4.551 -5.785 -2.845 1.445 -1.533 4.639 2.002 -1.946 -2.620 1.736 -10.938 26.532 -11.152 -0.935 15.061
0.000 1.000 4.499 -0.902 -4.825 -0.858 0.100 -0.437 0.059 3.704 4.108 -3.013 3.271 -2.603 6.848 -1.812 -0.927 0.942
0.000 1.000 11.262 -1.814 -2.566 -1.003 0.616 -0.233 2.699 0.908 -1.180 -1.268 0.487 -5.853 13.281 -5.765 -0.362 7.572
1.000 0.000 1.756 -0.353 -3.511 -0.290 0.034 -0.235 -0.217 2.851 3.803 -2.475 2.615 -1.467 3.551 -0.678 -0.610 -0.522
0.000 0.000 2.828 -0.748 -2.240 0.011 0.598 -0.171 0.285 1.137 2.103 -1.726 0.765 -3.050 4.557 -1.111 0.238 1.391
0.000 0.000 3.455 -0.490 -4.286 -0.808 -0.078 -0.624 -0.544 3.480 3.821 -2.549 2.837 -1.667 5.439 -1.133 -1.094 0.176
1.000 1.000 9.662 -1.715 -2.333 -1.113 0.518 -0.585 2.164 0.723 -1.089 -1.079 0.398 -4.938 11.666 -4.965 -0.428 6.574
0.000 0.000 1.865 -0.499 -2.139 0.134 0.570 -0.286 -0.146 1.314 2.535 -1.639 0.844 -2.431 3.641 -0.735 0.186 0.578
0.000 0.000 4.342 -1.110 -3.493 -0.554 0.325 -0.063 0.751 2.234 2.465 -2.315 2.100 -2.813 6.215 -2.034 -0.368 1.718
0.000 1.000 2.691 -1.012 -6.028 -0.337 0.597 0.303 -0.562 5.513 7.099 -3.859 4.993 -1.759 4.548 -0.522 -0.929 -1.726
1.000 0.000 16.180 -3.494 -4.564 -1.951 1.179 -0.785 3.692 1.765 -0.904 -2.208 1.667 -8.250 19.590 -8.372 -0.602 10.829
0.000 1.000 13.915 -2.951 -4.228 -1.865 0.891 -0.874 3.054 1.681 -0.612 -2.091 1.533 -7.177 17.227 -7.226 -0.613 9.322
0.000 1.000 1.511 -0.478 -6.224 -0.473 0.199 -0.180 -1.395 6.061 7.823 -4.049 5.319 -1.000 3.556 0.152 -1.338 -2.956
0.000 1.000 6.212 -1.080 -3.294 -0.636 0.336 -0.075 0.918 2.389 1.828 -1.924 1.835 -3.222 7.965 -2.899 -0.487 3.115
1.000 1.000 24.370 -4.641 -5.138 -2.981 1.534 -1.549 5.388 1.334 -3.550 -2.139 0.845 -12.055 28.748 -12.429 -1.068 16.787
0.000 1.000 11.541 -2.309 -1.957 -0.978 0.924 0.188 3.287 0.390 -2.036 -0.796 0.241 -6.018 13.501 -6.397 -0.091 8.168
1.000 0.000 14.780 -2.859 -3.525 -1.812 0.902 -1.020 3.161 1.081 -1.667 -1.560 0.779 -7.302 17.749 -7.637 -0.739 10.089
1.000 0.000 15.925 -3.537 -8.126 -2.321 0.979 -0.861 2.662 4.950 3.399 -4.493 4.688 -8.310 20.533 -7.654 -1.229 8.720
0.000 1.000 5.170 -2.653 -1.332 0.602 2.507 1.681 3.261 0.257 -0.638 -1.441 0.551 -4.824 7.218 -3.993 1.753 4.855
1.000 1.000 10.151 -1.731 -3.104 -1.272 0.401 -0.764 1.932 1.318 -0.421 -1.562 0.905 -5.099 12.426 -5.017 -0.645 6.549
1.000 1.000 10.136 -1.588 -2.576 -1.027 0.454 -0.446 2.250 0.866 -0.919 -1.279 0.459 -5.239 12.172 -5.086 -0.419 6.827
1.000 0.000 24.474 -4.701 -5.531 -3.079 1.488 -1.748 5.216 1.492 -3.227 -2.338 1.108 -12.062 29.104 -12.455 -1.159 16.874
1.000 0.000 9.419 -1.929 -3.808 -1.212 0.575 -0.468 1.915 1.925 0.674 -2.049 1.701 -5.035 11.995 -4.693 -0.431 5.823
1.000 0.000 26.053 -5.216 -5.606 -3.032 1.799 -1.168 6.119 1.485 -3.544 -2.465 1.273 -13.049 30.691 -13.540 -0.932 18.007
0.000 1.000 -0.041 0.287 -1.927 -0.045 -0.182 -0.302 -0.697 1.936 2.698 -1.449 1.448 -0.182 1.065 0.102 -0.552 -1.316
0.000 0.000 -0.597 0.244 -6.089 -0.469 -0.177 -0.706 -2.584 6.598 8.577 -4.071 5.371 0.672 1.227 1.353 -1.736 -4.881
1.000 0.000 24.862 -4.770 -6.030 -3.218 1.466 -1.921 5.078 1.897 -2.860 -2.535 1.452 -12.279 29.700 -12.400 -1.186 16.990
0.000 0.000 -1.682 0.579 -2.942 -0.262 -0.161 -0.381 -2.036 4.088 4.971 -2.023 2.631 1.778 -1.180 1.468 -1.081 -3.823
1.000 1.000 12.572 -2.629 -3.602 -1.527 0.780 -0.645 3.024 1.113 -0.829 -1.920 1.094 -6.804 15.636 -6.632 -0.322 8.801
0.000 1.000 1.285 -0.266 -1.113 0.061 0.239 0.340 0.370 0.961 1.028 -0.735 0.697 -0.916 2.029 -0.895 -0.111 0.307
0.000 1.000 2.890 -0.407 -1.977 -0.223 0.054 0.078 0.491 1.465 1.426 -1.260 1.164 -1.676 3.971 -1.534 -0.398 1.014
0.000 1.000 3.830 -0.943 -3.157 -0.402 0.349 0.182 0.575 2.483 2.674 -2.023 2.222 -2.253 5.430 -1.921 -0.450 1.233
0.000 0.000 6.927 -1.476 -4.789 -0.795 0.495 0.044 0.885 3.598 3.411 -2.892 3.099 -3.673 9.226 -3.109 -0.649 2.899
1.000 0.000 12.499 -2.495 -4.023 -1.596 0.702 -0.791 2.665 1.580 -0.413 -1.993 1.419 -6.565 15.516 -6.255 -0.474 8.307
0.000 0.000 37.466 -7.568 -9.067 -4.824 2.435 -2.646 7.918 2.754 -4.319 -3.821 2.424 -18.516 44.654 -18.829 -1.564 25.834
0.000 0.000 5.229 -2.929 -1.485 0.409 2.099 1.351 3.118 0.353 0.034 -1.938 0.692 -5.052 7.002 -3.550 1.794 4.762
1.000 1.000 21.271 -3.996 -4.613 -2.735 1.194 -1.524 4.680 1.086 -3.231 -1.976 0.686 -10.601 25.360 -10.848 -0.906 14.875
0.000 1.000 0.785 -0.005 -3.217 -0.142 0.037 -0.014 -0.810 3.249 4.183 -2.131 2.572 -0.499 1.881 0.028 -0.821 -1.776
1.000 0.000 6.834 -1.399 -3.379 -0.804 0.436 -0.290 1.253 1.949 1.412 -1.945 1.783 -3.705 8.952 -3.425 -0.489 3.776
0.000 1.000 2.493 -1.395 -2.227 0.123 0.920 0.668 1.103 1.485 1.937 -2.000 1.522 -2.438 3.892 -1.534 0.488 1.215
1.000 1.000 18.449 -3.518 -4.159 -2.259 1.146 -1.202 4.123 1.019 -2.488 -1.727 0.697 -9.346 21.994 -9.256 -0.589 12.927
0.000 1.000 8.069 -1.202 -2.739 -0.891 0.258 -0.416 1.554 1.308 0.104 -1.493 0.866 -4.194 9.974 -3.943 -0.502 5.049
1.000 0.000 5.227 -1.738 -3.460 -0.450 0.797 0.554 1.625 2.133 2.369 -2.429 2.267 -3.561 7.125 -2.803 0.045 2.541
1.000 1.000 8.532 -2.014 -3.687 -1.130 0.680 -0.320 1.802 2.002 0.999 -1.971 1.858 -4.569 10.929 -4.334 -0.397 5.139
0.000 0.000 3.255 -0.374 -2.477 -0.435 -0.066 -0.357 0.074 1.768 1.751 -1.593 1.322 -1.749 4.686 -1.446 -0.616 1.218
0.000 1.000 -0.264 -0.002 -5.069 -0.207 0.115 -0.251 -1.877 5.597 7.287 -3.371 4.516 0.479 1.052 0.985 -1.254 -3.941
0.000 0.000 7.285 -1.607 -2.942 -0.831 0.439 -0.332 1.898 1.154 0.592 -1.843 1.301 -4.455 9.646 -3.920 -0.177 4.760
1.000 0.000 3.820 -2.281 -1.083 0.335 1.848 1.292 2.475 0.331 -0.467 -1.405 0.430 -3.666 5.401 -2.937 1.492 3.788
1.000 0.000 16.836 -2.752 -3.933 -1.916 0.801 -0.925 3.672 1.120 -2.093 -1.916 0.598 -8.449 20.010 -8.450 -0.737 11.546
1.000 1.000 20.987 -4.000 -4.339 -2.611 1.312 -1.375 4.742 0.938 -3.317 -1.752 0.574 -10.433 24.864 -10.765 -0.872 14.604
1.000 1.000 10.927 -1.955 -2.907 -1.310 0.558 -0.775 2.215 1.100 -0.908 -1.334 0.695 -5.470 13.204 -5.499 -0.601 7.250
0.000 0.000 5.753 -2.634 -1.735 0.937 2.937 2.014 3.409 0.326 -0.580 -1.519 0.645 -5.492 8.236 -4.424 1.839 5.244
1.000 0.000 18.455 -3.469 -4.101 -2.251 1.129 -1.164 4.085 1.138 -2.521 -1.695 0.756 -9.179 21.903 -9.398 -0.809 12.634
0.000 1.000 -0.980 0.476 -4.269 -0.239 -0.192 -0.557 -2.226 4.948 6.352 -2.778 3.697 0.975 0.120 1.382 -1.368 -4.106
1.000 1.000 17.958 -4.692 -8.566 -2.275 1.745 -0.166 4.279 4.454 3.012 -4.747 5.078 -10.049 22.964 -9.081 -0.581 10.538
1.000 0.000 18.036 -4.582 -8.068 -2.324 1.633 -0.297 4.356 4.051 2.391 -4.445 4.616 -10.075 23.024 -9.268 -0.585 10.886
1.000 1.000 13.789 -2.534 -3.258 -1.707 0.770 -0.974 2.990 0.928 -1.700 -1.445 0.610 -6.935 16.553 -6.990 -0.637 9.411
0.000 1.000 2.409 -0.938 -1.845 0.469 1.244 0.326 0.739 0.983 1.567 -1.443 0.743 -2.767 4.261 -1.580 0.596 1.629
1.000 0.000 16.151 -3.003 -3.213 -1.974 0.958 -1.033 3.725 0.621 -2.706 -1.369 0.273 -8.070 19.198 -8.412 -0.682 11.316
1.000 0.000 11.291 -2.181 -2.829 -1.293 0.693 -0.646 2.520 0.966 -1.053 -1.256 0.710 -5.687 13.582 -5.879 -0.553 7.520
1.000 1.000 15.913 -3.147 -5.366 -2.184 0.741 -1.394 2.895 2.220 -0.219 -2.715 1.953 -8.145 19.824 -7.812 -0.913 10.537
0.000 1.000 1.808 0.154 -2.246 0.253 0.037 -0.513 -0.340 1.236 2.261 -1.496 1.066 -2.200 3.608 -0.755 -0.396 0.422
1.000 0.000 3.509 -0.866 -3.987 0.149 0.843 -0.720 -0.602 2.187 4.286 -2.837 1.709 -4.464 6.492 -1.000 0.127 1.171
1.000 0.000 6.466 -1.706 -2.823 -0.428 0.557 -0.071 1.996 0.960 0.867 -1.834 1.461 -4.489 8.591 -3.559 0.046 4.293
1.000 1.000 4.564 -0.868 -1.952 -0.513 0.294 -0.197 0.871 1.132 0.624 -1.076 0.859 -2.405 5.867 -2.305 -0.340 2.529
0.000 0.000 2.623 -1.069 -1.617 0.459 1.212 0.455 1.056 0.764 1.205 -1.373 0.656 -2.861 4.333 -1.783 0.669 1.930
1.000 0.000 7.601 -1.438 -3.838 -1.158 0.221 -0.774 1.090 2.142 1.487 -2.218 1.895 -4.045 10.139 -3.731 -0.795 4.231
1.000 1.000 15.237 -2.879 -3.420 -1.668 0.955 -0.636 3.445 1.147 -1.804 -1.501 0.776 -7.601 17.953 -7.829 -0.629 10.312
1.000 0.000 16.730 -3.657 -7.090 -2.416 0.992 -1.019 3.167 3.746 1.618 -3.790 3.578 -8.709 21.246 -8.313 -1.029 10.154
0.000 1.000 1.944 -0.505 -1.087 0.469 0.738 0.451 0.872 0.314 0.361 -0.852 0.294 -2.040 3.130 -1.444 0.278 1.522
1.000 0.000 27.106 -5.401 -6.825 -3.590 1.552 -2.130 5.588 2.064 -2.935 -3.028 1.779 -13.478 32.630 -13.655 -1.234 18.741
1.000 0.000 13.463 -3.014 -6.520 -1.862 0.976 -0.537 2.533 3.853 2.559 -3.663 3.677 -7.160 17.302 -6.606 -0.849 7.559
1.000 0.000 29.013 -5.917 -6.524 -3.640 1.968 -1.882 6.488 1.548 -4.094 -2.630 1.366 -14.484 34.457 -14.727 -0.982 20.379
0.000 1.000 7.501 -1.222 -3.122 -0.938 0.213 -0.460 1.304 1.646 0.701 -1.782 1.266 -3.936 9.534 -3.625 -0.556 4.471
0.000 0.000 0.068 0.262 -2.130 0.052 -0.094 -0.423 -0.746 1.987 2.781 -1.611 1.474 -0.418 1.388 0.101 -0.447 -1.077
0.000 0.000 3.805 -0.661 -3.556 -0.641 0.166 -0.189 0.141 2.886 3.028 -2.191 2.303 -2.063 5.582 -1.604 -0.682 0.951
0.000 0.000 1.247 -0.029 -2.271 -0.146 -0.097 -0.138 -0.329 2.016 2.504 -1.541 1.491 -0.779 2.270 -0.392 -0.544 -0.456
1.000 0.000 15.895 -3.818 -4.606 -1.755 1.630 -0.307 4.009 1.535 -0.969 -2.088 1.809 -8.326 19.284 -8.275 -0.207 10.815
1.000 1.000 20.219 -3.731 -5.304 -2.745 0.963 -1.740 4.026 1.663 -2.138 -2.411 1.233 -10.125 24.450 -9.962 -1.000 13.860
1.000 1.000 1.753 0.652 -3.465 0.180 0.120 -1.010 -1.649 1.935 3.920 -1.814 1.266 -2.562 4.352 -0.105 -0.783 -0.488
1.000 1.000 2.703 -0.486 -1.982 0.648 1.184 0.577 0.541 0.524 1.026 -1.126 0.462 -3.118 4.746 -1.736 0.224 1.680
1.000 1.000 8.458 -1.635 -1.693 -0.695 0.624 0.105 2.306 0.528 -1.143 -0.714 0.388 -4.428 10.015 -4.688 -0.222 5.692
1.000 1.000 25.698 -5.004 -5.853 -3.191 1.638 -1.682 5.560 1.718 -3.270 -2.457 1.298 -12.676 30.465 -13.036 -1.123 17.649
0.000 1.000 4.886 -0.632 -2.211 -0.556 0.109 -0.259 0.769 1.311 0.829 -1.234 0.887 -2.621 6.382 -2.374 -0.436 2.672
0.000 0.000 7.934 -1.232 -2.763 -0.898 0.286 -0.408 1.546 1.347 0.143 -1.483 0.917 -4.132 9.855 -3.881 -0.460 4.956
1.000 0.000 9.586 -1.716 -2.654 -1.206 0.407 -0.700 1.992 0.963 -0.779 -1.273 0.647 -4.856 11.712 -4.872 -0.533 6.371
0.000 1.000 7.020 -1.526 -6.231 -1.024 0.356 -0.258 0.370 4.819 5.077 -3.834 4.344 -3.769 9.859 -2.989 -1.154 2.083
0.000 1.000 10.576 -2.011 -5.469 -1.404 0.555 -0.621 1.536 3.452 2.420 -3.069 2.900 -5.459 13.636 -4.829 -0.819 5.743
0.000 0.000 3.984 -2.477 -1.133 0.169 1.723 1.525 2.748 0.276 -0.115 -1.524 0.568 -3.716 5.310 -2.955 1.479 3.439
0.000 1.000 9.293 -1.693 -3.072 -1.230 0.362 -0.728 1.767 1.338 -0.169 -1.584 0.999 -4.715 11.545 -4.613 -0.563 5.993
0.000 1.000 -0.899 0.604 -3.395 -0.167 -0.326 -0.600 -1.910 3.759 4.989 -2.178 2.719 0.758 0.059 1.229 -1.182 -3.404
0.000 0.000 5.210 -1.228 -3.251 -0.676 0.355 -0.117 1.062 1.900 1.779 -2.079 1.810 -3.123 7.170 -2.595 -0.331 2.563
1.000 1.000 19.880 -3.889 -4.631 -2.576 1.120 -1.475 4.333 1.200 -2.615 -1.998 0.943 -9.946 23.877 -10.154 -0.824 13.868
1.000 0.000 8.783 -2.019 -5.693 -1.191 0.584 -0.282 1.274 3.934 3.599 -3.362 3.669 -4.735 11.715 -4.149 -0.874 4.005
0.000 0.000 0.888 -0.225 -0.982 0.237 0.421 0.133 0.176 0.761 0.935 -0.838 0.319 -1.179 1.937 -0.653 0.216 0.470
1.000 0.000 23.638 -5.627 -8.320 -2.930 1.958 -0.634 5.631 3.657 0.308 -4.198 4.031 -12.498 29.163 -12.148 -0.585 15.445
1.000 1.000 7.442 -3.980 -2.462 0.749 2.866 1.806 4.278 0.775 0.571 -2.803 1.487 -7.023 9.981 -4.874 2.497 6.607
1.000 0.000 11.078 -1.839 -2.935 -1.072 0.596 -0.287 2.542 1.221 -0.742 -1.477 0.783 -5.747 13.204 -5.583 -0.413 7.279
0.000 1.000 4.440 -2.192 -0.918 0.419 2.246 1.726 3.015 -0.125 -0.989 -1.194 0.039 -4.045 6.289 -3.699 1.506 4.248
1.000 1.000 14.432 -3.006 -3.900 -1.730 1.074 -0.837 3.093 1.452 -1.087 -1.746 1.231 -7.232 17.409 -7.306 -0.558 9.727
1.000 1.000 6.482 -1.542 -2.775 -0.541 0.686 -0.017 1.675 1.123 0.702 -1.524 1.330 -3.847 8.430 -3.430 -0.123 3.973
0.000 1.000 2.322 0.328 -3.151 0.229 0.219 -0.683 -0.790 1.688 3.394 -1.868 1.313 -2.962 4.885 -0.794 -0.495 0.233
1.000 0.000 6.770 -1.063 -3.202 -0.927 0.127 -0.691 0.782 1.969 1.097 -1.732 1.435 -3.461 8.702 -3.056 -0.695 3.774
0.000 0.000 1.034 -0.376 -4.550 -0.313 0.223 -0.081 -1.014 4.351 5.651 -2.891 3.722 -0.620 2.467 0.177 -0.963 -2.215
1.000 0.000 24.415 -4.985 -5.839 -2.951 1.664 -1.320 5.492 1.831 -2.682 -2.641 1.621 -12.203 29.039 -12.563 -0.962 16.731
1.000 1.000 16.652 -3.008 -3.567 -2.089 0.892 -1.151 3.732 0.743 -2.609 -1.612 0.393 -8.335 19.898 -8.573 -0.745 11.656
0.000 1.000 1.975 -0.859 -2.163 0.422 1.123 0.072 0.104 1.297 2.162 -1.492 0.886 -2.586 3.877 -1.023 0.496 1.043
1.000 1.000 18.829 -3.566 -4.107 -2.382 1.037 -1.358 4.160 0.936 -2.734 -1.785 0.638 -9.405 22.510 -9.713 -0.840 13.130
0.000 1.000 13.769 -2.637 -3.691 -1.314 0.900 -0.087 3.269 1.670 -0.770 -1.738 1.325 -7.156 16.397 -7.019 -0.344 9.097
0.000 1.000 -0.832 0.545 -2.390 -0.108 -0.240 -0.406 -1.499 2.819 3.700 -1.539 1.877 0.709 -0.145 0.940 -0.936 -2.694
1.000 1.000 17.999 -3.601 -5.206 -2.388 0.995 -1.500 3.463 1.971 -1.075 -2.456 1.649 -9.042 21.932 -8.919 -0.945 12.108
1.000 0.000 7.875 -1.795 -3.230 -0.867 0.622 -0.200 1.907 1.402 0.663 -1.815 1.524 -4.429 10.160 -4.168 -0.274 4.933
0.000 1.000 3.523 -1.247 -1.798 0.731 1.403 0.764 1.726 0.717 0.782 -1.498 0.941 -3.473 5.494 -2.596 0.775 2.940
0.000 1.000 6.971 -1.586 -1.351 -0.381 0.873 0.526 2.284 0.313 -0.989 -0.625 0.304 -3.891 8.344 -4.119 0.088 4.843
0.000 0.000 4.407 -0.602 -3.643 -0.778 0.005 -0.555 0.038 2.684 2.691 -2.173 2.121 -2.268 6.323 -1.777 -0.838 1.413
0.000 1.000 7.693 -2.174 -5.993 -1.169 0.790 -0.027 1.395 4.037 4.266 -3.681 4.055 -4.604 10.702 -3.598 -0.630 3.141
1.000 0.000 14.277 -3.006 -4.419 -1.805 0.871 -0.842 3.189 1.609 -0.589 -2.259 1.548 -7.540 17.733 -7.347 -0.494 9.743
0.000 1.000 2.828 -0.484 -3.980 -0.519 -0.079 -0.288 -0.383 3.373 3.982 -2.560 2.896 -1.582 4.602 -1.067 -0.964 -0.163
1.000 1.000 15.428 -2.799 -3.957 -1.913 0.840 -1.105 3.150 1.452 -1.450 -1.722 1.013 -7.699 18.519 -7.642 -0.750 10.322
1.000 0.000 29.843 -5.956 -7.468 -3.879 1.863 -2.207 6.183 2.388 -3.154 -3.234 2.030 -14.738 35.748 -14.982 -1.335 20.472
0.000 0.000 -0.804 0.325 -5.188 -0.352 -0.167 -0.639 -2.450 5.755 7.412 -3.366 4.509 0.840 0.584 1.432 -1.569 -4.515
1.000 1.000 16.989 -3.271 -6.233 -2.389 0.657 -1.726 2.679 2.768 0.297 -3.137 2.427 -8.671 21.290 -8.043 -1.149 10.998
1.000 1.000 16.719 -2.926 -3.788 -2.078 0.870 -1.162 3.625 0.926 -2.352 -1.748 0.517 -8.348 19.984 -8.483 -0.789 11.546
1.000 1.000 14.586 -2.839 -4.625 -1.981 0.725 -1.182 2.777 1.910 -0.477 -2.330 1.591 -7.321 18.072 -7.333 -0.831 9.672
0.000 1.000 5.331 -1.239 -6.592 -0.737 0.483 0.078 -0.156 5.544 6.445 -4.152 4.923 -2.864 7.773 -1.842 -1.132 0.263
0.000 1.000 9.399 -1.673 -2.979 -1.227 0.357 -0.733 1.806 1.293 -0.299 -1.520 0.921 -4.756 11.591 -4.673 -0.589 6.071
1.000 0.000 10.776 -2.022 -2.787 -1.281 0.610 -0.720 2.267 0.976 -0.959 -1.268 0.661 -5.389 13.049 -5.559 -0.575 7.200
1.000 0.000 0.924 -0.654 -1.533 0.193 0.587 0.243 0.245 1.429 1.496 -1.424 1.001 -1.115 1.980 -0.631 0.286 0.402
1.000 1.000 17.973 -3.730 -5.827 -2.439 0.954 -1.429 3.490 2.366 -0.457 -2.874 2.205 -9.203 22.220 -8.933 -0.901 11.968
1.000 0.000 38.705 -8.102 -10.125 -5.102 2.495 -2.746 8.141 3.350 -3.714 -4.409 3.146 -19.298 46.449 -19.315 -1.468 26.674
1.000 0.000 30.974 -6.199 -8.014 -4.045 1.928 -2.448 6.203 2.552 -3.189 -3.355 2.273 -15.452 37.152 -15.150 -1.284 21.257
1.000 0.000 27.248 -5.777 -7.172 -3.506 1.881 -1.849 5.810 2.357 -2.614 -3.061 2.208 -13.636 32.716 -13.580 -0.932 18.803
0.000 0.000 4.153 -1.573 -1.932 0.140 1.082 0.431 1.626 0.673 1.096 -1.898 0.696 -4.015 5.805 -2.253 0.765 3.057
0.000 0.000 8.823 -1.709 -4.565 -1.027 0.586 -0.161 1.651 2.878 2.178 -2.763 2.406 -4.813 11.415 -4.122 -0.414 4.860
0.000 1.000 1.728 -0.274 -1.568 0.224 0.207 -0.024 0.294 0.811 1.112 -1.061 0.834 -1.749 2.956 -0.980 -0.137 0.805
1.000 0.000 13.488 -2.735 -4.070 -1.765 0.794 -0.845 2.973 1.520 -0.632 -2.101 1.389 -6.990 16.780 -7.068 -0.605 9.084
1.000 1.000 2.464 -0.306 -2.585 -0.337 -0.038 -0.245 -0.180 2.203 2.396 -1.603 1.712 -1.284 3.708 -1.004 -0.669 0.306
1.000 0.000 7.486 -1.248 -3.055 -1.012 0.218 -0.661 1.133 1.675 0.609 -1.627 1.223 -3.777 9.466 -3.557 -0.651 4.408
0.000 1.000 9.594 -1.858 -5.621 -1.523 0.386 -0.849 0.962 3.783 2.896 -3.080 3.180 -4.811 12.625 -4.256 -1.099 4.703
1.000 0.000 18.156 -3.741 -5.491 -2.404 1.124 -1.322 3.611 2.274 -0.826 -2.531 1.954 -9.086 22.154 -9.016 -0.850 12.087
1.000 0.000 16.617 -2.784 -3.870 -2.025 0.808 -1.119 3.524 1.034 -2.181 -1.866 0.545 -8.265 19.856 -8.383 -0.829 11.396
0.000 1.000 6.422 -1.214 -3.016 -0.549 0.444 0.227 1.294 2.131 1.469 -1.754 1.670 -3.418 8.084 -3.199 -0.310 3.448
0.000 0.000 0.166 0.633 -2.780 0.206 0.034 -1.049 -1.887 2.181 4.031 -1.538 1.253 -1.207 2.237 0.614 -0.503 -1.464
1.000 1.000 23.617 -4.943 -6.037 -3.050 1.544 -1.570 5.149 1.946 -2.332 -2.744 1.766 -11.827 28.451 -12.089 -0.914 16.320
0.000 1.000 7.581 -1.643 -3.068 -0.820 0.535 -0.065 1.674 1.738 0.867 -1.781 1.543 -4.084 9.637 -4.014 -0.354 4.591
0.000 1.000 2.873 -1.091 -2.241 0.577 1.470 0.474 0.773 1.124 1.893 -1.592 0.918 -3.337 5.087 -1.814 0.709 1.838
0.000 1.000 0.224 -0.173 -6.330 -0.330 0.118 -0.323 -2.012 6.681 8.804 -4.284 5.688 0.040 2.111 0.822 -1.486 -4.299
0.000 0.000 23.774 -5.006 -6.076 -2.989 1.665 -1.598 5.162 1.735 -2.608 -2.551 1.680 -12.078 28.537 -11.817 -0.719 16.551
1.000 1.000 32.449 -6.380 -7.135 -4.133 2.061 -2.254 7.097 1.710 -4.657 -2.885 1.397 -16.013 38.515 -16.542 -1.365 22.602
1.000 0.000 21.384 -4.319 -5.857 -2.805 1.247 -1.710 4.226 2.090 -1.617 -2.727 1.775 -10.687 25.896 -10.680 -1.060 14.539
1.000 1.000 20.434 -4.340 -5.537 -2.514 1.410 -1.095 4.607 2.007 -1.451 -2.687 1.913 -10.345 24.622 -10.550 -0.805 13.813
0.000 0.000 6.469 -1.329 -0.986 -0.379 0.609 0.381 2.148 0.094 -1.169 -0.428 0.043 -3.565 7.672 -3.847 0.059 4.585
1.000 0.000 13.697 -3.326 -4.666 -1.513 1.289 -0.062 3.686 1.889 0.062 -2.396 2.172 -7.544 17.043 -7.301 -0.108 9.117
1.000 1.000 9.306 -1.594 -4.628 -1.385 0.245 -0.911 1.132 2.746 1.692 -2.493 2.233 -4.722 12.039 -4.191 -0.915 5.090
1.000 1.000 4.790 -0.973 -3.638 -0.728 0.174 -0.316 0.623 2.414 2.641 -2.348 2.270 -2.784 6.930 -2.394 -0.704 1.856
0.000 1.000 0.721 -0.161 -1.040 0.245 0.402 0.037 0.134 0.835 0.971 -0.852 0.451 -0.949 1.888 -0.692 0.140 0.439
0.000 1.000 0.570 -0.012 -3.614 -0.233 -0.021 -0.209 -1.045 3.652 4.711 -2.350 2.975 -0.409 1.854 0.239 -0.924 -2.100
1.000 1.000 11.591 -1.855 -3.289 -1.441 0.466 -0.894 2.188 1.330 -0.780 -1.672 0.800 -5.778 14.078 -5.695 -0.733 7.611
1.000 0.000 10.896 -2.122 -3.148 -1.326 0.655 -0.604 2.449 1.151 -0.666 -1.565 0.913 -5.729 13.378 -5.513 -0.374 7.342
0.000 0.000 2.378 -0.452 -3.967 -0.583 -0.109 -0.374 -0.486 3.345 4.079 -2.623 2.897 -1.432 4.243 -0.902 -0.992 -0.435
0.000 0.000 7.350 -1.572 -0.887 -0.473 0.733 0.391 2.457 -0.096 -1.642 -0.313 -0.127 -3.967 8.635 -4.384 0.110 5.387
0.000 1.000 0.851 -0.403 -3.738 -0.323 0.193 -0.081 -0.725 3.504 4.543 -2.588 2.918 -0.659 2.181 0.062 -0.691 -1.741
1.000 1.000 5.409 -2.007 -2.162 0.757 1.777 1.015 2.706 0.628 0.812 -1.809 1.285 -5.021 7.731 -3.734 1.114 4.414
0.000 0.000 5.014 -1.056 -2.273 -0.188 0.464 -0.054 1.277 0.729 0.630 -1.438 1.004 -3.482 6.793 -2.764 -0.163 3.131
0.000 1.000 2.882 -1.529 -1.263 0.410 1.322 0.712 1.559 0.572 0.454 -1.302 0.532 -2.939 4.291 -2.036 0.967 2.552
0.000 1.000 3.215 -0.458 -2.248 -0.337 0.072 -0.153 0.220 1.794 1.648 -1.393 1.299 -1.698 4.434 -1.465 -0.460 1.241
1.000 1.000 4.302 -3.074 -2.313 -0.042 2.138 1.144 2.575 1.581 1.025 -2.664 1.769 -3.965 6.781 -3.404 1.630 3.957
0.000 0.000 13.540 -2.644 -3.464 -1.197 0.958 0.134 3.421 1.506 -0.916 -1.606 1.223 -7.111 16.061 -7.000 -0.201 9.061
1.000 0.000 11.181 -6.674 -2.857 0.540 4.888 3.075 6.890 0.701 -1.255 -3.324 1.777 -10.145 15.002 -8.037 4.034 10.692
1.000 1.000 20.726 -4.230 -5.374 -2.581 1.333 -1.294 4.484 1.853 -1.822 -2.520 1.615 -10.375 24.866 -10.587 -0.916 14.082
1.000 1.000 15.399 -2.819 -3.402 -1.809 0.909 -0.925 3.535 0.791 -2.193 -1.409 0.501 -7.841 18.383 -7.821 -0.525 10.731
0.000 1.000 1.954 -0.871 -1.975 0.402 1.098 0.125 0.225 1.161 1.904 -1.414 0.775 -2.508 3.728 -1.062 0.511 1.115
0.000 0.000 0.192 -0.245 -2.175 0.024 0.309 -0.100 -0.454 2.299 2.804 -1.891 1.638 -0.387 1.356 -0.035 -0.141 -0.849
1.000 1.000 14.243 -2.884 -6.391 -1.896 0.836 -0.836 2.278 3.821 2.093 -3.438 3.315 -7.204 17.977 -6.790 -1.024 8.213
1.000 0.000 14.937 -3.025 -5.031 -2.012 0.805 -1.225 2.753 2.235 -0.083 -2.477 1.930 -7.574 18.494 -7.329 -0.843 9.748
1.000 0.000 18.017 -3.372 -4.558 -2.143 1.075 -1.033 3.789 1.786 -1.591 -2.007 1.308 -8.945 21.422 -9.031 -0.863 11.953
1.000 0.000 15.087 -2.821 -3.930 -1.945 0.771 -1.110 3.208 1.192 -1.594 -1.767 0.913 -7.614 18.278 -7.576 -0.673 10.289
1.000 0.000 7.103 -1.750 -4.091 -0.861 0.586 -0.125 1.603 2.253 2.088 -2.475 2.392 -4.158 9.550 -3.616 -0.388 3.785
0.000 0.000 5.097 -1.430 -8.559 -0.852 0.461 0.048 -0.634 7.449 9.187 -5.434 6.848 -2.960 8.105 -1.495 -1.536 -1.134
1.000 1.000 20.219 -3.808 -4.439 -2.597 1.148 -1.474 4.381 1.127 -2.970 -1.889 0.689 -10.050 24.116 -10.285 -0.887 14.085
1.000 1.000 13.078 -2.360 -2.812 -1.471 0.765 -0.688 2.981 0.833 -1.749 -1.293 0.437 -6.550 15.491 -6.785 -0.595 8.891
1.000 0.000 15.057 -2.694 -3.369 -1.921 0.762 -1.119 3.272 0.766 -2.208 -1.540 0.392 -7.534 18.070 -7.702 -0.701 10.499
1.000 0.000 12.257 -2.188 -2.623 -1.444 0.688 -0.782 2.710 0.711 -1.747 -1.193 0.284 -6.100 14.617 -6.333 -0.585 8.422
1.000 0.000 18.278 -3.508 -4.274 -2.353 1.048 -1.371 3.897 1.226 -2.359 -1.787 0.846 -9.103 21.881 -9.240 -0.812 12.617
1.000 0.000 9.093 -1.838 -4.429 -1.332 0.396 -0.766 1.305 2.632 1.559 -2.368 2.233 -4.714 11.770 -4.236 -0.748 5.162
0.000 0.000 11.076 -2.925 -4.451 -1.269 1.115 -0.035 3.130 1.644 0.654 -2.707 2.046 -6.708 14.242 -5.788 0.083 7.323
1.000 0.000 7.193 -1.359 -2.793 -0.899 0.301 -0.496 1.414 1.263 0.429 -1.538 1.121 -3.829 9.296 -3.778 -0.517 4.417
0.000 1.000 15.318 -3.057 -4.152 -1.449 1.056 0.063 3.751 1.887 -0.815 -1.969 1.611 -8.017 18.234 -7.880 -0.315 10.139
0.000 1.000 2.494 -1.159 -3.468 -0.163 0.680 0.329 0.429 2.563 3.336 -2.492 2.472 -2.205 4.124 -1.083 -0.100 0.316
0.000 1.000 -0.482 0.066 -2.448 -0.012 0.127 -0.055 -1.000 3.022 3.883 -1.774 2.100 0.530 0.125 0.642 -0.532 -2.299
1.000 1.000 7.699 -1.754 -2.683 -0.711 0.753 -0.149 1.915 0.967 0.094 -1.336 1.080 -4.326 9.725 -4.055 -0.144 5.007
1.000 0.000 16.175 -3.451 -5.404 -2.133 0.898 -1.148 3.319 2.141 -0.264 -2.733 2.101 -8.547 20.148 -8.064 -0.654 10.881
0.000 0.000 5.400 -1.355 -2.751 -0.542 0.549 0.162 1.280 1.820 1.455 -1.649 1.660 -3.069 7.058 -2.891 -0.232 2.900
1.000 0.000 13.606 -2.700 -4.681 -1.872 0.636 -1.266 2.364 2.074 -0.038 -2.279 1.755 -6.955 16.926 -6.558 -0.818 8.862
0.000 1.000 13.492 -2.454 -2.945 -1.130 0.924 0.148 3.568 1.043 -1.546 -1.384 0.706 -7.086 15.823 -7.084 -0.168 9.245
1.000 1.000 14.547 -2.728 -3.303 -1.803 0.819 -1.009 3.203 0.791 -2.031 -1.452 0.497 -7.310 17.453 -7.447 -0.621 10.118
0.000 0.000 1.318 -0.356 -3.605 -0.360 0.080 -0.104 -0.517 3.174 4.030 -2.394 2.675 -0.948 2.693 -0.183 -0.678 -1.200
1.000 1.000 13.143 -3.282 -4.914 -1.571 1.097 -0.218 3.560 1.998 0.503 -2.711 2.421 -7.484 16.645 -7.023 -0.172 8.684
0.000 0.000 5.815 -1.003 -1.997 -0.556 0.291 -0.132 1.313 1.009 0.209 -1.111 0.757 -3.077 7.228 -3.080 -0.372 3.449
0.000 1.000 2.760 -0.382 -2.387 -0.162 0.226 -0.532 -0.149 1.406 2.420 -1.691 0.832 -2.732 4.418 -0.813 -0.083 1.090
1.000 0.000 7.841 -1.604 -3.870 -1.005 0.571 -0.103 1.634 2.418 1.665 -2.257 2.041 -4.274 10.232 -3.909 -0.379 4.385
1.000 0.000 20.362 -4.037 -5.618 -2.659 1.204 -1.667 3.949 2.031 -1.636 -2.437 1.694 -10.175 24.611 -9.933 -0.927 13.788
0.000 1.000 4.374 -0.848 -1.072 -0.226 0.377 0.280 1.303 0.484 -0.235 -0.546 0.317 -2.416 5.316 -2.530 -0.081 2.783
1.000 1.000 21.192 -4.276 -6.201 -2.680 1.303 -1.454 4.195 2.615 -0.964 -2.935 2.217 -10.601 25.572 -10.460 -1.038 14.020
1.000 1.000 8.917 -1.483 -3.994 -1.234 0.242 -0.809 1.219 2.277 1.122 -2.129 1.777 -4.548 11.380 -4.109 -0.795 5.127
1.000 0.000 28.673 -5.617 -6.000 -3.646 1.832 -1.950 6.408 1.300 -4.497 -2.346 0.960 -14.191 33.971 -14.666 -1.152 20.039
0.000 0.000 8.315 -1.478 -2.141 -0.925 0.451 -0.495 1.801 0.755 -0.721 -1.000 0.451 -4.193 10.058 -4.282 -0.450 5.472
1.000 0.000 3.441 -1.707 -2.074 0.170 1.231 0.796 1.789 0.709 0.935 -1.656 1.204 -3.313 5.130 -2.384 0.613 2.293
1.000 0.000 17.074 -3.737 -5.091 -2.106 1.190 -0.848 3.883 2.030 -0.682 -2.526 1.999 -8.769 20.785 -8.846 -0.668 11.364
1.000 0.000 17.497 -3.521 -4.081 -2.090 1.218 -1.038 3.964 0.920 -2.291 -1.738 0.789 -8.797 20.957 -8.987 -0.597 12.226
1.000 0.000 26.304 -5.137 -5.801 -3.324 1.644 -1.838 5.696 1.459 -3.667 -2.454 1.105 -12.954 31.293 -13.499 -1.172 18.310
1.000 0.000 17.254 -3.169 -4.351 -2.273 0.851 -1.390 3.555 1.300 -1.984 -1.984 0.913 -8.656 20.814 -8.608 -0.835 11.862
0.000 1.000 -0.635 0.100 -2.139 -0.173 0.151 -0.234 -1.110 2.774 3.294 -1.733 1.705 0.556 0.197 0.551 -0.478 -1.905
0.000 1.000 1.537 -0.728 -1.017 0.362 0.772 0.428 0.812 0.579 0.525 -0.960 0.393 -1.698 2.617 -1.197 0.481 1.282
1.000 0.000 14.894 -2.806 -3.954 -1.949 0.765 -1.220 3.006 1.369 -1.407 -1.751 1.004 -7.492 18.031 -7.395 -0.742 10.084
0.000 1.000 2.849 0.668 -3.249 -0.164 -0.330 -1.226 -1.203 1.928 3.477 -1.830 1.228 -2.684 5.259 -0.707 -0.909 0.365
1.000 1.000 22.463 -4.445 -6.102 -3.006 1.206 -1.905 4.381 2.083 -1.878 -2.828 1.745 -11.177 27.238 -11.203 -1.147 15.357
0.000 0.000 6.118 -1.419 -2.650 -0.650 0.513 -0.029 1.317 1.623 0.929 -1.471 1.389 -3.302 7.789 -3.192 -0.310 3.556
0.000 1.000 2.405 -0.386 -2.335 -0.049 0.102 -0.399 0.152 1.312 1.961 -1.702 1.163 -2.288 4.084 -1.082 -0.241 1.069
1.000 0.000 15.879 -3.133 -3.887 -2.030 0.945 -1.116 3.475 1.157 -1.876 -1.630 0.907 -7.981 19.126 -8.055 -0.624 10.929
0.000 1.000 13.589 -2.713 -4.303 -1.322 0.952 0.113 3.251 2.196 0.033 -2.220 1.844 -7.112 16.455 -6.914 -0.220 8.864
1.000 1.000 9.495 -1.763 -3.422 -1.238 0.423 -0.661 1.827 1.612 0.184 -1.775 1.288 -4.963 11.929 -4.680 -0.519 6.037
1.000 1.000 19.012 -3.897 -5.817 -2.563 1.110 -1.463 3.743 2.347 -0.894 -2.706 2.053 -9.536 23.249 -9.403 -0.904 12.709
0.000 1.000 12.055 -2.187 -2.922 -1.037 0.789 0.091 3.057 1.232 -1.019 -1.401 0.867 -6.308 14.232 -6.282 -0.250 8.053
1.000 1.000 11.629 -2.078 -3.291 -1.473 0.523 -0.933 2.244 1.257 -0.803 -1.563 0.849 -5.809 14.147 -5.782 -0.685 7.698
0.000 0.000 7.209 -1.657 -6.433 -1.057 0.430 -0.286 0.517 4.833 5.220 -3.927 4.507 -3.970 10.163 -3.077 -1.116 2.161
1.000 0.000 8.990 -1.897 -3.564 -1.209 0.528 -0.525 1.842 1.835 0.655 -1.881 1.650 -4.806 11.520 -4.604 -0.482 5.574
0.000 1.000 5.932 -0.855 -2.629 -0.803 0.087 -0.615 0.646 1.554 0.828 -1.537 1.060 -2.965 7.735 -2.876 -0.696 3.356
0.000 1.000 2.039 -0.635 -1.879 0.409 0.825 0.048 0.355 0.988 1.868 -1.408 0.787 -2.454 3.758 -1.170 0.322 1.125
1.000 0.000 14.368 -2.799 -3.402 -1.775 0.871 -0.937 3.263 0.915 -1.815 -1.423 0.695 -7.334 17.312 -7.322 -0.493 9.977
0.000 0.000 11.561 -2.019 -3.255 -1.450 0.474 -0.838 2.345 1.194 -0.872 -1.608 0.824 -5.836 14.049 -5.773 -0.645 7.668
1.000 1.000 21.184 -5.037 -7.654 -2.645 1.761 -0.532 5.062 3.438 0.537 -3.915 3.769 -11.255 26.285 -10.962 -0.578 13.693
1.000 0.000 13.525 -2.675 -3.898 -1.595 0.825 -0.741 2.790 1.719 -0.586 -1.888 1.367 -6.809 16.295 -6.801 -0.683 8.843
1.000 1.000 15.162 -2.863 -3.584 -1.884 0.891 -1.115 3.159 1.125 -1.803 -1.548 0.715 -7.526 18.153 -7.660 -0.727 10.346
0.000 1.000 5.482 -1.071 -1.493 -0.377 0.445 0.151 1.490 0.676 -0.139 -0.787 0.523 -2.971 6.649 -3.053 -0.196 3.395
1.000 0.000 18.796 -3.556 -4.334 -2.359 1.098 -1.332 4.100 1.132 -2.483 -1.803 0.808 -9.485 22.482 -9.431 -0.704 13.081
1.000 1.000 23.802 -4.724 -4.983 -2.964 1.560 -1.538 5.400 0.989 -3.784 -1.987 0.712 -11.871 28.233 -12.195 -0.850 16.770
0.000 1.000 1.240 0.847 -3.550 0.062 -0.149 -1.278 -2.003 2.238 4.390 -1.922 1.434 -2.161 3.831 0.293 -0.887 -1.056
1.000 0.000 19.396 -4.370 -5.739 -2.356 1.575 -0.990 4.438 1.871 -1.346 -2.513 2.062 -10.147 23.639 -9.694 -0.395 13.311
1.000 1.000 24.597 -4.998 -6.063 -3.097 1.643 -1.621 5.285 1.972 -2.587 -2.629 1.676 -12.216 29.378 -12.450 -1.025 16.838
0.000 0.000 11.855 -2.338 -6.399 -1.592 0.705 -0.550 1.747 4.193 3.152 -3.651 3.600 -6.131 15.328 -5.457 -0.945 6.224
0.000 0.000 6.219 -0.998 -3.373 -0.785 0.182 -0.465 0.595 2.321 1.712 -1.959 1.762 -3.138 8.150 -2.836 -0.710 3.141
1.000 0.000 14.003 -2.793 -4.762 -1.921 0.698 -1.206 2.529 2.097 -0.043 -2.413 1.787 -7.100 17.430 -6.929 -0.866 9.138
0.000 1.000 4.311 -2.315 -1.190 0.308 1.731 1.166 2.668 0.229 0.011 -1.658 0.481 -4.156 5.932 -3.098 1.444 3.921
1.000 0.000 16.560 -3.327 -6.065 -2.257 0.952 -1.152 2.980 3.083 0.549 -3.013 2.622 -8.308 20.528 -8.037 -0.960 10.402
0.000 1.000 6.890 -1.611 -2.681 -0.734 0.636 -0.109 1.608 1.227 0.405 -1.512 1.120 -3.901 8.797 -3.499 -0.108 4.359
1.000 1.000 8.619 -2.005 -5.165 -1.269 0.607 -0.476 1.379 3.157 2.727 -2.952 3.079 -4.701 11.503 -4.092 -0.768 4.300
0.000 1.000 1.072 -0.304 -1.606 0.026 0.272 0.239 0.183 1.436 1.829 -1.423 1.044 -1.068 2.020 -0.611 -0.057 -0.060
1.000 1.000 20.685 -4.048 -4.743 -2.427 1.343 -1.068 4.630 1.477 -2.455 -2.105 1.144 -10.290 24.468 -10.614 -0.855 14.129
1.000 1.000 10.031 -1.742 -2.175 -1.114 0.527 -0.550 2.376 0.439 -1.432 -1.048 0.143 -5.190 12.020 -5.181 -0.352 7.051
1.000 0.000 13.274 -2.340 -4.710 -1.750 0.534 -1.023 2.368 2.163 0.117 -2.367 1.741 -6.787 16.502 -6.357 -0.805 8.424
0.000 1.000 5.095 -0.893 -1.786 -0.541 0.224 -0.246 1.177 0.708 0.123 -1.022 0.587 -2.816 6.649 -2.874 -0.347 3.138
0.000 1.000 2.456 -0.547 -3.497 -0.201 0.276 0.378 0.001 3.251 3.902 -2.302 2.739 -1.448 3.757 -1.029 -0.613 -0.433
1.000 0.000 14.531 -2.588 -3.117 -1.788 0.772 -0.975 3.237 0.736 -2.216 -1.417 0.333 -7.253 17.359 -7.486 -0.665 10.115
0.000 1.000 4.651 -1.943 -1.814 0.721 1.930 1.138 2.622 0.671 0.522 -1.649 1.040 -4.365 6.884 -3.520 1.247 4.014
1.000 0.000 23.106 -4.345 -5.753 -3.002 1.311 -1.850 4.566 1.966 -2.432 -2.498 1.421 -11.379 27.637 -11.449 -1.183 15.679
0.000 1.000 3.723 -2.077 -1.259 0.453 1.567 1.000 2.184 0.421 0.171 -1.470 0.560 -3.681 5.128 -2.530 1.316 3.375
0.000 1.000 4.666 -1.291 -7.870 -1.011 0.186 -0.329 -0.496 6.501 8.189 -5.075 6.245 -2.933 7.968 -1.626 -1.525 -0.859
0.000 1.000 0.473 0.380 -1.558 0.168 -0.022 -0.438 -0.542 1.157 1.923 -1.075 0.713 -0.899 1.861 -0.226 -0.323 -0.369
0.000 1.000 0.417 -0.064 -2.895 -0.032 0.096 -0.002 -0.729 3.032 3.981 -1.917 2.422 -0.265 1.351 0.168 -0.637 -1.776
0.000 1.000 1.981 -0.247 -3.741 -0.411 -0.129 -0.289 -0.516 3.140 3.844 -2.378 2.609 -1.157 3.508 -0.495 -0.845 -0.656
1.000 0.000 4.271 -1.477 -1.749 0.629 1.387 0.811 2.193 0.536 0.692 -1.408 1.011 -3.943 6.246 -3.105 0.809 3.456
1.000 0.000 4.477 -1.842 -6.075 -0.661 0.838 0.433 0.491 4.824 6.058 -3.939 4.850 -3.041 6.892 -1.829 -0.622 0.166
1.000 1.000 3.591 -0.575 -2.960 -0.478 0.075 -0.338 0.139 2.240 2.283 -1.781 1.782 -1.966 5.080 -1.485 -0.600 1.165
0.000 1.000 7.671 -1.738 -3.793 -1.097 0.427 -0.416 1.613 1.978 1.444 -2.222 2.008 -4.285 10.222 -4.031 -0.560 4.344
0.000 0.000 0.094 0.305 -1.776 0.010 -0.167 -0.250 -0.646 1.716 2.422 -1.258 1.223 -0.323 1.088 0.082 -0.513 -1.150
1.000 1.000 6.734 -3.053 -3.702 -0.412 1.627 0.840 3.018 1.297 1.636 -3.028 2.137 -5.844 9.419 -3.882 0.970 4.556
1.000 0.000 11.448 -2.590 -3.295 -1.244 1.101 -0.362 2.711 1.211 -0.633 -1.461 1.182 -5.902 13.933 -5.916 -0.263 7.677
0.000 1.000 0.435 -0.346 -5.326 -0.209 0.267 -0.093 -1.463 5.593 7.390 -3.647 4.743 -0.159 1.977 0.533 -1.101 -3.406
1.000 1.000 14.681 -2.906 -4.566 -1.996 0.721 -1.275 2.729 1.839 -0.533 -2.298 1.532 -7.393 18.143 -7.348 -0.864 9.806
0.000 1.000 16.321 -2.733 -3.663 -1.931 0.808 -0.998 3.556 0.982 -2.225 -1.785 0.489 -8.119 19.411 -8.319 -0.795 11.201
0.000 0.000 2.058 -0.456 -3.600 -0.416 0.022 -0.110 -0.260 2.986 3.652 -2.369 2.545 -1.306 3.555 -0.645 -0.675 -0.487
0.000 1.000 9.360 -2.704 -3.848 -0.983 1.106 0.144 2.904 1.267 0.663 -2.619 1.718 -6.135 12.176 -4.918 0.324 6.281
0.000 1.000 9.183 -1.536 -2.614 -1.212 0.333 -0.964 1.557 1.018 -0.529 -1.372 0.598 -4.521 11.405 -4.653 -0.709 6.080
0.000 0.000 0.978 0.361 -3.299 0.128 0.136 -1.126 -1.778 2.365 4.481 -2.039 1.480 -2.092 3.426 0.323 -0.436 -1.011
0.000 1.000 0.804 0.089 -2.197 -0.160 -0.196 -0.304 -0.449 1.900 2.581 -1.549 1.508 -0.691 1.998 -0.279 -0.615 -0.768
0.000 1.000 9.045 -1.983 -4.070 -1.012 0.751 0.005 2.082 2.270 1.413 -2.561 1.938 -5.178 11.585 -4.404 -0.117 5.457
1.000 0.000 15.465 -3.154 -4.774 -1.984 0.973 -1.037 3.026 2.193 -0.418 -2.285 1.811 -7.692 18.836 -7.680 -0.768 10.129
0.000 1.000 5.062 -0.791 -5.893 -1.080 -0.009 -0.748 -0.637 4.849 5.284 -3.551 4.056 -2.515 7.707 -1.695 -1.429 0.525
0.000 0.000 9.658 -1.718 -3.315 -1.214 0.404 -0.632 1.832 1.587 0.071 -1.754 1.181 -4.902 11.932 -4.753 -0.591 6.075
0.000 1.000 5.099 -2.968 -1.400 0.343 2.074 1.370 3.178 0.412 -0.155 -1.753 0.798 -4.795 6.944 -3.662 1.821 4.746
1.000 1.000 12.979 -2.382 -3.468 -1.672 0.609 -0.970 2.726 1.115 -1.275 -1.599 0.822 -6.550 15.764 -6.528 -0.643 8.767
0.000 1.000 8.526 -1.745 -2.396 -0.734 0.701 0.156 2.242 1.096 -0.304 -1.201 0.859 -4.568 10.380 -4.524 -0.039 5.726
1.000 1.000 10.005 -1.990 -3.587 -1.153 0.470 -0.759 2.104 1.426 0.322 -2.135 1.388 -5.757 12.782 -5.015 -0.360 6.675
0.000 0.000 23.425 -4.657 -5.770 -3.057 1.389 -1.733 4.998 1.659 -2.817 -2.393 1.416 -11.748 28.116 -11.707 -0.897 16.226
1.000 0.000 17.364 -2.834 -4.116 -1.985 0.810 -0.942 3.779 1.231 -2.071 -2.037 0.708 -8.710 20.640 -8.736 -0.804 11.826
1.000 1.000 12.253 -2.210 -2.931 -1.551 0.592 -0.907 2.646 0.797 -1.563 -1.351 0.475 -6.165 14.813 -6.281 -0.596 8.433
1.000 1.000 12.604 -2.520 -3.701 -1.547 0.754 -0.861 2.538 1.552 -0.521 -1.822 1.244 -6.367 15.325 -6.344 -0.670 8.306
0.000 1.000 -0.699 0.248 -2.816 -0.064 0.040 -0.136 -1.294 3.402 4.410 -1.955 2.406 0.755 0.004 0.830 -0.761 -2.818
1.000 0.000 7.805 -1.184 -3.290 -1.042 0.161 -0.775 1.025 1.894 0.782 -1.766 1.343 -3.949 9.859 -3.589 -0.767 4.511
1.000 1.000 4.604 -2.408 -1.068 0.389 2.094 1.539 2.949 -0.011 -0.585 -1.317 0.197 -4.366 6.258 -3.441 1.583 4.182
0.000 0.000 26.888 -5.831 -7.337 -3.415 1.947 -1.828 5.673 2.365 -2.361 -3.146 2.340 -13.649 32.297 -13.184 -0.835 18.576
0.000 1.000 1.342 0.116 -1.539 -0.031 -0.100 -0.350 -0.126 0.899 1.383 -1.027 0.635 -1.242 2.665 -0.758 -0.408 0.265
1.000 1.000 13.423 -2.703 -3.608 -1.538 0.889 -0.654 3.051 1.408 -0.861 -1.747 1.222 -6.887 16.138 -6.958 -0.623 8.813
0.000 1.000 -1.574 0.706 -3.229 -0.136 -0.275 -0.558 -2.100 4.007 5.182 -2.111 2.748 1.478 -0.855 1.551 -1.160 -3.913
1.000 1.000 13.831 -2.507 -2.975 -1.526 0.821 -0.650 3.199 0.889 -1.841 -1.360 0.515 -6.955 16.335 -7.189 -0.607 9.389
1.000 0.000 26.649 -5.207 -5.943 -3.354 1.699 -1.844 5.725 1.660 -3.582 -2.447 1.238 -13.098 31.643 -13.557 -1.169 18.419
1.000 1.000 28.176 -5.736 -6.967 -3.629 1.817 -1.945 6.020 2.173 -3.107 -3.009 1.888 -14.030 33.700 -14.193 -1.111 19.427
0.000 1.000 2.407 -0.828 -5.607 -0.330 0.434 0.187 -0.564 5.146 6.659 -3.606 4.686 -1.593 4.278 -0.512 -0.926 -1.664
1.000 1.000 4.473 -0.663 -2.793 -0.591 0.046 -0.385 0.404 1.951 1.642 -1.629 1.473 -2.339 6.018 -2.029 -0.612 1.997
0.000 0.000 2.715 -0.522 -3.971 -0.629 -0.111 -0.398 -0.357 3.230 3.901 -2.595 2.827 -1.600 4.646 -1.114 -0.996 -0.132
0.000 1.000 1.146 -0.556 -1.324 0.260 0.542 0.185 0.388 1.024 1.160 -1.212 0.694 -1.408 2.251 -0.777 0.318 0.685
0.000 1.000 1.853 0.328 -2.691 0.340 0.286 -0.516 -0.740 1.372 2.748 -1.523 1.039 -2.480 4.085 -0.674 -0.455 0.191
0.000 1.000 6.624 -1.207 -3.774 -0.735 0.367 -0.155 0.895 2.682 2.178 -2.216 2.162 -3.430 8.633 -3.052 -0.576 3.233
1.000 0.000 11.474 -2.104 -3.371 -1.202 0.676 -0.344 2.542 1.574 -0.337 -1.698 1.179 -5.950 13.841 -5.742 -0.415 7.446
1.000 1.000 21.430 -4.351 -5.345 -2.621 1.397 -1.246 4.782 1.741 -2.089 -2.495 1.556 -10.787 25.614 -11.025 -0.918 14.565
0.000 1.000 2.251 -0.384 -1.580 -0.089 0.170 0.199 0.445 1.231 1.203 -0.984 0.941 -1.367 3.188 -1.283 -0.249 0.781
0.000 1.000 5.639 -1.018 -3.332 -0.756 0.216 -0.460 0.626 2.297 1.787 -1.830 1.851 -2.959 7.493 -2.524 -0.593 2.736
0.000 1.000 2.412 -1.114 -4.397 -0.360 0.603 0.308 -0.022 3.699 4.770 -2.962 3.402 -1.834 4.031 -0.731 -0.457 -0.645
0.000 1.000 2.561 -0.755 -2.958 -0.083 0.243 -0.285 0.239 1.799 2.495 -2.125 1.779 -2.392 4.267 -1.019 -0.219 0.911
1.000 1.000 18.723 -3.618 -3.758 -2.052 1.258 -0.690 4.432 0.976 -2.809 -1.565 0.651 -9.338 21.928 -9.752 -0.657 12.943
1.000 1.000 7.410 -1.142 -2.755 -0.808 0.239 -0.365 1.412 1.368 0.379 -1.572 1.002 -3.949 9.288 -3.615 -0.472 4.574
1.000 1.000 6.521 -3.406 -2.440 0.659 2.907 1.655 3.490 0.799 0.540 -2.521 1.186 -6.453 9.332 -4.456 2.141 5.725
1.000 0.000 13.934 -2.213 -3.587 -1.523 0.616 -0.712 2.970 1.237 -1.288 -1.771 0.728 -7.067 16.655 -6.896 -0.626 9.373
1.000 0.000 16.947 -3.278 -4.628 -1.997 1.010 -0.928 3.518 1.946 -1.058 -2.179 1.520 -8.472 20.238 -8.458 -0.807 11.183
1.000 0.000 20.679 -4.050 -5.029 -2.556 1.237 -1.331 4.519 1.509 -2.217 -2.361 1.297 -10.369 24.760 -10.659 -0.991 14.091
1.000 1.000 12.308 -1.955 -3.527 -1.400 0.505 -0.720 2.450 1.452 -0.713 -1.749 0.933 -6.204 14.841 -6.008 -0.660 8.045
1.000 0.000 20.362 -4.037 -5.618 -2.659 1.204 -1.667 3.949 2.031 -1.636 -2.437 1.694 -10.175 24.611 -9.933 -0.927 13.788
0.000 0.000 2.611 -1.275 -2.746 -0.167 0.532 0.190 0.844 1.873 2.480 -2.152 2.017 -2.509 4.298 -1.477 0.115 0.927
0.000 1.000 2.337 0.702 -3.289 0.037 -0.148 -1.091 -1.278 1.894 3.651 -1.802 1.303 -2.614 4.856 -0.548 -0.846 -0.019
1.000 1.000 5.072 -0.741 -2.392 -0.616 0.110 -0.471 0.575 1.614 0.993 -1.323 1.092 -2.569 6.512 -2.351 -0.580 2.647
1.000 1.000 21.711 -4.373 -4.984 -2.510 1.476 -0.964 5.057 1.520 -2.525 -2.277 1.330 -10.932 25.700 -11.268 -0.815 14.841
0.000 1.000 1.460 -0.239 -3.919 -0.487 -0.157 -0.495 -0.644 3.299 4.430 -2.713 3.002 -1.195 3.422 -0.418 -0.916 -1.138
1.000 0.000 3.807 -2.107 -1.413 0.397 1.877 1.088 2.150 0.553 0.115 -1.374 0.583 -3.738 5.586 -2.801 1.343 3.440
1.000 0.000 6.638 -1.554 -3.220 -0.654 0.554 0.041 1.810 1.495 1.273 -2.086 1.667 -4.045 8.841 -3.590 -0.164 3.947
0.000 0.000 9.950 -1.609 -2.965 -1.177 0.361 -0.653 1.963 1.193 -0.469 -1.567 0.804 -5.042 12.134 -4.954 -0.636 6.421
0.000 1.000 16.160 -3.172 -4.250 -1.609 1.070 -0.126 3.854 1.869 -1.073 -1.974 1.554 -8.349 19.203 -8.288 -0.420 10.718
1.000 1.000 4.037 -1.740 -1.869 0.010 1.098 0.597 1.977 0.500 0.709 -1.819 0.840 -3.811 5.800 -2.516 0.787 3.045
1.000 0.000 15.503 -2.897 -4.137 -1.948 0.855 -1.107 3.155 1.567 -1.265 -1.878 1.161 -7.772 18.681 -7.704 -0.760 10.335
1.000 1.000 3.774 -1.010 -1.962 0.058 0.732 0.151 1.139 0.822 1.275 -1.746 0.694 -3.464 5.426 -2.007 0.343 2.562
0.000 1.000 2.648 -0.827 -0.945 0.569 1.152 0.963 1.329 -0.088 -0.283 -0.628 0.048 -2.702 4.012 -2.041 0.510 2.205
0.000 1.000 4.469 -0.953 -0.746 -0.150 0.545 0.426 1.574 0.148 -0.709 -0.322 0.052 -2.560 5.413 -2.747 0.107 3.153
0.000 1.000 1.799 -0.277 -2.029 -0.100 0.093 0.218 0.119 1.863 2.132 -1.352 1.444 -1.084 2.699 -0.861 -0.378 0.034
1.000 1.000 11.369 -2.103 -3.025 -1.308 0.683 -0.539 2.645 0.992 -0.945 -1.516 0.723 -5.966 13.849 -5.787 -0.338 7.752
0.000 1.000 0.675 0.258 -3.111 -0.313 -0.249 -0.396 -1.054 2.905 3.779 -1.916 2.163 -0.325 1.884 0.208 -0.936 -1.679
1.000 0.000 5.517 -2.890 -1.853 0.610 2.166 1.279 3.165 0.688 0.623 -2.137 1.127 -5.291 7.579 -3.732 1.802 4.874
1.000 1.000 13.623 -2.431 -3.687 -1.618 0.710 -0.797 2.865 1.454 -1.013 -1.764 1.027 -6.900 16.391 -6.809 -0.659 8.999
0.000 1.000 11.961 -1.860 -2.771 -1.215 0.554 -0.514 2.714 0.755 -1.395 -1.363 0.325 -6.149 14.258 -6.037 -0.452 8.210
1.000 1.000 14.319 -3.028 -5.120 -2.002 0.814 -0.972 2.865 2.401 0.287 -2.695 2.220 -7.365 17.952 -7.303 -0.811 9.193
0.000 1.000 4.615 -0.601 -2.780 -0.645 -0.004 -0.357 0.487 1.787 1.539 -1.664 1.362 -2.484 6.266 -2.120 -0.598 2.169
1.000 1.000 18.153 -3.884 -4.855 -2.316 1.241 -1.149 3.962 1.772 -1.490 -2.189 1.564 -9.120 21.925 -9.251 -0.661 12.432
0.000 1.000 8.856 -1.473 -2.376 -0.718 0.560 0.018 2.230 1.009 -0.446 -1.227 0.629 -4.736 10.626 -4.516 -0.140 5.895
1.000 1.000 10.893 -2.046 -3.178 -1.312 0.611 -0.532 2.508 1.110 -0.688 -1.588 0.876 -5.773 13.485 -5.573 -0.323 7.425
1.000 0.000 13.334 -2.683 -3.618 -1.675 0.894 -0.767 3.013 1.276 -1.097 -1.620 1.033 -6.841 16.287 -6.852 -0.489 9.065
0.000 0.000 18.987 -3.707 -4.497 -2.408 1.164 -1.380 4.047 1.333 -2.321 -1.878 0.996 -9.425 22.725 -9.622 -0.831 13.070
0.000 1.000 5.516 -2.763 -1.504 0.690 2.662 1.765 3.413 0.319 -0.551 -1.581 0.668 -5.165 7.756 -4.234 1.832 5.143
1.000 0.000 10.456 -1.888 -2.751 -1.262 0.528 -0.757 2.132 0.975 -0.928 -1.246 0.609 -5.221 12.676 -5.320 -0.591 6.966
0.000 1.000 3.517 -0.844 -3.757 -0.534 0.174 -0.115 0.279 2.748 3.180 -2.462 2.446 -2.223 5.286 -1.453 -0.550 0.772
1.000 1.000 3.830 -2.635 -2.064 -0.008 1.676 1.091 2.371 1.135 1.114 -2.415 1.414 -3.732 5.784 -2.824 1.354 3.146
0.000 1.000 6.451 -1.091 -4.667 -0.853 0.230 -0.402 0.354 3.509 3.277 -2.742 2.846 -3.247 8.676 -2.654 -0.896 2.519
0.000 1.000 23.333 -4.779 -5.796 -2.971 1.541 -1.610 4.971 1.894 -2.469 -2.472 1.604 -11.578 27.937 -11.797 -0.951 16.038
1.000 0.000 12.027 -2.241 -2.987 -1.470 0.687 -0.914 2.438 1.087 -1.189 -1.313 0.678 -5.943 14.465 -6.076 -0.638 8.069
0.000 0.000 5.417 -3.069 -2.026 0.544 2.106 1.132 2.913 0.792 0.706 -2.362 1.131 -5.353 7.347 -3.377 1.834 4.850
1.000 0.000 3.284 -1.564 -0.643 0.537 1.736 1.428 2.178 -0.164 -0.810 -0.693 -0.136 -3.198 4.529 -2.618 1.146 3.033
1.000 1.000 27.435 -5.304 -6.156 -3.532 1.632 -1.990 5.868 1.598 -3.875 -2.542 1.129 -13.584 32.629 -13.854 -1.153 19.100
0.000 0.000 -0.639 0.288 -2.748 -0.069 -0.029 -0.194 -1.278 3.223 4.213 -1.866 2.314 0.663 0.111 0.778 -0.799 -2.693
1.000 1.000 5.180 -2.645 -3.273 0.530 2.125 0.515 1.699 1.567 2.692 -3.034 1.578 -5.742 7.940 -2.729 1.475 3.841
0.000 1.000 1.107 -0.386 -1.694 0.231 0.414 -0.244 -0.115 1.367 1.988 -1.438 0.881 -1.552 2.546 -0.528 0.223 0.466
0.000 1.000 2.106 -0.182 -1.948 -0.173 -0.076 -0.321 0.221 1.170 1.607 -1.415 1.025 -1.648 3.571 -1.126 -0.370 0.758
0.000 0.000 5.720 -1.194 -4.315 -0.738 -0.010 -0.762 0.663 2.490 2.893 -2.777 2.559 -3.724 8.261 -2.574 -0.724 2.696
0.000 0.000 3.777 -0.518 -2.135 -0.487 0.113 -0.172 0.545 1.401 1.170 -1.211 0.998 -2.054 5.190 -1.860 -0.390 1.806
0.000 0.000 9.477 -1.712 -2.257 -0.865 0.708 -0.033 2.580 0.624 -0.964 -1.162 0.388 -5.113 11.450 -4.988 -0.041 6.588
0.000 1.000 4.837 -1.330 -3.566 -0.545 0.547 0.243 0.853 2.643 2.654 -2.173 2.402 -2.759 6.621 -2.395 -0.402 1.929
1.000 0.000 17.366 -3.309 -5.311 -2.267 0.899 -1.427 3.128 2.379 -0.550 -2.566 1.862 -8.582 21.099 -8.421 -0.999 11.366
1.000 0.000 11.330 -2.084 -3.425 -1.396 0.601 -0.731 2.312 1.407 -0.519 -1.625 1.062 -5.801 13.914 -5.633 -0.534 7.450
0.000 1.000 9.253 -1.850 -4.512 -1.256 0.487 -0.498 1.663 2.604 1.711 -2.634 2.294 -4.971 12.072 -4.542 -0.640 5.295
1.000 0.000 4.084 -0.774 -3.134 0.115 0.832 -0.194 0.418 1.387 2.783 -2.222 1.235 -4.412 6.668 -1.809 0.171 1.992
1.000 0.000 17.378 -3.494 -4.582 -2.208 1.028 -1.231 3.664 1.516 -1.488 -2.183 1.284 -8.760 21.037 -8.880 -0.809 11.851
1.000 1.000 18.428 -3.371 -4.467 -2.343 0.997 -1.409 3.868 1.235 -2.247 -1.912 0.871 -9.285 22.160 -9.151 -0.774 12.733
1.000 0.000 33.781 -6.631 -7.703 -4.291 2.154 -2.363 7.197 2.179 -4.399 -3.162 1.754 -16.636 40.077 -17.046 -1.457 23.324
1.000 0.000 17.554 -3.800 -5.033 -2.119 1.261 -0.835 4.007 1.987 -0.868 -2.477 1.918 -8.986 21.245 -9.079 -0.677 11.697
1.000 0.000 4.314 -1.674 -2.899 0.478 1.603 0.413 1.140 1.099 2.315 -2.297 1.150 -4.845 6.926 -2.336 0.839 2.794
1.000 1.000 25.858 -5.080 -5.479 -3.290 1.620 -1.747 5.809 1.150 -4.082 -2.237 0.831 -12.932 30.669 -13.162 -0.947 18.226
1.000 1.000 16.635 -3.351 -5.243 -2.303 0.839 -1.433 3.120 2.117 -0.558 -2.618 1.846 -8.409 20.579 -8.313 -0.961 11.089
1.000 0.000 23.206 -4.774 -5.867 -2.989 1.487 -1.623 4.949 1.881 -2.466 -2.493 1.639 -11.608 27.862 -11.662 -0.872 16.005
1.000 0.000 11.355 -2.641 -5.740 -1.490 0.853 -0.440 2.241 3.190 2.338 -3.254 3.235 -6.216 14.729 -5.575 -0.671 6.380
1.000 1.000 13.711 -2.321 -3.298 -1.659 0.668 -0.925 2.885 1.006 -1.640 -1.570 0.538 -6.825 16.429 -6.918 -0.697 9.328
0.000 1.000 -1.008 0.542 -1.815 -0.046 -0.148 -0.272 -1.266 2.435 3.145 -1.213 1.465 0.926 -0.462 0.833 -0.700 -2.429
1.000 0.000 23.119 -4.979 -6.414 -3.006 1.566 -1.521 4.932 2.377 -1.689 -2.927 2.181 -11.616 27.928 -11.640 -0.860 15.805
1.000 1.000 16.806 -3.361 -5.019 -2.259 0.927 -1.386 3.215 2.002 -0.827 -2.402 1.669 -8.380 20.575 -8.384 -0.926 11.227
1.000 0.000 18.543 -3.622 -3.569 -1.986 1.289 -0.587 4.599 0.773 -2.926 -1.505 0.598 -9.353 21.711 -9.835 -0.618 12.837
0.000 0.000 4.461 -1.173 -6.427 -0.765 0.234 -0.121 -0.322 5.383 6.428 -4.020 4.911 -2.540 6.970 -1.543 -1.204 -0.169
1.000 0.000 5.723 -1.054 -1.745 -0.367 0.351 -0.132 1.610 0.378 0.020 -1.261 0.486 -3.685 7.427 -3.274 -0.103 3.908
0.000 1.000 0.820 0.091 -1.121 0.246 0.145 -0.064 0.018 0.667 1.039 -0.751 0.415 -1.084 1.910 -0.596 -0.126 0.214
0.000 1.000 1.855 -0.289 -4.405 -0.438 -0.054 -0.283 -0.777 3.963 5.027 -2.903 3.404 -1.162 3.655 -0.419 -1.030 -1.301
0.000 1.000 4.449 -2.202 -2.086 0.159 1.402 0.853 2.434 0.470 0.690 -1.812 1.240 -4.239 6.447 -3.082 0.925 3.405
0.000 1.000 3.042 -1.591 -1.359 0.320 1.271 0.629 1.553 0.603 0.876 -1.484 0.574 -3.167 4.496 -2.012 0.988 2.494
0.000 0.000 4.615 -1.043 -2.726 -0.505 0.427 -0.061 0.779 1.830 1.552 -1.562 1.545 -2.566 6.154 -2.264 -0.364 2.248
1.000 0.000 15.687 -3.370 -4.776 -2.040 1.023 -1.005 3.313 1.975 -0.648 -2.280 1.777 -7.967 19.200 -7.951 -0.654 10.502
1.000 0.000 4.773 -0.838 -4.021 -0.814 0.185 -0.294 0.333 2.975 3.018 -2.490 2.462 -2.559 6.824 -2.044 -0.742 1.577
1.000 0.000 13.990 -2.383 -5.350 -1.930 0.451 -1.282 2.152 2.689 0.573 -2.708 2.115 -7.052 17.440 -6.494 -1.038 8.621
1.000 1.000 10.873 -2.184 -3.707 -1.326 0.678 -0.667 2.178 1.652 0.062 -1.890 1.466 -5.565 13.546 -5.504 -0.563 6.986
1.000 1.000 5.243 -2.926 -1.260 0.368 2.327 1.524 3.334 0.245 -0.431 -1.682 0.585 -4.917 7.169 -3.902 1.843 4.918
1.000 1.000 9.352 -1.561 -2.830 -1.014 0.460 -0.403 2.031 1.163 -0.345 -1.457 0.787 -4.922 11.510 -4.692 -0.365 6.180
0.000 0.000 11.094 -2.210 -3.067 -1.043 0.873 0.003 2.823 1.258 -0.541 -1.506 1.014 -5.904 13.426 -5.721 -0.078 7.511
1.000 1.000 21.780 -4.425 -5.480 -2.747 1.448 -1.452 4.653 1.841 -2.175 -2.357 1.550 -10.833 26.076 -11.017 -0.938 14.835
0.000 1.000 13.441 -2.141 -3.103 -1.389 0.649 -0.586 3.057 0.856 -1.626 -1.509 0.408 -6.873 15.967 -6.757 -0.486 9.245
0.000 0.000 3.179 -1.113 -2.487 -0.139 0.575 0.154 0.824 1.344 1.634 -1.928 1.311 -2.771 4.686 -1.478 0.142 1.624
1.000 0.000 7.612 -1.473 -4.030 -0.978 0.334 -0.467 1.218 2.412 1.879 -2.410 2.156 -4.094 10.037 -3.699 -0.664 4.089
1.000 0.000 33.114 -6.660 -7.116 -4.185 2.233 -2.127 7.458 1.667 -4.914 -2.816 1.418 -16.362 39.242 -16.989 -1.251 23.148
1.000 0.000 23.638 -4.518 -5.317 -3.075 1.354 -1.737 5.114 1.331 -3.400 -2.202 0.928 -11.750 28.194 -11.957 -0.996 16.463
1.000 0.000 16.239 -3.648 -5.777 -2.068 1.081 -0.847 3.668 2.232 0.123 -3.036 2.481 -8.798 20.370 -8.270 -0.537 10.781
1.000 1.000 14.233 -2.787 -4.437 -1.939 0.661 -1.104 2.878 1.750 -0.715 -2.132 1.485 -7.271 17.561 -7.053 -0.640 9.508
0.000 1.000 2.707 -0.629 -2.809 -0.245 0.312 0.102 0.183 2.328 2.659 -1.769 2.005 -1.575 3.977 -1.156 -0.406 0.462
1.000 1.000 2.479 -1.927 -2.098 0.149 1.443 1.254 1.416 1.824 1.881 -2.020 1.595 -2.200 3.506 -1.614 0.908 1.280
1.000 1.000 3.768 -0.468 -2.364 -0.456 0.002 -0.308 0.270 1.734 1.460 -1.363 1.250 -1.919 5.026 -1.672 -0.592 1.542
0.000 1.000 3.943 -0.904 -5.763 -0.799 0.006 -0.294 -0.392 4.822 5.736 -3.683 4.364 -2.273 6.421 -1.491 -1.250 -0.216
0.000 1.000 1.481 0.538 -3.196 0.038 -0.032 -1.065 -1.471 2.003 3.976 -1.856 1.313 -2.285 3.889 -0.024 -0.637 -0.661
1.000 1.000 19.803 -3.971 -6.393 -2.650 1.104 -1.462 3.737 2.871 -0.357 -3.169 2.448 -9.878 24.274 -9.760 -1.045 12.996
1.000 1.000 6.331 -1.172 -1.466 -0.523 0.441 0.015 1.598 0.619 -0.594 -0.633 0.377 -3.293 7.613 -3.469 -0.249 4.126
1.000 0.000 16.083 -2.837 -3.760 -2.029 0.798 -1.173 3.404 1.055 -2.112 -1.767 0.604 -8.020 19.282 -8.145 -0.790 11.093
0.000 0.000 4.604 -0.666 -1.948 -0.459 0.075 -0.441 0.710 0.970 0.501 -1.103 0.729 -2.664 6.134 -2.339 -0.429 2.695
1.000 1.000 10.131 -1.889 -2.813 -1.286 0.476 -0.753 2.122 1.050 -0.787 -1.316 0.755 -5.152 12.361 -5.116 -0.520 6.746
1.000 1.000 18.456 -3.144 -4.060 -2.226 0.934 -1.161 4.027 1.001 -2.668 -1.930 0.495 -9.161 21.934 -9.397 -0.869 12.765
1.000 1.000 16.258 -3.736 -5.029 -2.107 1.168 -0.721 3.929 1.911 -0.689 -2.515 1.993 -8.613 20.109 -8.505 -0.379 11.120
1.000 1.000 10.509 -2.040 -3.334 -1.277 0.559 -0.554 2.396 1.278 -0.358 -1.743 1.102 -5.672 13.136 -5.356 -0.300 7.095
1.000 1.000 18.914 -4.250 -6.696 -2.431 1.402 -0.748 4.174 3.121 0.340 -3.379 3.096 -9.832 23.416 -9.618 -0.680 12.208
0.000 1.000 3.026 -1.761 -0.943 0.295 1.397 1.106 1.967 0.284 -0.163 -1.270 0.285 -2.989 4.239 -2.251 1.163 2.824
0.000 1.000 3.679 -1.428 -2.565 -0.189 0.687 0.160 1.448 1.192 1.661 -2.147 1.525 -3.501 5.712 -2.155 0.345 2.283
0.000 1.000 1.821 -0.417 -5.859 -0.597 -0.017 -0.378 -1.209 5.429 6.941 -3.797 4.830 -1.208 4.044 -0.143 -1.334 -2.304
1.000 1.000 15.902 -3.067 -3.202 -1.691 1.072 -0.531 3.901 0.799 -2.309 -1.388 0.605 -8.039 18.679 -8.422 -0.580 10.891
1.000 0.000 15.188 -2.761 -3.689 -1.907 0.767 -1.115 3.223 1.021 -1.862 -1.679 0.667 -7.607 18.273 -7.690 -0.721 10.445
1.000 0.000 29.845 -6.427 -7.951 -3.844 2.129 -1.987 6.408 2.525 -2.851 -3.397 2.469 -15.011 35.818 -14.802 -0.942 20.676
1.000 0.000 16.467 -3.360 -5.422 -2.255 0.944 -1.205 3.189 2.432 -0.188 -2.711 2.119 -8.370 20.372 -8.228 -0.909 10.733
0.000 1.000 9.152 -1.419 -2.286 -0.842 0.442 -0.274 2.142 0.761 -0.806 -1.145 0.390 -4.802 10.979 -4.624 -0.303 6.183
1.000 1.000 29.521 -6.180 -8.167 -3.865 1.868 -2.203 5.951 2.998 -2.177 -3.733 2.701 -14.786 35.562 -14.604 -1.233 20.154
0.000 0.000 2.471 -0.990 -1.518 0.377 1.039 0.356 0.952 0.685 1.234 -1.303 0.591 -2.700 4.035 -1.619 0.577 1.743
0.000 1.000 1.941 -0.137 -3.112 -0.282 -0.059 -0.212 -0.572 2.825 3.339 -1.980 2.156 -0.988 3.176 -0.548 -0.834 -0.553
1.000 1.000 29.871 -6.100 -6.685 -3.715 2.104 -1.813 6.707 1.803 -3.971 -2.764 1.574 -14.761 35.455 -15.359 -1.130 20.759
1.000 0.000 16.083 -2.837 -3.760 -2.029 0.798 -1.173 3.404 1.055 -2.112 -1.767 0.604 -8.020 19.282 -8.145 -0.790 11.093
0.000 0.000 8.801 -1.578 -2.214 -0.950 0.495 -0.415 2.023 0.733 -0.823 -1.071 0.462 -4.496 10.656 -4.637 -0.426 5.836
1.000 0.000 26.130 -5.486 -6.888 -3.413 1.726 -1.795 5.549 2.371 -2.373 -3.070 2.132 -12.993 31.481 -13.196 -1.002 17.989
0.000 0.000 7.114 -3.958 -2.244 0.519 2.699 1.597 3.914 0.521 0.304 -2.787 1.092 -6.931 9.367 -4.452 2.316 6.387
1.000 1.000 11.802 -2.434 -4.843 -1.548 0.564 -0.788 2.388 2.138 0.929 -2.786 2.208 -6.370 15.181 -6.018 -0.704 7.389
0.000 1.000 1.916 0.775 -3.102 -0.094 -0.424 -1.253 -1.467 2.023 3.679 -1.777 1.290 -2.156 4.128 -0.174 -0.898 -0.310
1.000 0.000 25.835 -5.036 -5.830 -3.282 1.616 -1.854 5.533 1.557 -3.484 -2.384 1.188 -12.744 30.732 -13.114 -1.156 17.867
1.000 0.000 27.775 -5.740 -7.910 -3.665 1.694 -2.177 5.431 3.023 -1.840 -3.570 2.656 -13.889 33.512 -13.581 -1.218 18.829
0.000 1.000 34.362 -6.781 -7.090 -4.330 2.261 -2.257 7.741 1.458 -5.474 -2.767 1.134 -16.953 40.608 -17.632 -1.353 24.077
0.000 1.000 5.700 -1.985 -2.302 0.734 1.535 0.721 2.368 0.502 1.154 -2.061 1.205 -5.467 7.657 -3.276 0.936 4.438
0.000 0.000 4.337 -1.153 -2.496 -0.290 0.611 0.143 1.087 1.354 1.337 -1.563 1.378 -2.835 5.884 -2.206 -0.045 2.291
1.000 1.000 15.982 -3.172 -4.223 -1.965 0.968 -1.045 3.368 1.517 -1.271 -2.017 1.235 -8.020 19.242 -8.140 -0.784 10.755
0.000 1.000 4.912 -1.895 -4.012 -0.557 0.862 0.432 1.304 2.505 2.904 -2.786 2.597 -3.575 6.927 -2.368 0.005 2.052
0.000 1.000 4.976 -2.668 -1.309 0.415 2.076 1.380 3.107 0.288 -0.056 -1.750 0.615 -4.724 6.756 -3.573 1.703 4.534
1.000 1.000 17.787 -3.644 -4.608 -2.153 1.182 -1.007 3.952 1.631 -1.502 -2.161 1.432 -8.952 21.339 -9.165 -0.774 11.996
0.000 1.000 2.913 -0.594 -2.136 -0.031 0.380 -0.301 0.341 1.267 2.133 -1.568 0.923 -2.895 4.504 -1.189 0.093 1.440
0.000 1.000 3.092 -1.273 -1.976 0.336 1.139 0.266 0.954 0.818 1.652 -1.705 0.753 -3.418 4.861 -1.716 0.642 2.088
0.000 1.000 2.296 -0.990 -4.880 -0.354 0.492 0.195 -0.282 4.274 5.572 -3.174 3.968 -1.653 3.985 -0.559 -0.669 -1.137
1.000 1.000 7.197 -1.069 -2.817 -0.962 0.049 -0.944 0.987 1.250 0.441 -1.639 0.901 -4.011 9.421 -3.449 -0.602 4.550
1.000 0.000 14.862 -2.780 -3.474 -1.868 0.826 -1.092 3.206 0.981 -1.897 -1.510 0.647 -7.447 17.846 -7.555 -0.670 10.225
1.000 1.000 9.179 -1.677 -4.532 -1.218 0.392 -0.663 1.156 2.950 1.902 -2.468 2.381 -4.627 11.736 -4.177 -0.818 4.965
1.000 1.000 12.756 -2.091 -3.143 -1.463 0.595 -0.758 2.726 0.995 -1.387 -1.530 0.544 -6.415 15.286 -6.407 -0.613 8.642
1.000 1.000 28.668 -6.074 -7.632 -3.729 1.905 -1.979 6.035 2.685 -2.467 -3.401 2.458 -14.327 34.468 -14.372 -1.102 19.681
0.000 1.000 3.757 -1.622 -1.701 0.674 1.638 0.872 2.034 0.760 0.727 -1.621 0.921 -3.680 5.691 -2.766 1.069 3.246
0.000 1.000 9.720 -1.562 -3.909 -1.290 0.228 -0.783 1.498 2.077 0.696 -2.117 1.582 -4.892 12.151 -4.560 -0.823 5.755
1.000 1.000 8.337 -1.295 -2.876 -0.976 0.251 -0.542 1.502 1.415 0.127 -1.552 0.986 -4.214 10.269 -4.088 -0.648 5.073
0.000 0.000 9.284 -1.610 -3.699 -1.223 0.364 -0.676 1.588 1.884 0.606 -1.935 1.485 -4.810 11.780 -4.460 -0.617 5.662
1.000 1.000 27.791 -5.872 -6.974 -3.567 1.926 -1.773 6.119 2.218 -2.922 -3.000 2.042 -13.819 33.292 -14.142 -1.007 19.208
1.000 0.000 20.959 -4.053 -5.532 -2.611 1.203 -1.461 4.167 2.077 -1.714 -2.549 1.626 -10.376 25.117 -10.442 -1.049 14.114
0.000 1.000 0.427 0.080 -2.819 -0.108 -0.088 -0.174 -0.796 2.787 3.637 -1.831 2.188 -0.342 1.402 0.235 -0.706 -1.650
0.000 1.000 5.494 -1.364 -3.556 -0.770 0.481 -0.129 0.925 2.415 2.202 -2.074 2.185 -3.025 7.463 -2.698 -0.486 2.540
0.000 1.000 3.587 -0.720 -3.716 -0.369 -0.075 -0.639 0.110 2.329 3.024 -2.416 2.271 -2.592 5.612 -1.421 -0.648 1.246
1.000 1.000 13.122 -2.792 -5.130 -1.857 0.769 -0.862 2.495 2.613 0.687 -2.584 2.321 -6.767 16.536 -6.464 -0.701 8.243
1.000 1.000 12.394 -2.372 -3.022 -1.544 0.719 -0.881 2.751 0.830 -1.453 -1.377 0.583 -6.384 15.018 -6.287 -0.467 8.594
0.000 0.000 7.399 -1.273 -2.747 -0.918 0.269 -0.557 1.262 1.382 0.303 -1.487 1.015 -3.791 9.425 -3.689 -0.512 4.637
0.000 1.000 1.565 0.357 -2.464 0.092 -0.026 -0.696 -0.810 1.545 2.942 -1.506 1.050 -2.093 3.516 -0.390 -0.444 -0.128
0.000 0.000 0.012 -0.150 -2.892 -0.090 0.173 -0.026 -0.861 3.135 4.139 -2.044 2.436 0.057 0.888 0.367 -0.605 -2.112
0.000 1.000 3.512 -1.135 -7.119 -0.644 0.418 0.092 -0.662 6.426 8.104 -4.610 5.943 -2.224 6.056 -0.972 -1.269 -1.626
1.000 1.000 12.326 -2.666 -4.476 -1.613 0.706 -0.737 2.684 1.912 0.267 -2.395 1.904 -6.654 15.578 -6.308 -0.511 8.081
0.000 0.000 10.360 -1.901 -2.354 -1.088 0.652 -0.434 2.495 0.615 -1.261 -1.088 0.396 -5.297 12.397 -5.461 -0.410 7.004
0.000 0.000 6.675 -1.090 -4.278 -0.845 0.218 -0.373 0.443 3.180 2.758 -2.565 2.515 -3.330 8.844 -2.929 -0.905 2.896
1.000 1.000 8.834 -1.792 -2.911 -1.001 0.619 -0.277 2.092 1.293 -0.109 -1.440 1.081 -4.708 11.061 -4.580 -0.205 5.839
1.000 0.000 22.965 -5.460 -8.891 -2.986 1.794 -0.793 5.188 4.211 1.215 -4.590 4.528 -12.202 28.636 -11.600 -0.746 14.608
1.000 0.000 6.167 -1.134 -2.546 -0.655 0.338 -0.426 1.093 1.248 0.603 -1.371 1.063 -3.373 7.993 -3.089 -0.414 3.690
1.000 0.000 12.490 -2.987 -6.590 -1.667 0.938 -0.372 2.623 3.738 2.977 -3.879 3.886 -7.003 16.341 -6.215 -0.698 6.922
0.000 1.000 2.714 -1.164 -2.606 0.293 0.949 -0.187 0.176 1.561 2.754 -2.171 1.204 -3.393 4.747 -1.083 0.544 1.471
1.000 0.000 12.354 -2.643 -3.747 -1.449 0.889 -0.511 2.753 1.655 -0.321 -1.863 1.485 -6.311 15.077 -6.412 -0.526 8.073
0.000 1.000 11.805 -2.736 -5.516 -1.675 0.857 -0.528 2.393 3.048 1.840 -3.017 3.005 -6.393 15.257 -5.906 -0.666 6.873
1.000 1.000 15.950 -3.276 -4.118 -1.946 1.056 -0.965 3.619 1.249 -1.573 -1.872 1.068 -8.210 19.345 -8.109 -0.427 11.195
0.000 0.000 3.938 -2.176 -1.217 0.333 1.593 1.068 2.298 0.219 -0.011 -1.629 0.340 -3.935 5.313 -2.620 1.336 3.589
0.000 1.000 13.317 -2.762 -3.743 -1.701 0.838 -0.839 2.963 1.320 -0.935 -1.840 1.148 -6.938 16.402 -6.899 -0.504 9.149
1.000 0.000 18.035 -3.424 -4.024 -2.068 1.153 -0.907 4.082 1.298 -2.190 -1.786 0.911 -9.012 21.267 -9.258 -0.773 12.200
1.000 0.000 16.702 -3.194 -4.505 -2.214 0.869 -1.423 3.239 1.571 -1.367 -2.173 1.217 -8.250 20.346 -8.449 -0.945 11.344
1.000 0.000 11.039 -1.752 -4.673 -1.514 0.256 -1.084 1.441 2.619 1.065 -2.438 1.968 -5.568 13.880 -4.992 -0.989 6.481
0.000 1.000 5.676 -1.033 -4.570 -1.004 0.164 -0.492 0.225 3.420 3.393 -2.799 2.877 -2.993 8.113 -2.552 -1.051 1.952
0.000 1.000 4.925 -1.310 -4.918 -0.495 0.639 0.320 0.462 3.963 4.509 -3.136 3.692 -2.843 6.928 -2.066 -0.622 1.057
1.000 0.000 30.167 -6.344 -8.152 -3.932 1.968 -2.150 6.223 2.913 -2.444 -3.707 2.637 -15.074 36.289 -15.051 -1.215 20.680
0.000 1.000 6.342 -0.954 -2.716 -0.710 0.195 -0.246 1.161 1.517 0.771 -1.575 1.107 -3.406 8.125 -3.095 -0.427 3.723
1.000 1.000 14.956 -2.447 -4.277 -1.910 0.595 -1.201 2.767 1.729 -0.996 -2.160 1.116 -7.437 18.110 -7.265 -0.915 9.874
1.000 0.000 11.685 -2.281 -3.462 -1.496 0.594 -0.830 2.422 1.293 -0.580 -1.774 1.094 -5.928 14.426 -6.064 -0.647 7.770
1.000 1.000 26.199 -6.160 -7.101 -3.180 2.300 -1.155 6.277 2.112 -2.353 -3.084 2.535 -13.573 31.498 -13.288 -0.429 18.251
1.000 1.000 17.420 -3.365 -3.819 -2.170 1.105 -1.178 3.884 0.962 -2.467 -1.548 0.648 -8.680 20.748 -8.919 -0.752 12.010
1.000 0.000 11.244 -1.781 -3.474 -1.325 0.410 -0.732 2.178 1.439 -0.423 -1.778 0.962 -5.774 13.757 -5.463 -0.610 7.345
0.000 1.000 2.577 -1.178 -1.538 0.545 1.303 0.622 1.186 0.801 0.824 -1.352 0.694 -2.758 4.239 -1.865 0.793 2.182
0.000 1.000 26.756 -5.276 -6.417 -3.394 1.698 -1.891 5.635 1.991 -3.096 -2.690 1.621 -13.221 31.881 -13.453 -1.182 18.333
0.000 1.000 5.866 -1.047 -1.808 -0.382 0.425 0.246 1.483 1.075 0.145 -0.944 0.719 -3.134 7.096 -3.091 -0.139 3.628
1.000 0.000 28.357 -5.795 -6.655 -3.604 1.907 -1.873 6.221 1.917 -3.507 -2.761 1.653 -14.041 33.786 -14.444 -1.100 19.660
0.000 1.000 6.482 -1.439 -2.688 -0.617 0.414 -0.263 1.718 1.073 0.764 -1.780 1.195 -4.143 8.588 -3.448 -0.101 4.247
1.000 0.000 20.233 -4.453 -5.797 -2.598 1.414 -1.197 4.476 2.191 -1.243 -2.732 2.110 -10.303 24.559 -10.307 -0.689 13.776
0.000 0.000 2.084 0.382 -2.540 0.311 -0.067 -0.612 -0.643 1.365 2.630 -1.593 1.120 -2.550 4.142 -0.750 -0.548 0.391
1.000 0.000 17.335 -3.497 -5.230 -2.338 0.931 -1.476 3.290 2.054 -0.829 -2.492 1.748 -8.750 21.244 -8.556 -0.909 11.626
1.000 0.000 33.163 -7.026 -7.850 -4.197 2.419 -2.012 7.433 2.175 -4.097 -3.337 2.062 -16.444 39.577 -16.986 -1.056 23.267
1.000 0.000 11.984 -2.316 -2.954 -1.392 0.740 -0.706 2.689 0.989 -1.164 -1.316 0.745 -6.080 14.391 -6.227 -0.596 7.990
1.000 0.000 12.038 -2.992 -4.864 -1.461 0.988 -0.221 3.230 2.040 0.850 -2.742 2.445 -6.961 15.447 -6.378 -0.190 7.811
0.000 1.000 0.745 0.054 -3.721 -0.342 -0.143 -0.346 -1.030 3.450 4.395 -2.364 2.764 -0.433 2.068 0.268 -0.946 -1.868
1.000 1.000 11.797 -2.682 -6.418 -1.548 0.808 -0.435 2.005 4.078 3.194 -3.667 3.866 -6.274 15.273 -5.666 -0.893 6.203
1.000 0.000 25.702 -5.489 -7.040 -3.365 1.690 -1.732 5.524 2.395 -2.068 -3.267 2.321 -12.977 31.111 -13.001 -0.950 17.680
1.000 0.000 23.629 -4.871 -5.426 -2.921 1.681 -1.402 5.348 1.544 -2.948 -2.312 1.341 -11.730 28.135 -12.218 -0.906 16.363
1.000 1.000 3.255 -0.495 -2.860 -0.612 -0.022 -0.442 0.022 2.144 2.257 -1.838 1.729 -1.806 4.941 -1.529 -0.755 0.974
1.000 0.000 10.290 -2.111 -3.141 -1.245 0.669 -0.480 2.348 1.309 -0.442 -1.499 1.087 -5.368 12.739 -5.301 -0.298 6.905
0.000 1.000 7.990 -1.661 -5.019 -1.174 0.347 -0.488 1.092 3.275 2.982 -3.081 3.034 -4.336 10.834 -3.881 -0.926 3.782
0.000 1.000 4.249 -0.985 -6.252 -0.878 0.008 -0.350 -0.391 5.129 6.189 -3.994 4.728 -2.475 6.957 -1.600 -1.341 -0.231
0.000 0.000 0.554 0.038 -2.075 -0.034 -0.019 0.041 -0.476 2.152 2.731 -1.348 1.602 -0.370 1.286 -0.053 -0.546 -1.174
0.000 0.000 -0.331 0.278 -2.129 0.091 -0.093 -0.265 -0.906 2.329 3.114 -1.516 1.663 0.173 0.491 0.460 -0.547 -1.697
0.000 1.000 5.214 -1.940 -2.004 -0.398 0.955 0.589 2.217 0.618 0.285 -1.891 0.709 -4.210 6.941 -2.944 0.756 3.774
0.000 0.000 15.655 -3.099 -4.180 -1.431 1.080 0.117 3.856 1.892 -0.873 -1.962 1.613 -8.205 18.566 -8.018 -0.284 10.380
0.000 0.000 4.420 -1.589 -0.991 0.620 1.862 1.568 2.674 -0.313 -1.052 -0.733 0.174 -4.044 6.287 -3.598 1.022 3.916
1.000 0.000 28.166 -6.019 -7.270 -3.654 1.952 -1.788 6.210 2.394 -2.782 -3.148 2.263 -14.029 33.830 -14.290 -0.963 19.452
1.000 0.000 8.851 -1.518 -3.066 -1.130 0.305 -0.681 1.617 1.365 -0.006 -1.585 1.014 -4.524 11.057 -4.394 -0.620 5.593
1.000 1.000 8.397 -5.107 -2.201 0.331 3.746 2.357 5.240 0.583 -0.947 -2.761 1.279 -7.698 11.495 -6.173 3.100 8.158
1.000 1.000 12.655 -2.927 -7.402 -1.687 0.895 -0.381 2.069 4.857 4.120 -4.321 4.666 -6.777 16.511 -6.021 -1.040 6.312
1.000 0.000 15.619 -3.074 -5.241 -2.071 0.804 -1.164 2.867 2.452 -0.033 -2.680 2.044 -7.787 19.279 -7.716 -0.880 10.162
0.000 1.000 13.011 -2.514 -5.722 -1.821 0.620 -0.946 2.123 3.144 1.536 -3.128 2.695 -6.668 16.601 -6.227 -0.926 7.768
0.000 1.000 2.679 -0.953 -2.854 0.249 0.942 -0.292 -0.059 1.673 3.150 -2.213 1.248 -3.435 4.969 -1.045 0.406 1.165
1.000 1.000 15.634 -3.052 -4.649 -2.093 0.824 -1.339 2.946 1.843 -0.794 -2.257 1.501 -7.789 19.179 -7.799 -0.881 10.449
0.000 1.000 6.731 -1.078 -2.188 -0.684 0.324 -0.362 1.259 1.216 0.159 -1.188 0.741 -3.497 8.307 -3.310 -0.378 4.214
0.000 1.000 2.016 -0.426 -2.104 0.275 0.528 -0.220 -0.033 1.151 2.241 -1.504 0.881 -2.516 3.802 -0.907 0.094 0.792
0.000 1.000 12.241 -2.466 -5.065 -1.396 0.764 -0.189 2.424 2.972 1.408 -2.787 2.543 -6.396 15.280 -5.960 -0.508 7.381
1.000 1.000 33.845 -7.223 -8.316 -4.343 2.396 -2.047 7.601 2.525 -3.799 -3.599 2.421 -16.837 40.486 -17.331 -1.105 23.584
0.000 1.000 22.690 -4.343 -4.842 -2.914 1.336 -1.604 5.004 1.129 -3.501 -1.987 0.715 -11.274 27.008 -11.586 -0.936 15.870
1.000 0.000 21.960 -4.244 -5.523 -2.888 1.253 -1.770 4.445 1.780 -2.405 -2.334 1.411 -10.919 26.414 -10.898 -0.992 15.031
0.000 0.000 7.440 -1.815 -7.653 -1.139 0.443 -0.233 0.392 5.863 6.688 -4.758 5.587 -4.212 10.788 -3.082 -1.323 1.656
1.000 1.000 11.313 -1.961 -2.002 -1.220 0.732 -0.606 2.648 0.241 -1.941 -0.921 -0.215 -5.768 13.322 -5.830 -0.318 8.147
0.000 1.000 9.283 -1.601 -2.205 -0.804 0.598 -0.075 2.324 0.813 -0.860 -1.103 0.478 -4.874 11.037 -4.859 -0.266 6.194
0.000 1.000 3.155 -1.848 -1.221 0.193 1.260 0.685 1.880 0.591 0.516 -1.641 0.679 -3.107 4.696 -2.323 1.116 2.943
0.000 1.000 4.274 -1.721 -2.358 0.511 1.104 0.305 1.555 0.819 1.481 -2.062 1.323 -4.388 6.053 -2.255 0.686 3.130
1.000 1.000 17.392 -3.552 -5.444 -2.410 0.893 -1.420 3.399 2.137 -0.659 -2.736 1.945 -8.851 21.536 -8.777 -0.939 11.648
0.000 0.000 4.319 -0.674 -2.407 -0.474 0.130 -0.133 0.608 1.760 1.361 -1.402 1.271 -2.330 5.684 -2.058 -0.430 2.087
0.000 0.000 3.095 -1.050 -1.684 0.749 1.404 0.820 1.431 0.647 0.670 -1.309 0.743 -3.191 5.007 -2.319 0.705 2.558
1.000 1.000 28.170 -5.714 -6.976 -3.623 1.819 -2.043 5.947 2.003 -3.296 -2.896 1.799 -14.121 33.705 -13.986 -1.036 19.525
1.000 1.000 5.395 -3.235 -1.643 0.394 2.213 1.406 3.248 0.582 -0.067 -1.966 0.963 -5.134 7.348 -3.761 1.963 5.073
1.000 1.000 6.681 -3.591 -2.340 -0.176 2.117 1.477 3.875 0.216 0.099 -2.448 1.191 -6.131 9.040 -4.400 1.721 5.448
1.000 1.000 16.915 -3.126 -4.803 -2.279 0.762 -1.548 3.072 1.804 -1.128 -2.400 1.362 -8.320 20.682 -8.437 -1.043 11.396
0.000 1.000 -0.466 0.317 -2.975 -0.060 -0.022 -0.136 -1.361 3.537 4.526 -1.943 2.552 0.540 0.289 0.764 -0.902 -2.836
1.000 1.000 11.755 -2.416 -4.464 -1.586 0.715 -0.738 2.213 2.318 0.575 -2.223 1.974 -6.001 14.746 -5.808 -0.653 7.319
0.000 0.000 1.990 -0.958 -1.736 0.231 0.750 0.052 0.428 1.200 1.783 -1.646 0.819 -2.446 3.500 -1.015 0.571 1.263
1.000 1.000 22.187 -4.613 -6.269 -2.888 1.437 -1.457 4.678 2.384 -1.510 -2.858 2.144 -11.139 26.838 -11.116 -0.920 14.940
1.000 1.000 8.171 -1.458 -2.450 -1.002 0.405 -0.527 1.731 1.011 -0.362 -1.245 0.679 -4.264 10.116 -4.127 -0.395 5.377
1.000 0.000 4.298 -1.251 -1.214 0.599 1.661 1.194 2.255 -0.190 -0.657 -0.923 0.194 -3.912 6.174 -3.343 0.702 3.660
1.000 1.000 13.414 -2.238 -3.147 -1.550 0.666 -0.792 2.899 0.959 -1.623 -1.544 0.500 -6.697 15.995 -6.818 -0.677 9.093
0.000 1.000 6.573 -1.279 -1.489 -0.423 0.552 0.237 1.899 0.514 -0.565 -0.742 0.427 -3.569 7.834 -3.684 -0.145 4.251
0.000 0.000 5.900 -1.253 -3.978 -0.706 0.116 -0.601 0.955 2.171 2.391 -2.548 2.258 -3.817 8.333 -2.749 -0.532 3.051
1.000 0.000 24.603 -4.849 -7.314 -3.087 1.424 -1.546 4.772 3.255 -0.990 -3.454 2.735 -12.225 29.607 -11.977 -1.137 16.202
0.000 1.000 10.744 -2.236 -6.786 -1.347 0.667 -0.184 1.274 4.917 4.299 -3.973 4.295 -5.511 14.009 -4.782 -1.042 4.880
1.000 0.000 15.135 -2.751 -3.925 -1.879 0.794 -1.073 3.110 1.420 -1.415 -1.753 1.002 -7.599 18.227 -7.527 -0.706 10.184
0.000 0.000 7.507 -1.749 -4.945 -0.960 0.308 -0.659 1.196 2.742 2.896 -3.037 2.930 -4.598 10.363 -3.476 -0.676 3.809
1.000 0.000 12.679 -2.286 -2.782 -1.463 0.705 -0.704 2.977 0.578 -1.785 -1.308 0.276 -6.527 15.135 -6.484 -0.408 8.938
1.000 0.000 4.196 -1.568 -3.373 0.256 1.236 -0.162 0.518 1.663 3.230 -2.746 1.478 -4.882 6.859 -1.785 0.633 2.344
0.000 1.000 0.741 -0.084 -1.699 0.183 0.188 -0.311 -0.450 1.203 1.869 -1.198 0.759 -1.308 2.077 -0.196 -0.070 -0.105
1.000 1.000 8.708 -1.605 -2.149 -1.007 0.482 -0.562 1.927 0.678 -0.890 -0.983 0.408 -4.397 10.563 -4.531 -0.430 5.847
1.000 1.000 10.393 -1.834 -2.850 -1.291 0.426 -0.872 2.113 0.900 -0.873 -1.411 0.636 -5.367 12.821 -5.284 -0.547 7.025
1.000 0.000 7.334 -1.178 -3.292 -0.991 0.209 -0.756 0.859 2.028 1.056 -1.722 1.465 -3.677 9.336 -3.319 -0.737 4.100
1.000 0.000 10.368 -1.760 -3.454 -1.224 0.450 -0.674 1.840 1.875 0.155 -1.704 1.328 -5.189 12.606 -4.981 -0.703 6.350
0.000 1.000 4.983 -1.354 -2.587 -0.416 0.611 0.443 1.277 1.770 1.422 -1.546 1.633 -2.830 6.503 -2.752 -0.150 2.604
1.000 1.000 9.683 -1.474 -3.659 -1.275 0.251 -0.904 1.429 1.931 0.446 -1.931 1.349 -4.851 12.065 -4.516 -0.838 5.837
1.000 0.000 17.249 -3.432 -4.680 -2.169 1.013 -1.214 3.545 1.713 -1.247 -2.276 1.423 -8.657 20.821 -8.733 -0.885 11.605
0.000 1.000 7.250 -1.576 -2.997 -0.669 0.526 -0.288 1.749 1.096 0.615 -1.747 1.344 -4.403 9.473 -3.798 -0.239 4.546
0.000 0.000 6.551 -1.598 -8.206 -1.292 0.123 -0.450 -0.028 6.362 7.622 -5.244 6.098 -3.849 10.235 -2.696 -1.643 0.664
0.000 0.000 7.356 -1.422 -3.713 -0.775 0.481 -0.100 1.126 2.611 1.899 -2.150 2.119 -3.787 9.418 -3.520 -0.543 3.846
1.000 1.000 32.516 -6.602 -7.468 -4.131 2.192 -2.194 7.172 1.732 -4.538 -3.010 1.619 -16.311 38.675 -16.319 -1.080 22.820
1.000 0.000 30.766 -6.554 -7.870 -3.986 2.132 -1.965 6.734 2.590 -3.064 -3.462 2.406 -15.298 36.905 -15.627 -1.075 21.305
1.000 0.000 16.573 -3.335 -3.956 -1.895 1.125 -0.731 3.867 1.280 -1.734 -1.845 1.107 -8.401 19.744 -8.675 -0.678 11.206
1.000 0.000 26.005 -5.304 -5.770 -3.202 1.835 -1.541 5.875 1.545 -3.501 -2.389 1.315 -12.860 30.870 -13.422 -0.982 18.080
1.000 0.000 28.455 -6.055 -7.639 -3.704 1.897 -1.944 6.012 2.702 -2.402 -3.406 2.481 -14.236 34.221 -14.253 -1.066 19.539
1.000 0.000 11.746 -2.221 -2.770 -1.397 0.646 -0.744 2.722 0.741 -1.402 -1.294 0.511 -6.086 14.196 -6.073 -0.419 8.154
1.000 1.000 7.842 -1.192 -3.292 -1.020 0.187 -0.751 1.032 1.900 0.804 -1.767 1.358 -3.979 9.896 -3.596 -0.750 4.529
0.000 0.000 21.298 -4.801 -5.902 -2.587 1.756 -1.066 4.938 1.788 -1.914 -2.517 1.965 -11.002 25.711 -10.686 -0.424 14.771
1.000 1.000 17.676 -3.219 -4.258 -2.216 0.953 -1.298 3.752 1.206 -2.157 -1.830 0.840 -8.911 21.228 -8.808 -0.737 12.182
1.000 0.000 9.220 -1.412 -3.359 -1.208 0.286 -0.893 1.350 1.784 0.315 -1.767 1.189 -4.604 11.460 -4.314 -0.795 5.604
1.000 0.000 9.117 -1.442 -4.182 -1.249 0.215 -0.828 1.168 2.442 1.285 -2.258 1.862 -4.646 11.641 -4.140 -0.837 5.186
1.000 0.000 5.174 -2.642 -1.612 0.514 2.398 1.409 2.975 0.433 0.076 -1.683 0.683 -4.990 7.332 -3.750 1.678 4.556
1.000 1.000 19.580 -3.777 -4.945 -2.566 1.107 -1.570 3.979 1.613 -2.124 -2.093 1.245 -9.756 23.567 -9.727 -0.883 13.394
0.000 0.000 16.753 -3.350 -3.961 -1.542 1.210 0.146 4.323 1.553 -1.601 -1.775 1.318 -8.731 19.757 -8.766 -0.222 11.393
0.000 1.000 6.125 -1.078 -2.792 -0.700 0.262 -0.318 0.994 1.674 0.962 -1.592 1.299 -3.225 7.948 -2.991 -0.441 3.531
1.000 1.000 11.268 -2.278 -4.669 -1.565 0.524 -0.796 2.020 2.433 1.043 -2.609 2.203 -5.852 14.400 -5.683 -0.818 6.859
1.000 1.000 15.475 -2.982 -4.826 -1.722 0.896 -0.516 3.191 2.414 -0.183 -2.336 1.989 -7.877 18.593 -7.637 -0.723 9.809
0.000 1.000 3.650 -1.498 -1.301 0.534 1.445 0.942 2.067 0.283 0.065 -1.117 0.571 -3.455 5.327 -2.757 0.912 3.117
1.000 1.000 29.885 -5.822 -6.670 -3.808 1.863 -2.141 6.420 1.696 -4.131 -2.741 1.347 -14.720 35.523 -15.208 -1.335 20.739
1.000 0.000 34.990 -7.355 -8.668 -4.504 2.408 -2.294 7.624 2.704 -3.791 -3.691 2.558 -17.387 41.812 -17.705 -1.299 24.170
1.000 0.000 22.919 -4.681 -5.385 -2.823 1.586 -1.376 5.126 1.606 -2.695 -2.336 1.382 -11.391 27.301 -11.802 -0.924 15.777
0.000 0.000 15.722 -3.021 -3.531 -1.432 1.107 0.025 4.023 1.303 -1.706 -1.565 0.997 -8.169 18.486 -8.180 -0.221 10.770
1.000 1.000 19.308 -3.850 -6.191 -2.620 1.032 -1.502 3.650 2.644 -0.503 -3.070 2.276 -9.673 23.759 -9.551 -1.029 12.772
1.000 1.000 1.785 0.830 -3.134 -0.003 -0.270 -1.192 -1.526 1.917 3.706 -1.677 1.231 -2.151 4.132 -0.195 -0.907 -0.464
0.000 1.000 8.967 -1.829 -1.321 -0.664 0.790 0.288 2.717 0.150 -1.747 -0.509 0.026 -4.752 10.497 -5.107 0.014 6.451
1.000 0.000 22.676 -4.650 -6.613 -2.928 1.410 -1.637 4.478 2.695 -1.147 -3.099 2.335 -11.315 27.433 -11.219 -1.082 15.146
0.000 1.000 8.353 -1.431 -2.916 -0.939 0.351 -0.808 1.356 1.150 0.129 -1.612 0.926 -4.533 10.599 -4.082 -0.583 5.360
1.000 0.000 19.380 -3.828 -5.438 -2.578 1.042 -1.653 3.721 1.974 -1.369 -2.559 1.615 -9.697 23.549 -9.600 -1.007 13.135
0.000 1.000 4.736 -1.564 -3.354 -0.568 0.530 0.044 1.431 1.927 2.239 -2.391 2.145 -3.626 6.927 -2.523 0.028 2.476
1.000 0.000 14.521 -2.710 -3.911 -1.896 0.721 -1.132 2.981 1.318 -1.342 -1.787 0.985 -7.305 17.618 -7.239 -0.705 9.813
1.000 0.000 11.209 -2.562 -7.580 -1.599 0.735 -0.414 1.485 5.267 4.958 -4.505 5.002 -6.027 14.995 -5.176 -1.209 4.897
0.000 1.000 4.217 -2.016 -1.161 0.160 1.505 1.200 2.500 -0.197 -0.495 -1.246 0.239 -3.923 5.640 -2.839 1.146 3.568
1.000 0.000 9.865 -1.908 -2.956 -1.219 0.563 -0.567 2.184 1.148 -0.487 -1.486 0.892 -5.181 12.169 -4.993 -0.379 6.583
0.000 0.000 2.759 0.624 -3.139 -0.086 -0.226 -1.081 -1.140 1.803 3.257 -1.720 1.129 -2.645 5.102 -0.721 -0.852 0.401
0.000 1.000 4.787 -1.491 -4.595 -0.582 0.540 0.107 1.003 3.088 3.900 -3.025 3.276 -3.311 7.122 -2.298 -0.388 1.560
1.000 0.000 5.334 -2.177 -2.291 0.055 1.398 0.759 2.500 0.615 0.875 -2.246 0.997 -4.912 7.366 -3.145 1.033 4.086
1.000 1.000 9.039 -1.607 -2.704 -1.095 0.365 -0.715 1.903 0.912 -0.497 -1.431 0.719 -4.861 11.316 -4.622 -0.427 6.064
1.000 0.000 12.650 -2.216 -3.443 -1.596 0.590 -1.015 2.430 1.335 -1.005 -1.640 0.843 -6.308 15.312 -6.266 -0.726 8.435
1.000 0.000 32.149 -6.774 -8.487 -4.168 2.122 -2.246 6.731 2.919 -2.891 -3.758 2.677 -16.071 38.568 -16.041 -1.218 22.122
0.000 0.000 3.915 -1.918 -1.369 0.511 1.768 1.095 2.389 0.522 0.073 -1.361 0.744 -3.678 5.792 -3.079 1.251 3.569
0.000 0.000 6.771 -1.201 -4.483 -0.831 0.330 -0.314 0.594 3.350 3.005 -2.650 2.710 -3.487 8.972 -2.876 -0.750 2.930
1.000 0.000 15.750 -3.103 -3.891 -1.957 0.945 -1.080 3.390 1.235 -1.631 -1.773 0.955 -7.882 18.954 -8.108 -0.735 10.761
0.000 0.000 6.793 -1.259 -2.968 -0.932 0.277 -0.499 1.145 1.698 0.816 -1.611 1.327 -3.558 8.718 -3.278 -0.520 3.942
0.000 0.000 2.977 -1.366 -1.288 0.329 1.223 0.673 1.617 0.526 0.630 -1.532 0.489 -3.016 4.485 -2.129 0.879 2.542
0.000 1.000 9.050 -1.467 -3.725 -1.223 0.211 -0.748 1.371 2.040 0.770 -2.041 1.537 -4.552 11.374 -4.253 -0.773 5.320
0.000 0.000 4.966 -1.238 -3.378 -0.461 0.604 0.271 0.952 2.417 2.375 -2.153 2.142 -2.869 6.651 -2.350 -0.238 2.161
1.000 0.000 19.373 -4.132 -6.134 -2.622 1.178 -1.339 3.978 2.509 -0.652 -2.957 2.354 -9.854 23.824 -9.733 -0.867 12.926
1.000 0.000 12.962 -3.005 -5.024 -1.556 0.991 -0.564 2.853 2.191 0.729 -2.626 2.374 -6.964 16.309 -6.571 -0.495 8.246
1.000 0.000 17.842 -3.480 -5.889 -2.471 0.827 -1.661 3.103 2.465 -0.355 -2.917 2.104 -8.982 22.089 -8.660 -1.076 11.793
1.000 0.000 20.120 -4.102 -5.385 -2.473 1.284 -1.182 4.338 1.974 -1.508 -2.604 1.737 -10.164 24.144 -10.245 -0.916 13.533
0.000 0.000 6.268 -0.915 -2.832 -0.738 0.107 -0.406 0.932 1.704 0.957 -1.601 1.270 -3.227 7.957 -2.993 -0.654 3.374
1.000 0.000 12.394 -2.287 -3.140 -1.211 0.794 -0.214 2.973 1.289 -0.957 -1.505 0.938 -6.432 14.757 -6.338 -0.318 8.278
1.000 0.000 18.999 -3.765 -4.476 -2.246 1.246 -1.019 4.209 1.444 -2.125 -1.996 1.128 -9.453 22.561 -9.744 -0.794 12.972
1.000 0.000 12.655 -2.369 -2.968 -1.576 0.725 -0.926 2.753 0.848 -1.589 -1.267 0.547 -6.356 15.229 -6.455 -0.579 8.657
0.000 0.000 9.399 -1.712 -4.359 -1.182 0.439 -0.600 1.242 2.823 1.657 -2.351 2.224 -4.676 11.907 -4.358 -0.794 5.225
1.000 0.000 16.220 -3.120 -4.387 -2.132 0.872 -1.295 3.257 1.591 -1.437 -1.885 1.246 -8.117 19.666 -8.047 -0.774 10.937
1.000 1.000 12.525 -2.369 -3.478 -1.561 0.602 -1.011 2.597 1.150 -0.947 -1.716 0.920 -6.520 15.402 -6.331 -0.545 8.560
1.000 0.000 4.878 -2.549 -1.176 0.606 2.426 1.804 3.146 0.112 -0.899 -1.345 0.361 -4.614 6.793 -3.813 1.732 4.695
0.000 1.000 5.662 -1.926 -3.886 -0.685 0.611 0.072 1.809 2.070 2.488 -2.709 2.548 -4.195 8.166 -3.132 -0.023 3.035
1.000 1.000 27.586 -5.711 -7.113 -3.571 1.782 -1.942 5.810 2.388 -2.699 -3.095 2.091 -13.719 33.093 -13.850 -1.081 18.999
0.000 1.000 12.447 -2.863 -5.596 -1.705 0.759 -0.782 2.550 2.666 1.493 -3.089 2.835 -6.879 16.071 -6.146 -0.637 7.622
1.000 0.000 24.514 -4.783 -7.346 -3.252 1.337 -2.015 4.489 3.113 -1.039 -3.497 2.566 -12.137 29.698 -11.872 -1.317 16.237
1.000 0.000 18.327 -3.755 -4.795 -2.192 1.227 -0.943 4.116 1.761 -1.426 -2.315 1.572 -9.295 21.948 -9.441 -0.793 12.280
1.000 0.000 16.204 -2.966 -3.716 -1.972 0.903 -1.028 3.661 0.817 -2.231 -1.669 0.524 -8.228 19.405 -8.213 -0.580 11.339
1.000 1.000 17.587 -3.300 -4.881 -2.359 0.852 -1.520 3.322 1.783 -1.307 -2.423 1.372 -8.642 21.465 -8.852 -1.022 11.909
1.000 0.000 15.532 -3.237 -6.295 -1.962 0.990 -0.710 2.757 3.577 1.448 -3.319 3.112 -7.839 19.334 -7.548 -0.886 9.431
1.000 0.000 3.652 -1.920 -1.353 0.370 1.696 0.928 2.039 0.521 0.371 -1.417 0.565 -3.623 5.349 -2.640 1.212 3.186
0.000 0.000 5.814 -0.975 -2.349 -0.597 0.228 -0.468 1.066 0.986 0.496 -1.352 0.854 -3.282 7.651 -2.980 -0.419 3.521
1.000 1.000 22.773 -5.002 -5.254 -2.777 1.795 -1.180 5.447 1.202 -3.139 -2.099 1.293 -11.534 27.193 -11.711 -0.451 16.169
0.000 1.000 5.758 -1.379 -2.887 -0.627 0.521 -0.045 1.294 1.591 1.203 -1.937 1.345 -3.584 7.592 -2.758 -0.058 3.350
0.000 0.000 9.246 -1.624 -2.819 -0.940 0.526 -0.307 1.916 1.461 -0.087 -1.403 0.997 -4.720 11.233 -4.588 -0.363 5.944
0.000 0.000 7.210 -1.655 -3.336 -0.901 0.540 -0.238 1.454 1.983 1.252 -1.869 1.774 -3.880 9.294 -3.694 -0.438 4.138
0.000 1.000 3.703 -1.028 -1.133 0.394 0.903 0.807 1.373 -0.031 -0.170 -0.916 0.095 -3.328 5.054 -2.280 0.461 2.901
0.000 1.000 3.198 -1.301 -2.892 0.330 1.117 -0.113 0.337 1.626 2.898 -2.389 1.332 -3.893 5.527 -1.396 0.612 1.812
0.000 1.000 0.594 -0.111 -1.956 0.036 0.116 0.063 -0.251 1.910 2.522 -1.430 1.496 -0.576 1.514 -0.227 -0.329 -0.772
1.000 1.000 4.319 -0.587 -2.012 -0.415 0.115 -0.198 0.647 1.352 0.862 -1.156 0.901 -2.272 5.532 -2.053 -0.411 2.261
0.000 0.000 12.299 -2.335 -2.550 -1.061 0.868 0.140 3.280 0.864 -1.610 -1.142 0.593 -6.407 14.442 -6.601 -0.194 8.453
1.000 0.000 5.930 -2.042 -3.322 -0.639 0.881 0.348 1.940 1.707 1.628 -2.388 1.930 -4.287 8.118 -3.174 0.261 3.507
1.000 0.000 27.139 -5.419 -6.725 -3.513 1.662 -1.993 5.708 1.955 -3.194 -2.805 1.659 -13.571 32.456 -13.489 -1.060 18.788
1.000 1.000 7.416 -1.190 -2.974 -0.953 0.239 -0.663 1.105 1.623 0.584 -1.555 1.174 -3.778 9.378 -3.486 -0.632 4.380
1.000 1.000 28.075 -5.924 -7.392 -3.640 1.875 -1.914 5.947 2.551 -2.522 -3.301 2.306 -14.007 33.728 -14.124 -1.081 19.312
0.000 1.000 5.560 -1.013 -3.963 -0.650 0.311 -0.132 0.499 3.077 2.922 -2.385 2.502 -2.856 7.462 -2.437 -0.682 2.142
0.000 0.000 2.205 -0.778 -2.344 0.260 0.872 -0.140 0.060 1.410 2.630 -1.819 0.998 -2.847 4.217 -1.008 0.393 0.962
0.000 1.000 0.961 0.009 -3.476 -0.198 -0.025 -0.162 -0.923 3.433 4.388 -2.280 2.707 -0.576 2.192 0.029 -0.908 -1.718
1.000 0.000 14.015 -2.572 -3.538 -1.759 0.756 -1.095 2.740 1.391 -1.294 -1.618 0.856 -6.921 16.826 -6.992 -0.767 9.385
0.000 1.000 3.972 -2.163 -1.246 0.402 1.695 1.061 2.399 0.413 0.135 -1.545 0.575 -3.854 5.529 -2.836 1.368 3.633
1.000 0.000 20.497 -4.154 -4.317 -2.325 1.458 -0.810 4.928 1.090 -2.893 -1.863 0.938 -10.309 24.189 -10.780 -0.688 14.213
1.000 1.000 8.728 -1.587 -2.293 -1.036 0.465 -0.536 1.940 0.807 -0.773 -1.105 0.499 -4.499 10.650 -4.488 -0.394 5.881
0.000 1.000 10.544 -1.889 -2.909 -1.223 0.571 -0.543 2.366 1.048 -0.751 -1.476 0.724 -5.511 12.868 -5.331 -0.382 7.107
0.000 1.000 1.148 -0.086 -3.485 -0.349 -0.130 -0.333 -0.766 3.149 4.100 -2.350 2.642 -0.782 2.677 -0.190 -0.888 -1.303
0.000 0.000 5.610 -0.908 -3.196 -0.769 0.024 -0.543 0.807 1.834 1.504 -1.970 1.578 -3.137 7.635 -2.674 -0.582 2.912
0.000 1.000 5.487 -1.454 -4.532 -0.633 0.434 0.016 1.070 2.931 3.419 -2.914 3.029 -3.445 7.772 -2.629 -0.478 2.177
1.000 0.000 33.181 -6.933 -8.410 -4.348 2.209 -2.242 7.179 2.652 -3.520 -3.593 2.463 -16.479 39.786 -16.746 -1.224 22.938
1.000 1.000 10.162 -1.615 -3.944 -1.386 0.283 -1.069 1.371 2.144 0.587 -2.059 1.507 -5.120 12.702 -4.657 -0.886 6.158
0.000 1.000 6.035 -1.128 -2.874 -0.697 0.307 -0.465 0.945 1.627 1.017 -1.526 1.345 -3.315 7.860 -2.851 -0.446 3.431
1.000 0.000 10.586 -2.456 -3.902 -1.215 1.033 -0.219 2.397 1.740 0.278 -1.881 1.766 -5.576 13.212 -5.345 -0.272 6.738
0.000 1.000 4.242 -2.168 -2.648 0.425 1.540 0.298 1.332 1.257 2.121 -2.550 1.243 -4.692 6.309 -2.085 1.116 3.196
1.000 0.000 5.827 -0.851 -2.764 -0.751 0.109 -0.647 0.566 1.846 1.113 -1.501 1.262 -2.948 7.465 -2.590 -0.667 3.100
1.000 0.000 27.750 -5.875 -7.192 -3.588 1.900 -1.827 5.966 2.457 -2.618 -3.177 2.234 -13.803 33.311 -14.035 -1.039 19.113
1.000 1.000 15.418 -3.334 -5.452 -2.013 1.076 -0.788 3.176 2.592 0.253 -2.688 2.391 -7.895 19.112 -7.733 -0.676 9.881
1.000 0.000 14.275 -2.340 -3.356 -1.680 0.676 -0.913 3.074 0.904 -1.809 -1.603 0.452 -7.158 17.102 -7.180 -0.651 9.816
0.000 0.000 2.078 -0.949 -0.933 0.488 1.113 0.724 1.195 0.402 0.129 -0.848 0.272 -2.158 3.269 -1.667 0.685 1.890
0.000 0.000 0.556 0.287 -2.548 0.216 0.253 -0.796 -1.403 1.924 3.520 -1.515 1.099 -1.486 2.506 0.262 -0.274 -0.889
0.000 0.000 4.840 -2.547 -1.262 0.492 2.289 1.483 3.038 0.274 -0.450 -1.430 0.525 -4.535 6.739 -3.684 1.649 4.502
1.000 0.000 9.378 -1.839 -3.336 -1.171 0.554 -0.513 1.889 1.650 0.166 -1.643 1.338 -4.856 11.761 -4.701 -0.432 5.965
0.000 1.000 9.433 -1.597 -2.464 -1.050 0.445 -0.533 2.034 0.879 -0.815 -1.203 0.538 -4.780 11.411 -4.865 -0.528 6.207
1.000 0.000 35.586 -7.243 -7.714 -4.466 2.474 -2.209 8.020 1.886 -5.119 -3.141 1.638 -17.557 42.165 -18.317 -1.315 24.908
0.000 0.000 -0.752 0.294 -4.521 -0.267 -0.106 -0.502 -2.150 5.083 6.539 -2.929 3.908 0.803 0.409 1.276 -1.363 -4.022
0.000 1.000 4.066 -0.841 -4.118 -0.650 0.142 -0.210 0.221 3.037 3.386 -2.613 2.672 -2.354 5.984 -1.638 -0.694 0.971
1.000 1.000 23.455 -4.762 -5.802 -3.038 1.505 -1.617 5.097 1.773 -2.659 -2.444 1.538 -11.672 28.145 -11.873 -0.915 16.165
0.000 1.000 1.261 -0.526 -4.154 -0.214 0.290 0.046 -0.618 3.890 5.134 -2.777 3.393 -0.918 2.642 -0.080 -0.693 -1.690
0.000 1.000 5.198 -2.695 -1.489 0.576 2.457 1.564 3.213 0.406 -0.377 -1.615 0.717 -4.866 7.339 -3.966 1.752 4.855
0.000 1.000 0.271 0.371 -1.255 0.111 -0.104 -0.330 -0.439 0.963 1.527 -0.830 0.558 -0.640 1.414 -0.183 -0.322 -0.475
1.000 0.000 7.430 -1.123 -1.996 -0.924 0.192 -0.607 1.476 0.653 -0.682 -1.097 0.288 -3.752 9.209 -3.874 -0.527 4.953
0.000 1.000 7.827 -1.348 -4.236 -1.021 0.298 -0.566 0.792 2.857 2.118 -2.419 2.258 -3.916 10.173 -3.536 -0.855 3.984
1.000 0.000 13.747 -2.275 -3.695 -1.608 0.623 -0.817 2.825 1.415 -1.128 -1.789 0.911 -6.880 16.489 -6.815 -0.725 9.076
1.000 1.000 18.072 -3.811 -5.384 -2.314 1.111 -1.066 3.955 2.061 -0.815 -2.754 2.005 -9.217 22.121 -9.359 -0.810 12.101
0.000 0.000 4.197 -1.414 -8.692 -0.800 0.497 0.010 -0.849 7.649 9.734 -5.520 7.213 -2.628 7.218 -1.017 -1.532 -1.960
0.000 1.000 6.961 -3.014 -2.702 0.738 2.100 0.981 3.121 0.659 1.244 -2.690 1.455 -6.748 9.242 -3.970 1.540 5.664
1.000 1.000 25.784 -4.894 -5.589 -3.353 1.472 -1.856 5.663 1.281 -3.951 -2.335 0.873 -12.823 30.696 -13.105 -1.068 18.053
1.000 1.000 6.909 -1.295 -2.289 -0.784 0.397 -0.422 1.424 0.948 -0.028 -1.195 0.769 -3.611 8.741 -3.630 -0.405 4.405
0.000 1.000 1.007 -0.007 -2.354 -0.156 -0.098 -0.339 -0.341 1.901 2.640 -1.716 1.596 -0.975 2.416 -0.417 -0.548 -0.520
1.000 1.000 26.769 -5.178 -5.998 -3.486 1.560 -1.934 5.844 1.465 -3.882 -2.451 1.108 -13.330 31.896 -13.536 -1.080 18.673
1.000 1.000 25.709 -5.613 -6.916 -3.307 1.827 -1.639 5.677 2.116 -2.414 -3.031 2.159 -13.054 30.994 -12.890 -0.748 17.882
1.000 1.000 16.378 -3.057 -3.696 -1.963 1.014 -1.044 3.669 0.906 -2.205 -1.538 0.583 -8.322 19.577 -8.244 -0.534 11.454
1.000 1.000 3.066 -1.616 -2.074 0.224 1.046 0.473 1.410 0.935 1.229 -1.999 1.128 -3.253 4.750 -1.890 0.729 2.257
0.000 1.000 0.370 0.270 -1.746 0.341 0.356 -0.341 -0.795 1.343 2.280 -0.962 0.705 -0.999 1.880 -0.077 -0.142 -0.512
0.000 1.000 6.101 -1.079 -3.795 -0.944 0.219 -0.479 0.688 2.614 2.156 -2.189 2.117 -3.211 8.248 -2.779 -0.705 2.838
0.000 1.000 -0.747 0.610 -3.424 -0.193 -0.352 -0.648 -1.854 3.634 4.923 -2.164 2.649 0.581 0.346 1.139 -1.148 -3.239
1.000 1.000 10.449 -1.784 -2.311 -1.101 0.580 -0.441 2.548 0.508 -1.432 -1.112 0.210 -5.454 12.564 -5.415 -0.280 7.337
1.000 1.000 21.127 -4.406 -5.727 -2.784 1.328 -1.452 4.521 1.976 -1.763 -2.668 1.786 -10.585 25.639 -10.792 -0.870 14.493
1.000 1.000 4.408 -0.767 -1.665 -0.406 0.251 -0.123 0.920 0.981 0.420 -0.895 0.699 -2.331 5.591 -2.374 -0.372 2.444
1.000 0.000 21.048 -4.438 -7.782 -2.822 1.302 -1.270 3.945 3.963 0.772 -3.913 3.547 -10.614 26.013 -10.244 -1.044 13.373
1.000 1.000 14.504 -2.894 -3.594 -1.323 1.040 0.126 3.696 1.503 -1.157 -1.661 1.253 -7.590 17.181 -7.577 -0.231 9.763
1.000 1.000 14.406 -2.755 -3.534 -1.745 0.839 -0.969 3.073 1.138 -1.512 -1.587 0.836 -7.145 17.309 -7.422 -0.719 9.759
1.000 1.000 10.237 -1.782 -2.776 -1.094 0.559 -0.419 2.378 0.933 -0.791 -1.394 0.632 -5.414 12.507 -5.215 -0.302 6.994
1.000 1.000 5.895 -0.836 -1.960 -0.744 0.089 -0.594 0.955 0.912 -0.044 -1.095 0.485 -3.014 7.485 -2.997 -0.537 3.710
0.000 0.000 5.952 -1.483 -3.774 -0.851 0.519 -0.149 1.026 2.516 2.253 -2.198 2.305 -3.270 8.060 -2.928 -0.507 2.819
1.000 1.000 19.958 -3.903 -5.491 -2.653 1.132 -1.674 3.853 2.022 -1.549 -2.476 1.621 -9.855 24.181 -9.887 -1.029 13.486
1.000 1.000 6.971 -1.042 -2.547 -0.809 0.205 -0.467 1.180 1.400 0.294 -1.339 0.917 -3.513 8.641 -3.384 -0.594 4.129
0.000 0.000 7.351 -1.646 -6.473 -1.284 0.255 -0.598 0.627 4.481 4.945 -4.031 4.352 -4.216 10.704 -3.324 -1.226 2.443
1.000 1.000 4.695 -2.183 -1.681 0.666 1.845 1.131 2.507 0.413 0.277 -1.605 0.812 -4.559 6.579 -3.187 1.305 4.053
0.000 1.000 4.357 -0.396 -2.034 -0.583 -0.127 -0.756 0.268 0.970 0.770 -1.242 0.621 -2.473 6.111 -2.146 -0.634 2.422
1.000 0.000 10.213 -2.007 -3.200 -1.160 0.600 -0.485 2.208 1.465 -0.073 -1.670 1.241 -5.297 12.452 -5.276 -0.598 6.433
0.000 1.000 10.999 -2.080 -2.282 -0.854 0.807 0.270 3.033 0.782 -1.358 -1.042 0.562 -5.811 12.902 -5.948 -0.141 7.505
1.000 0.000 14.826 -2.873 -4.175 -1.885 0.860 -1.067 3.010 1.623 -0.974 -1.920 1.286 -7.488 17.963 -7.367 -0.745 9.823
0.000 1.000 9.177 -2.292 -4.570 -1.041 0.926 0.257 2.223 2.699 2.023 -2.931 2.480 -5.351 11.860 -4.543 -0.095 5.268
1.000 0.000 1.540 0.682 -3.309 0.094 -0.008 -1.069 -1.598 1.958 3.948 -1.770 1.285 -2.335 4.015 -0.008 -0.754 -0.685
1.000 0.000 8.190 -1.988 -3.256 -0.896 0.732 -0.132 2.216 1.337 0.503 -1.982 1.430 -5.043 10.610 -4.225 0.054 5.373
1.000 1.000 23.166 -4.976 -6.418 -3.007 1.583 -1.416 5.095 2.311 -1.742 -2.969 2.202 -11.641 28.064 -11.833 -0.845 15.825
0.000 1.000 5.624 -1.104 -1.427 -0.386 0.458 0.202 1.507 0.681 -0.287 -0.689 0.480 -3.004 6.774 -3.111 -0.162 3.578
